Z,A,N,level_index,mode_code,branching_pct
0,1,1,0,B-,100.0
1,3,2,0,B-,100.0
1,4,3,0,n,100.0
1,5,4,0,2N,100.0
1,6,5,0,3N,100.0
1,7,6,0,2N,
1,7,6,0,4N,
2,5,3,0,n,100.0
2,6,4,0,B-,100.0
2,7,5,0,n,100.0
2,8,6,0,B-,100.0
2,8,6,0,B-n,16.0
2,9,7,0,n,100.0
2,10,8,0,2N,100.0
3,4,1,0,p,100.0
3,5,2,0,p,100.0
3,8,5,0,B-,100.0
3,8,5,0,B-a,100.0
3,9,6,0,B-a,12.3
3,9,6,0,B-n,51.0
3,9,6,0,B-,100.0
3,10,7,0,n,100.0
3,11,8,0,B-a,1.7
3,11,8,0,B-n,84.3
3,11,8,0,B-n,1.9
3,11,8,0,B-,100.0
3,11,8,0,B-n,4.2
3,12,9,0,n,100.0
3,13,10,0,2N,100.0
4,6,2,0,2P,100.0
4,7,3,0,EC,100.0
4,8,4,0,A,100.0
4,10,6,0,B-,100.0
4,11,7,0,B-a,3.3
4,11,7,0,B-,1.3e-05
4,11,7,0,B-,100.0
4,12,8,0,B-,100.0
4,12,8,0,B-n,0.5
4,13,9,0,n,
4,14,10,0,B-a,0.004
4,14,10,0,B-n,5.0
4,14,10,0,B-,100.0
4,14,10,0,B-n,86.0
4,15,11,0,n,100.0
4,16,12,0,2N,100.0
5,7,2,0,p,100.0
5,8,3,0,EC,100.0
5,8,3,0,EC+B+,100.0
5,9,4,0,p,100.0
5,12,7,0,B-,100.0
5,12,7,0,B-a,0.6
5,13,8,0,B-,100.0
5,13,8,0,B-n,0.266
5,14,9,0,B-,100.0
5,14,9,0,B-n,6.04
5,15,10,0,B-n,
5,15,10,0,B-n,1.5
5,15,10,0,B-,100.0
5,16,11,0,n,100.0
5,17,12,0,B-n,63.0
5,17,12,0,B-n,3.5
5,17,12,0,B-,0.4
5,17,12,0,B-,100.0
5,17,12,0,B-n,12.0
5,18,13,0,n,100.0
5,19,14,0,B-n,9.1
5,19,14,0,B-n,
5,19,14,0,B-,100.0
5,19,14,0,B-n,
5,20,15,0,n,100.0
5,21,16,0,2N,100.0
6,8,2,0,2P,100.0
6,9,3,0,EC,37.9
6,9,3,0,EC+B+,100.0
6,9,3,0,ECp,62.0
6,10,4,0,EC+B+,100.0
6,11,5,0,EC+B+,100.0
6,14,8,0,B-,100.0
6,15,9,0,B-,100.0
6,16,10,0,B-,100.0
6,16,10,0,B-n,99.28
6,17,11,0,B-n,28.4
6,17,11,0,B-n,
6,17,11,0,B-,100.0
6,18,12,0,B-n,31.5
6,18,12,0,B-n,
6,18,12,0,B-,100.0
6,19,13,0,B-n,47.0
6,19,13,0,B-n,7.0
6,19,13,0,B-,100.0
6,20,14,0,B-n,66.0
6,20,14,0,B-n,18.6
6,20,14,0,B-,100.0
6,22,16,0,B-n,
6,22,16,0,B-n,37.0
6,22,16,0,B-,100.0
7,10,3,0,p,100.0
7,11,4,0,p,100.0
7,12,5,0,EC,1.93
7,12,5,0,EC+B+,100.0
7,13,6,0,EC+B+,100.0
7,16,9,0,B-,100.0
7,16,9,0,B-a,0.00154
7,17,10,0,B-a,0.0025
7,17,10,0,B-n,95.1
7,17,10,0,B-,100.0
7,18,11,0,B-a,12.2
7,18,11,0,B-n,
7,18,11,0,B-,100.0
7,18,11,0,B-n,8.3
7,19,12,0,B-,100.0
7,19,12,0,B-n,41.8
7,20,13,0,B-n,42.9
7,20,13,0,B-n,4.5
7,20,13,0,B-,100.0
7,21,14,0,B-n,86.5
7,21,14,0,B-n,
7,21,14,0,B-,100.0
7,22,15,0,B-n,34.0
7,22,15,0,B-n,12.0
7,22,15,0,B-,100.0
7,23,16,0,B-n,3.4
7,23,16,0,B-n,8.0
7,23,16,0,B-,100.0
7,23,16,0,B-n,42.0
7,24,17,0,n,
8,11,3,0,2P,100.0
8,12,4,0,2P,100.0
8,13,5,0,ECp,10.8
8,13,5,0,EC+B+,100.0
8,14,6,0,EC+B+,100.0
8,15,7,0,EC+B+,100.0
8,19,11,0,B-,100.0
8,20,12,0,B-,100.0
8,21,13,0,B-,100.0
8,22,14,0,B-,100.0
8,22,14,0,B-n,22.0
8,23,15,0,B-,100.0
8,23,15,0,B-n,7.0
8,24,16,0,B-,100.0
8,24,16,0,B-n,41.0
8,25,17,0,n,100.0
8,26,18,0,2N,100.0
8,28,20,0,2N,
9,14,5,0,p,100.0
9,15,6,0,p,100.0
9,16,7,0,p,100.0
9,17,8,0,EC+B+,100.0
9,18,9,0,EC+B+,100.0
9,20,11,0,B-,100.0
9,21,12,0,B-,100.0
9,22,13,0,B-,100.0
9,22,13,0,B-n,11.0
9,23,14,0,B-,100.0
9,23,14,0,B-n,14.0
9,24,15,0,B-,100.0
9,24,15,0,B-n,5.9
9,25,16,0,B-n,23.6
9,25,16,0,B-n,
9,25,16,0,B-,100.0
9,26,17,0,B-n,14.0
9,26,17,0,B-n,
9,26,17,0,B-,100.0
9,26,17,1,B-n,12.0
9,26,17,1,IT,82.0
9,26,17,1,B-,18.0
9,27,18,0,B-n,
9,27,18,0,B-n,
9,27,18,0,B-,100.0
9,28,19,0,n,100.0
9,29,20,0,B-n,60.0
9,29,20,0,B-n,
9,29,20,0,B-,100.0
9,30,21,0,n,
9,31,22,0,B-n,
9,31,22,0,B-n,
9,31,22,0,B-,100.0
10,15,5,0,2P,100.0
10,16,6,0,2P,100.0
10,17,7,0,EC,3.51
10,17,7,0,EC+B+,100.0
10,17,7,0,ECp,94.4
10,18,8,0,EC+B+,100.0
10,19,9,0,EC+B+,100.0
10,23,13,0,B-,100.0
10,24,14,0,B-,100.0
10,25,15,0,B-,100.0
10,26,16,0,B-,100.0
10,26,16,0,B-n,0.13
10,27,17,0,B-n,2.0
10,27,17,0,B-n,
10,27,17,0,B-,100.0
10,28,18,0,B-n,12.0
10,28,18,0,B-n,3.7
10,28,18,0,B-,100.0
10,29,19,0,B-n,28.0
10,29,19,0,B-n,4.0
10,29,19,0,B-,100.0
10,30,20,0,B-n,13.0
10,30,20,0,B-n,8.9
10,30,20,0,B-,100.0
10,31,21,0,B-n,
10,31,21,0,B-n,
10,31,21,0,B-,100.0
10,32,22,0,B-n,
10,32,22,0,B-n,
10,32,22,0,B-,100.0
10,33,23,0,n,
10,34,24,0,B-n,
10,34,24,0,B-n,
10,34,24,0,B-,
11,17,6,0,p,100.0
11,18,7,0,p,100.0
11,19,8,0,p,100.0
11,20,9,0,EC,19.9
11,20,9,0,EC+B+,100.0
11,21,10,0,EC+B+,100.0
11,22,11,0,EC+B+,100.0
11,24,13,0,B-,100.0
11,25,14,0,B-,100.0
11,26,15,0,B-,100.0
11,27,16,0,B-,100.0
11,27,16,0,B-n,0.13
11,28,17,0,B-,100.0
11,28,17,0,B-n,0.58
11,29,18,0,B-n,24.7
11,29,18,0,B-n,
11,29,18,0,B-,100.0
11,30,19,0,B-a,5.5e-05
11,30,19,0,B-n,1.15
11,30,19,0,B-,100.0
11,30,19,0,B-n,30.0
11,31,20,0,B-n,38.8
11,31,20,0,B-n,0.87
11,31,20,0,B-,100.0
11,32,21,0,B-n,24.0
11,32,21,0,B-n,8.3
11,32,21,0,B-,100.0
11,33,22,0,B-n,47.0
11,33,22,0,B-n,13.0
11,33,22,0,B-,100.0
11,34,23,0,B-n,15.0
11,34,23,0,B-n,50.0
11,34,23,0,B-,100.0
11,35,24,0,B-n,
11,35,24,0,B-n,
11,35,24,0,B-,100.0
11,37,26,0,B-n,
11,37,26,0,B-n,
11,37,26,0,B-,100.0
12,18,6,0,2P,100.0
12,19,7,0,2P,100.0
12,20,8,0,ECp,29.9
12,20,8,0,EC+B+,100.0
12,21,9,0,EC,0.115
12,21,9,0,EC+B+,100.0
12,21,9,0,ECp,20.9
12,22,10,0,EC+B+,100.0
12,23,11,0,EC+B+,100.0
12,27,15,0,B-,100.0
12,28,16,0,B-,100.0
12,29,17,0,B-,100.0
12,30,18,0,B-,100.0
12,30,18,0,B-n,0.06
12,31,19,0,B-,100.0
12,31,19,0,B-n,6.2
12,32,20,0,B-,100.0
12,32,20,0,B-n,5.5
12,33,21,0,B-n,14.0
12,33,21,0,B-n,
12,33,21,0,B-,100.0
12,34,22,0,B-n,21.0
12,34,22,0,B-n,
12,34,22,0,B-,100.0
12,35,23,0,B-n,52.0
12,35,23,0,B-n,
12,35,23,0,B-,100.0
12,36,24,0,B-n,48.0
12,36,24,0,B-n,
12,36,24,0,B-,100.0
12,37,25,0,B-n,
12,37,25,0,B-n,
12,37,25,0,B-,100.0
12,38,26,0,B-n,
12,38,26,0,B-n,
12,38,26,0,B-,100.0
12,40,28,0,B-n,
12,40,28,0,B-n,
12,40,28,0,B-,100.0
13,21,8,0,p,
13,22,9,0,EC+B+,100.0
13,22,9,0,ECp,57.7
13,22,9,0,EC,0.079
13,22,9,0,ECp,1.17
13,23,10,0,ECp,1.04
13,23,10,0,EC+B+,100.0
13,24,11,0,EC,0.035
13,24,11,0,EC+B+,100.0
13,24,11,0,ECp,0.0016
13,24,11,1,EC,0.028
13,24,11,1,EC+B+,29.4
13,24,11,1,IT,70.6
13,25,12,0,EC+B+,100.0
13,26,13,0,EC+B+,100.0
13,26,13,1,EC+B+,100.0
13,28,15,0,B-,100.0
13,29,16,0,B-,100.0
13,30,17,0,B-,100.0
13,31,18,0,B-,100.0
13,31,18,0,B-n,1.6
13,32,19,0,B-,100.0
13,32,19,0,B-n,0.7
13,33,20,0,B-,100.0
13,33,20,0,B-n,8.5
13,34,21,0,B-n,25.0
13,34,21,0,B-n,
13,34,21,0,B-,100.0
13,34,21,1,B-n,11.0
13,34,21,1,B-n,
13,34,21,1,B-,100.0
13,35,22,0,B-n,38.0
13,35,22,0,B-n,
13,35,22,0,B-,100.0
13,36,23,0,B-n,31.0
13,36,23,0,B-n,
13,36,23,0,B-,100.0
13,37,24,0,B-n,52.0
13,37,24,0,B-n,1.0
13,37,24,0,B-,100.0
13,38,25,0,B-n,84.0
13,38,25,0,B-n,
13,38,25,0,B-,100.0
13,39,26,0,B-n,
13,39,26,0,B-n,
13,39,26,0,B-,100.0
13,40,27,0,B-n,
13,40,27,0,B-n,
13,40,27,0,B-,100.0
13,41,28,0,B-n,
13,41,28,0,B-n,
13,41,28,0,B-,100.0
13,42,29,0,B-n,
13,42,29,0,B-n,
13,42,29,0,B-,100.0
13,43,30,0,B-n,
13,43,30,0,B-n,
13,43,30,0,B-,100.0
14,22,8,0,ECp,0.8
14,22,8,0,EC+B+,100.0
14,22,8,0,ECp,67.0
14,23,9,0,EC+B+,100.0
14,23,9,0,ECp,81.8
14,23,9,0,ECp,
14,23,9,0,ECp,7.73
14,24,10,0,ECp,32.4
14,24,10,0,EC+B+,100.0
14,25,11,0,ECp,35.0
14,25,11,0,EC+B+,100.0
14,26,12,0,EC+B+,100.0
14,27,13,0,EC+B+,100.0
14,31,17,0,B-,100.0
14,32,18,0,B-,100.0
14,33,19,0,B-,100.0
14,34,20,0,B-,100.0
14,35,21,0,B-,100.0
14,35,21,0,B-n,5.3
14,36,22,0,B-,100.0
14,36,22,0,B-n,12.4
14,37,23,0,B-n,17.0
14,37,23,0,B-n,
14,37,23,0,B-,100.0
14,38,24,0,B-,100.0
14,38,24,0,B-n,25.0
14,39,25,0,B-n,33.0
14,39,25,0,B-n,
14,39,25,0,B-,100.0
14,40,26,0,B-n,38.0
14,40,26,0,B-n,
14,40,26,0,B-,100.0
14,41,27,0,B-n,0.0
14,41,27,0,B-n,
14,41,27,0,B-,100.0
14,42,28,0,B-n,
14,42,28,0,B-n,
14,42,28,0,B-,100.0
14,43,29,0,B-n,
14,43,29,0,B-n,
14,43,29,0,B-,100.0
14,44,30,0,B-n,
14,44,30,0,B-n,
14,44,30,0,B-,100.0
15,25,10,0,p,100.0
15,26,11,0,ECp,1.99
15,26,11,0,EC+B+,100.0
15,26,11,0,ECp,35.2
15,27,12,0,ECp,0.07
15,27,12,0,EC+B+,100.0
15,28,13,0,EC,0.00086
15,28,13,0,EC+B+,100.0
15,28,13,0,ECp,0.0013
15,29,14,0,EC+B+,100.0
15,30,15,0,EC+B+,100.0
15,32,17,0,B-,100.0
15,33,18,0,B-,100.0
15,34,19,0,B-,100.0
15,35,20,0,B-,100.0
15,36,21,0,B-,100.0
15,36,21,0,B-n,
15,37,22,0,B-,100.0
15,37,22,0,B-n,
15,38,23,0,B-,100.0
15,38,23,0,B-n,12.0
15,39,24,0,B-,100.0
15,39,24,0,B-n,26.0
15,40,25,0,B-n,15.8
15,40,25,0,B-n,
15,40,25,0,B-,100.0
15,41,26,0,B-n,30.0
15,41,26,0,B-n,
15,41,26,0,B-,100.0
15,42,27,0,B-n,50.0
15,42,27,0,B-n,
15,42,27,0,B-,100.0
15,43,28,0,B-n,100.0
15,43,28,0,B-n,
15,43,28,0,B-,100.0
15,44,29,0,B-n,75.0
15,44,29,0,B-n,
15,44,29,0,B-,100.0
15,45,30,0,B-n,
15,45,30,0,B-n,
15,45,30,0,B-,100.0
15,46,31,0,B-n,
15,46,31,0,B-n,
15,46,31,0,B-,100.0
15,47,32,0,B-n,
15,47,32,0,B-n,
15,47,32,0,B-,100.0
16,26,10,0,p,
16,27,11,0,ECp,3.0
16,27,11,0,EC+B+,100.0
16,27,11,0,ECp,61.0
16,28,12,0,ECp,20.7
16,28,12,0,EC+B+,100.0
16,29,13,0,ECp,47.0
16,29,13,0,EC+B+,100.0
16,30,14,0,EC+B+,100.0
16,31,15,0,EC+B+,100.0
16,35,19,0,B-,100.0
16,37,21,0,B-,100.0
16,38,22,0,B-,100.0
16,39,23,0,B-,100.0
16,40,24,0,B-,100.0
16,41,25,0,B-,100.0
16,41,25,0,B-n,
16,42,26,0,B-,100.0
16,42,26,0,B-n,1.0
16,43,27,0,B-,100.0
16,43,27,0,B-n,40.0
16,44,28,0,B-,100.0
16,44,28,0,B-n,29.0
16,45,29,0,B-n,54.0
16,45,29,0,B-n,
16,45,29,0,B-,100.0
16,46,30,0,B-n,
16,46,30,0,B-n,
16,46,30,0,B-,100.0
16,47,31,0,B-n,
16,47,31,0,B-n,
16,47,31,0,B-,100.0
16,48,32,0,B-n,
16,48,32,0,B-n,
16,48,32,0,B-,100.0
16,49,33,0,B-n,
16,49,33,0,B-n,
16,49,33,0,B-,100.0
17,28,11,0,p,100.0
17,29,12,0,p,100.0
17,30,13,0,p,100.0
17,31,14,0,ECp,2.4
17,31,14,0,EC+B+,100.0
17,32,15,0,EC,0.054
17,32,15,0,EC+B+,100.0
17,32,15,0,ECp,0.026
17,33,16,0,EC+B+,100.0
17,34,17,0,EC+B+,100.0
17,34,17,1,IT,44.6
17,34,17,1,EC+B+,55.4
17,36,19,0,B-,98.1
17,36,19,0,EC+B+,1.9
17,38,21,0,B-,100.0
17,38,21,1,IT,100.0
17,39,22,0,B-,100.0
17,40,23,0,B-,100.0
17,41,24,0,B-,100.0
17,42,25,0,B-,100.0
17,42,25,0,B-n,
17,43,26,0,B-,100.0
17,43,26,0,B-n,
17,44,27,0,B-,100.0
17,44,27,0,B-n,8.0
17,45,28,0,B-,100.0
17,45,28,0,B-n,24.0
17,46,29,0,B-n,60.0
17,46,29,0,B-n,
17,46,29,0,B-,100.0
17,47,30,0,B-n,3.0
17,47,30,0,B-n,
17,47,30,0,B-,100.0
17,48,31,0,B-n,
17,48,31,0,B-n,
17,48,31,0,B-,100.0
17,49,32,0,B-n,
17,49,32,0,B-n,
17,49,32,0,B-,100.0
17,50,33,0,B-n,
17,50,33,0,B-n,
17,50,33,0,B-,100.0
17,51,34,0,B-n,
17,51,34,0,B-n,
17,51,34,0,B-,100.0
17,52,35,0,B-n,
17,52,35,0,B-n,
17,52,35,0,B-,100.0
18,29,11,0,2P,100.0
18,30,12,0,2P,100.0
18,31,13,0,EC,0.03
18,31,13,0,2P,0.0006
18,31,13,0,ECp,68.3
18,31,13,0,ECp,8.9
18,31,13,0,ECp,0.38
18,31,13,0,ECp,0.07
18,31,13,0,EC+B+,100.0
18,32,14,0,ECp,35.58
18,32,14,0,EC+B+,100.0
18,33,15,0,ECp,38.7
18,33,15,0,EC+B+,100.0
18,34,16,0,EC+B+,100.0
18,35,17,0,EC+B+,100.0
18,37,19,0,EC,100.0
18,39,21,0,B-,100.0
18,41,23,0,B-,100.0
18,42,24,0,B-,100.0
18,43,25,0,B-,100.0
18,44,26,0,B-,100.0
18,45,27,0,B-,100.0
18,46,28,0,B-,100.0
18,47,29,0,B-,100.0
18,47,29,0,B-n,0.2
18,48,30,0,B-,100.0
18,48,30,0,B-n,38.0
18,49,31,0,B-n,29.0
18,49,31,0,B-n,
18,49,31,0,B-,100.0
18,50,32,0,B-n,37.0
18,50,32,0,B-n,
18,50,32,0,B-,100.0
18,51,33,0,B-n,
18,51,33,0,B-n,
18,51,33,0,B-,100.0
18,52,34,0,B-n,
18,52,34,0,B-n,
18,52,34,0,B-,100.0
18,53,35,0,B-n,
18,53,35,0,B-n,
18,53,35,0,B-,100.0
18,54,36,0,B-n,
18,54,36,0,B-n,
18,54,36,0,B-,100.0
19,31,12,0,3P,100.0
19,35,16,0,ECp,0.37
19,35,16,0,EC+B+,100.0
19,36,17,0,EC,0.0034
19,36,17,0,EC+B+,100.0
19,36,17,0,ECp,0.048
19,37,18,0,EC+B+,100.0
19,38,19,0,EC+B+,100.0
19,38,19,1,IT,0.033
19,38,19,1,EC+B+,99.967
19,40,21,0,B-,89.28
19,40,21,0,EC+B+,10.72
19,42,23,0,B-,100.0
19,43,24,0,B-,100.0
19,44,25,0,B-,100.0
19,45,26,0,B-,100.0
19,46,27,0,B-,100.0
19,47,28,0,B-,100.0
19,48,29,0,B-,100.0
19,48,29,0,B-n,1.14
19,49,30,0,B-,100.0
19,49,30,0,B-n,86.0
19,50,31,0,B-n,29.0
19,50,31,0,B-n,
19,50,31,0,B-,100.0
19,51,32,0,B-n,65.0
19,51,32,0,B-n,
19,51,32,0,B-,100.0
19,52,33,0,B-n,74.0
19,52,33,0,B-n,2.3
19,52,33,0,B-,100.0
19,53,34,0,B-n,75.0
19,53,34,0,B-n,10.0
19,53,34,0,B-,100.0
19,54,35,0,B-n,
19,54,35,0,B-n,
19,54,35,0,B-,100.0
19,55,36,0,B-n,
19,55,36,0,B-n,
19,55,36,0,B-,100.0
19,56,37,0,B-n,
19,56,37,0,B-n,
19,56,37,0,B-,100.0
19,57,38,0,B-n,
19,57,38,0,B-n,
19,57,38,0,B-,100.0
19,59,40,0,B-n,
19,59,40,0,B-n,
19,59,40,0,B-,100.0
20,35,15,0,ECp,4.1
20,35,15,0,EC+B+,100.0
20,35,15,0,ECp,95.9
20,36,16,0,ECp,51.2
20,36,16,0,EC+B+,100.0
20,37,17,0,ECp,72.0
20,37,17,0,EC+B+,100.0
20,38,18,0,EC+B+,100.0
20,39,19,0,EC+B+,100.0
20,41,21,0,EC,100.0
20,45,25,0,B-,100.0
20,47,27,0,B-,100.0
20,48,28,0,B-,
20,48,28,0,2B-,0.0
20,49,29,0,B-,100.0
20,50,30,0,B-,100.0
20,51,31,0,B-,100.0
20,51,31,0,B-n,
20,52,32,0,B-,100.0
20,52,32,0,B-n,2.0
20,53,33,0,B-,100.0
20,53,33,0,B-n,40.0
20,54,34,0,B-,100.0
20,54,34,0,B-n,
20,55,35,0,B-n,
20,55,35,0,B-n,
20,55,35,0,B-,100.0
20,56,36,0,B-n,
20,56,36,0,B-n,
20,56,36,0,B-,100.0
20,57,37,0,B-n,
20,57,37,0,B-n,
20,57,37,0,B-,100.0
20,58,38,0,B-n,
20,58,38,0,B-n,
20,58,38,0,B-,100.0
20,59,39,0,B-n,
20,59,39,0,B-n,
20,59,39,0,B-,100.0
20,60,40,0,B-n,
20,60,40,0,B-n,
20,60,40,0,B-,100.0
21,39,18,0,p,100.0
21,40,19,0,EC,0.017
21,40,19,0,EC+B+,100.0
21,40,19,0,ECp,0.44
21,41,20,0,EC+B+,100.0
21,42,21,0,EC+B+,100.0
21,42,21,1,EC+B+,100.0
21,43,22,0,EC+B+,100.0
21,44,23,0,EC+B+,100.0
21,44,23,1,IT,98.77
21,44,23,1,EC+B+,1.23
21,45,24,1,IT,100.0
21,46,25,0,B-,100.0
21,46,25,1,IT,100.0
21,47,26,0,B-,100.0
21,48,27,0,B-,100.0
21,49,28,0,B-,100.0
21,50,29,0,B-,100.0
21,50,29,1,B-,1.0
21,50,29,1,IT,99.0
21,51,30,0,B-,100.0
21,51,30,0,B-n,
21,52,31,0,B-,100.0
21,52,31,0,B-n,
21,53,32,0,B-,100.0
21,53,32,0,B-n,
21,54,33,0,B-,100.0
21,54,33,0,B-n,16.0
21,55,34,0,B-,100.0
21,55,34,0,B-n,17.0
21,56,35,0,B-n,
21,56,35,0,B-n,
21,56,35,0,B-,100.0
21,57,36,0,B-n,
21,57,36,0,B-n,
21,57,36,0,B-,100.0
21,58,37,0,B-n,
21,58,37,0,B-n,
21,58,37,0,B-,100.0
21,59,38,0,B-n,
21,59,38,0,B-n,
21,59,38,0,B-,100.0
21,60,39,0,B-n,
21,60,39,0,B-n,
21,60,39,0,B-,100.0
21,61,40,0,B-n,
21,61,40,0,B-n,
21,61,40,0,B-,100.0
21,62,41,0,B-n,
21,62,41,0,B-n,
21,62,41,0,B-,100.0
22,39,17,0,ECp,0.0
22,39,17,0,EC+B+,100.0
22,39,17,0,ECp,93.7
22,40,18,0,ECp,95.8
22,40,18,0,EC+B+,100.0
22,41,19,0,ECp,100.0
22,41,19,0,EC+B+,100.0
22,42,20,0,EC+B+,100.0
22,43,21,0,ECp,
22,43,21,0,EC+B+,100.0
22,44,22,0,EC,100.0
22,45,23,0,EC+B+,100.0
22,51,29,0,B-,100.0
22,52,30,0,B-,100.0
22,53,31,0,B-,100.0
22,54,32,0,B-,100.0
22,55,33,0,B-,100.0
22,56,34,0,B-,100.0
22,56,34,0,B-n,
22,57,35,0,B-,100.0
22,57,35,0,B-n,
22,58,36,0,B-,100.0
22,58,36,0,B-n,
22,59,37,0,B-n,
22,59,37,0,B-n,
22,59,37,0,B-,100.0
22,60,38,0,B-n,
22,60,38,0,B-n,
22,60,38,0,B-,100.0
22,61,39,0,B-n,
22,61,39,0,B-n,
22,61,39,0,B-,100.0
22,62,40,0,B-n,
22,62,40,0,B-n,
22,62,40,0,B-,100.0
22,63,41,0,B-n,
22,63,41,0,B-n,
22,63,41,0,B-,100.0
22,64,42,0,B-n,
22,64,42,0,B-n,
22,64,42,0,B-,100.0
23,42,19,0,p,
23,43,20,0,ECp,
23,43,20,0,EC+B+,100.0
23,44,21,0,EC,
23,44,21,0,EC+B+,100.0
23,44,21,0,ECp,
23,44,21,1,EC+B+,100.0
23,45,22,0,EC+B+,100.0
23,46,23,0,EC+B+,100.0
23,47,24,0,EC+B+,100.0
23,48,25,0,EC+B+,100.0
23,49,26,0,EC,100.0
23,50,27,0,B-,1.4
23,50,27,0,EC+B+,98.6
23,52,29,0,B-,100.0
23,53,30,0,B-,100.0
23,54,31,0,B-,100.0
23,55,32,0,B-,100.0
23,56,33,0,B-,100.0
23,56,33,0,B-n,
23,57,34,0,B-,100.0
23,57,34,0,B-n,
23,58,35,0,B-,100.0
23,58,35,0,B-n,
23,59,36,0,B-,100.0
23,59,36,0,B-n,3.0
23,60,37,0,B-n,
23,60,37,0,B-n,
23,60,37,0,B-,100.0
23,60,37,1,IT,
23,60,37,1,B-n,
23,60,37,1,B-,100.0
23,60,37,1,B-n,
23,61,38,0,B-n,14.5
23,61,38,0,B-n,
23,61,38,0,B-,100.0
23,62,39,0,B-n,
23,62,39,0,B-n,
23,62,39,0,B-,100.0
23,63,40,0,B-,100.0
23,63,40,0,B-n,35.0
23,64,41,0,B-n,
23,64,41,0,B-n,
23,64,41,0,B-,100.0
23,65,42,0,B-n,
23,65,42,0,B-n,
23,65,42,0,B-,100.0
23,66,43,0,B-n,
23,66,43,0,B-n,
23,66,43,0,B-,100.0
23,67,44,0,B-n,
23,67,44,0,B-n,
23,67,44,0,B-,100.0
24,42,18,0,2P,
24,42,18,0,EC+B+,100.0
24,42,18,0,ECp,94.4
24,43,19,0,EC+B+,100.0
24,43,19,0,ECp,79.3
24,43,19,0,ECp,
24,43,19,0,ECp,11.6
24,44,20,0,ECp,12.0
24,44,20,0,EC+B+,100.0
24,45,21,0,ECp,34.4
24,45,21,0,EC+B+,100.0
24,46,22,0,EC+B+,100.0
24,47,23,0,EC+B+,100.0
24,48,24,0,EC+B+,100.0
24,49,25,0,EC+B+,100.0
24,51,27,0,EC,100.0
24,55,31,0,B-,100.0
24,56,32,0,B-,100.0
24,57,33,0,B-,100.0
24,58,34,0,B-,100.0
24,59,35,0,B-,100.0
24,60,36,0,B-,100.0
24,60,36,0,B-n,
24,61,37,0,B-,100.0
24,61,37,0,B-n,
24,62,38,0,B-,100.0
24,62,38,0,B-n,
24,63,39,0,B-,100.0
24,63,39,0,B-n,
24,64,40,0,B-,100.0
24,64,40,0,B-n,
24,65,41,0,B-n,
24,65,41,0,B-n,
24,65,41,0,B-,100.0
24,66,42,0,B-n,
24,66,42,0,B-n,
24,66,42,0,B-,100.0
24,67,43,0,B-n,
24,67,43,0,B-n,
24,67,43,0,B-,100.0
24,68,44,0,B-n,
24,68,44,0,B-n,
24,68,44,0,B-,100.0
24,69,45,0,B-n,
24,69,45,0,B-n,
24,69,45,0,B-,100.0
24,70,46,0,B-n,
24,70,46,0,B-n,
24,70,46,0,B-,100.0
25,44,19,0,p,
25,46,21,0,ECp,57.0
25,46,21,0,EC+B+,100.0
25,47,22,0,ECp,1.7
25,47,22,0,EC+B+,100.0
25,48,23,0,EC,0.0006
25,48,23,0,EC+B+,100.0
25,48,23,0,ECp,0.28
25,49,24,0,EC+B+,100.0
25,50,25,0,EC+B+,100.0
25,50,25,1,EC+B+,100.0
25,51,26,0,EC+B+,100.0
25,52,27,0,EC+B+,100.0
25,52,27,1,IT,1.78
25,52,27,1,EC+B+,98.22
25,53,28,0,EC,100.0
25,54,29,0,B-,9.3e-05
25,54,29,0,EC+B+,99.999907
25,56,31,0,B-,100.0
25,57,32,0,B-,100.0
25,58,33,0,B-,100.0
25,58,33,1,B-,90.0
25,58,33,1,IT,10.0
25,59,34,0,B-,100.0
25,60,35,0,B-,100.0
25,60,35,1,B-,88.5
25,60,35,1,IT,11.5
25,61,36,0,B-,100.0
25,61,36,0,B-n,0.2
25,62,37,0,B-,100.0
25,62,37,0,B-n,
25,62,37,1,B-n,
25,62,37,1,IT,
25,62,37,1,B-,100.0
25,63,38,0,B-,100.0
25,63,38,0,B-n,
25,64,39,0,B-,100.0
25,64,39,0,B-n,2.7
25,65,40,0,B-,100.0
25,65,40,0,B-n,7.9
25,66,41,0,B-n,
25,66,41,0,B-n,
25,66,41,0,B-,100.0
25,67,42,0,B-n,5.0
25,67,42,0,B-n,
25,67,42,0,B-,100.0
25,68,43,0,B-n,18.0
25,68,43,0,B-n,
25,68,43,0,B-,100.0
25,69,44,0,B-n,40.0
25,69,44,0,B-n,
25,69,44,0,B-,100.0
25,70,45,0,B-n,
25,70,45,0,B-n,
25,70,45,0,B-,100.0
25,71,46,0,B-n,
25,71,46,0,B-n,
25,71,46,0,B-,100.0
25,72,47,0,B-n,
25,72,47,0,B-n,
25,72,47,0,B-,100.0
25,73,48,0,B-n,
25,73,48,0,B-n,
25,73,48,0,B-,100.0
26,45,19,0,EC+B+,30.0
26,45,19,0,ECp,8.0
26,45,19,0,ECp,3.0
26,45,19,0,ECp,19.0
26,45,19,0,2P,70.0
26,46,20,0,ECp,1.0
26,46,20,0,EC+B+,100.0
26,46,20,0,ECp,72.4
26,47,21,0,ECp,88.4
26,47,21,0,EC+B+,100.0
26,48,22,0,ECp,15.3
26,48,22,0,EC+B+,100.0
26,49,23,0,ECp,56.7
26,49,23,0,EC+B+,100.0
26,50,24,0,ECp,0.0
26,50,24,0,EC+B+,100.0
26,51,25,0,EC+B+,100.0
26,52,26,0,EC+B+,100.0
26,52,26,1,IT,0.021
26,52,26,1,EC+B+,99.979
26,53,27,0,EC+B+,100.0
26,53,27,1,IT,100.0
26,55,29,0,EC,100.0
26,59,33,0,B-,100.0
26,60,34,0,B-,100.0
26,61,35,0,B-,100.0
26,62,36,0,B-,100.0
26,63,37,0,B-,100.0
26,64,38,0,B-,100.0
26,65,39,0,B-,100.0
26,65,39,0,B-n,
26,65,39,1,B-,100.0
26,65,39,1,B-n,
26,66,40,0,B-,100.0
26,66,40,0,B-n,
26,67,41,0,B-,100.0
26,67,41,0,B-n,
26,68,42,0,B-,100.0
26,68,42,0,B-n,
26,69,43,0,B-,100.0
26,69,43,0,B-n,
26,70,44,0,B-,100.0
26,70,44,0,B-n,
26,71,45,0,B-n,
26,71,45,0,B-n,
26,71,45,0,B-,100.0
26,72,46,0,B-n,
26,72,46,0,B-n,
26,72,46,0,B-,100.0
26,73,47,0,B-n,
26,73,47,0,B-n,
26,73,47,0,B-,100.0
26,74,48,0,B-n,
26,74,48,0,B-n,
26,74,48,0,B-,100.0
26,75,49,0,B-n,
26,75,49,0,B-n,
26,75,49,0,B-,100.0
26,76,50,0,B-n,
26,76,50,0,B-n,
26,76,50,0,B-,100.0
27,50,23,0,ECp,70.5
27,50,23,0,EC+B+,100.0
27,51,24,0,ECp,3.8
27,51,24,0,EC+B+,100.0
27,52,25,0,ECp,
27,52,25,0,EC+B+,100.0
27,52,25,1,EC+B+,100.0
27,53,26,0,EC+B+,100.0
27,53,26,1,p,1.5
27,53,26,1,EC+B+,98.5
27,54,27,0,EC+B+,100.0
27,54,27,1,EC+B+,100.0
27,55,28,0,EC+B+,100.0
27,56,29,0,EC+B+,100.0
27,57,30,0,EC,100.0
27,58,31,0,EC+B+,100.0
27,58,31,1,IT,99.9988
27,58,31,1,EC,0.0012
27,60,33,0,B-,100.0
27,60,33,1,B-,0.25
27,60,33,1,IT,99.75
27,61,34,0,B-,100.0
27,62,35,0,B-,100.0
27,62,35,1,B-,99.0
27,62,35,1,IT,1.0
27,63,36,0,B-,100.0
27,64,37,0,B-,100.0
27,64,37,1,B-,
27,64,37,1,IT,
27,65,38,0,B-,100.0
27,66,39,0,B-,100.0
27,66,39,0,B-n,
27,67,40,0,B-,100.0
27,67,40,0,B-n,
27,67,40,1,B-n,
27,67,40,1,IT,80.0
27,67,40,1,B-,20.0
27,68,41,0,B-,100.0
27,68,41,0,B-n,
27,68,41,1,B-,100.0
27,68,41,1,B-n,2.6
27,69,42,0,B-,100.0
27,69,42,0,B-n,
27,69,42,1,B-,100.0
27,69,42,1,B-n,
27,70,43,0,B-n,
27,70,43,0,B-n,
27,70,43,0,B-,100.0
27,70,43,1,B-n,
27,70,43,1,B-n,
27,70,43,1,B-,100.0
27,71,44,0,B-,100.0
27,71,44,0,B-n,16.0
27,72,45,0,B-n,6.0
27,72,45,0,B-n,
27,72,45,0,B-,100.0
27,72,45,1,B-n,6.0
27,72,45,1,B-n,
27,72,45,1,B-,100.0
27,72,45,2,B-,100.0
27,72,45,2,B-n,
27,73,46,0,B-n,6.0
27,73,46,0,B-n,
27,73,46,0,B-,100.0
27,74,47,0,B-n,18.0
27,74,47,0,B-n,
27,74,47,0,B-,100.0
27,75,48,0,B-n,15.0
27,75,48,0,B-n,
27,75,48,0,B-,100.0
27,76,49,0,B-n,
27,76,49,0,B-n,
27,76,49,0,B-,100.0
27,76,49,1,B-n,
27,76,49,1,B-n,
27,76,49,1,B-,100.0
27,77,50,0,B-n,
27,77,50,0,B-n,
27,77,50,0,B-,100.0
27,78,51,0,B-n,
27,78,51,0,B-n,
27,78,51,0,B-,100.0
28,48,20,0,ECp,30.0
28,48,20,0,2P,70.0
28,49,21,0,ECp,83.0
28,49,21,0,EC+B+,100.0
28,50,22,0,ECp,14.0
28,50,22,0,EC+B+,100.0
28,50,22,0,ECp,73.0
28,51,23,0,ECp,0.5
28,51,23,0,EC+B+,100.0
28,51,23,0,ECp,87.2
28,52,24,0,ECp,31.4
28,52,24,0,EC+B+,100.0
28,53,25,0,ECp,22.7
28,53,25,0,EC+B+,100.0
28,54,26,0,ECp,
28,54,26,0,EC+B+,100.0
28,55,27,0,EC+B+,100.0
28,56,28,0,EC+B+,100.0
28,57,29,0,EC+B+,100.0
28,59,31,0,EC+B+,100.0
28,63,35,0,B-,100.0
28,65,37,0,B-,100.0
28,66,38,0,B-,100.0
28,67,39,0,B-,100.0
28,68,40,0,B-,100.0
28,69,41,0,B-,100.0
28,69,41,1,B-,100.0
28,69,41,1,IT,0.01
28,70,42,0,B-,100.0
28,71,43,0,B-,100.0
28,71,43,1,B-,100.0
28,72,44,0,B-,100.0
28,72,44,0,B-n,
28,73,45,0,B-,100.0
28,73,45,0,B-n,
28,74,46,0,B-,100.0
28,74,46,0,B-n,
28,75,47,0,B-,100.0
28,75,47,0,B-n,10.0
28,76,48,0,B-,100.0
28,76,48,0,B-n,14.0
28,77,49,0,B-n,26.0
28,77,49,0,B-n,
28,77,49,0,B-,100.0
28,78,50,0,B-,100.0
28,78,50,0,B-n,
28,79,51,0,B-n,
28,79,51,0,B-n,
28,79,51,0,B-,100.0
28,80,52,0,B-n,
28,80,52,0,B-n,
28,80,52,0,B-,100.0
28,81,53,0,B-n,
28,81,53,0,B-n,
28,81,53,0,B-,100.0
28,82,54,0,B-n,
28,82,54,0,B-n,
28,82,54,0,B-,100.0
29,53,24,0,p,
29,54,25,0,p,
29,55,26,0,ECp,
29,55,26,0,EC+B+,100.0
29,56,27,0,ECp,0.4
29,56,27,0,EC+B+,100.0
29,57,28,0,EC+B+,100.0
29,58,29,0,EC+B+,100.0
29,59,30,0,EC+B+,100.0
29,60,31,0,EC+B+,100.0
29,61,32,0,EC+B+,100.0
29,62,33,0,EC+B+,100.0
29,64,35,0,B-,38.5
29,64,35,0,EC+B+,61.5
29,66,37,0,B-,100.0
29,67,38,0,B-,100.0
29,68,39,0,B-,100.0
29,68,39,1,B-,14.0
29,68,39,1,IT,86.0
29,69,40,0,B-,100.0
29,70,41,0,B-,100.0
29,70,41,1,B-,52.0
29,70,41,1,IT,48.0
29,70,41,2,B-,93.2
29,70,41,2,IT,6.8
29,71,42,0,B-,100.0
29,72,43,0,B-,100.0
29,73,44,0,B-,100.0
29,73,44,0,B-n,0.029
29,74,45,0,B-,100.0
29,74,45,0,B-n,0.075
29,75,46,0,B-,100.0
29,75,46,0,B-n,2.7
29,76,47,0,B-,100.0
29,76,47,0,B-n,7.2
29,77,48,0,B-,100.0
29,77,48,0,B-n,30.1
29,78,49,0,B-n,50.6
29,78,49,0,B-n,
29,78,49,0,B-,100.0
29,79,50,0,B-n,66.0
29,79,50,0,B-n,
29,79,50,0,B-,100.0
29,80,51,0,B-n,58.0
29,80,51,0,B-n,
29,80,51,0,B-,100.0
29,81,52,0,B-n,81.0
29,81,52,0,B-n,
29,81,52,0,B-,100.0
29,82,53,0,B-n,
29,82,53,0,B-n,
29,82,53,0,B-,100.0
29,83,54,0,B-n,
29,83,54,0,B-n,
29,83,54,0,B-,100.0
30,54,24,0,EC+B+,
30,54,24,0,2P = 92 +6-13,
30,55,25,0,ECp,91.0
30,55,25,0,EC+B+,100.0
30,56,26,0,ECp,86.0
30,56,26,0,EC+B+,100.0
30,57,27,0,ECp,87.0
30,57,27,0,EC+B+,100.0
30,58,28,0,ECp,0.7
30,58,28,0,EC+B+,100.0
30,59,29,0,ECp,0.1
30,59,29,0,EC+B+,100.0
30,60,30,0,EC+B+,100.0
30,61,31,0,EC+B+,100.0
30,62,32,0,EC+B+,100.0
30,63,33,0,EC+B+,100.0
30,65,35,0,EC+B+,100.0
30,69,39,0,B-,100.0
30,69,39,1,B-,0.033
30,69,39,1,IT,99.967
30,71,41,0,B-,100.0
30,71,41,1,B-,100.0
30,71,41,1,IT,0.05
30,72,42,0,B-,100.0
30,73,43,0,B-,100.0
30,74,44,0,B-,100.0
30,75,45,0,B-,100.0
30,76,46,0,B-,100.0
30,77,47,0,B-,100.0
30,77,47,1,B-,66.0
30,77,47,1,IT,34.0
30,78,48,0,B-,100.0
30,78,48,0,B-n,55.0
30,79,49,0,B-,100.0
30,79,49,0,B-n,1.8
30,79,49,1,B-,
30,79,49,1,IT,
30,80,50,0,B-,100.0
30,80,50,0,B-n,1.36
30,81,51,0,B-n,22.0
30,81,51,0,B-n,
30,81,51,0,B-,100.0
30,82,52,0,B-n,69.0
30,82,52,0,B-n,
30,82,52,0,B-,100.0
30,83,53,0,B-n,71.0
30,83,53,0,B-n,
30,83,53,0,B-,100.0
30,84,54,0,B-n,73.0
30,84,54,0,B-n,
30,84,54,0,B-,100.0
30,85,55,0,B-n,
30,85,55,0,B-n,
30,85,55,0,B-,100.0
31,59,28,0,p,
31,60,29,0,EC,0.023
31,60,29,0,EC+B+,100.0
31,60,29,0,ECp,1.6
31,61,30,0,ECp,0.25
31,61,30,0,EC+B+,100.0
31,62,31,0,EC+B+,100.0
31,63,32,0,EC+B+,100.0
31,64,33,0,EC+B+,100.0
31,65,34,0,EC+B+,100.0
31,66,35,0,EC+B+,100.0
31,67,36,0,EC,100.0
31,68,37,0,EC+B+,100.0
31,70,39,0,B-,99.59
31,70,39,0,EC,0.41
31,72,41,0,B-,100.0
31,73,42,0,B-,100.0
31,74,43,0,B-,100.0
31,74,43,1,B-,25.0
31,74,43,1,IT,75.0
31,75,44,0,B-,100.0
31,76,45,0,B-,100.0
31,77,46,0,B-,100.0
31,78,47,0,B-,100.0
31,79,48,0,B-,100.0
31,79,48,0,B-n,0.089
31,80,49,0,B-,100.0
31,80,49,0,B-n,0.86
31,80,49,1,B-,100.0
31,80,49,1,B-n,
31,81,50,0,B-,100.0
31,81,50,0,B-n,12.7
31,82,51,0,B-n,20.6
31,82,51,0,B-n,
31,82,51,0,B-,100.0
31,83,52,0,B-n,67.9
31,83,52,0,B-n,
31,83,52,0,B-,100.0
31,84,53,0,B-n,43.0
31,84,53,0,B-n,1.6
31,84,53,0,B-,100.0
31,85,54,0,B-n,77.0
31,85,54,0,B-n,1.3
31,85,54,0,B-,100.0
31,86,55,0,B-n,67.0
31,86,55,0,B-n,16.2
31,86,55,0,B-,100.0
31,87,56,0,B-n,81.0
31,87,56,0,B-n,10.2
31,87,56,0,B-,100.0
32,59,27,0,2P,0.2
32,59,27,0,EC+B+,100.0
32,59,27,0,ECp,93.0
32,60,28,0,ECp,14.0
32,60,28,0,EC+B+,100.0
32,60,28,0,ECp,67.0
32,61,29,0,ECp,87.0
32,61,29,0,EC+B+,100.0
32,62,30,0,ECp,
32,62,30,0,EC+B+,100.0
32,63,31,0,ECp,
32,63,31,0,EC+B+,100.0
32,64,32,0,ECp,
32,64,32,0,EC+B+,100.0
32,65,33,0,ECp,0.011
32,65,33,0,EC+B+,100.0
32,66,34,0,EC+B+,100.0
32,67,35,0,EC+B+,100.0
32,68,36,0,EC,100.0
32,69,37,0,EC+B+,100.0
32,71,39,0,EC,100.0
32,73,41,1,IT,100.0
32,75,43,0,B-,100.0
32,75,43,1,B-,0.03
32,75,43,1,IT,99.97
32,76,44,0,2B-,100.0
32,77,45,0,B-,100.0
32,77,45,1,B-,81.0
32,77,45,1,IT,19.0
32,78,46,0,B-,100.0
32,79,47,0,B-,100.0
32,79,47,1,B-,96.0
32,79,47,1,IT,4.0
32,80,48,0,B-,100.0
32,81,49,0,B-,100.0
32,81,49,1,B-,100.0
32,82,50,0,B-,100.0
32,83,51,0,B-,100.0
32,83,51,0,B-n,
32,84,52,0,B-,100.0
32,84,52,0,B-n,10.6
32,85,53,0,B-n,16.2
32,85,53,0,B-n,
32,85,53,0,B-,100.0
32,86,54,0,B-,100.0
32,86,54,0,B-n,45.0
32,87,55,0,B-n,
32,87,55,0,B-n,
32,87,55,0,B-,100.0
32,88,56,0,B-n,
32,88,56,0,B-n,
32,88,56,0,B-,100.0
32,89,57,0,B-n,
32,89,57,0,B-n,
32,89,57,0,B-,100.0
32,90,58,0,B-n,
32,90,58,0,B-n,
32,90,58,0,B-,100.0
33,63,30,0,p,
33,64,31,0,ECp,
33,64,31,0,EC+B+,100.0
33,65,32,0,ECp,
33,65,32,0,EC+B+,100.0
33,66,33,0,ECp,
33,66,33,0,EC+B+,100.0
33,67,34,0,EC+B+,100.0
33,68,35,0,EC+B+,100.0
33,69,36,0,EC+B+,100.0
33,70,37,0,EC+B+,100.0
33,71,38,0,EC+B+,100.0
33,72,39,0,EC+B+,100.0
33,73,40,0,EC,100.0
33,74,41,0,B-,34.0
33,74,41,0,EC+B+,66.0
33,76,43,0,B-,100.0
33,77,44,0,B-,100.0
33,78,45,0,B-,100.0
33,79,46,0,B-,100.0
33,80,47,0,B-,100.0
33,81,48,0,B-,100.0
33,82,49,0,B-,100.0
33,82,49,1,B-,100.0
33,83,50,0,B-,100.0
33,84,51,0,B-,100.0
33,84,51,0,B-n,0.28
33,85,52,0,B-,100.0
33,85,52,0,B-n,62.2
33,86,53,0,B-n,35.5
33,86,53,0,B-n,
33,86,53,0,B-,100.0
33,87,54,0,B-n,15.4
33,87,54,0,B-n,
33,87,54,0,B-,100.0
33,88,55,0,B-n,
33,88,55,0,B-n,
33,88,55,0,B-,100.0
33,89,56,0,B-n,
33,89,56,0,B-n,
33,89,56,0,B-,100.0
33,90,57,0,B-n,
33,90,57,0,B-n,
33,90,57,0,B-,100.0
33,91,58,0,B-n,
33,91,58,0,B-n,
33,91,58,0,B-,100.0
33,92,59,0,B-n,
33,92,59,0,B-n,
33,92,59,0,B-,100.0
34,63,29,0,2P,0.5
34,63,29,0,EC+B+,100.0
34,63,29,0,ECp,89.0
34,64,30,0,ECp,
34,64,30,0,EC+B+,100.0
34,65,31,0,ECp,
34,65,31,0,EC+B+,100.0
34,66,32,0,ECp,
34,66,32,0,EC+B+,100.0
34,67,33,0,ECp,0.5
34,67,33,0,EC+B+,100.0
34,68,34,0,EC+B+,100.0
34,69,35,0,ECp,0.052
34,69,35,0,EC+B+,100.0
34,70,36,0,EC+B+,100.0
34,71,37,0,EC+B+,100.0
34,72,38,0,EC,100.0
34,73,39,0,EC+B+,100.0
34,73,39,1,IT,72.6
34,73,39,1,EC+B+,27.4
34,75,41,0,EC,100.0
34,77,43,1,IT,100.0
34,79,45,0,B-,100.0
34,79,45,1,B-,0.056
34,79,45,1,IT,99.944
34,81,47,0,B-,100.0
34,81,47,1,B-,0.051
34,81,47,1,IT,99.949
34,82,48,0,2B-,100.0
34,83,49,0,B-,100.0
34,83,49,1,B-,100.0
34,84,50,0,B-,100.0
34,85,51,0,B-,100.0
34,86,52,0,B-,100.0
34,87,53,0,B-,100.0
34,87,53,0,B-n,0.36
34,88,54,0,B-,100.0
34,88,54,0,B-n,0.99
34,89,55,0,B-,100.0
34,89,55,0,B-n,6.7
34,90,56,0,B-,100.0
34,90,56,0,B-n,
34,91,57,0,B-n,21.0
34,91,57,0,B-n,
34,91,57,0,B-,100.0
34,92,58,0,B-n,
34,92,58,0,B-n,
34,92,58,0,B-,100.0
34,93,59,0,B-n,
34,93,59,0,B-n,
34,93,59,0,B-,100.0
34,94,60,0,B-n,
34,94,60,0,B-n,
34,94,60,0,B-,100.0
34,95,61,0,B-n,
34,95,61,0,B-n,
34,95,61,0,B-,100.0
35,68,33,0,p,
35,69,34,0,p,100.0
35,70,35,0,ECp,
35,70,35,0,EC+B+,100.0
35,70,35,1,ECp,
35,70,35,1,EC+B+,100.0
35,71,36,0,EC+B+,100.0
35,72,37,0,EC+B+,100.0
35,72,37,1,IT,100.0
35,72,37,1,EC+B+,
35,73,38,0,EC+B+,100.0
35,74,39,0,EC+B+,100.0
35,74,39,1,EC+B+,100.0
35,75,40,0,EC+B+,100.0
35,76,41,0,EC+B+,100.0
35,76,41,1,IT,99.4
35,76,41,1,EC+B+,0.6
35,77,42,0,EC+B+,100.0
35,77,42,1,IT,100.0
35,78,43,0,B-,0.01
35,78,43,0,EC+B+,99.99
35,79,44,1,IT,100.0
35,80,45,0,B-,91.7
35,80,45,0,EC+B+,8.3
35,80,45,1,IT,100.0
35,82,47,0,B-,100.0
35,82,47,1,B-,2.4
35,82,47,1,IT,97.6
35,83,48,0,B-,100.0
35,84,49,0,B-,100.0
35,84,49,1,B-,100.0
35,85,50,0,B-,100.0
35,86,51,0,B-,100.0
35,87,52,0,B-,100.0
35,87,52,0,B-n,2.6
35,88,53,0,B-,100.0
35,88,53,0,B-n,6.62
35,89,54,0,B-,100.0
35,89,54,0,B-n,13.5
35,90,55,0,B-,100.0
35,90,55,0,B-n,25.3
35,91,56,0,B-,100.0
35,91,56,0,B-n,29.8
35,92,57,0,B-n,33.1
35,92,57,0,B-n,
35,92,57,0,B-,100.0
35,93,58,0,B-n,64.0
35,93,58,0,B-n,
35,93,58,0,B-,100.0
35,94,59,0,B-n,30.0
35,94,59,0,B-n,
35,94,59,0,B-,100.0
35,95,60,0,B-n,
35,95,60,0,B-n,
35,95,60,0,B-,100.0
35,96,61,0,B-n,
35,96,61,0,B-n,
35,96,61,0,B-,100.0
35,97,62,0,B-n,
35,97,62,0,B-n,
35,97,62,0,B-,100.0
35,98,63,0,B-n,
35,98,63,0,B-n,
35,98,63,0,B-,100.0
35,101,66,0,B-n,
35,101,66,0,B-n,
35,101,66,0,B-,100.0
36,67,31,0,EC+B+,
36,67,31,0,2P,37.0
36,68,32,0,ECp,
36,68,32,0,EC+B+,100.0
36,69,33,0,ECp,
36,69,33,0,EC+B+,100.0
36,70,34,0,ECp,0.545
36,70,34,0,EC+B+,100.0
36,71,35,0,ECp,3.06
36,71,35,0,EC+B+,100.0
36,72,36,0,EC+B+,100.0
36,73,37,0,ECp,0.25
36,73,37,0,EC+B+,100.0
36,74,38,0,EC+B+,100.0
36,75,39,0,EC+B+,100.0
36,76,40,0,EC+B+,100.0
36,77,41,0,EC+B+,100.0
36,79,43,0,EC+B+,100.0
36,79,43,1,IT,100.0
36,81,45,0,EC,100.0
36,81,45,1,IT,99.99753
36,81,45,1,EC,0.00247
36,83,47,1,IT,100.0
36,85,49,0,B-,100.0
36,85,49,1,B-,78.8
36,85,49,1,IT,21.2
36,87,51,0,B-,100.0
36,88,52,0,B-,100.0
36,89,53,0,B-,100.0
36,90,54,0,B-,100.0
36,91,55,0,B-,100.0
36,91,55,0,B-n,
36,92,56,0,B-,100.0
36,92,56,0,B-n,0.0332
36,93,57,0,B-,100.0
36,93,57,0,B-n,2.0
36,94,58,0,B-,100.0
36,94,58,0,B-n,1.11
36,95,59,0,B-n,2.87
36,95,59,0,B-n,
36,95,59,0,B-,100.0
36,96,60,0,B-,100.0
36,96,60,0,B-n,3.7
36,97,61,0,B-n,6.7
36,97,61,0,B-n,
36,97,61,0,B-,100.0
36,98,62,0,B-n,7.0
36,98,62,0,B-n,
36,98,62,0,B-,100.0
36,99,63,0,B-n,11.0
36,99,63,0,B-n,
36,99,63,0,B-,100.0
36,100,64,0,B-n,
36,100,64,0,B-n,
36,100,64,0,B-,100.0
36,101,65,0,B-n,
36,101,65,0,B-n,
36,101,65,0,B-,100.0
36,102,66,0,B-n,
36,102,66,0,B-n,
36,102,66,0,B-,100.0
37,72,35,0,p,
37,73,36,0,p,100.0
37,73,36,0,EC+B+,
37,74,37,0,ECp,
37,74,37,0,EC+B+,100.0
37,75,38,0,EC+B+,100.0
37,76,39,0,EC,
37,76,39,0,EC+B+,100.0
37,77,40,0,EC+B+,100.0
37,78,41,0,EC+B+,100.0
37,78,41,1,IT,9.0
37,78,41,1,EC+B+,91.0
37,79,42,0,EC+B+,100.0
37,80,43,0,EC+B+,100.0
37,81,44,0,EC+B+,100.0
37,81,44,1,IT,97.6
37,81,44,1,EC+B+,2.4
37,82,45,0,EC+B+,100.0
37,82,45,1,IT,0.33
37,82,45,1,EC+B+,100.0
37,83,46,0,EC,100.0
37,84,47,0,B-,3.9
37,84,47,0,EC+B+,96.1
37,84,47,1,IT,100.0
37,86,49,0,B-,99.9948
37,86,49,0,EC,0.0052
37,86,49,1,B-,0.3
37,86,49,1,IT,99.7
37,87,50,0,B-,100.0
37,88,51,0,B-,100.0
37,89,52,0,B-,100.0
37,90,53,0,B-,100.0
37,90,53,1,B-,97.5
37,90,53,1,IT,2.5
37,91,54,0,B-,100.0
37,91,54,0,B-n,
37,92,55,0,B-,100.0
37,92,55,0,B-n,0.0109
37,93,56,0,B-,100.0
37,93,56,0,B-n,1.46
37,94,57,0,B-,100.0
37,94,57,0,B-n,10.29
37,95,58,0,B-,100.0
37,95,58,0,B-n,8.75
37,96,59,0,B-n,13.8
37,96,59,0,B-n,
37,96,59,0,B-,100.0
37,97,60,0,B-n,25.5
37,97,60,0,B-n,
37,97,60,0,B-,100.0
37,98,61,0,B-n,14.3
37,98,61,0,B-n,0.054
37,98,61,0,B-,100.0
37,98,61,1,B-n,
37,98,61,1,IT,
37,98,61,1,B-,100.0
37,99,62,0,B-n,19.8
37,99,62,0,B-n,
37,99,62,0,B-,100.0
37,100,63,0,B-n,6.0
37,100,63,0,B-n,0.15
37,100,63,0,B-,100.0
37,101,64,0,B-n,27.0
37,101,64,0,B-n,
37,101,64,0,B-,100.0
37,102,65,0,B-n,65.0
37,102,65,0,B-n,
37,102,65,0,B-,100.0
37,103,66,0,B-n,
37,103,66,0,B-n,
37,103,66,0,B-,100.0
37,104,67,0,B-n,
37,104,67,0,B-n,
37,104,67,0,B-,100.0
37,105,68,0,B-n,
37,105,68,0,B-n,
37,105,68,0,B-,100.0
37,106,69,0,B-n,
37,106,69,0,B-n,
37,106,69,0,B-,100.0
38,73,35,0,ECp,100.0
38,73,35,0,EC+B+,100.0
38,74,36,0,ECp,
38,74,36,0,EC+B+,100.0
38,75,37,0,ECp,5.2
38,75,37,0,EC+B+,100.0
38,76,38,0,ECp,3.4e-05
38,76,38,0,EC+B+,100.0
38,77,39,0,ECp,0.08
38,77,39,0,EC+B+,100.0
38,78,40,0,EC+B+,100.0
38,79,41,0,EC+B+,100.0
38,80,42,0,EC+B+,100.0
38,81,43,0,EC+B+,100.0
38,82,44,0,EC,100.0
38,83,45,0,EC+B+,100.0
38,83,45,1,IT,100.0
38,85,47,0,EC,100.0
38,85,47,1,IT,86.6
38,85,47,1,EC,13.4
38,87,49,1,IT,99.7
38,87,49,1,EC,0.3
38,89,51,0,B-,100.0
38,90,52,0,B-,100.0
38,91,53,0,B-,100.0
38,92,54,0,B-,100.0
38,93,55,0,B-,100.0
38,94,56,0,B-,100.0
38,95,57,0,B-,100.0
38,96,58,0,B-,100.0
38,96,58,0,B-n,
38,97,59,0,B-,100.0
38,97,59,0,B-n,0.03
38,98,60,0,B-,100.0
38,98,60,0,B-n,0.23
38,99,61,0,B-,100.0
38,99,61,0,B-n,0.1
38,100,62,0,B-,100.0
38,100,62,0,B-n,1.09
38,101,63,0,B-,100.0
38,101,63,0,B-n,2.75
38,102,64,0,B-,100.0
38,102,64,0,B-n,5.5
38,103,65,0,B-n,
38,103,65,0,B-n,
38,103,65,0,B-,100.0
38,104,66,0,B-n,
38,104,66,0,B-n,
38,104,66,0,B-,100.0
38,105,67,0,B-n,
38,105,67,0,B-n,
38,105,67,0,B-,100.0
38,106,68,0,B-n,
38,106,68,0,B-n,
38,106,68,0,B-,100.0
38,107,69,0,B-n,
38,107,69,0,B-n,
38,107,69,0,B-,100.0
38,108,70,0,B-n,
38,108,70,0,B-n,
38,108,70,0,B-,100.0
39,76,37,0,p,
39,76,37,0,EC+B+,
39,76,37,0,ECp,
39,77,38,0,p,
39,77,38,0,EC+B+,
39,77,38,0,ECp,
39,78,39,0,ECp,
39,78,39,0,EC+B+,100.0
39,78,39,1,ECp,
39,78,39,1,EC+B+,100.0
39,79,40,0,ECp,
39,79,40,0,EC+B+,100.0
39,80,41,0,ECp,
39,80,41,0,EC+B+,100.0
39,80,41,1,EC+B+,19.0
39,80,41,1,IT,81.0
39,80,41,1,ECp,
39,81,42,0,EC+B+,100.0
39,82,43,0,EC+B+,100.0
39,83,44,0,EC+B+,100.0
39,83,44,1,IT,40.0
39,83,44,1,EC+B+,60.0
39,84,45,0,EC+B+,100.0
39,84,45,1,EC+B+,100.0
39,85,46,0,EC+B+,100.0
39,85,46,1,EC+B+,100.0
39,86,47,0,EC+B+,100.0
39,86,47,1,IT,99.31
39,86,47,1,EC+B+,0.69
39,87,48,0,EC+B+,100.0
39,87,48,1,IT,98.43
39,87,48,1,EC+B+,1.57
39,88,49,0,EC+B+,100.0
39,89,50,1,IT,100.0
39,90,51,0,B-,100.0
39,90,51,1,B-,0.0018
39,90,51,1,IT,99.9982
39,91,52,0,B-,100.0
39,91,52,1,B-,1.5
39,91,52,1,IT,98.5
39,92,53,0,B-,100.0
39,93,54,0,B-,100.0
39,93,54,1,IT,100.0
39,94,55,0,B-,100.0
39,95,56,0,B-,100.0
39,96,57,0,B-,100.0
39,96,57,1,B-,100.0
39,97,58,0,B-,100.0
39,97,58,0,B-n,0.057
39,97,58,1,B-n,0.08
39,97,58,1,IT,0.7
39,97,58,1,B-,99.3
39,97,58,2,B-,5.2
39,97,58,2,IT,94.8
39,98,59,0,B-,100.0
39,98,59,0,B-n,0.33
39,98,59,1,B-n,3.44
39,98,59,1,IT,
39,98,59,1,B-,100.0
39,99,60,0,B-,100.0
39,99,60,0,B-n,1.77
39,100,61,0,B-,100.0
39,100,61,0,B-n,1.11
39,100,61,1,B-,100.0
39,100,61,1,B-n,
39,101,62,0,B-,100.0
39,101,62,0,B-n,1.88
39,102,63,0,B-,100.0
39,102,63,0,B-n,6.0
39,102,63,1,B-,100.0
39,102,63,1,B-n,4.0
39,103,64,0,B-,100.0
39,103,64,0,B-n,8.0
39,104,65,0,B-n,34.0
39,104,65,0,B-n,
39,104,65,0,B-,100.0
39,105,66,0,B-n,82.0
39,105,66,0,B-n,
39,105,66,0,B-,100.0
39,106,67,0,B-n,
39,106,67,0,B-n,
39,106,67,0,B-,100.0
39,107,68,0,B-n,
39,107,68,0,B-n,
39,107,68,0,B-,100.0
39,108,69,0,B-n,
39,108,69,0,B-n,
39,108,69,0,B-,100.0
39,109,70,0,B-n,
39,109,70,0,B-n,
39,109,70,0,B-,100.0
39,110,71,0,B-n,
39,110,71,0,B-n,
39,110,71,0,B-,100.0
39,111,72,0,B-n,
39,111,72,0,B-n,
39,111,72,0,B-,100.0
40,77,37,0,p,
40,77,37,0,EC+B+,
40,77,37,0,ECp,
40,78,38,0,ECp,
40,78,38,0,EC+B+,
40,79,39,0,ECp,
40,79,39,0,EC+B+,100.0
40,80,40,0,ECp,
40,80,40,0,EC+B+,100.0
40,81,41,0,ECp,0.12
40,81,41,0,EC+B+,100.0
40,82,42,0,ECp,
40,82,42,0,EC+B+,100.0
40,83,43,0,ECp,
40,83,43,0,EC+B+,100.0
40,84,44,0,EC+B+,100.0
40,85,45,0,EC+B+,100.0
40,85,45,1,IT,100.0
40,85,45,1,EC+B+,0.0
40,86,46,0,EC+B+,100.0
40,87,47,0,EC+B+,100.0
40,87,47,1,IT,100.0
40,88,48,0,EC,100.0
40,89,49,0,EC+B+,100.0
40,89,49,1,IT,93.77
40,89,49,1,EC+B+,6.23
40,90,50,1,IT,100.0
40,93,53,0,B-,100.0
40,95,55,0,B-,100.0
40,96,56,0,2B-,100.0
40,97,57,0,B-,100.0
40,98,58,0,B-,100.0
40,99,59,0,B-,100.0
40,100,60,0,B-,100.0
40,101,61,0,B-,100.0
40,102,62,0,B-,100.0
40,103,63,0,B-,100.0
40,103,63,0,B-n,1.0
40,104,64,0,B-,100.0
40,104,64,0,B-n,1.0
40,105,65,0,B-,100.0
40,105,65,0,B-n,2.0
40,106,66,0,B-,100.0
40,106,66,0,B-n,7.0
40,107,67,0,B-,100.0
40,107,67,0,B-n,23.0
40,108,68,0,B-,100.0
40,108,68,0,B-n,
40,109,69,0,B-n,
40,109,69,0,B-n,
40,109,69,0,B-,100.0
40,110,70,0,B-n,
40,110,70,0,B-n,
40,110,70,0,B-,100.0
40,111,71,0,B-n,
40,111,71,0,B-n,
40,111,71,0,B-,100.0
40,112,72,0,B-n,
40,112,72,0,B-n,
40,112,72,0,B-,100.0
40,113,73,0,B-n,
40,113,73,0,B-n,
40,113,73,0,B-,100.0
41,81,40,0,p,
41,81,40,0,EC+B+,
41,81,40,0,ECp,
41,82,41,0,ECp,
41,82,41,0,EC+B+,100.0
41,83,42,0,ECp,
41,83,42,0,EC+B+,100.0
41,84,43,0,ECp,
41,84,43,0,EC+B+,100.0
41,85,44,0,EC+B+,100.0
41,85,44,1,IT,
41,85,44,1,EC+B+,
41,86,45,0,EC+B+,100.0
41,87,46,0,EC+B+,100.0
41,87,46,1,EC+B+,100.0
41,88,47,0,EC+B+,100.0
41,88,47,1,EC+B+,100.0
41,89,48,0,EC+B+,100.0
41,89,48,1,EC+B+,100.0
41,90,49,0,EC+B+,100.0
41,90,49,1,IT,100.0
41,91,50,0,EC+B+,100.0
41,91,50,1,IT,96.6
41,91,50,1,EC+B+,3.4
41,92,51,0,EC+B+,100.0
41,92,51,1,EC+B+,100.0
41,93,52,1,IT,100.0
41,94,53,0,B-,100.0
41,94,53,1,B-,0.5
41,94,53,1,IT,99.5
41,95,54,0,B-,100.0
41,95,54,1,B-,5.6
41,95,54,1,IT,94.4
41,96,55,0,B-,100.0
41,97,56,0,B-,100.0
41,97,56,1,IT,100.0
41,98,57,0,B-,100.0
41,98,57,1,B-,99.8
41,98,57,1,IT,0.2
41,99,58,0,B-,100.0
41,99,58,1,B-,96.2
41,99,58,1,IT,3.8
41,100,59,0,B-,100.0
41,100,59,1,B-,100.0
41,101,60,0,B-,100.0
41,102,61,0,B-,100.0
41,102,61,1,B-,100.0
41,103,62,0,B-,100.0
41,103,62,0,B-n,
41,104,63,0,B-,100.0
41,104,63,0,B-n,0.06
41,104,63,1,B-,100.0
41,104,63,1,B-n,0.05
41,105,64,0,B-,100.0
41,105,64,0,B-n,1.7
41,106,65,0,B-,100.0
41,106,65,0,B-n,4.8
41,107,66,0,B-,100.0
41,107,66,0,B-n,7.4
41,108,67,0,B-n,6.3
41,108,67,0,B-n,
41,108,67,0,B-,100.0
41,109,68,0,B-,100.0
41,109,68,0,B-n,31.0
41,110,69,0,B-n,40.0
41,110,69,0,B-n,
41,110,69,0,B-,100.0
41,110,69,1,B-n,40.0
41,110,69,1,B-n,
41,110,69,1,B-,100.0
41,111,70,0,B-n,
41,111,70,0,B-n,
41,111,70,0,B-,100.0
41,112,71,0,B-n,
41,112,71,0,B-n,
41,112,71,0,B-,100.0
41,113,72,0,B-n,
41,113,72,0,B-n,
41,113,72,0,B-,100.0
41,114,73,0,B-n,
41,114,73,0,B-n,
41,114,73,0,B-,100.0
41,115,74,0,B-n,
41,115,74,0,B-n,
41,115,74,0,B-,100.0
41,116,75,0,B-n,
41,116,75,0,B-n,
41,116,75,0,B-,100.0
41,117,76,0,B-n,
41,117,76,0,B-n,
41,117,76,0,B-,100.0
42,81,39,0,ECp,
42,81,39,0,EC+B+,
42,82,40,0,ECp,
42,82,40,0,EC+B+,100.0
42,83,41,0,ECp,
42,83,41,0,EC+B+,100.0
42,84,42,0,ECp,
42,84,42,0,EC+B+,100.0
42,85,43,0,ECp,0.14
42,85,43,0,EC+B+,100.0
42,86,44,0,EC+B+,100.0
42,87,45,0,ECp,15.0
42,87,45,0,EC+B+,100.0
42,87,45,1,ECp,
42,87,45,1,EC+B+,
42,88,46,0,EC+B+,100.0
42,89,47,0,EC+B+,100.0
42,89,47,1,IT,100.0
42,90,48,0,EC+B+,100.0
42,91,49,0,EC+B+,100.0
42,91,49,1,IT,50.0
42,91,49,1,EC+B+,50.0
42,93,51,0,EC,100.0
42,93,51,1,IT,99.88
42,93,51,1,EC+B+,0.12
42,99,57,0,B-,100.0
42,100,58,0,2B-,100.0
42,101,59,0,B-,100.0
42,102,60,0,B-,100.0
42,103,61,0,B-,100.0
42,104,62,0,B-,100.0
42,105,63,0,B-,100.0
42,106,64,0,B-,100.0
42,107,65,0,B-,100.0
42,108,66,0,B-,100.0
42,109,67,0,B-,100.0
42,109,67,0,B-n,1.3
42,110,68,0,B-,100.0
42,110,68,0,B-n,2.0
42,111,69,0,B-,100.0
42,111,69,0,B-n,12.0
42,111,69,1,B-,100.0
42,111,69,1,B-n,
42,112,70,0,B-,100.0
42,112,70,0,B-n,
42,113,71,0,B-,100.0
42,113,71,0,B-n,
42,114,72,0,B-,100.0
42,114,72,0,B-n,
42,115,73,0,B-n,
42,115,73,0,B-n,
42,115,73,0,B-,100.0
42,116,74,0,B-n,
42,116,74,0,B-n,
42,116,74,0,B-,100.0
42,117,75,0,B-n,
42,117,75,0,B-n,
42,117,75,0,B-,100.0
42,118,76,0,B-n,
42,118,76,0,B-n,
42,118,76,0,B-,100.0
42,119,77,0,B-n,
42,119,77,0,B-n,
42,119,77,0,B-,100.0
43,85,42,0,p,
43,86,43,0,ECp,
43,86,43,0,EC+B+,100.0
43,87,44,0,ECp,0.7
43,87,44,0,EC+B+,100.0
43,88,45,0,ECp,
43,88,45,0,EC+B+,100.0
43,88,45,1,ECp,
43,88,45,1,EC+B+,100.0
43,89,46,0,EC+B+,100.0
43,89,46,1,EC+B+,100.0
43,90,47,0,EC+B+,100.0
43,90,47,1,EC+B+,100.0
43,91,48,0,EC+B+,100.0
43,91,48,1,EC+B+,100.0
43,92,49,0,EC+B+,100.0
43,93,50,0,EC+B+,100.0
43,93,50,1,IT,77.4
43,93,50,1,EC+B+,22.6
43,94,51,0,EC+B+,100.0
43,94,51,1,IT,0.18
43,94,51,1,EC+B+,100.0
43,95,52,0,EC+B+,100.0
43,95,52,1,IT,3.88
43,95,52,1,EC+B+,96.12
43,96,53,0,EC+B+,100.0
43,96,53,1,IT,
43,96,53,1,EC+B+,
43,97,54,0,EC,100.0
43,97,54,1,IT,96.06
43,97,54,1,EC,3.94
43,98,55,0,B-,100.0
43,99,56,0,B-,100.0
43,99,56,1,B-,0.0037
43,99,56,1,IT,0.0
43,100,57,0,B-,99.9974
43,100,57,0,EC,0.0026
43,101,58,0,B-,100.0
43,102,59,0,B-,100.0
43,102,59,1,B-,100.0
43,102,59,1,IT,
43,103,60,0,B-,100.0
43,104,61,0,B-,100.0
43,105,62,0,B-,100.0
43,106,63,0,B-,100.0
43,107,64,0,B-,100.0
43,108,65,0,B-,100.0
43,109,66,0,B-,100.0
43,109,66,0,B-n,0.08
43,110,67,0,B-,100.0
43,110,67,0,B-n,0.04
43,111,68,0,B-,100.0
43,111,68,0,B-n,0.85
43,112,69,0,B-,100.0
43,112,69,0,B-n,1.5
43,113,70,0,B-,100.0
43,113,70,0,B-n,2.1
43,114,71,0,B-,100.0
43,114,71,0,B-n,1.3
43,114,71,1,B-,100.0
43,114,71,1,B-n,1.3
43,115,72,0,B-,100.0
43,115,72,0,B-n,19.0
43,116,73,0,B-n,17.0
43,116,73,0,B-n,
43,116,73,0,B-,100.0
43,117,74,0,B-n,
43,117,74,0,B-n,
43,117,74,0,B-,100.0
43,118,75,0,B-n,
43,118,75,0,B-n,
43,118,75,0,B-,100.0
43,119,76,0,B-n,
43,119,76,0,B-n,
43,119,76,0,B-,100.0
43,120,77,0,B-n,
43,120,77,0,B-n,
43,120,77,0,B-,100.0
43,121,78,0,B-n,
43,121,78,0,B-n,
43,121,78,0,B-,100.0
43,122,79,0,B-n,
43,122,79,0,B-n,
43,122,79,0,B-,100.0
44,85,41,0,p,
44,85,41,0,EC+B+,
44,85,41,0,ECp,
44,86,42,0,ECp,
44,86,42,0,EC+B+,
44,87,43,0,ECp,
44,87,43,0,EC+B+,
44,88,44,0,ECp,3.6
44,88,44,0,EC+B+,100.0
44,89,45,0,ECp,3.1
44,89,45,0,EC+B+,100.0
44,90,46,0,ECp,
44,90,46,0,EC+B+,100.0
44,91,47,0,ECp,
44,91,47,0,EC+B+,100.0
44,91,47,1,EC+B+,100.0
44,91,47,1,IT,
44,91,47,1,ECp,
44,92,48,0,EC+B+,100.0
44,93,49,0,EC+B+,100.0
44,93,49,1,EC+B+,78.0
44,93,49,1,IT,22.0
44,93,49,1,ECp,0.027
44,94,50,0,EC+B+,100.0
44,95,51,0,EC+B+,100.0
44,97,53,0,EC+B+,100.0
44,103,59,0,B-,100.0
44,105,61,0,B-,100.0
44,106,62,0,B-,100.0
44,107,63,0,B-,100.0
44,108,64,0,B-,100.0
44,109,65,0,B-,100.0
44,110,66,0,B-,100.0
44,111,67,0,B-,100.0
44,112,68,0,B-,100.0
44,113,69,0,B-,100.0
44,113,69,1,B-,100.0
44,113,69,1,IT,
44,114,70,0,B-,100.0
44,114,70,0,B-n,
44,115,71,0,B-,100.0
44,115,71,0,B-n,
44,116,72,0,B-,100.0
44,116,72,0,B-n,0.8
44,117,73,0,B-,100.0
44,117,73,0,B-n,2.4
44,118,74,0,B-,100.0
44,118,74,0,B-n,4.6
44,119,75,0,B-,100.0
44,119,75,0,B-n,6.0
44,120,76,0,B-,100.0
44,120,76,0,B-n,6.0
44,121,77,0,B-n,13.0
44,121,77,0,B-n,
44,121,77,0,B-,100.0
44,122,78,0,B-n,
44,122,78,0,B-n,
44,122,78,0,B-,100.0
44,123,79,0,B-n,
44,123,79,0,B-n,
44,123,79,0,B-,100.0
44,124,80,0,B-n,
44,124,80,0,B-n,
44,124,80,0,B-,100.0
44,125,81,0,B-n,
44,125,81,0,B-n,
44,125,81,0,B-,100.0
45,89,44,0,p,
45,89,44,0,EC+B+,
45,89,44,0,ECp,
45,90,45,0,ECp,0.7
45,90,45,0,EC+B+,100.0
45,90,45,1,ECp,9.6
45,90,45,1,EC+B+,100.0
45,91,46,0,ECp,1.3
45,91,46,0,EC+B+,100.0
45,91,46,1,EC+B+,
45,91,46,1,IT,
45,91,46,1,ECp,
45,92,47,0,ECp,2.1
45,92,47,0,EC+B+,100.0
45,92,47,1,ECp,1.7
45,92,47,1,EC+B+,100.0
45,93,48,0,EC+B+,100.0
45,93,48,1,EC+B+,
45,94,49,0,ECp,1.8
45,94,49,0,EC+B+,100.0
45,94,49,1,EC+B+,100.0
45,95,50,0,EC+B+,100.0
45,95,50,1,IT,88.0
45,95,50,1,EC+B+,12.0
45,96,51,0,EC+B+,100.0
45,96,51,1,IT,60.0
45,96,51,1,EC+B+,40.0
45,97,52,0,EC+B+,100.0
45,97,52,1,IT,5.6
45,97,52,1,EC+B+,94.4
45,98,53,0,EC+B+,100.0
45,98,53,1,IT,89.0
45,98,53,1,EC+B+,11.0
45,99,54,0,EC+B+,100.0
45,99,54,1,IT,0.16
45,99,54,1,EC+B+,99.84
45,100,55,0,EC+B+,100.0
45,100,55,1,IT,98.3
45,100,55,1,EC+B+,1.7
45,101,56,0,EC,100.0
45,101,56,1,IT,7.2
45,101,56,1,EC,92.8
45,102,57,0,B-,22.0
45,102,57,0,EC+B+,78.0
45,102,57,1,IT,0.233
45,102,57,1,EC+B+,99.767
45,103,58,1,IT,100.0
45,104,59,0,B-,99.55
45,104,59,0,EC+B+,0.45
45,104,59,1,B-,0.13
45,104,59,1,IT,99.87
45,105,60,0,B-,100.0
45,105,60,1,IT,100.0
45,106,61,0,B-,100.0
45,106,61,1,B-,100.0
45,107,62,0,B-,100.0
45,108,63,0,B-,100.0
45,108,63,1,B-,100.0
45,108,63,1,IT,
45,109,64,0,B-,100.0
45,110,65,0,B-,100.0
45,110,65,1,B-,100.0
45,111,66,0,B-,100.0
45,112,67,0,B-,100.0
45,112,67,1,B-,100.0
45,113,68,0,B-,100.0
45,114,69,0,B-,100.0
45,114,69,1,B-,100.0
45,115,70,0,B-,100.0
45,115,70,0,B-n,
45,116,71,0,B-,100.0
45,116,71,0,B-n,2.1
45,116,71,1,B-,100.0
45,116,71,1,B-n,2.1
45,117,72,0,B-,100.0
45,117,72,0,B-n,7.6
45,118,73,0,B-,100.0
45,118,73,0,B-n,2.6
45,118,73,1,B-,100.0
45,118,73,1,B-n,2.4
45,119,74,0,B-,100.0
45,119,74,0,B-n,4.9
45,120,75,0,B-,100.0
45,120,75,0,B-n,7.2
45,121,76,0,B-,100.0
45,121,76,0,B-n,13.4
45,122,77,0,B-n,11.3
45,122,77,0,B-n,
45,122,77,0,B-,100.0
45,123,78,0,B-n,24.2
45,123,78,0,B-n,
45,123,78,0,B-,100.0
45,124,79,0,B-n,28.0
45,124,79,0,B-n,
45,124,79,0,B-,100.0
45,125,80,0,B-n,
45,125,80,0,B-n,
45,125,80,0,B-,100.0
45,126,81,0,B-n,
45,126,81,0,B-n,
45,126,81,0,B-,100.0
45,127,82,0,B-n,
45,127,82,0,B-n,
45,127,82,0,B-,100.0
45,128,83,0,B-n,
45,128,83,0,B-n,
45,128,83,0,B-,100.0
46,90,44,0,2P,
46,90,44,0,EC+B+,
46,90,44,0,ECp,
46,91,45,0,EC+B+,100.0
46,91,45,0,ECp,
46,91,45,0,B-,100.0
46,92,46,0,ECp,1.6
46,92,46,0,EC+B+,100.0
46,93,47,0,ECp,7.4
46,93,47,0,EC+B+,100.0
46,94,48,0,ECp,0.13
46,94,48,0,EC+B+,100.0
46,95,49,0,ECp,0.23
46,95,49,0,EC+B+,100.0
46,95,49,1,EC+B+,
46,95,49,2,EC+B+,89.0
46,95,49,2,IT,11.0
46,95,49,2,ECp,0.71
46,96,50,0,EC+B+,100.0
46,97,51,0,EC+B+,100.0
46,98,52,0,EC+B+,100.0
46,99,53,0,EC+B+,100.0
46,100,54,0,EC,100.0
46,101,55,0,EC+B+,100.0
46,103,57,0,EC,100.0
46,107,61,0,B-,100.0
46,107,61,1,IT,100.0
46,109,63,0,B-,100.0
46,109,63,1,IT,100.0
46,111,65,0,B-,100.0
46,111,65,1,B-,23.2
46,111,65,1,IT,76.8
46,112,66,0,B-,100.0
46,113,67,0,B-,100.0
46,113,67,1,IT,100.0
46,114,68,0,B-,100.0
46,115,69,0,B-,100.0
46,115,69,1,B-,92.0
46,115,69,1,IT,8.0
46,116,70,0,B-,100.0
46,117,71,0,B-,100.0
46,118,72,0,B-,100.0
46,119,73,0,B-,100.0
46,119,73,0,B-n,
46,119,73,1,B-,
46,119,73,1,IT,
46,120,74,0,B-,100.0
46,120,74,0,B-n,0.7
46,121,75,0,B-,100.0
46,121,75,0,B-n,0.8
46,122,76,0,B-,100.0
46,122,76,0,B-n,2.2
46,123,77,0,B-,100.0
46,123,77,0,B-n,1.4
46,123,77,1,B-,100.0
46,123,77,1,IT,
46,124,78,0,B-,100.0
46,124,78,0,B-n,0.89
46,125,79,0,B-,100.0
46,125,79,0,B-n,3.7
46,126,80,0,B-,100.0
46,126,80,0,B-n,4.9
46,126,80,1,B-,72.0
46,126,80,1,IT,28.0
46,127,81,0,B-n,9.0
46,127,81,0,B-n,
46,127,81,0,B-,100.0
46,128,82,0,B-,100.0
46,128,82,0,B-n,10.0
46,129,83,0,B-n,
46,129,83,0,B-n,
46,129,83,0,B-,100.0
46,130,84,0,B-n,
46,130,84,0,B-n,
46,130,84,0,B-,100.0
46,131,85,0,B-n,
46,131,85,0,B-n,
46,131,85,0,B-,100.0
47,92,45,0,p,
47,92,45,0,EC+B+,
47,92,45,0,ECp,
47,93,46,0,p,
47,93,46,0,EC+B+,
47,93,46,0,ECp,
47,94,47,0,ECp,0.2
47,94,47,0,EC+B+,100.0
47,94,47,1,p,4.1
47,94,47,1,EC+B+,95.9
47,94,47,1,ECp,27.0
47,94,47,2,ECp,17.0
47,94,47,2,EC+B+,100.0
47,95,48,0,ECp,2.3
47,95,48,0,EC+B+,100.0
47,96,49,0,ECp,4.8
47,96,49,0,EC+B+,100.0
47,96,49,1,ECp,14.9
47,96,49,1,EC+B+,100.0
47,97,50,0,EC+B+,100.0
47,98,51,0,ECp,0.0011
47,98,51,0,EC+B+,100.0
47,99,52,0,EC+B+,100.0
47,99,52,1,IT,100.0
47,100,53,0,EC+B+,100.0
47,100,53,1,IT,
47,100,53,1,EC+B+,
47,101,54,0,EC+B+,100.0
47,101,54,1,IT,100.0
47,102,55,0,EC+B+,100.0
47,102,55,1,IT,49.0
47,102,55,1,EC+B+,51.0
47,103,56,0,EC+B+,100.0
47,103,56,1,IT,100.0
47,104,57,0,EC+B+,100.0
47,104,57,1,IT,0.07
47,104,57,1,EC+B+,100.0
47,105,58,0,EC+B+,100.0
47,105,58,1,IT,99.66
47,105,58,1,EC+B+,0.34
47,106,59,0,B-,1.0
47,106,59,0,EC+B+,99.0
47,106,59,1,EC+B+,100.0
47,107,60,1,IT,100.0
47,108,61,0,B-,97.15
47,108,61,0,EC+B+,2.85
47,108,61,1,IT,7.45
47,108,61,1,EC+B+,92.55
47,109,62,1,IT,100.0
47,110,63,0,B-,99.7
47,110,63,0,EC,0.3
47,110,63,1,B-,98.67
47,110,63,1,IT,1.33
47,111,64,0,B-,100.0
47,111,64,1,B-,0.7
47,111,64,1,IT,99.3
47,112,65,0,B-,100.0
47,113,66,0,B-,100.0
47,113,66,1,B-,36.0
47,113,66,1,IT,64.0
47,114,67,0,B-,100.0
47,115,68,0,B-,100.0
47,115,68,1,B-,79.0
47,115,68,1,IT,21.0
47,116,69,0,B-,100.0
47,116,69,1,B-,93.0
47,116,69,1,IT,7.0
47,116,69,2,B-,92.0
47,116,69,2,IT,8.0
47,117,70,0,B-,100.0
47,117,70,1,B-,94.0
47,117,70,1,IT,6.0
47,118,71,0,B-,100.0
47,118,71,1,B-,59.0
47,118,71,1,IT,41.0
47,119,72,0,B-,100.0
47,119,72,1,B-,100.0
47,120,73,0,B-,100.0
47,120,73,0,B-n,0.003
47,120,73,1,B-,32.0
47,120,73,1,IT,68.0
47,120,73,2,B-,
47,120,73,2,IT,
47,121,74,0,B-,100.0
47,121,74,0,B-n,0.08
47,122,75,0,B-,100.0
47,122,75,0,B-n,
47,122,75,1,B-,100.0
47,122,75,1,B-n,0.186
47,123,76,0,B-,100.0
47,123,76,0,B-n,0.79
47,124,77,0,B-,100.0
47,124,77,0,B-n,1.7
47,124,77,1,B-,100.0
47,124,77,1,B-n,
47,125,78,0,B-,100.0
47,125,78,0,B-n,1.1
47,125,78,1,B-,100.0
47,125,78,1,B-n,4.6
47,126,79,0,B-,100.0
47,126,79,0,B-n,3.8
47,126,79,1,B-,100.0
47,126,79,1,B-n,3.8
47,127,80,0,B-,100.0
47,127,80,0,B-n,5.5
47,127,80,1,B-,91.2
47,127,80,1,IT,8.8
47,128,81,0,B-n,9.3
47,128,81,0,B-n,
47,128,81,0,B-,100.0
47,129,82,0,B-,100.0
47,129,82,0,B-n,17.9
47,129,82,1,B-,100.0
47,129,82,1,B-n,
47,130,83,0,B-n,
47,130,83,0,B-n,
47,130,83,0,B-,100.0
47,131,84,0,B-n,
47,131,84,0,B-n,
47,131,84,0,B-,100.0
47,132,85,0,B-n,
47,132,85,0,B-n,
47,132,85,0,B-,100.0
48,94,46,0,ECp,
48,94,46,0,EC+B+,
48,95,47,0,ECp,
48,95,47,0,EC+B+,100.0
48,96,48,0,ECp,1.6
48,96,48,0,EC+B+,100.0
48,96,48,1,ECp,
48,96,48,1,EC+B+,100.0
48,97,49,0,ECp,9.7
48,97,49,0,EC+B+,100.0
48,97,49,1,ECp,25.1
48,97,49,1,EC+B+,100.0
48,97,49,2,EC+B+,
48,97,49,2,IT,
48,97,49,2,ECp,
48,98,50,0,ECp,0.029
48,98,50,0,EC+B+,100.0
48,99,51,0,ECp,0.21
48,99,51,0,EC+B+,100.0
48,100,52,0,EC+B+,100.0
48,101,53,0,EC+B+,100.0
48,102,54,0,EC+B+,100.0
48,103,55,0,EC+B+,100.0
48,104,56,0,EC+B+,100.0
48,105,57,0,EC+B+,100.0
48,107,59,0,EC+B+,100.0
48,109,61,0,EC,100.0
48,111,63,1,IT,100.0
48,113,65,0,B-,100.0
48,113,65,1,B-,99.9036
48,113,65,1,IT,0.0964
48,115,67,0,B-,100.0
48,115,67,1,B-,100.0
48,116,68,0,2B-,100.0
48,117,69,0,B-,100.0
48,117,69,1,B-,100.0
48,118,70,0,B-,100.0
48,119,71,0,B-,100.0
48,119,71,1,B-,100.0
48,120,72,0,B-,100.0
48,121,73,0,B-,100.0
48,121,73,1,B-,100.0
48,122,74,0,B-,100.0
48,123,75,0,B-,100.0
48,123,75,1,B-,100.0
48,124,76,0,B-,100.0
48,125,77,0,B-,100.0
48,125,77,1,B-,100.0
48,126,78,0,B-,100.0
48,127,79,0,B-,100.0
48,127,79,0,B-n,1.2
48,127,79,1,B-,100.0
48,127,79,1,B-n,1.2
48,128,80,0,B-,100.0
48,128,80,0,B-n,1.9
48,129,81,0,B-,100.0
48,129,81,0,B-n,1.84
48,129,81,1,B-,100.0
48,129,81,1,B-n,0.0
48,130,82,0,B-,100.0
48,130,82,0,B-n,3.0
48,131,83,0,B-n,3.5
48,131,83,0,B-n,
48,131,83,0,B-,100.0
48,132,84,0,B-n,60.0
48,132,84,0,B-n,
48,132,84,0,B-,100.0
48,133,85,0,B-n,
48,133,85,0,B-n,
48,133,85,0,B-,100.0
48,134,86,0,B-n,
48,134,86,0,B-n,
48,134,86,0,B-,100.0
49,96,47,0,p,
49,96,47,0,EC+B+,
49,96,47,0,ECp,
49,97,48,0,ECp,
49,97,48,0,EC+B+,100.0
49,98,49,0,ECp,0.13
49,98,49,0,EC+B+,100.0
49,98,49,1,ECp,44.0
49,98,49,1,EC+B+,100.0
49,99,50,0,ECp,0.29
49,99,50,0,EC+B+,100.0
49,100,51,0,ECp,1.66
49,100,51,0,EC+B+,100.0
49,101,52,0,ECp,1.7
49,101,52,0,EC+B+,100.0
49,101,52,1,IT,
49,101,52,1,EC+B+,
49,102,53,0,ECp,0.0093
49,102,53,0,EC+B+,100.0
49,103,54,0,EC+B+,100.0
49,103,54,1,IT,33.0
49,103,54,1,EC+B+,67.0
49,104,55,0,EC+B+,100.0
49,104,55,1,IT,80.0
49,104,55,1,EC+B+,20.0
49,105,56,0,EC+B+,100.0
49,105,56,1,IT,100.0
49,106,57,0,EC+B+,100.0
49,106,57,1,EC+B+,100.0
49,107,58,0,EC+B+,100.0
49,107,58,1,IT,100.0
49,108,59,0,EC+B+,100.0
49,108,59,1,EC+B+,100.0
49,109,60,0,EC+B+,100.0
49,109,60,1,IT,100.0
49,109,60,2,IT,100.0
49,110,61,0,EC+B+,100.0
49,110,61,1,EC+B+,100.0
49,111,62,0,EC,100.0
49,111,62,1,IT,100.0
49,112,63,0,B-,38.0
49,112,63,0,EC+B+,62.0
49,112,63,1,IT,100.0
49,113,64,1,IT,100.0
49,114,65,0,B-,99.5
49,114,65,0,EC+B+,0.5
49,114,65,1,IT,96.75
49,114,65,1,EC+B+,3.25
49,115,66,0,B-,100.0
49,115,66,1,B-,5.0
49,115,66,1,IT,95.0
49,116,67,0,B-,99.9762
49,116,67,0,EC,0.0238
49,116,67,1,B-,100.0
49,116,67,2,IT,100.0
49,117,68,0,B-,100.0
49,117,68,1,B-,52.9
49,117,68,1,IT,47.1
49,118,69,0,B-,100.0
49,118,69,1,B-,100.0
49,118,69,2,B-,1.4
49,118,69,2,IT,98.6
49,119,70,0,B-,100.0
49,119,70,1,B-,
49,119,70,1,IT,
49,120,71,0,B-,100.0
49,120,71,1,B-,100.0
49,120,71,2,B-,100.0
49,121,72,0,B-,100.0
49,121,72,1,B-,98.8
49,121,72,1,IT,1.2
49,122,73,0,B-,100.0
49,122,73,1,B-,100.0
49,122,73,2,B-,100.0
49,123,74,0,B-,100.0
49,123,74,1,B-,100.0
49,124,75,0,B-,100.0
49,124,75,1,B-,100.0
49,125,76,0,B-,100.0
49,125,76,1,B-,100.0
49,126,77,0,B-,100.0
49,126,77,1,B-,100.0
49,127,78,0,B-,100.0
49,127,78,0,B-n,0.03
49,127,78,1,B-,100.0
49,127,78,1,B-n,0.63
49,127,78,2,B-,100.0
49,127,78,2,B-n,
49,128,79,0,B-,100.0
49,128,79,0,B-n,0.035
49,128,79,1,B-,100.0
49,128,79,1,B-n,0.035
49,128,79,2,B-n,
49,128,79,2,IT,
49,128,79,2,B-,100.0
49,129,80,0,B-,100.0
49,129,80,0,B-n,0.228
49,129,80,1,B-n,2.98
49,129,80,1,IT,0.3
49,129,80,1,B-,99.7
49,129,80,2,B-,100.0
49,129,80,2,IT,
49,129,80,3,B-,
49,129,80,3,IT,100.0
49,130,81,0,B-,100.0
49,130,81,0,B-n,0.93
49,130,81,1,B-,100.0
49,130,81,1,B-n,1.65
49,130,81,2,B-,100.0
49,130,81,2,B-n,1.65
49,131,82,0,B-,100.0
49,131,82,0,B-n,2.3
49,131,82,1,B-,100.0
49,131,82,1,B-n,2.3
49,131,82,2,B-,100.0
49,131,82,2,B-n,12.0
49,132,83,0,B-n,12.3
49,132,83,0,B-n,
49,132,83,0,B-,100.0
49,133,84,0,B-n,90.0
49,133,84,0,B-n,
49,133,84,0,B-,100.0
49,133,84,1,B-n,93.0
49,133,84,1,B-n,
49,133,84,1,B-,100.0
49,134,85,0,B-n,89.0
49,134,85,0,B-n,9.0
49,134,85,0,B-,100.0
49,135,86,0,B-n,0.0
49,135,86,0,B-n,0.0
49,135,86,0,B-,100.0
49,136,87,0,B-n,
49,136,87,0,B-n,
49,136,87,0,B-,100.0
49,137,88,0,B-n,
49,137,88,0,B-n,
49,137,88,0,B-,100.0
50,99,49,0,ECp,
50,99,49,0,EC+B+,100.0
50,100,50,0,ECp,17.0
50,100,50,0,EC+B+,100.0
50,101,51,0,ECp,22.8
50,101,51,0,EC+B+,100.0
50,102,52,0,ECp,
50,102,52,0,EC+B+,100.0
50,103,53,0,ECp,1.2
50,103,53,0,EC+B+,100.0
50,104,54,0,EC+B+,100.0
50,105,55,0,ECp,0.011
50,105,55,0,EC+B+,100.0
50,106,56,0,EC+B+,100.0
50,107,57,0,EC+B+,100.0
50,108,58,0,EC+B+,100.0
50,109,59,0,EC+B+,100.0
50,110,60,0,EC,100.0
50,111,61,0,EC+B+,100.0
50,113,63,0,EC+B+,100.0
50,113,63,1,IT,91.1
50,113,63,1,EC+B+,8.9
50,117,67,1,IT,100.0
50,119,69,1,IT,100.0
50,121,71,0,B-,100.0
50,121,71,1,B-,22.4
50,121,71,1,IT,77.6
50,123,73,0,B-,100.0
50,123,73,1,B-,100.0
50,125,75,0,B-,100.0
50,125,75,1,B-,100.0
50,126,76,0,B-,100.0
50,127,77,0,B-,100.0
50,127,77,1,B-,100.0
50,128,78,0,B-,100.0
50,128,78,1,IT,100.0
50,129,79,0,B-,100.0
50,129,79,1,B-,100.0
50,130,80,0,B-,100.0
50,130,80,1,B-,100.0
50,131,81,0,B-,100.0
50,131,81,1,B-,100.0
50,131,81,1,IT,
50,132,82,0,B-,100.0
50,133,83,0,B-,100.0
50,133,83,0,B-n,0.0294
50,134,84,0,B-,100.0
50,134,84,0,B-n,17.0
50,135,85,0,B-n,21.0
50,135,85,0,B-n,
50,135,85,0,B-,100.0
50,136,86,0,B-n,27.0
50,136,86,0,B-n,
50,136,86,0,B-,100.0
50,137,87,0,B-n,41.0
50,137,87,0,B-n,
50,137,87,0,B-,100.0
50,138,88,0,B-n,36.0
50,138,88,0,B-n,
50,138,88,0,B-,100.0
50,139,89,0,B-n,
50,139,89,0,B-n,
50,139,89,0,B-,100.0
50,140,90,0,B-n,
50,140,90,0,B-n,
50,140,90,0,B-,100.0
51,104,53,0,p,1.0
51,104,53,0,EC+B+,100.0
51,104,53,0,ECp,7.0
51,105,54,0,p,
51,105,54,0,EC+B+,100.0
51,105,54,0,ECp,
51,106,55,0,ECp,
51,106,55,0,EC+B+,100.0
51,107,56,0,EC+B+,100.0
51,108,57,0,EC+B+,100.0
51,109,58,0,EC+B+,100.0
51,110,59,0,EC+B+,100.0
51,111,60,0,EC+B+,100.0
51,112,61,0,EC+B+,100.0
51,113,62,0,EC+B+,100.0
51,114,63,0,EC+B+,100.0
51,115,64,0,EC+B+,100.0
51,116,65,0,EC+B+,100.0
51,116,65,1,EC+B+,100.0
51,117,66,0,EC+B+,100.0
51,118,67,0,EC+B+,100.0
51,118,67,1,EC+B+,100.0
51,119,68,0,EC,100.0
51,119,68,1,IT,100.0
51,120,69,0,EC+B+,100.0
51,120,69,1,EC+B+,100.0
51,122,71,0,B-,97.59
51,122,71,0,EC+B+,2.41
51,122,71,1,IT,100.0
51,124,73,0,B-,100.0
51,124,73,1,B-,25.0
51,124,73,1,IT,75.0
51,124,73,2,IT,100.0
51,125,74,0,B-,100.0
51,126,75,0,B-,100.0
51,126,75,1,B-,81.4
51,126,75,1,IT,18.6
51,126,75,2,IT,100.0
51,127,76,0,B-,100.0
51,128,77,0,B-,100.0
51,128,77,1,B-,96.4
51,128,77,1,IT,3.6
51,129,78,0,B-,100.0
51,129,78,1,B-,85.0
51,129,78,1,IT,15.0
51,130,79,0,B-,100.0
51,130,79,1,B-,100.0
51,131,80,0,B-,100.0
51,132,81,0,B-,100.0
51,132,81,1,B-,100.0
51,133,82,0,B-,100.0
51,134,83,0,B-,100.0
51,134,83,0,B-n,
51,134,83,1,B-,100.0
51,134,83,1,B-n,0.088
51,135,84,0,B-,100.0
51,135,84,0,B-n,16.8
51,136,85,0,B-n,22.0
51,136,85,0,B-n,0.14
51,136,85,0,B-,100.0
51,137,86,0,B-n,49.0
51,137,86,0,B-n,2.7
51,137,86,0,B-,100.0
51,138,87,0,B-n,72.0
51,138,87,0,B-n,
51,138,87,0,B-,100.0
51,139,88,0,B-n,90.0
51,139,88,0,B-n,
51,139,88,0,B-,100.0
51,140,89,0,B-n,23.0
51,140,89,0,B-n,7.6
51,140,89,0,B-,100.0
51,141,90,0,B-n,
51,141,90,0,B-n,
51,141,90,0,B-,100.0
51,142,91,0,B-n,
51,142,91,0,B-n,
51,142,91,0,B-,100.0
52,104,52,0,A,100.0
52,105,53,0,A,100.0
52,106,54,0,A,100.0
52,107,55,0,A,70.0
52,107,55,0,EC+B+,30.0
52,108,56,0,EC+B+,51.0
52,108,56,0,A,49.0
52,108,56,0,ECp,2.4
52,109,57,0,EC+B+,96.1
52,109,57,0,A,3.9
52,109,57,0,ECp,9.4
52,109,57,0,EC,0.0043
52,110,58,0,A,
52,110,58,0,EC+B+,100.0
52,111,59,0,ECp,
52,111,59,0,EC+B+,100.0
52,112,60,0,EC+B+,100.0
52,113,61,0,EC+B+,100.0
52,114,62,0,EC+B+,100.0
52,115,63,0,EC+B+,100.0
52,115,63,1,IT,
52,115,63,1,EC+B+,100.0
52,116,64,0,EC+B+,100.0
52,117,65,0,EC+B+,100.0
52,117,65,1,IT,100.0
52,118,66,0,EC,100.0
52,119,67,0,EC+B+,100.0
52,119,67,1,EC+B+,100.0
52,121,69,0,EC+B+,100.0
52,121,69,1,IT,83.1
52,121,69,1,EC+B+,16.9
52,123,71,1,IT,100.0
52,125,73,1,IT,100.0
52,127,75,0,B-,100.0
52,127,75,1,B-,2.14
52,127,75,1,IT,97.86
52,128,76,0,2B-,100.0
52,129,77,0,B-,100.0
52,129,77,1,B-,36.0
52,129,77,1,IT,64.0
52,130,78,0,2B-,100.0
52,131,79,0,B-,100.0
52,131,79,1,B-,74.1
52,131,79,1,IT,25.9
52,131,79,2,IT,100.0
52,132,80,0,B-,100.0
52,133,81,0,B-,100.0
52,133,81,1,B-,83.5
52,133,81,1,IT,16.5
52,134,82,0,B-,100.0
52,135,83,0,B-,100.0
52,136,84,0,B-,100.0
52,136,84,0,B-n,1.37
52,137,85,0,B-,100.0
52,137,85,0,B-n,2.77
52,138,86,0,B-,100.0
52,138,86,0,B-n,6.3
52,139,87,0,B-,100.0
52,139,87,0,B-n,
52,140,88,0,B-,100.0
52,140,88,0,B-n,0.0
52,141,89,0,B-n,
52,141,89,0,B-n,
52,141,89,0,B-,100.0
52,142,90,0,B-n,
52,142,90,0,B-n,
52,142,90,0,B-,100.0
52,143,91,0,B-n,
52,143,91,0,B-n,
52,143,91,0,B-,100.0
52,144,92,0,B-n,
52,144,92,0,B-n,
52,144,92,0,B-,100.0
52,145,93,0,B-n,
52,145,93,0,B-n,
52,145,93,0,B-,100.0
53,108,55,0,p,0.5
53,108,55,0,EC+B+,
53,108,55,0,A,99.5
53,109,56,0,p,99.986
53,109,56,0,A,0.014
53,110,57,0,EC+B+,83.0
53,110,57,0,A,17.0
53,110,57,0,ECp,11.0
53,110,57,0,EC,1.1
53,111,58,0,EC+B+,99.9
53,111,58,0,A,0.1
53,111,58,0,ECp,
53,112,59,0,EC+B+,99.9988
53,112,59,0,A,0.0012
53,112,59,0,ECp,0.88
53,112,59,0,EC,0.104
53,113,60,0,EC+B+,100.0
53,114,61,0,ECp,
53,114,61,0,EC+B+,100.0
53,114,61,1,IT,9.0
53,114,61,1,EC+B+,91.0
53,115,62,0,EC+B+,100.0
53,116,63,0,EC+B+,100.0
53,117,64,0,EC+B+,100.0
53,118,65,0,EC+B+,100.0
53,118,65,1,IT,0.0
53,118,65,1,EC+B+,100.0
53,119,66,0,EC+B+,100.0
53,120,67,0,EC+B+,100.0
53,120,67,1,EC+B+,100.0
53,121,68,0,EC+B+,100.0
53,122,69,0,EC+B+,100.0
53,123,70,0,EC+B+,100.0
53,124,71,0,EC+B+,100.0
53,125,72,0,EC,100.0
53,126,73,0,B-,47.3
53,126,73,0,EC+B+,52.7
53,128,75,0,B-,93.1
53,128,75,0,EC+B+,6.9
53,129,76,0,B-,100.0
53,130,77,0,B-,100.0
53,130,77,1,B-,16.0
53,130,77,1,IT,84.0
53,131,78,0,B-,100.0
53,132,79,0,B-,100.0
53,132,79,1,B-,14.0
53,132,79,1,IT,86.0
53,133,80,0,B-,100.0
53,133,80,1,IT,100.0
53,134,81,0,B-,100.0
53,134,81,1,B-,2.3
53,134,81,1,IT,97.7
53,135,82,0,B-,100.0
53,136,83,0,B-,100.0
53,136,83,1,B-,100.0
53,137,84,0,B-,100.0
53,137,84,0,B-n,7.32
53,138,85,0,B-,100.0
53,138,85,0,B-n,5.39
53,139,86,0,B-,100.0
53,139,86,0,B-n,9.64
53,140,87,0,B-n,8.79
53,140,87,0,B-n,
53,140,87,0,B-,100.0
53,140,87,1,B-,100.0
53,140,87,1,B-n,
53,140,87,2,B-,100.0
53,140,87,2,B-n,
53,141,88,0,B-,100.0
53,141,88,0,B-n,21.2
53,142,89,0,B-n,
53,142,89,0,B-n,
53,142,89,0,B-,100.0
53,143,90,0,B-n,
53,143,90,0,B-n,
53,143,90,0,B-,100.0
53,144,91,0,B-n,
53,144,91,0,B-n,
53,144,91,0,B-,100.0
53,145,92,0,B-n,
53,145,92,0,B-n,
53,145,92,0,B-,100.0
53,146,93,0,B-n,
53,146,93,0,B-n,
53,146,93,0,B-,100.0
53,147,94,0,B-n,
53,147,94,0,B-n,
53,147,94,0,B-,100.0
54,108,54,0,A,100.0
54,109,55,0,A,100.0
54,110,56,0,EC+B+,36.0
54,110,56,0,A,64.0
54,110,56,0,ECp,
54,111,57,0,EC+B+,89.6
54,111,57,0,A,10.4
54,111,57,0,ECp,
54,112,58,0,EC+B+,
54,112,58,0,A = 0.8 +1.1-0.5,
54,112,58,0,ECp,
54,113,59,0,EC+B+,100.0
54,113,59,0,A,
54,113,59,0,ECp,7.0
54,113,59,0,EC,0.007
54,114,60,0,ECp,
54,114,60,0,EC+B+,100.0
54,115,61,0,EC,0.0003
54,115,61,0,EC+B+,100.0
54,115,61,0,ECp,0.34
54,116,62,0,EC+B+,100.0
54,117,63,0,ECp,0.0029
54,117,63,0,EC+B+,100.0
54,118,64,0,EC+B+,100.0
54,119,65,0,EC+B+,100.0
54,120,66,0,EC+B+,100.0
54,121,67,0,EC+B+,100.0
54,122,68,0,EC,100.0
54,123,69,0,EC+B+,100.0
54,125,71,0,EC+B+,100.0
54,125,71,1,IT,100.0
54,127,73,0,EC,100.0
54,127,73,1,IT,100.0
54,129,75,1,IT,100.0
54,131,77,1,IT,100.0
54,133,79,0,B-,100.0
54,133,79,1,IT,100.0
54,134,80,1,IT,100.0
54,135,81,0,B-,100.0
54,135,81,1,B-,0.3
54,135,81,1,IT,99.7
54,136,82,0,2B-,100.0
54,137,83,0,B-,100.0
54,138,84,0,B-,100.0
54,139,85,0,B-,100.0
54,140,86,0,B-,100.0
54,141,87,0,B-,100.0
54,141,87,0,B-n,0.044
54,142,88,0,B-,100.0
54,142,88,0,B-n,0.355
54,143,89,0,B-,100.0
54,143,89,0,B-n,1.0
54,144,90,0,B-,100.0
54,144,90,0,B-n,3.0
54,145,91,0,B-n,5.0
54,145,91,0,B-n,
54,145,91,0,B-,100.0
54,146,92,0,B-,100.0
54,146,92,0,B-n,6.9
54,147,93,0,B-n,8.0
54,147,93,0,B-n,
54,147,93,0,B-,100.0
54,148,94,0,B-n,
54,148,94,0,B-n,
54,148,94,0,B-,100.0
54,149,95,0,B-n,
54,149,95,0,B-n,
54,149,95,0,B-,100.0
54,150,96,0,B-n,
54,150,96,0,B-n,
54,150,96,0,B-,100.0
55,112,57,0,p,100.0
55,112,57,0,A,0.26
55,113,58,0,p,100.0
55,114,59,0,EC+B+,99.982
55,114,59,0,A,0.018
55,114,59,0,ECp,8.7
55,114,59,0,EC,0.19
55,115,60,0,ECp,0.07
55,115,60,0,EC+B+,100.0
55,116,61,0,EC,0.049
55,116,61,0,EC+B+,100.0
55,116,61,0,ECp,0.28
55,116,61,1,EC,0.005
55,116,61,1,EC+B+,100.0
55,116,61,1,ECp,0.51
55,117,62,0,EC+B+,100.0
55,117,62,1,EC+B+,100.0
55,118,63,0,EC,0.0024
55,118,63,0,EC+B+,100.0
55,118,63,0,ECp,0.042
55,118,63,1,EC,0.0024
55,118,63,1,EC+B+,100.0
55,118,63,1,ECp,0.042
55,119,64,0,EC+B+,100.0
55,119,64,1,EC+B+,100.0
55,120,65,0,EC,2.4e-05
55,120,65,0,EC+B+,100.0
55,120,65,0,ECp,1e-05
55,120,65,1,EC,2.4e-05
55,120,65,1,EC+B+,100.0
55,120,65,1,ECp,1e-05
55,121,66,0,EC+B+,100.0
55,121,66,1,IT,17.0
55,121,66,1,EC+B+,83.0
55,122,67,0,EC+B+,100.0
55,122,67,1,IT,100.0
55,122,67,2,EC+B+,100.0
55,123,68,0,EC+B+,100.0
55,123,68,1,IT,100.0
55,124,69,0,EC+B+,100.0
55,124,69,1,IT,99.89
55,124,69,1,EC+B+,0.11
55,125,70,0,EC+B+,100.0
55,126,71,0,EC+B+,100.0
55,127,72,0,EC+B+,100.0
55,128,73,0,EC+B+,100.0
55,129,74,0,EC+B+,100.0
55,130,75,0,B-,1.6
55,130,75,0,EC+B+,98.4
55,130,75,1,IT,99.84
55,130,75,1,EC+B+,0.16
55,131,76,0,EC,100.0
55,132,77,0,B-,1.87
55,132,77,0,EC+B+,98.13
55,134,79,0,B-,99.9997
55,134,79,0,EC,0.0003
55,134,79,1,IT,100.0
55,135,80,0,B-,100.0
55,135,80,1,IT,100.0
55,136,81,0,B-,100.0
55,136,81,1,B-,
55,136,81,1,IT,0.0
55,137,82,0,B-,100.0
55,138,83,0,B-,100.0
55,138,83,1,B-,
55,138,83,1,IT,
55,139,84,0,B-,100.0
55,140,85,0,B-,100.0
55,141,86,0,B-,100.0
55,141,86,0,B-n,0.036
55,142,87,0,B-,100.0
55,142,87,0,B-n,0.0912
55,143,88,0,B-,100.0
55,143,88,0,B-n,1.62
55,144,89,0,B-,100.0
55,144,89,0,B-n,2.98
55,145,90,0,B-,100.0
55,145,90,0,B-n,13.01
55,146,91,0,B-n,14.2
55,146,91,0,B-n,
55,146,91,0,B-,100.0
55,147,92,0,B-,100.0
55,147,92,0,B-n,27.5
55,148,93,0,B-n,29.0
55,148,93,0,B-n,
55,148,93,0,B-,100.0
55,149,94,0,B-n,25.0
55,149,94,0,B-n,
55,149,94,0,B-,100.0
55,150,95,0,B-n,44.0
55,150,95,0,B-n,
55,150,95,0,B-,100.0
55,151,96,0,B-n,
55,151,96,0,B-n,
55,151,96,0,B-,100.0
55,152,97,0,B-n,
55,152,97,0,B-n,
55,152,97,0,B-,100.0
56,114,58,0,EC+B+,99.1
56,114,58,0,A,0.9
56,114,58,0,ECp,20.0
56,115,59,0,ECp,15.0
56,115,59,0,EC+B+,100.0
56,116,60,0,ECp,3.0
56,116,60,0,EC+B+,100.0
56,117,61,0,EC,0.024
56,117,61,0,EC+B+,100.0
56,117,61,0,ECp,13.0
56,118,62,0,ECp,
56,118,62,0,EC+B+,100.0
56,119,63,0,ECp,25.0
56,119,63,0,EC+B+,100.0
56,120,64,0,EC+B+,100.0
56,121,65,0,ECp,0.02
56,121,65,0,EC+B+,100.0
56,122,66,0,EC+B+,100.0
56,123,67,0,EC+B+,100.0
56,124,68,0,EC+B+,100.0
56,125,69,0,EC+B+,100.0
56,126,70,0,EC+B+,100.0
56,127,71,0,EC+B+,100.0
56,127,71,1,IT,100.0
56,128,72,0,EC,100.0
56,129,73,0,EC+B+,100.0
56,129,73,1,IT,
56,129,73,1,EC+B+,100.0
56,131,75,0,EC+B+,100.0
56,131,75,1,IT,100.0
56,133,77,0,EC,100.0
56,133,77,1,IT,99.9896
56,133,77,1,EC,0.0104
56,135,79,1,IT,100.0
56,136,80,1,IT,100.0
56,137,81,1,IT,100.0
56,139,83,0,B-,100.0
56,140,84,0,B-,100.0
56,141,85,0,B-,100.0
56,142,86,0,B-,100.0
56,143,87,0,B-,100.0
56,144,88,0,B-,100.0
56,145,89,0,B-,100.0
56,146,90,0,B-,100.0
56,147,91,0,B-,100.0
56,147,91,0,B-n,0.071
56,148,92,0,B-,100.0
56,148,92,0,B-n,0.389
56,149,93,0,B-,100.0
56,149,93,0,B-n,3.9
56,150,94,0,B-,100.0
56,150,94,0,B-n,1.0
56,151,95,0,B-,100.0
56,151,95,0,B-n,
56,152,96,0,B-,100.0
56,152,96,0,B-n,
56,153,97,0,B-n,
56,153,97,0,B-n,
56,153,97,0,B-,100.0
56,154,98,0,B-,100.0
56,154,98,0,B-n,
57,117,60,0,p,100.0
57,120,63,0,ECp,0.0
57,120,63,0,EC+B+,100.0
57,121,64,0,ECp,
57,121,64,0,EC+B+,100.0
57,122,65,0,ECp,
57,122,65,0,EC+B+,100.0
57,123,66,0,EC+B+,100.0
57,124,67,0,EC+B+,100.0
57,124,67,1,EC+B+,100.0
57,125,68,0,EC+B+,100.0
57,125,68,1,IT,100.0
57,126,69,0,EC+B+,100.0
57,126,69,1,IT,
57,126,69,1,EC+B+,
57,127,70,0,EC+B+,100.0
57,127,70,1,EC+B+,100.0
57,128,71,0,EC+B+,100.0
57,128,71,1,EC+B+,100.0
57,129,72,0,EC+B+,100.0
57,129,72,1,IT,100.0
57,130,73,0,EC+B+,100.0
57,131,74,0,EC+B+,100.0
57,132,75,0,EC+B+,100.0
57,132,75,1,IT,76.0
57,132,75,1,EC+B+,24.0
57,133,76,0,EC+B+,100.0
57,134,77,0,EC+B+,100.0
57,135,78,0,EC+B+,100.0
57,136,79,0,EC+B+,100.0
57,136,79,1,IT,100.0
57,137,80,0,EC,100.0
57,138,81,0,B-,34.5
57,138,81,0,EC+B+,65.5
57,140,83,0,B-,100.0
57,141,84,0,B-,100.0
57,142,85,0,B-,100.0
57,143,86,0,B-,100.0
57,144,87,0,B-,100.0
57,145,88,0,B-,100.0
57,146,89,0,B-,100.0
57,146,89,1,B-,100.0
57,146,89,1,IT,
57,147,90,0,B-,100.0
57,147,90,0,B-n,0.043
57,148,91,0,B-,100.0
57,148,91,0,B-n,
57,149,92,0,B-,100.0
57,149,92,0,B-n,1.41
57,150,93,0,B-,100.0
57,150,93,0,B-n,2.69
57,151,94,0,B-,100.0
57,151,94,0,B-n,
57,152,95,0,B-,100.0
57,152,95,0,B-n,
57,153,96,0,B-,100.0
57,153,96,0,B-n,
57,154,97,0,B-n,
57,154,97,0,B-n,
57,154,97,0,B-,100.0
57,155,98,0,B-n,
57,155,98,0,B-n,
57,155,98,0,B-,100.0
57,156,99,0,B-n,
57,156,99,0,B-n,
57,156,99,0,B-,100.0
57,157,100,0,B-n,
57,157,100,0,B-n,
57,157,100,0,B-,100.0
58,121,63,0,ECp,1.0
58,121,63,0,EC+B+,100.0
58,122,64,0,ECp,
58,122,64,0,EC+B+,100.0
58,123,65,0,ECp,0.0
58,123,65,0,EC+B+,100.0
58,124,66,0,EC+B+,100.0
58,125,67,0,ECp,
58,125,67,0,EC+B+,100.0
58,125,67,1,IT,100.0
58,126,68,0,EC+B+,100.0
58,127,69,0,EC+B+,100.0
58,127,69,1,EC+B+,100.0
58,128,70,0,EC+B+,100.0
58,129,71,0,EC+B+,100.0
58,130,72,0,EC+B+,100.0
58,131,73,0,EC+B+,100.0
58,131,73,1,EC+B+,100.0
58,132,74,0,EC+B+,100.0
58,133,75,0,EC+B+,100.0
58,133,75,1,IT,
58,133,75,1,EC+B+,100.0
58,134,76,0,EC,100.0
58,135,77,0,EC+B+,100.0
58,135,77,1,IT,100.0
58,137,79,0,EC+B+,100.0
58,137,79,1,IT,99.23
58,137,79,1,EC+B+,0.77
58,138,80,1,IT,100.0
58,139,81,0,EC,100.0
58,139,81,1,IT,100.0
58,141,83,0,B-,100.0
58,143,85,0,B-,100.0
58,144,86,0,B-,100.0
58,145,87,0,B-,100.0
58,146,88,0,B-,100.0
58,147,89,0,B-,100.0
58,148,90,0,B-,100.0
58,149,91,0,B-,100.0
58,150,92,0,B-,100.0
58,151,93,0,B-,100.0
58,152,94,0,B-,100.0
58,153,95,0,B-,100.0
58,153,95,0,B-n,
58,154,96,0,B-,100.0
58,154,96,0,B-n,
58,155,97,0,B-,100.0
58,155,97,0,B-n,
58,156,98,0,B-,100.0
58,156,98,0,B-n,
58,157,99,0,B-,100.0
58,157,99,0,B-n,
58,158,100,0,B-,100.0
58,158,100,0,B-n,
59,121,62,0,p,100.0
59,124,65,0,ECp,0.0
59,124,65,0,EC+B+,100.0
59,125,66,0,ECp,
59,125,66,0,EC+B+,100.0
59,126,67,0,ECp,
59,126,67,0,EC+B+,100.0
59,127,68,0,ECp,
59,127,68,0,EC+B+,100.0
59,128,69,0,ECp,0.0
59,128,69,0,EC+B+,100.0
59,129,70,0,EC+B+,100.0
59,130,71,0,EC+B+,100.0
59,130,71,1,EC+B+,
59,131,72,0,EC+B+,100.0
59,131,72,1,IT,96.4
59,131,72,1,EC+B+,3.6
59,132,73,0,EC+B+,100.0
59,133,74,0,EC+B+,100.0
59,133,74,1,IT,100.0
59,134,75,0,EC+B+,100.0
59,134,75,1,EC+B+,100.0
59,135,76,0,EC+B+,100.0
59,136,77,0,EC+B+,100.0
59,137,78,0,EC+B+,100.0
59,138,79,0,EC+B+,100.0
59,138,79,1,EC+B+,100.0
59,139,80,0,EC+B+,100.0
59,140,81,0,EC+B+,100.0
59,142,83,0,B-,99.9836
59,142,83,0,EC,0.0164
59,142,83,1,IT,100.0
59,143,84,0,B-,100.0
59,144,85,0,B-,100.0
59,144,85,1,B-,0.07
59,144,85,1,IT,99.93
59,145,86,0,B-,100.0
59,146,87,0,B-,100.0
59,147,88,0,B-,100.0
59,148,89,0,B-,100.0
59,148,89,1,B-,64.0
59,148,89,1,IT,36.0
59,149,90,0,B-,100.0
59,150,91,0,B-,100.0
59,151,92,0,B-,100.0
59,152,93,0,B-,100.0
59,153,94,0,B-,100.0
59,153,94,0,B-n,
59,154,95,0,B-,100.0
59,154,95,0,B-n,
59,155,96,0,B-,100.0
59,155,96,0,B-n,
59,156,97,0,B-,100.0
59,156,97,0,B-n,
59,157,98,0,B-,100.0
59,157,98,0,B-n,
59,158,99,0,B-,100.0
59,158,99,0,B-n,
59,159,100,0,B-,100.0
59,159,100,0,B-n,
59,160,101,0,B-n,
59,160,101,0,B-n,
59,160,101,0,B-,100.0
59,161,102,0,B-n,
59,161,102,0,B-n,
59,161,102,0,B-,100.0
60,125,65,0,ECp,0.0
60,125,65,0,EC+B+,100.0
60,126,66,0,ECp,
60,126,66,0,EC+B+,100.0
60,127,67,0,ECp,
60,127,67,0,EC+B+,100.0
60,128,68,0,ECp,
60,128,68,0,EC+B+,100.0
60,129,69,0,ECp,0.0
60,129,69,0,EC+B+,100.0
60,129,69,1,EC+B+,
60,129,69,1,IT,
60,129,69,1,ECp,
60,130,70,0,EC+B+,100.0
60,131,71,0,ECp,0.0
60,131,71,0,EC+B+,100.0
60,132,72,0,EC+B+,100.0
60,133,73,0,EC+B+,100.0
60,133,73,1,IT,
60,133,73,1,EC+B+,
60,134,74,0,EC+B+,100.0
60,135,75,0,EC+B+,100.0
60,135,75,1,IT,
60,135,75,1,EC+B+,100.0
60,136,76,0,EC+B+,100.0
60,137,77,0,EC+B+,100.0
60,137,77,1,IT,100.0
60,138,78,0,EC+B+,100.0
60,139,79,0,EC+B+,100.0
60,139,79,1,IT,13.0
60,139,79,1,EC+B+,87.0
60,140,80,0,EC,100.0
60,141,81,0,EC+B+,100.0
60,141,81,1,IT,99.95
60,141,81,1,EC+B+,0.05
60,144,84,0,A,100.0
60,147,87,0,B-,100.0
60,149,89,0,B-,100.0
60,150,90,0,2B-,100.0
60,151,91,0,B-,100.0
60,152,92,0,B-,100.0
60,153,93,0,B-,100.0
60,154,94,0,B-,100.0
60,155,95,0,B-,100.0
60,156,96,0,B-,100.0
60,157,97,0,B-,100.0
60,158,98,0,B-,100.0
60,158,98,0,B-n,
60,159,99,0,B-,100.0
60,159,99,0,B-n,
60,160,100,0,B-,100.0
60,160,100,0,B-n,
60,161,101,0,B-,100.0
60,161,101,0,B-n,
60,162,102,0,B-,100.0
60,162,102,0,B-n,
60,163,103,0,B-,100.0
60,163,103,0,B-n,
61,128,67,0,ECp,
61,128,67,0,EC+B+,100.0
61,129,68,0,p,
61,129,68,0,EC+B+,100.0
61,129,68,0,ECp,
61,130,69,0,ECp,
61,130,69,0,EC+B+,100.0
61,131,70,0,EC+B+,100.0
61,132,71,0,ECp,5e-05
61,132,71,0,EC+B+,100.0
61,133,72,0,EC+B+,100.0
61,133,72,1,IT,
61,133,72,1,EC+B+,
61,134,73,0,EC+B+,100.0
61,134,73,1,EC+B+,100.0
61,135,74,0,EC+B+,100.0
61,135,74,1,EC+B+,100.0
61,136,75,0,EC+B+,100.0
61,136,75,1,EC+B+,100.0
61,137,76,0,EC+B+,100.0
61,137,76,1,EC+B+,100.0
61,138,77,0,EC+B+,100.0
61,139,78,0,EC+B+,100.0
61,139,78,1,IT,100.0
61,140,79,0,EC+B+,100.0
61,140,79,1,EC+B+,100.0
61,141,80,0,EC+B+,100.0
61,142,81,0,EC+B+,100.0
61,143,82,0,EC+B+,100.0
61,144,83,0,EC,100.0
61,145,84,0,A = 2.8E-7,
61,145,84,0,EC,100.0
61,146,85,0,B-,34.3
61,146,85,0,EC,65.7
61,147,86,0,B-,100.0
61,148,87,0,B-,100.0
61,148,87,1,B-,95.8
61,148,87,1,IT,4.2
61,149,88,0,B-,100.0
61,150,89,0,B-,100.0
61,151,90,0,B-,100.0
61,152,91,0,B-,100.0
61,152,91,1,B-,100.0
61,152,91,2,B-,100.0
61,152,91,2,IT,0.0
61,153,92,0,B-,100.0
61,154,93,0,B-,100.0
61,154,93,1,B-,100.0
61,155,94,0,B-,100.0
61,156,95,0,B-,100.0
61,156,95,1,B-,2.0
61,156,95,1,IT,98.0
61,157,96,0,B-,100.0
61,158,97,0,B-,100.0
61,159,98,0,B-,100.0
61,159,98,0,B-n,0.6
61,160,99,0,B-,100.0
61,160,99,0,B-n,0.1
61,160,99,1,B-,
61,160,99,1,IT,
61,161,100,0,B-,100.0
61,161,100,0,B-n,1.09
61,162,101,0,B-,100.0
61,162,101,0,B-n,1.79
61,163,102,0,B-,100.0
61,163,102,0,B-n,5.0
61,164,103,0,B-,100.0
61,164,103,0,B-n,6.2
61,165,104,0,B-,100.0
61,165,104,0,B-n,13.3
61,166,105,0,B-n,52.0
61,166,105,0,B-n,
61,166,105,0,B-,100.0
62,129,67,0,ECp,0.0
62,129,67,0,EC+B+,100.0
62,130,68,0,EC+B+,
62,131,69,0,ECp,0.0
62,131,69,0,EC+B+,100.0
62,132,70,0,ECp,
62,132,70,0,EC+B+,100.0
62,133,71,0,ECp,0.0
62,133,71,0,EC+B+,100.0
62,133,71,1,EC+B+,
62,133,71,1,IT,
62,133,71,1,ECp,
62,134,72,0,EC+B+,100.0
62,135,73,0,ECp,0.02
62,135,73,0,EC+B+,100.0
62,136,74,0,EC+B+,100.0
62,137,75,0,EC+B+,100.0
62,138,76,0,EC+B+,100.0
62,139,77,0,EC+B+,100.0
62,139,77,1,IT,93.7
62,139,77,1,EC+B+,6.3
62,140,78,0,EC+B+,100.0
62,141,79,0,EC+B+,100.0
62,141,79,1,IT,0.31
62,141,79,1,EC+B+,99.69
62,142,80,0,EC+B+,100.0
62,143,81,0,EC+B+,100.0
62,143,81,1,IT,99.76
62,143,81,1,EC+B+,0.24
62,145,83,0,EC,100.0
62,146,84,0,A,100.0
62,147,85,0,A,100.0
62,148,86,0,A,100.0
62,151,89,0,B-,100.0
62,153,91,0,B-,100.0
62,155,93,0,B-,100.0
62,156,94,0,B-,100.0
62,157,95,0,B-,100.0
62,158,96,0,B-,100.0
62,159,97,0,B-,100.0
62,160,98,0,B-,100.0
62,161,99,0,B-,100.0
62,162,100,0,B-,100.0
62,163,101,0,B-,100.0
62,163,101,0,B-n,0.1
62,164,102,0,B-,100.0
62,164,102,0,B-n,0.7
62,165,103,0,B-,100.0
62,165,103,0,B-n,1.36
62,166,104,0,B-,100.0
62,166,104,0,B-n,4.4
62,167,105,0,B-,100.0
62,167,105,0,B-n,16.0
62,168,106,0,B-,100.0
62,168,106,0,B-n,21.0
63,130,67,0,p,100.0
63,131,68,0,p,0.0
63,131,68,0,EC+B+,
63,132,69,0,ECp,
63,132,69,0,EC+B+,
63,134,71,0,ECp,0.0
63,134,71,0,EC+B+,100.0
63,135,72,0,ECp,
63,135,72,0,EC+B+,100.0
63,136,73,0,ECp,0.09
63,136,73,0,EC+B+,100.0
63,136,73,1,ECp,0.09
63,136,73,1,EC+B+,100.0
63,137,74,0,EC+B+,100.0
63,138,75,0,EC+B+,100.0
63,139,76,0,EC+B+,100.0
63,140,77,0,EC+B+,100.0
63,140,77,1,IT,99.0
63,140,77,1,EC+B+,1.0
63,141,78,0,EC+B+,100.0
63,141,78,1,IT,
63,141,78,1,EC+B+,
63,142,79,0,EC+B+,100.0
63,142,79,1,EC+B+,100.0
63,143,80,0,EC+B+,100.0
63,144,81,0,EC+B+,100.0
63,145,82,0,EC+B+,100.0
63,146,83,0,EC+B+,100.0
63,147,84,0,A,0.0022
63,147,84,0,EC,99.9978
63,148,85,0,A = 9.4E-7 2.8E-7,
63,148,85,0,EC+B+,100.0
63,149,86,0,EC,100.0
63,150,87,0,EC+B+,100.0
63,150,87,1,B-,89.0
63,150,87,1,EC+B+,11.0
63,151,88,0,A,100.0
63,152,89,0,B-,27.92
63,152,89,0,EC+B+,72.08
63,152,89,1,B-,73.0
63,152,89,1,EC+B+,27.0
63,152,89,2,IT,100.0
63,154,91,0,B-,99.982
63,154,91,0,EC+B+,0.018
63,154,91,1,IT,100.0
63,155,92,0,B-,100.0
63,156,93,0,B-,100.0
63,157,94,0,B-,100.0
63,158,95,0,B-,100.0
63,159,96,0,B-,100.0
63,160,97,0,B-,100.0
63,160,97,1,B-,100.0
63,161,98,0,B-,100.0
63,162,99,0,B-,100.0
63,162,99,1,B-,100.0
63,163,100,0,B-,100.0
63,164,101,0,B-,100.0
63,165,102,0,B-,100.0
63,165,102,0,B-n,0.4
63,166,103,0,B-,100.0
63,166,103,0,B-n,0.63
63,167,104,0,B-,100.0
63,167,104,0,B-n,1.95
63,168,105,0,B-,100.0
63,168,105,0,B-n,3.95
63,169,106,0,B-,100.0
63,169,106,0,B-n,
63,170,107,0,B-,100.0
63,170,107,0,B-n,24.0
64,134,70,0,ECp,
64,134,70,0,EC+B+,
64,135,71,0,ECp,2.0
64,135,71,0,EC+B+,100.0
64,136,72,0,ECp,
64,136,72,0,EC+B+,
64,137,73,0,ECp,2.0
64,137,73,0,EC+B+,100.0
64,138,74,0,ECp,
64,138,74,0,EC+B+,100.0
64,139,75,0,ECp,0.0
64,139,75,0,EC+B+,100.0
64,139,75,1,ECp,0.0
64,139,75,1,EC+B+,100.0
64,140,76,0,EC+B+,100.0
64,141,77,0,ECp,0.03
64,141,77,0,EC+B+,100.0
64,141,77,1,IT,11.0
64,141,77,1,EC+B+,89.0
64,142,78,0,EC+B+,100.0
64,143,79,0,EC+B+,100.0
64,143,79,1,EC+B+,100.0
64,144,80,0,EC+B+,100.0
64,145,81,0,EC+B+,100.0
64,145,81,1,IT,94.3
64,145,81,1,EC+B+,5.7
64,146,82,0,EC+B+,100.0
64,147,83,0,EC+B+,100.0
64,148,84,0,A,100.0
64,149,85,0,A,0.00042
64,149,85,0,EC+B+,100.0
64,150,86,0,A,100.0
64,151,87,0,A ~ 8E-7,
64,151,87,0,EC,100.0
64,152,88,0,A,100.0
64,153,89,0,EC,100.0
64,159,95,0,B-,100.0
64,161,97,0,B-,100.0
64,162,98,0,B-,100.0
64,163,99,0,B-,100.0
64,163,99,1,B-,
64,163,99,1,IT,
64,164,100,0,B-,100.0
64,165,101,0,B-,100.0
64,166,102,0,B-,100.0
64,167,103,0,B-,100.0
64,168,104,0,B-,100.0
64,169,105,0,B-,100.0
64,169,105,0,B-n,0.7
64,170,106,0,B-,100.0
64,170,106,0,B-n,3.0
64,171,107,0,B-,100.0
64,171,107,0,B-n,10.0
64,172,108,0,B-,100.0
64,172,108,0,B-n,50.0
65,135,70,0,p,100.0
65,138,73,0,ECp,
65,138,73,0,EC+B+,
65,139,74,0,ECp,
65,139,74,0,EC+B+,100.0
65,140,75,0,ECp,0.26
65,140,75,0,EC+B+,100.0
65,141,76,0,ECp,
65,141,76,0,EC+B+,100.0
65,142,77,0,ECp,0.0022
65,142,77,0,EC+B+,100.0
65,142,77,1,IT,100.0
65,143,78,0,EC+B+,100.0
65,143,78,1,IT,
65,143,78,1,EC+B+,
65,144,79,0,EC+B+,100.0
65,144,79,1,IT,66.0
65,144,79,1,EC+B+,34.0
65,145,80,0,EC+B+,100.0
65,146,81,0,EC+B+,100.0
65,146,81,1,EC+B+,100.0
65,147,82,0,EC+B+,100.0
65,147,82,1,EC+B+,100.0
65,148,83,0,EC+B+,100.0
65,148,83,1,EC+B+,100.0
65,149,84,0,A,16.7
65,149,84,0,EC+B+,83.3
65,149,84,1,A,0.022
65,149,84,1,EC+B+,99.978
65,150,85,0,EC+B+,100.0
65,150,85,1,IT,
65,150,85,1,EC+B+,100.0
65,151,86,0,A,0.0095
65,151,86,0,EC+B+,99.9905
65,151,86,1,IT,93.4
65,151,86,1,EC+B+,6.6
65,152,87,0,EC+B+,100.0
65,152,87,1,IT,78.9
65,152,87,1,EC+B+,21.1
65,153,88,0,EC+B+,100.0
65,154,89,0,EC+B+,100.0
65,154,89,1,IT,21.8
65,154,89,1,EC+B+,78.2
65,154,89,2,IT,1.8
65,154,89,2,EC+B+,98.2
65,155,90,0,EC,100.0
65,156,91,0,EC+B+,100.0
65,156,91,1,IT,100.0
65,156,91,1,EC+B+,0.0
65,156,91,2,IT,100.0
65,157,92,0,EC,100.0
65,158,93,0,B-,16.6
65,158,93,0,EC+B+,83.4
65,158,93,1,EC+B+,0.01
65,158,93,1,IT,100.0
65,158,93,1,B-,0.6
65,160,95,0,B-,100.0
65,161,96,0,B-,100.0
65,162,97,0,B-,100.0
65,162,97,1,B-,
65,162,97,1,IT,
65,163,98,0,B-,100.0
65,164,99,0,B-,100.0
65,164,99,1,B-,
65,164,99,1,IT,
65,165,100,0,B-,100.0
65,166,101,0,B-,100.0
65,167,102,0,B-,100.0
65,168,103,0,B-,100.0
65,169,104,0,B-,100.0
65,170,105,0,B-,100.0
65,170,105,0,B-n,
65,171,106,0,B-,100.0
65,171,106,0,B-n,
65,172,107,0,B-,100.0
65,172,107,0,B-n,
65,173,108,0,B-,100.0
65,173,108,0,B-n,
65,174,109,0,B-,100.0
65,174,109,0,B-n,
66,139,73,0,ECp,11.0
66,139,73,0,EC+B+,100.0
66,140,74,0,ECp,
66,140,74,0,EC+B+,
66,141,75,0,ECp,
66,141,75,0,EC+B+,100.0
66,142,76,0,ECp,0.06
66,142,76,0,EC+B+,100.0
66,143,77,0,ECp,
66,143,77,0,EC+B+,100.0
66,143,77,1,ECp,
66,143,77,1,EC+B+,100.0
66,144,78,0,ECp,
66,144,78,0,EC+B+,100.0
66,145,79,0,ECp,50.0
66,145,79,0,EC+B+,100.0
66,145,79,1,ECp,50.0
66,145,79,1,EC+B+,100.0
66,146,80,0,EC+B+,100.0
66,146,80,1,IT,100.0
66,147,81,0,ECp,0.05
66,147,81,0,EC+B+,99.95
66,147,81,1,IT,31.1
66,147,81,1,EC+B+,68.9
66,148,82,0,EC+B+,100.0
66,149,83,0,EC+B+,100.0
66,149,83,1,IT,99.3
66,149,83,1,EC+B+,0.7
66,150,84,0,A,37.0
66,150,84,0,EC+B+,63.0
66,151,85,0,A,5.6
66,151,85,0,EC+B+,94.4
66,152,86,0,A,0.1
66,152,86,0,EC+B+,99.9
66,153,87,0,A,0.0094
66,153,87,0,EC+B+,99.9906
66,154,88,0,A,100.0
66,155,89,0,EC+B+,100.0
66,157,91,0,EC+B+,100.0
66,159,93,0,EC,100.0
66,165,99,0,B-,100.0
66,165,99,1,B-,2.24
66,165,99,1,IT,97.76
66,166,100,0,B-,100.0
66,167,101,0,B-,100.0
66,168,102,0,B-,100.0
66,169,103,0,B-,100.0
66,170,104,0,B-,100.0
66,171,105,0,B-,100.0
66,172,106,0,B-,100.0
66,172,106,1,B-,19.0
66,172,106,1,IT,81.0
66,173,107,0,B-,100.0
66,174,108,0,B-,100.0
66,175,109,0,B-,100.0
66,175,109,0,B-n,
66,176,110,0,B-,100.0
66,176,110,0,B-n,
67,140,73,0,p,100.0
67,141,74,0,p,100.0
67,142,75,0,p,0.0
67,142,75,0,EC+B+,100.0
67,142,75,0,ECp,0.0
67,143,76,0,ECp,
67,143,76,0,EC+B+,
67,144,77,0,ECp,
67,144,77,0,EC+B+,100.0
67,145,78,0,ECp,
67,145,78,0,EC+B+,100.0
67,146,79,0,ECp,
67,146,79,0,EC+B+,100.0
67,147,80,0,ECp,
67,147,80,0,EC+B+,100.0
67,148,81,0,ECp,
67,148,81,0,EC+B+,100.0
67,148,81,1,ECp,0.08
67,148,81,1,EC+B+,100.0
67,149,82,0,EC+B+,100.0
67,149,82,1,EC+B+,100.0
67,150,83,0,EC+B+,100.0
67,150,83,1,EC+B+,100.0
67,151,84,0,A,22.0
67,151,84,0,EC+B+,78.0
67,151,84,1,A = 80 +15-20,
67,151,84,1,EC+B+,
67,152,85,0,A,12.0
67,152,85,0,EC+B+,88.0
67,152,85,1,A,10.8
67,152,85,1,EC+B+,89.2
67,153,86,0,A,0.051
67,153,86,0,EC+B+,99.949
67,153,86,1,A,0.18
67,153,86,1,EC+B+,99.82
67,154,87,0,A,0.018
67,154,87,0,EC+B+,99.982
67,154,87,1,A,0.001
67,154,87,1,EC+B+,100.0
67,155,88,0,EC+B+,100.0
67,156,89,0,EC+B+,100.0
67,156,89,1,IT,100.0
67,156,89,2,IT,25.0
67,156,89,2,EC+B+,75.0
67,157,90,0,EC+B+,100.0
67,158,91,0,EC+B+,100.0
67,158,91,1,IT,81.0
67,158,91,1,EC+B+,19.0
67,158,91,2,IT,7.0
67,158,91,2,EC+B+,93.0
67,159,92,0,EC+B+,100.0
67,159,92,1,IT,100.0
67,160,93,0,EC+B+,100.0
67,160,93,1,IT,76.2
67,160,93,1,EC+B+,23.8
67,160,93,2,IT,100.0
67,161,94,0,EC,100.0
67,161,94,1,IT,100.0
67,162,95,0,EC+B+,100.0
67,162,95,1,IT,62.0
67,162,95,1,EC+B+,38.0
67,163,96,0,EC,100.0
67,163,96,1,IT,100.0
67,164,97,0,B-,40.0
67,164,97,0,EC+B+,60.0
67,164,97,1,IT,100.0
67,166,99,0,B-,100.0
67,166,99,1,B-,100.0
67,167,100,0,B-,100.0
67,168,101,0,B-,100.0
67,168,101,1,IT,100.0
67,169,102,0,B-,100.0
67,170,103,0,B-,100.0
67,170,103,1,B-,100.0
67,171,104,0,B-,100.0
67,172,105,0,B-,100.0
67,173,106,0,B-,100.0
67,174,107,0,B-,100.0
67,175,108,0,B-,100.0
67,175,108,0,B-n,
67,176,109,0,B-,100.0
67,176,109,0,B-n,
67,177,110,0,B-,100.0
67,177,110,0,B-n,
67,178,111,0,B-,100.0
67,178,111,0,B-n,
68,143,75,0,ECp,
68,143,75,0,EC+B+,
68,144,76,0,ECp,
68,144,76,0,EC+B+,
68,145,77,0,ECp,
68,145,77,0,EC+B+,100.0
68,145,77,1,ECp,
68,145,77,1,EC+B+,100.0
68,146,78,0,ECp,
68,146,78,0,EC+B+,100.0
68,147,79,0,ECp,0.0
68,147,79,0,EC+B+,100.0
68,147,79,1,ECp,0.0
68,147,79,1,EC+B+,100.0
68,148,80,0,ECp,0.15
68,148,80,0,EC+B+,100.0
68,149,81,0,ECp,7.0
68,149,81,0,EC+B+,100.0
68,149,81,1,EC+B+,96.5
68,149,81,1,IT,3.5
68,149,81,1,ECp,0.18
68,150,82,0,EC+B+,100.0
68,151,83,0,EC+B+,100.0
68,151,83,1,IT,95.3
68,151,83,1,EC+B+,4.7
68,152,84,0,A,90.0
68,152,84,0,EC+B+,10.0
68,153,85,0,A,53.0
68,153,85,0,EC+B+,47.0
68,154,86,0,A,0.47
68,154,86,0,EC+B+,99.53
68,155,87,0,A,0.022
68,155,87,0,EC+B+,99.978
68,156,88,0,A,1.2e-05
68,156,88,0,EC+B+,100.0
68,157,89,0,EC+B+,100.0
68,158,90,0,EC,100.0
68,159,91,0,EC+B+,100.0
68,160,92,0,EC,100.0
68,161,93,0,EC+B+,100.0
68,163,95,0,EC+B+,100.0
68,165,97,0,EC,100.0
68,167,99,1,IT,100.0
68,169,101,0,B-,100.0
68,171,103,0,B-,100.0
68,172,104,0,B-,100.0
68,173,105,0,B-,100.0
68,174,106,0,B-,100.0
68,174,106,1,IT,100.0
68,175,107,0,B-,100.0
68,176,108,0,B-,100.0
68,177,109,0,B-,100.0
68,178,110,0,B-,100.0
68,179,111,0,B-,100.0
68,180,112,0,B-,100.0
68,180,112,0,B-n,
69,144,75,0,p,100.0
69,145,76,0,p,100.0
69,146,77,0,p,100.0
69,146,77,0,EC+B+,
69,146,77,0,ECp,
69,146,77,1,p,100.0
69,146,77,1,EC+B+,
69,146,77,1,ECp,
69,146,77,2,p,100.0
69,146,77,2,EC+B+,
69,146,77,2,ECp,
69,147,78,0,p,15.0
69,147,78,0,EC+B+,85.0
69,148,79,0,ECp,
69,148,79,0,EC+B+,100.0
69,149,80,0,ECp,
69,149,80,0,EC+B+,100.0
69,150,81,0,ECp,
69,150,81,0,EC+B+,100.0
69,151,82,0,EC+B+,100.0
69,151,82,1,EC+B+,100.0
69,152,83,0,EC+B+,100.0
69,152,83,1,EC+B+,100.0
69,153,84,0,A,91.0
69,153,84,0,EC+B+,9.0
69,153,84,1,A,92.0
69,153,84,1,EC+B+,8.0
69,154,85,0,A,54.0
69,154,85,0,EC+B+,46.0
69,154,85,1,EC+B+,42.0
69,154,85,1,A,58.0
69,154,85,1,IT,
69,155,86,0,A,0.83
69,155,86,0,EC+B+,99.17
69,155,86,1,A,
69,155,86,1,EC+B+,100.0
69,156,87,0,A,0.064
69,156,87,0,EC+B+,99.936
69,157,88,0,A,0.00075
69,157,88,0,EC+B+,100.0
69,158,89,0,EC+B+,100.0
69,159,90,0,EC+B+,100.0
69,160,91,0,EC+B+,100.0
69,160,91,1,IT,85.0
69,160,91,1,EC+B+,15.0
69,161,92,0,EC+B+,100.0
69,161,92,1,IT,
69,161,92,1,EC+B+,
69,162,93,0,EC+B+,100.0
69,162,93,1,IT,81.0
69,162,93,1,EC+B+,19.0
69,163,94,0,EC+B+,100.0
69,164,95,0,EC+B+,100.0
69,164,95,1,IT,80.0
69,164,95,1,EC+B+,20.0
69,165,96,0,EC+B+,100.0
69,166,97,0,EC+B+,100.0
69,166,97,1,IT,100.0
69,167,98,0,EC,100.0
69,168,99,0,B-,0.01
69,168,99,0,EC+B+,99.99
69,170,101,0,B-,99.869
69,170,101,0,EC,0.131
69,171,102,0,B-,100.0
69,172,103,0,B-,100.0
69,173,104,0,B-,100.0
69,174,105,0,B-,100.0
69,174,105,1,B-,1.5
69,174,105,1,IT,98.5
69,175,106,0,B-,100.0
69,176,107,0,B-,100.0
69,177,108,0,B-,100.0
69,177,108,1,B-,100.0
69,177,108,1,IT,
69,178,109,0,B-,100.0
69,179,110,0,B-,100.0
69,180,111,0,B-,100.0
69,180,111,0,B-n,
69,181,112,0,B-,100.0
69,181,112,0,B-n,
70,149,79,0,ECp,0.0
70,149,79,0,EC+B+,100.0
70,150,80,0,ECp,
70,150,80,0,EC+B+,100.0
70,151,81,0,ECp,0.0
70,151,81,0,EC+B+,100.0
70,151,81,1,EC+B+,100.0
70,151,81,1,IT,
70,151,81,1,ECp,
70,152,82,0,ECp,
70,152,82,0,EC+B+,100.0
70,153,83,0,A,
70,153,83,0,EC+B+,
70,154,84,0,A,92.6
70,154,84,0,EC+B+,7.4
70,155,85,0,A,89.0
70,155,85,0,EC+B+,11.0
70,156,86,0,A,10.0
70,156,86,0,EC+B+,90.0
70,157,87,0,A,
70,157,87,0,EC+B+,100.0
70,158,88,0,A,0.0021
70,158,88,0,EC+B+,99.9979
70,159,89,0,EC+B+,100.0
70,160,90,0,EC+B+,100.0
70,161,91,0,EC+B+,100.0
70,162,92,0,EC+B+,100.0
70,163,93,0,EC+B+,100.0
70,164,94,0,EC,100.0
70,165,95,0,EC+B+,100.0
70,166,96,0,EC,100.0
70,167,97,0,EC+B+,100.0
70,169,99,0,EC,100.0
70,169,99,1,IT,100.0
70,175,105,0,B-,100.0
70,176,106,1,IT,100.0
70,177,107,0,B-,100.0
70,177,107,1,IT,100.0
70,178,108,0,B-,100.0
70,179,109,0,B-,100.0
70,180,110,0,B-,100.0
70,181,111,0,B-,100.0
70,182,112,0,B-,100.0
70,183,113,0,B-,100.0
70,184,114,0,B-,100.0
70,185,115,0,B-,100.0
71,150,79,0,p,100.0
71,151,80,0,p,0.0
71,151,80,0,EC+B+,0.0
71,152,81,0,ECp,15.0
71,152,81,0,EC+B+,100.0
71,153,82,0,A,
71,153,82,0,EC+B+,
71,154,83,0,EC+B+,
71,154,83,0,A,
71,154,83,0,ECp,
71,154,83,1,EC+B+,100.0
71,154,83,1,A,
71,154,83,1,ECp,
71,155,84,0,A,88.0
71,155,84,0,EC+B+,12.0
71,155,84,1,A,76.0
71,155,84,1,EC+B+,24.0
71,156,85,0,A,100.0
71,156,85,1,A,100.0
71,157,86,0,A,0.0
71,157,86,0,EC+B+,
71,157,86,1,A,6.0
71,157,86,1,EC+B+,94.0
71,158,87,0,A,0.91
71,158,87,0,EC+B+,99.09
71,159,88,0,EC+B+,100.0
71,160,89,0,A,0.0001
71,160,89,0,EC+B+,100.0
71,160,89,1,A,
71,160,89,1,EC+B+,100.0
71,161,90,0,EC+B+,100.0
71,162,91,0,EC+B+,100.0
71,162,91,1,IT,
71,162,91,1,EC+B+,100.0
71,162,91,2,IT,
71,162,91,2,EC+B+,100.0
71,163,92,0,EC+B+,100.0
71,164,93,0,EC+B+,100.0
71,165,94,0,EC+B+,100.0
71,166,95,0,EC+B+,100.0
71,166,95,1,IT,42.0
71,166,95,1,EC+B+,58.0
71,166,95,2,IT,20.0
71,166,95,2,EC+B+,80.0
71,167,96,0,EC+B+,100.0
71,167,96,1,IT,
71,167,96,1,EC+B+,
71,168,97,0,EC+B+,100.0
71,168,97,1,IT,0.4
71,168,97,1,EC+B+,99.6
71,169,98,0,EC+B+,100.0
71,169,98,1,IT,100.0
71,170,99,0,EC+B+,100.0
71,170,99,1,IT,100.0
71,171,100,0,EC+B+,100.0
71,171,100,1,IT,100.0
71,172,101,0,EC+B+,100.0
71,172,101,1,IT,100.0
71,173,102,0,EC,100.0
71,174,103,0,EC+B+,100.0
71,174,103,1,IT,99.38
71,174,103,1,EC,0.62
71,176,105,0,B-,100.0
71,176,105,1,B-,99.905
71,176,105,1,EC,0.095
71,177,106,0,B-,100.0
71,177,106,1,B-,77.3
71,177,106,1,IT,22.7
71,178,107,0,B-,100.0
71,178,107,1,B-,100.0
71,179,108,0,B-,100.0
71,180,109,0,B-,100.0
71,181,110,0,B-,100.0
71,182,111,0,B-,100.0
71,183,112,0,B-,100.0
71,184,113,0,B-,100.0
71,185,114,0,B-,100.0
71,186,115,0,B-,100.0
71,187,116,0,B-,100.0
71,187,116,0,B-n,
71,188,117,0,B-,100.0
71,188,117,0,B-n,
72,153,81,0,ECp,
72,153,81,0,EC+B+,
72,154,82,0,A,0.0
72,154,82,0,EC+B+,100.0
72,155,83,0,EC+B+,100.0
72,156,84,0,A,100.0
72,157,85,0,A,94.0
72,157,85,0,EC+B+,6.0
72,158,86,0,A,44.0
72,158,86,0,EC+B+,56.0
72,159,87,0,A,12.0
72,159,87,0,EC+B+,88.0
72,160,88,0,A,0.7
72,160,88,0,EC+B+,99.3
72,161,89,0,A,0.3
72,161,89,0,EC+B+,99.7
72,162,90,0,A,0.008
72,162,90,0,EC+B+,99.992
72,163,91,0,EC+B+,100.0
72,164,92,0,EC+B+,100.0
72,165,93,0,EC+B+,100.0
72,166,94,0,EC+B+,100.0
72,167,95,0,EC+B+,100.0
72,168,96,0,EC+B+,100.0
72,169,97,0,EC+B+,100.0
72,170,98,0,EC,100.0
72,171,99,0,EC+B+,100.0
72,171,99,1,IT,100.0
72,172,100,0,EC,100.0
72,173,101,0,EC+B+,100.0
72,174,102,0,A,100.0
72,175,103,0,EC,100.0
72,177,105,1,IT,100.0
72,177,105,2,IT,100.0
72,178,106,1,IT,100.0
72,178,106,2,IT,100.0
72,179,107,1,IT,100.0
72,179,107,2,IT,100.0
72,180,108,1,B-,0.31
72,180,108,1,IT,99.69
72,181,109,0,B-,100.0
72,182,110,0,B-,100.0
72,182,110,1,B-,54.0
72,182,110,1,IT,46.0
72,183,111,0,B-,100.0
72,184,112,0,B-,100.0
72,184,112,1,IT,100.0
72,184,112,2,B-,
72,184,112,2,IT,
72,185,113,0,B-,100.0
72,186,114,0,B-,100.0
72,186,114,1,B-,
72,186,114,1,IT,
72,187,115,0,B-,100.0
72,188,116,0,B-,100.0
72,189,117,0,B-,100.0
72,190,118,0,B-,100.0
73,155,82,0,p,100.0
73,156,83,0,p,71.0
73,156,83,0,EC+B+,29.0
73,156,83,1,p,4.2
73,156,83,1,EC+B+,95.8
73,157,84,0,p,3.4
73,157,84,0,A,96.6
73,158,85,0,A,100.0
73,158,85,0,EC+B+,
73,159,86,0,A,34.0
73,159,86,0,EC+B+,66.0
73,159,86,1,A,55.0
73,159,86,1,EC+B+,45.0
73,160,87,0,A,0.0
73,160,87,0,EC+B+,
73,160,87,1,A,0.0
73,160,87,1,EC+B+,
73,161,88,0,A,
73,161,88,0,EC+B+,
73,161,88,1,A,7.0
73,161,88,1,EC+B+,93.0
73,162,89,0,A,0.074
73,162,89,0,EC+B+,99.926
73,163,90,0,EC+B+,100.0
73,164,91,0,EC+B+,100.0
73,165,92,0,EC+B+,100.0
73,166,93,0,EC+B+,100.0
73,167,94,0,EC+B+,100.0
73,168,95,0,EC+B+,100.0
73,169,96,0,EC+B+,100.0
73,170,97,0,EC+B+,100.0
73,171,98,0,EC+B+,100.0
73,172,99,0,EC+B+,100.0
73,173,100,0,EC+B+,100.0
73,174,101,0,EC+B+,100.0
73,175,102,0,EC+B+,100.0
73,176,103,0,EC+B+,100.0
73,177,104,0,EC+B+,100.0
73,178,105,0,EC+B+,100.0
73,178,105,1,IT,100.0
73,178,105,2,EC+B+,100.0
73,179,106,0,EC,100.0
73,180,107,0,B-,15.0
73,180,107,0,EC,85.0
73,182,109,0,B-,100.0
73,182,109,1,IT,100.0
73,182,109,2,IT,100.0
73,183,110,0,B-,100.0
73,184,111,0,B-,100.0
73,185,112,0,B-,100.0
73,186,113,0,B-,100.0
73,186,113,1,B-,
73,186,113,1,IT,
73,186,113,2,IT,100.0
73,187,114,0,B-,100.0
73,187,114,1,B-,40.0
73,187,114,1,IT,60.0
73,187,114,2,B-,100.0
73,188,115,0,B-,100.0
73,188,115,1,B-,
73,188,115,1,IT,
73,189,116,0,B-,100.0
73,190,117,0,B-,100.0
73,191,118,0,B-,100.0
73,192,119,0,B-,100.0
73,193,120,0,B-,100.0
73,193,120,0,B-n,
73,194,121,0,B-,100.0
73,194,121,0,B-n,
74,157,83,0,EC+B+,100.0
74,158,84,0,A,100.0
74,159,85,0,A,100.0
74,160,86,0,A,87.0
74,160,86,0,EC+B+,13.0
74,161,87,0,A,73.0
74,161,87,0,EC+B+,27.0
74,162,88,0,A,46.0
74,162,88,0,EC+B+,54.0
74,163,89,0,A,14.0
74,163,89,0,EC+B+,86.0
74,164,90,0,A,3.8
74,164,90,0,EC+B+,96.2
74,165,91,0,A,0.1
74,165,91,0,EC+B+,99.9
74,166,92,0,A,0.035
74,166,92,0,EC+B+,99.965
74,167,93,0,A,0.04
74,167,93,0,EC+B+,99.96
74,168,94,0,A,0.0032
74,168,94,0,EC+B+,99.9968
74,169,95,0,EC+B+,100.0
74,170,96,0,EC+B+,100.0
74,171,97,0,EC+B+,100.0
74,172,98,0,EC+B+,100.0
74,173,99,0,EC+B+,100.0
74,174,100,0,EC+B+,100.0
74,175,101,0,EC+B+,100.0
74,176,102,0,EC,100.0
74,177,103,0,EC+B+,100.0
74,178,104,0,EC,100.0
74,179,105,0,EC+B+,100.0
74,179,105,1,IT,99.71
74,179,105,1,EC+B+,0.29
74,180,106,0,A,100.0
74,181,107,0,EC,100.0
74,183,109,1,IT,100.0
74,185,111,0,B-,100.0
74,185,111,1,IT,100.0
74,187,113,0,B-,100.0
74,188,114,0,B-,100.0
74,189,115,0,B-,100.0
74,190,116,0,B-,100.0
74,191,117,0,B-,100.0
74,192,118,0,B-,100.0
74,193,119,0,B-,100.0
74,194,120,0,B-,100.0
74,195,121,0,B-,100.0
74,196,122,0,B-,100.0
74,197,123,0,B-,100.0
75,159,84,0,p,
75,159,84,0,A,
75,159,84,1,p,92.5
75,159,84,1,A,7.5
75,160,85,0,p,89.0
75,160,85,0,A,11.0
75,161,86,0,p,99.3
75,161,86,0,A,0.7
75,161,86,1,p,7.0
75,161,86,1,A,93.0
75,162,87,0,A,94.0
75,162,87,0,EC+B+,6.0
75,162,87,1,A,91.0
75,162,87,1,EC+B+,9.0
75,163,88,0,A,32.0
75,163,88,0,EC+B+,68.0
75,163,88,1,A,66.0
75,163,88,1,EC+B+,34.0
75,164,89,0,A,0.0
75,164,89,0,EC+B+,
75,164,89,1,A,3.0
75,164,89,1,EC+B+,97.0
75,165,90,0,A,14.0
75,165,90,0,EC+B+,86.0
75,165,90,1,A,13.0
75,165,90,1,EC+B+,87.0
75,166,91,0,A,24.0
75,166,91,0,EC+B+,76.0
75,167,92,0,A,1.0
75,167,92,0,EC+B+,99.0
75,167,92,1,A,100.0
75,168,93,0,A,0.005
75,168,93,0,EC+B+,99.995
75,169,94,0,A,0.005
75,169,94,0,EC+B+,99.995
75,169,94,1,EC+B+,
75,169,94,1,A,0.2
75,169,94,1,IT,
75,170,95,0,EC+B+,100.0
75,170,95,1,IT,
75,170,95,1,EC+B+,
75,171,96,0,EC+B+,100.0
75,172,97,0,EC+B+,100.0
75,172,97,1,EC+B+,100.0
75,173,98,0,EC+B+,100.0
75,174,99,0,EC+B+,100.0
75,175,100,0,EC+B+,100.0
75,176,101,0,EC+B+,100.0
75,177,102,0,EC+B+,100.0
75,178,103,0,EC+B+,100.0
75,179,104,0,EC+B+,100.0
75,180,105,0,EC+B+,100.0
75,181,106,0,EC+B+,100.0
75,182,107,0,EC+B+,100.0
75,182,107,1,EC+B+,100.0
75,183,108,0,EC,100.0
75,184,109,0,EC+B+,100.0
75,184,109,1,IT,74.5
75,184,109,1,EC,25.5
75,186,111,0,B-,92.53
75,186,111,0,EC,7.47
75,186,111,1,IT,100.0
75,187,112,0,B-,100.0
75,188,113,0,B-,100.0
75,188,113,1,IT,100.0
75,189,114,0,B-,100.0
75,190,115,0,B-,100.0
75,190,115,1,B-,54.4
75,190,115,1,IT,45.6
75,191,116,0,B-,100.0
75,192,117,0,B-,100.0
75,193,118,0,B-,100.0
75,194,119,0,B-,100.0
75,194,119,1,B-,100.0
75,194,119,1,IT,
75,194,119,2,B-,100.0
75,194,119,2,IT,
75,195,120,0,B-,100.0
75,196,121,0,B-,100.0
75,197,122,0,B-,100.0
75,198,123,0,B-,100.0
75,199,124,0,B-,100.0
75,199,124,0,B-n,
76,161,85,0,A,100.0
76,162,86,0,A,100.0
76,163,87,0,A,100.0
76,164,88,0,A = 96 +4-5,
76,164,88,0,EC+B+,
76,165,89,0,A,90.0
76,165,89,0,EC+B+,10.0
76,166,90,0,A,83.0
76,166,90,0,EC+B+,17.0
76,167,91,0,A,51.0
76,167,91,0,EC+B+,49.0
76,168,92,0,A,45.0
76,168,92,0,EC+B+,55.0
76,169,93,0,A,13.7
76,169,93,0,EC+B+,86.3
76,170,94,0,A,9.5
76,170,94,0,EC+B+,90.5
76,171,95,0,A,1.8
76,171,95,0,EC+B+,98.2
76,172,96,0,A,1.2
76,172,96,0,EC+B+,98.8
76,173,97,0,A,0.4
76,173,97,0,EC+B+,99.6
76,174,98,0,A = 0.02 +0.01-0.004,
76,174,98,0,EC+B+,
76,175,99,0,EC+B+,100.0
76,176,100,0,EC+B+,100.0
76,177,101,0,EC+B+,100.0
76,178,102,0,EC+B+,100.0
76,179,103,0,EC+B+,100.0
76,180,104,0,EC+B+,100.0
76,181,105,0,EC+B+,100.0
76,181,105,1,IT,
76,181,105,1,EC+B+,100.0
76,182,106,0,EC,100.0
76,183,107,0,EC+B+,100.0
76,183,107,1,IT,15.0
76,183,107,1,EC+B+,85.0
76,184,108,0,A,100.0
76,185,109,0,EC,100.0
76,186,110,0,A,100.0
76,189,113,1,IT,100.0
76,190,114,1,IT,100.0
76,191,115,0,B-,100.0
76,191,115,1,IT,100.0
76,192,116,1,IT,100.0
76,193,117,0,B-,100.0
76,194,118,0,B-,100.0
76,195,119,0,B-,100.0
76,195,119,1,IT,100.0
76,196,120,0,B-,100.0
76,197,121,0,B-,100.0
76,198,122,0,B-,100.0
76,199,123,0,B-,100.0
76,200,124,0,B-,100.0
76,201,125,0,B-,100.0
76,202,126,0,B-,100.0
76,203,127,0,B-,100.0
76,203,127,0,B-n,
77,164,87,0,p,
77,164,87,0,EC+B+,
77,164,87,0,A,
77,165,88,0,p,
77,165,88,0,A,
77,165,88,1,p,88.0
77,165,88,1,A,12.0
77,166,89,0,p,7.0
77,166,89,0,A,93.0
77,166,89,1,p,1.8
77,166,89,1,A,98.2
77,167,90,0,p,39.0
77,167,90,0,EC+B+,17.0
77,167,90,0,A,44.0
77,167,90,1,p,0.41
77,167,90,1,EC+B+,9.59
77,167,90,1,A,85.0
77,168,91,0,p,
77,168,91,0,EC+B+,
77,168,91,0,A,100.0
77,168,91,1,p,
77,168,91,1,EC+B+,22.0
77,168,91,1,A,78.0
77,169,92,0,A,53.0
77,169,92,0,EC+B+,47.0
77,169,92,1,A,79.0
77,169,92,1,EC+B+,21.0
77,170,93,0,A,5.2
77,170,93,0,EC+B+,94.8
77,170,93,1,EC+B+,62.0
77,170,93,1,A,38.0
77,170,93,1,IT,62.0
77,171,94,0,A,15.0
77,171,94,0,EC+B+,85.0
77,171,94,1,p,46.0
77,171,94,1,EC+B+,46.0
77,171,94,1,A,54.0
77,172,95,0,A,2.0
77,172,95,0,EC+B+,98.0
77,172,95,1,A,9.5
77,172,95,1,EC+B+,90.5
77,173,96,0,A,3.5
77,173,96,0,EC+B+,96.5
77,173,96,1,A,11.0
77,173,96,1,EC+B+,89.0
77,174,97,0,A,0.5
77,174,97,0,EC,99.5
77,174,97,1,A,2.5
77,174,97,1,EC,97.5
77,175,98,0,A,0.85
77,175,98,0,EC+B+,99.15
77,175,98,1,IT,
77,175,98,1,EC+B+,
77,176,99,0,A,3.1
77,176,99,0,EC+B+,96.9
77,177,100,0,A,0.06
77,177,100,0,EC+B+,99.94
77,178,101,0,EC+B+,100.0
77,179,102,0,EC+B+,100.0
77,180,103,0,EC+B+,100.0
77,181,104,0,EC+B+,100.0
77,182,105,0,EC+B+,100.0
77,183,106,0,EC+B+,100.0
77,184,107,0,EC+B+,100.0
77,185,108,0,EC+B+,100.0
77,186,109,0,EC+B+,100.0
77,186,109,1,IT,25.0
77,186,109,1,EC+B+,75.0
77,187,110,0,EC+B+,100.0
77,187,110,1,IT,100.0
77,188,111,0,EC+B+,100.0
77,189,112,0,EC,100.0
77,190,113,0,EC+B+,100.0
77,190,113,1,IT,100.0
77,190,113,2,IT,8.6
77,190,113,2,EC+B+,91.4
77,191,114,1,IT,100.0
77,191,114,2,IT,100.0
77,192,115,0,B-,95.24
77,192,115,0,EC,4.76
77,192,115,1,B-,0.0175
77,192,115,1,IT,99.9825
77,192,115,2,IT,100.0
77,193,116,1,IT,100.0
77,194,117,0,B-,100.0
77,194,117,1,B-,100.0
77,195,118,0,B-,100.0
77,195,118,1,B-,95.0
77,195,118,1,IT,5.0
77,196,119,0,B-,100.0
77,196,119,1,B-,100.0
77,196,119,1,IT,0.3
77,197,120,0,B-,100.0
77,197,120,1,B-,99.75
77,197,120,1,IT,0.25
77,198,121,0,B-,100.0
77,199,122,0,B-,100.0
77,200,123,0,B-,100.0
77,201,124,0,B-,100.0
77,202,125,0,B-,100.0
77,203,126,0,B-,100.0
77,204,127,0,B-,100.0
77,204,127,0,B-n,
77,205,128,0,B-,100.0
77,205,128,0,B-n,
78,165,87,0,A,100.0
78,166,88,0,A,100.0
78,167,89,0,A,100.0
78,168,90,0,A,100.0
78,169,91,0,A,100.0
78,170,92,0,A,100.0
78,171,93,0,A,90.0
78,171,93,0,EC+B+,10.0
78,172,94,0,A,97.0
78,172,94,0,EC+B+,3.0
78,173,95,0,A,84.0
78,173,95,0,EC+B+,16.0
78,174,96,0,A,75.0
78,174,96,0,EC+B+,25.0
78,175,97,0,A,64.0
78,175,97,0,EC+B+,36.0
78,176,98,0,A,40.0
78,176,98,0,EC+B+,60.0
78,177,99,0,A,5.7
78,177,99,0,EC+B+,94.3
78,178,100,0,A,7.7
78,178,100,0,EC+B+,92.3
78,179,101,0,A,0.24
78,179,101,0,EC+B+,99.76
78,180,102,0,A,0.52
78,180,102,0,EC+B+,99.48
78,181,103,0,A,0.074
78,181,103,0,EC+B+,99.926
78,182,104,0,A,0.038
78,182,104,0,EC+B+,99.962
78,183,105,0,A,0.0096
78,183,105,0,EC+B+,99.9904
78,183,105,1,IT,3.1
78,183,105,1,EC+B+,96.9
78,184,106,0,A,0.0017
78,184,106,0,EC+B+,99.9983
78,185,107,0,A,0.005
78,185,107,0,EC+B+,99.995
78,185,107,1,IT,1.0
78,185,107,1,EC+B+,99.0
78,186,108,0,A,0.00014
78,186,108,0,EC+B+,99.99986
78,187,109,0,EC+B+,100.0
78,188,110,0,A,2.6e-05
78,188,110,0,EC+B+,99.999974
78,189,111,0,EC+B+,100.0
78,190,112,0,A,100.0
78,191,113,0,EC+B+,100.0
78,193,115,0,EC+B+,100.0
78,193,115,1,IT,100.0
78,195,117,1,IT,100.0
78,197,119,0,B-,100.0
78,197,119,1,B-,3.3
78,197,119,1,IT,96.7
78,199,121,0,B-,100.0
78,199,121,1,IT,100.0
78,200,122,0,B-,100.0
78,201,123,0,B-,100.0
78,202,124,0,B-,100.0
78,203,125,0,B-,100.0
78,203,125,1,B-,100.0
78,203,125,1,IT,
78,204,126,0,B-,100.0
78,205,127,0,B-,100.0
78,206,128,0,B-,100.0
78,206,128,0,B-n,
78,207,129,0,B-,100.0
78,207,129,0,B-n,
78,208,130,0,B-,100.0
78,208,130,0,B-n,
79,170,91,0,p,89.0
79,170,91,0,A,11.0
79,170,91,1,p,58.0
79,170,91,1,A,42.0
79,171,92,0,p,100.0
79,171,92,1,p,40.0
79,171,92,1,A,60.0
79,172,93,0,p,
79,172,93,0,EC+B+,
79,172,93,0,A,100.0
79,172,93,1,p,0.02
79,172,93,1,EC+B+,
79,172,93,1,A,100.0
79,173,94,0,p,
79,173,94,0,EC+B+,
79,173,94,0,A = 94 +6-19,
79,173,94,1,p,
79,173,94,1,EC+B+,
79,173,94,1,A = 92 +8-13,
79,174,95,0,A,90.0
79,174,95,0,EC+B+,10.0
79,174,95,1,A,0.0
79,174,95,1,EC+B+,
79,175,96,0,A,90.0
79,175,96,0,EC+B+,10.0
79,175,96,1,A,90.0
79,175,96,1,EC+B+,10.0
79,176,97,0,A,58.0
79,176,97,0,EC+B+,42.0
79,176,97,1,A,29.0
79,176,97,1,EC+B+,71.0
79,177,98,0,A,52.0
79,177,98,0,EC+B+,48.0
79,177,98,1,A,58.0
79,177,98,1,EC+B+,42.0
79,178,99,0,A,16.0
79,178,99,0,EC+B+,84.0
79,178,99,1,A,18.0
79,178,99,1,EC+B+,82.0
79,179,100,0,A,22.0
79,179,100,0,EC+B+,78.0
79,180,101,0,A,0.58
79,180,101,0,EC+B+,99.42
79,181,102,0,A,2.7
79,181,102,0,EC+B+,97.3
79,182,103,0,A,0.13
79,182,103,0,EC+B+,99.87
79,183,104,0,A,0.55
79,183,104,0,EC+B+,99.45
79,184,105,0,A,0.016
79,184,105,0,EC+B+,100.0
79,184,105,1,EC+B+,70.0
79,184,105,1,A,0.016
79,184,105,1,IT,30.0
79,185,106,0,A,0.26
79,185,106,0,EC+B+,99.74
79,185,106,1,IT,
79,185,106,1,EC+B+,100.0
79,186,107,0,A,0.0008
79,186,107,0,EC+B+,99.9992
79,187,108,0,A,
79,187,108,0,EC+B+,100.0
79,187,108,1,IT,100.0
79,188,109,0,EC+B+,100.0
79,189,110,0,EC+B+,100.0
79,189,110,1,IT,
79,189,110,1,EC+B+,100.0
79,190,111,0,EC+B+,100.0
79,190,111,1,IT,100.0
79,191,112,0,EC+B+,100.0
79,191,112,1,IT,100.0
79,192,113,0,EC+B+,100.0
79,192,113,1,IT,100.0
79,193,114,0,EC+B+,100.0
79,193,114,1,IT,99.97
79,193,114,1,EC+B+,0.03
79,194,115,0,EC+B+,100.0
79,194,115,1,IT,100.0
79,194,115,2,IT,100.0
79,195,116,0,EC,100.0
79,195,116,1,IT,100.0
79,196,117,0,B-,7.0
79,196,117,0,EC+B+,93.0
79,196,117,1,IT,100.0
79,196,117,2,IT,100.0
79,197,118,1,IT,100.0
79,198,119,0,B-,100.0
79,198,119,1,IT,100.0
79,199,120,0,B-,100.0
79,200,121,0,B-,100.0
79,200,121,1,B-,84.0
79,200,121,1,IT,16.0
79,201,122,0,B-,100.0
79,202,123,0,B-,100.0
79,203,124,0,B-,100.0
79,204,125,0,B-,100.0
79,205,126,0,B-,100.0
79,205,126,1,B-,0.0
79,205,126,1,IT,100.0
79,206,127,0,B-,100.0
79,207,128,0,B-,100.0
79,207,128,0,B-n,
79,208,129,0,B-,100.0
79,208,129,0,B-n,
79,209,130,0,B-,100.0
79,209,130,0,B-n,
79,210,131,0,B-,100.0
79,210,131,0,B-n,
80,170,90,0,A,100.0
80,171,91,0,A,100.0
80,172,92,0,A,100.0
80,173,93,0,A,100.0
80,174,94,0,A,100.0
80,175,95,0,A,100.0
80,176,96,0,A = 94 +6-12,
80,176,96,0,EC+B+,
80,177,97,0,A,100.0
80,178,98,0,A,89.0
80,178,98,0,EC+B+,11.0
80,179,99,0,EC+B+,25.0
80,179,99,0,A,75.0
80,179,99,0,ECp,0.21
80,180,100,0,A,48.0
80,180,100,0,EC+B+,52.0
80,181,101,0,EC+B+,76.0
80,181,101,0,A,24.0
80,181,101,0,ECp,0.012
80,181,101,0,EC,9e-06
80,182,102,0,A,14.3
80,182,102,0,EC+B+,86.2
80,183,103,0,EC+B+,76.4
80,183,103,0,A,23.5
80,183,103,0,ECp,0.00026
80,184,104,0,A,1.11
80,184,104,0,EC+B+,98.89
80,185,105,0,A,6.0
80,185,105,0,EC+B+,94.0
80,185,105,1,EC+B+,42.0
80,185,105,1,A,0.03
80,185,105,1,IT,58.0
80,186,106,0,A,0.016
80,186,106,0,EC+B+,99.984
80,187,107,0,EC+B+,100.0
80,187,107,1,EC+B+,100.0
80,188,108,0,A,3.7e-05
80,188,108,0,EC+B+,99.999963
80,189,109,0,EC+B+,100.0
80,189,109,1,EC+B+,100.0
80,190,110,0,EC+B+,100.0
80,191,111,0,EC+B+,100.0
80,191,111,1,EC+B+,100.0
80,192,112,0,EC,100.0
80,193,113,0,EC+B+,100.0
80,193,113,1,IT,7.2
80,193,113,1,EC+B+,92.8
80,194,114,0,EC,100.0
80,195,115,0,EC+B+,100.0
80,195,115,1,IT,54.2
80,195,115,1,EC+B+,45.8
80,197,117,0,EC+B+,100.0
80,197,117,1,IT,94.68
80,197,117,1,EC+B+,5.32
80,199,119,1,IT,100.0
80,203,123,0,B-,100.0
80,205,125,0,B-,100.0
80,206,126,0,B-,100.0
80,207,127,0,B-,100.0
80,208,128,0,B-,100.0
80,209,129,0,B-,100.0
80,210,130,0,B-,100.0
80,210,130,0,B-n,2.2
80,211,131,0,B-,100.0
80,211,131,0,B-n,6.3
80,212,132,0,B-,100.0
80,212,132,0,B-n,
80,213,133,0,B-,100.0
80,213,133,0,B-n,
80,214,134,0,B-,100.0
80,214,134,0,B-n,
80,215,135,0,B-,100.0
80,215,135,0,B-n,
80,216,136,0,B-,100.0
80,216,136,0,B-n,
81,176,95,0,p,100.0
81,177,96,0,p,27.0
81,177,96,0,A,100.0
81,178,97,0,EC,0.15
81,178,97,0,EC+B+,38.0
81,178,97,0,A,62.0
81,179,98,0,A,60.0
81,179,98,0,EC+B+,40.0
81,180,99,0,EC,0.0032
81,180,99,0,EC+B+,94.0
81,180,99,0,A,6.0
81,181,100,0,A,8.6
81,181,100,0,EC+B+,91.4
81,182,101,0,A,0.5
81,182,101,0,EC+B+,99.5
81,182,101,1,A,2.5
81,182,101,1,EC+B+,97.5
81,183,102,0,A,
81,183,102,0,EC+B+,0.0
81,184,103,0,A,1.22
81,184,103,0,EC+B+,98.78
81,184,103,1,A,0.47
81,184,103,1,EC+B+,99.53
81,184,103,2,IT,99.911
81,184,103,2,A,0.089
81,185,104,0,EC+B+,100.0
81,185,104,1,IT,100.0
81,186,105,0,A,0.0
81,186,105,0,EC+B+,
81,186,105,1,A,0.006
81,186,105,1,EC+B+,99.994
81,186,105,2,IT,94.1
81,186,105,2,EC+B+,5.9
81,187,106,0,EC+B+,100.0
81,187,106,1,EC+B+,
81,187,106,1,A,0.15
81,187,106,1,IT,
81,188,107,0,EC+B+,100.0
81,188,107,1,EC+B+,100.0
81,189,108,0,EC+B+,100.0
81,189,108,1,IT,4.0
81,189,108,1,EC+B+,96.0
81,190,109,0,EC+B+,100.0
81,190,109,1,EC+B+,100.0
81,191,110,0,EC+B+,
81,191,110,1,EC+B+,100.0
81,192,111,0,EC+B+,100.0
81,192,111,1,EC+B+,100.0
81,193,112,0,EC+B+,100.0
81,193,112,1,IT,75.0
81,193,112,1,EC+B+,25.0
81,194,113,0,EC+B+,100.0
81,194,113,1,EC+B+,100.0
81,195,114,0,EC+B+,100.0
81,195,114,1,IT,100.0
81,196,115,0,EC+B+,100.0
81,196,115,1,IT,3.8
81,196,115,1,EC+B+,96.2
81,197,116,0,EC+B+,100.0
81,197,116,1,IT,100.0
81,198,117,0,EC+B+,100.0
81,198,117,1,IT,44.1
81,198,117,1,EC+B+,55.9
81,199,118,0,EC+B+,100.0
81,200,119,0,EC+B+,100.0
81,201,120,0,EC,100.0
81,202,121,0,EC,100.0
81,204,123,0,B-,97.08
81,204,123,0,EC+B+,2.92
81,206,125,0,B-,100.0
81,206,125,1,IT,100.0
81,207,126,0,B-,100.0
81,207,126,1,IT,100.0
81,208,127,0,B-,100.0
81,209,128,0,B-,100.0
81,210,129,0,B-,100.0
81,210,129,0,B-n,
81,211,130,0,B-,100.0
81,211,130,0,B-n,2.2
81,212,131,0,B-,100.0
81,212,131,0,B-n,1.8
81,213,132,0,B-,100.0
81,213,132,0,B-n,7.6
81,214,133,0,B-,100.0
81,214,133,0,B-n,34.0
81,215,134,0,B-,100.0
81,215,134,0,B-n,4.6
81,216,135,0,B-,100.0
81,216,135,0,B-n,11.5
81,217,136,0,B-,100.0
81,217,136,0,B-n,
82,178,96,0,A,100.0
82,179,97,0,A,100.0
82,180,98,0,A,100.0
82,181,99,0,A,100.0
82,182,100,0,A,100.0
82,183,101,0,A,100.0
82,183,101,1,IT,
82,183,101,1,A,100.0
82,184,102,0,A,80.0
82,184,102,0,EC+B+,20.0
82,185,103,0,A,34.0
82,185,103,0,EC+B+,66.0
82,185,103,1,A,50.0
82,185,103,1,EC+B+,50.0
82,186,104,0,A,40.0
82,186,104,0,EC+B+,60.0
82,187,105,0,A,9.5
82,187,105,0,EC+B+,90.5
82,187,105,1,A,12.0
82,187,105,1,EC+B+,88.0
82,188,106,0,A,8.5
82,188,106,0,EC+B+,91.5
82,189,107,0,A,0.4
82,189,107,0,EC+B+,100.0
82,189,107,1,A,0.4
82,189,107,1,EC+B+,99.6
82,190,108,0,A,0.4
82,190,108,0,EC+B+,99.6
82,191,109,0,A,0.051
82,191,109,0,EC+B+,99.949
82,191,109,1,EC+B+,100.0
82,192,110,0,A,0.0059
82,192,110,0,EC+B+,99.9941
82,193,111,0,EC+B+,
82,193,111,1,EC+B+,100.0
82,194,112,0,A,7.3e-06
82,194,112,0,EC+B+,100.0
82,195,113,0,EC+B+,100.0
82,195,113,1,EC+B+,100.0
82,196,114,0,A,3e-05
82,196,114,0,EC+B+,100.0
82,197,115,0,EC+B+,100.0
82,197,115,1,IT,19.0
82,197,115,1,EC+B+,81.0
82,198,116,0,EC+B+,100.0
82,199,117,0,EC+B+,100.0
82,199,117,1,IT,93.0
82,199,117,1,EC+B+,7.0
82,200,118,0,EC,100.0
82,201,119,0,EC+B+,100.0
82,201,119,1,IT,100.0
82,202,120,0,EC,100.0
82,202,120,1,IT,90.5
82,202,120,1,EC+B+,9.5
82,203,121,0,EC,100.0
82,203,121,1,IT,100.0
82,203,121,2,IT,100.0
82,204,122,1,IT,100.0
82,205,123,0,EC,100.0
82,207,125,1,IT,100.0
82,209,127,0,B-,100.0
82,210,128,0,B-,100.0
82,210,128,0,A = 0.0000019 4E-7,
82,211,129,0,B-,100.0
82,212,130,0,B-,100.0
82,213,131,0,B-,100.0
82,214,132,0,B-,100.0
82,215,133,0,B-,100.0
82,216,134,0,B-,100.0
82,217,135,0,B-,100.0
82,218,136,0,B-,100.0
82,219,137,0,B-,100.0
82,220,138,0,B-,100.0
83,184,101,0,A,100.0
83,185,102,0,p,92.0
83,185,102,0,A,8.0
83,186,103,0,EC,0.02
83,186,103,0,EC+B+,
83,186,103,0,A,100.0
83,187,104,0,A,100.0
83,188,105,0,EC,0.14
83,188,105,0,A,100.0
83,188,105,1,EC,0.46
83,188,105,1,A,100.0
83,189,106,0,A,100.0
83,190,107,0,EC,
83,190,107,0,EC+B+,
83,190,107,0,A = 90 +10-30,
83,190,107,1,EC,
83,190,107,1,EC+B+,30.0
83,190,107,1,A,70.0
83,191,108,0,A,51.0
83,191,108,0,EC+B+,49.0
83,191,108,1,EC+B+,
83,191,108,1,A,68.0
83,191,108,1,IT,32.0
83,192,109,0,A,12.0
83,192,109,0,EC+B+,88.0
83,192,109,1,A,10.0
83,192,109,1,EC+B+,90.0
83,193,110,0,A,3.5
83,193,110,0,EC+B+,96.5
83,193,110,1,A = 90 +10-20,
83,193,110,1,EC+B+,
83,194,111,0,A,0.46
83,194,111,0,EC+B+,99.54
83,194,111,1,EC+B+,100.0
83,194,111,2,A,0.2
83,194,111,2,EC+B+,99.8
83,195,112,0,A,0.03
83,195,112,0,EC+B+,99.97
83,195,112,1,A,33.0
83,195,112,1,EC+B+,67.0
83,196,113,0,A,0.00115
83,196,113,0,EC+B+,99.99885
83,196,113,1,IT,
83,196,113,1,EC+B+,
83,196,113,2,EC+B+,74.2
83,196,113,2,A,0.00034
83,196,113,2,IT,25.8
83,197,114,0,A,
83,197,114,0,EC+B+,100.0
83,197,114,1,EC+B+,45.0
83,197,114,1,A,55.0
83,197,114,1,IT,
83,198,115,0,EC+B+,100.0
83,198,115,1,EC+B+,100.0
83,198,115,2,IT,100.0
83,199,116,0,EC+B+,100.0
83,199,116,1,EC+B+,98.0
83,199,116,1,A,0.01
83,199,116,1,IT,2.0
83,200,117,0,EC+B+,100.0
83,200,117,1,IT,
83,200,117,1,EC+B+,100.0
83,200,117,2,IT,100.0
83,201,118,0,EC+B+,100.0
83,201,118,1,EC+B+,91.4
83,201,118,1,A,
83,201,118,1,IT,8.6
83,202,119,0,EC+B+,100.0
83,203,120,0,EC+B+,100.0
83,203,120,1,IT,100.0
83,204,121,0,EC+B+,100.0
83,205,122,0,EC+B+,100.0
83,206,123,0,EC+B+,100.0
83,207,124,0,EC+B+,100.0
83,208,125,0,EC+B+,100.0
83,209,126,0,A,100.0
83,210,127,0,B-,99.999868
83,210,127,0,A,0.000132
83,210,127,1,A,100.0
83,211,128,0,B-,0.276
83,211,128,0,A,99.724
83,212,129,0,B-,64.06
83,212,129,0,A,35.92
83,212,129,1,B-a,30.0
83,212,129,1,A,67.0
83,212,129,1,B-,33.0
83,212,129,2,B-,25.0
83,212,129,2,IT,75.0
83,213,130,0,B-,97.872
83,213,130,0,A,2.128
83,214,131,0,B-,99.979
83,214,131,0,A,0.021
83,214,131,1,B-,100.0
83,214,131,1,IT,
83,215,132,0,B-,100.0
83,215,132,1,B-,23.1
83,215,132,1,IT,76.9
83,216,133,0,B-,100.0
83,216,133,1,B-,100.0
83,217,134,0,B-,100.0
83,218,135,0,B-,100.0
83,219,136,0,B-,100.0
83,220,137,0,B-,100.0
83,221,138,0,B-,100.0
83,221,138,0,B-n,
83,222,139,0,B-,100.0
83,222,139,0,B-n,
83,223,140,0,B-,100.0
83,223,140,0,B-n,
83,224,141,0,B-,100.0
83,224,141,0,B-n,
84,186,102,0,A,100.0
84,187,103,0,A,100.0
84,188,104,0,A,100.0
84,189,105,0,A,100.0
84,190,106,0,A,100.0
84,191,107,0,A,100.0
84,191,107,0,EC+B+,
84,192,108,0,A,100.0
84,193,109,0,A,100.0
84,193,109,1,A,100.0
84,194,110,0,A,93.0
84,194,110,0,EC+B+,7.0
84,195,111,0,A,94.0
84,195,111,0,EC+B+,6.0
84,195,111,1,A,100.0
84,196,112,0,A,94.0
84,196,112,0,EC+B+,6.0
84,197,113,0,A,44.0
84,197,113,0,EC+B+,56.0
84,197,113,1,EC+B+,16.0
84,197,113,1,A,84.0
84,197,113,1,IT,
84,198,114,0,A,57.0
84,198,114,0,EC+B+,43.0
84,199,115,0,A,7.5
84,199,115,0,EC+B+,92.5
84,199,115,1,EC+B+,73.5
84,199,115,1,A,24.0
84,199,115,1,IT,2.5
84,200,116,0,A,11.3
84,200,116,0,EC+B+,88.7
84,201,117,0,A,1.13
84,201,117,0,EC+B+,98.87
84,201,117,1,EC+B+,41.4
84,201,117,1,A,2.4
84,201,117,1,IT,56.2
84,202,118,0,A,1.92
84,202,118,0,EC+B+,98.08
84,203,119,0,A,0.11
84,203,119,0,EC+B+,99.89
84,203,119,1,IT,100.0
84,204,120,0,A,0.673
84,204,120,0,EC+B+,99.328
84,205,121,0,A,0.04
84,205,121,0,EC+B+,99.96
84,206,122,0,A,5.45
84,206,122,0,EC+B+,94.55
84,207,123,0,A,0.021
84,207,123,0,EC+B+,99.979
84,207,123,1,IT,100.0
84,208,124,0,A,99.996
84,208,124,0,EC+B+,0.004
84,209,125,0,A,99.545
84,209,125,0,EC+B+,0.455
84,210,126,0,A,100.0
84,211,127,0,A,100.0
84,211,127,1,IT,0.016
84,211,127,1,A,99.984
84,212,128,0,A,100.0
84,212,128,1,IT,0.07
84,212,128,1,A,99.93
84,213,129,0,A,100.0
84,214,130,0,A,100.0
84,215,131,0,B-,0.00023
84,215,131,0,A,99.99977
84,216,132,0,A,100.0
84,217,133,0,B-,2.5
84,217,133,0,A,97.5
84,218,134,0,B-,0.022
84,218,134,0,A,99.978
84,219,135,0,B-,71.8
84,219,135,0,A,28.2
84,220,136,0,B-,100.0
84,221,137,0,B-,100.0
84,222,138,0,B-,100.0
84,223,139,0,B-,100.0
84,224,140,0,B-,100.0
84,225,141,0,B-,100.0
84,226,142,0,B-,100.0
84,227,143,0,B-,100.0
85,191,106,0,A,100.0
85,192,107,0,EC,0.5
85,192,107,0,A,100.0
85,192,107,1,EC,0.5
85,192,107,1,A,100.0
85,193,108,0,A,100.0
85,194,109,0,EC+B+,
85,194,109,0,EC,0.8
85,194,109,0,A,100.0
85,194,109,0,IT,
85,194,109,1,EC,0.8
85,194,109,1,EC+B+,
85,194,109,1,A,100.0
85,195,110,0,A,100.0
85,195,110,1,IT,12.0
85,195,110,1,A,88.0
85,196,111,0,EC,0.009
85,196,111,0,EC+B+,2.5
85,196,111,0,A,97.5
85,197,112,0,A,96.1
85,197,112,0,EC+B+,3.9
85,197,112,1,EC+B+,
85,197,112,1,A,100.0
85,197,112,1,IT,
85,198,113,0,A,90.0
85,198,113,0,EC+B+,10.0
85,198,113,1,A,84.0
85,198,113,1,EC+B+,16.0
85,199,114,0,A = 92 +3-8,
85,199,114,0,EC+B+,
85,199,114,1,IT,99.0
85,199,114,1,A,1.0
85,200,115,0,A,53.0
85,200,115,0,EC+B+,47.0
85,200,115,1,A,43.0
85,200,115,1,EC+B+,57.0
85,200,115,2,EC+B+,
85,200,115,2,A,10.5
85,200,115,2,IT,89.5
85,201,116,0,A,71.0
85,201,116,0,EC+B+,29.0
85,202,117,0,A,12.0
85,202,117,0,EC+B+,88.0
85,202,117,1,A,8.6
85,202,117,1,EC+B+,91.4
85,202,117,2,IT,99.904
85,202,117,2,A,0.096
85,203,118,0,A,31.0
85,203,118,0,EC+B+,69.0
85,204,119,0,A,3.9
85,204,119,0,EC+B+,96.1
85,204,119,1,IT,100.0
85,205,120,0,A,10.0
85,205,120,0,EC+B+,90.0
85,206,121,0,A,0.9
85,206,121,0,EC+B+,99.1
85,207,122,0,A,10.0
85,207,122,0,EC+B+,90.0
85,208,123,0,A,0.55
85,208,123,0,EC+B+,99.45
85,209,124,0,A,4.1
85,209,124,0,EC+B+,95.9
85,210,125,0,A,0.175
85,210,125,0,EC+B+,99.825
85,211,126,0,A,41.78
85,211,126,0,EC,58.22
85,212,127,0,A,100.0
85,212,127,1,IT,0.5
85,212,127,1,A,99.5
85,213,128,0,A,100.0
85,214,129,0,A,100.0
85,215,130,0,A,100.0
85,216,131,0,A,100.0
85,217,132,0,B-,0.007
85,217,132,0,A,99.993
85,218,133,0,B-,0.05
85,218,133,0,A,99.95
85,219,134,0,B-,6.4
85,219,134,0,A,93.6
85,220,135,0,B-,92.0
85,220,135,0,A,8.0
85,221,136,0,B-,100.0
85,222,137,0,B-,100.0
85,223,138,0,B-,100.0
85,224,139,0,B-,100.0
85,225,140,0,B-,100.0
85,226,141,0,B-,100.0
85,227,142,0,B-,100.0
85,227,142,0,B-n,
85,228,143,0,B-,100.0
85,228,143,0,B-n,
85,229,144,0,B-,100.0
85,229,144,0,B-n,
86,193,107,0,A,100.0
86,194,108,0,A,100.0
86,195,109,0,A,100.0
86,196,110,0,A,100.0
86,196,110,0,EC+B+,
86,197,111,0,A,100.0
86,198,112,0,A,90.0
86,198,112,0,EC+B+,10.0
86,199,113,0,A,100.0
86,199,113,1,A,100.0
86,200,114,0,A = 86 +14-4,
86,200,114,0,EC+B+,
86,201,115,0,A,0.0
86,201,115,0,EC+B+,
86,201,115,1,A,0.0
86,201,115,1,EC+B+,
86,202,116,0,A,78.0
86,202,116,0,EC+B+,22.0
86,203,117,0,A,66.0
86,203,117,0,EC+B+,34.0
86,203,117,1,A,75.0
86,203,117,1,EC+B+,25.0
86,204,118,0,A,72.0
86,204,118,0,EC+B+,28.0
86,205,119,0,A,25.0
86,205,119,0,EC+B+,75.0
86,206,120,0,A,62.0
86,206,120,0,EC+B+,38.0
86,207,121,0,A,21.0
86,207,121,0,EC+B+,79.0
86,208,122,0,A,62.0
86,208,122,0,EC+B+,38.0
86,209,123,0,A,17.0
86,209,123,0,EC+B+,83.0
86,210,124,0,A,96.0
86,210,124,0,EC+B+,4.0
86,211,125,0,A,27.4
86,211,125,0,EC,72.6
86,212,126,0,A,100.0
86,213,127,0,A,100.0
86,214,128,0,A,100.0
86,215,129,0,A,100.0
86,216,130,0,A,100.0
86,217,131,0,A,100.0
86,218,132,0,A,100.0
86,219,133,0,A,100.0
86,220,134,0,A,100.0
86,221,135,0,B-,80.0
86,221,135,0,A,20.0
86,222,136,0,A,100.0
86,223,137,0,B-,100.0
86,224,138,0,B-,100.0
86,225,139,0,B-,100.0
86,226,140,0,B-,100.0
86,227,141,0,B-,100.0
86,228,142,0,B-,100.0
86,229,143,0,B-,100.0
86,230,144,0,B-,100.0
86,231,145,0,B-,100.0
87,197,110,0,A,100.0
87,198,111,0,A,100.0
87,198,111,1,A,100.0
87,199,112,0,A,100.0
87,200,113,0,EC,1.4
87,200,113,0,A,100.0
87,201,114,0,A,100.0
87,201,114,1,A,100.0
87,202,115,0,A,100.0
87,202,115,1,A,100.0
87,203,116,0,A,100.0
87,203,116,1,IT,80.0
87,203,116,1,A,20.0
87,204,117,0,A,92.0
87,204,117,0,EC+B+,8.0
87,204,117,1,A,90.0
87,204,117,1,EC+B+,10.0
87,204,117,2,A,66.0
87,204,117,2,EC+B+,34.0
87,205,118,0,A,98.5
87,205,118,0,EC+B+,1.5
87,206,119,0,A,88.4
87,206,119,0,EC+B+,11.6
87,206,119,1,A,84.7
87,206,119,1,EC+B+,15.3
87,206,119,2,IT,87.0
87,206,119,2,A,13.0
87,207,120,0,A,95.0
87,207,120,0,EC+B+,5.0
87,208,121,0,A,89.0
87,208,121,0,EC+B+,11.0
87,209,122,0,A,89.0
87,209,122,0,EC+B+,11.0
87,210,123,0,A,71.0
87,210,123,0,EC+B+,29.0
87,211,124,0,A,87.0
87,211,124,0,EC,13.0
87,212,125,0,A,43.0
87,212,125,0,EC+B+,57.0
87,213,126,0,A,99.45
87,213,126,0,EC+B+,0.55
87,214,127,0,A,100.0
87,215,128,0,A,100.0
87,216,129,0,A,100.0
87,217,130,0,A,100.0
87,218,131,0,A,100.0
87,219,132,0,A,100.0
87,220,133,0,B-,0.35
87,220,133,0,A,99.65
87,221,134,0,14C = 8.8E-11 1.1E-11,
87,221,134,0,A,99.995
87,221,134,0,B-,0.005
87,222,135,0,B-,100.0
87,223,136,0,B-,99.994
87,223,136,0,A,0.006
87,224,137,0,B-,100.0
87,225,138,0,B-,100.0
87,226,139,0,B-,100.0
87,227,140,0,B-,100.0
87,228,141,0,B-,100.0
87,229,142,0,B-,100.0
87,230,143,0,B-,100.0
87,231,144,0,B-,100.0
87,232,145,0,B-,100.0
87,233,146,0,B-,100.0
87,233,146,0,B-n,
88,201,113,0,A,100.0
88,201,113,1,A,100.0
88,202,114,0,A,100.0
88,203,115,0,A,100.0
88,204,116,0,A,100.0
88,205,117,0,A,100.0
88,205,117,1,A,100.0
88,206,118,0,A,100.0
88,207,119,0,A,86.0
88,207,119,0,EC+B+,14.0
88,208,120,0,A,87.0
88,208,120,0,EC+B+,13.0
88,209,121,0,A,100.0
88,210,122,0,A,100.0
88,211,123,0,A,100.0
88,212,124,0,A,100.0
88,213,125,0,A,86.0
88,213,125,0,EC+B+,14.0
88,214,126,0,A,99.94
88,214,126,0,EC,0.06
88,215,127,0,A,100.0
88,216,128,0,A,100.0
88,217,129,0,A,100.0
88,218,130,0,A,100.0
88,219,131,0,A,100.0
88,220,132,0,A,100.0
88,221,133,0,14C = 1.2E-10 9E-11,
88,221,133,0,A,100.0
88,222,134,0,14C = 2.9E-8 6E-9,
88,222,134,0,A,100.0
88,223,135,0,14C = 8.9E-8 4E-9,
88,223,135,0,A,100.0
88,224,136,0,14C = 4E-9 1E-9,
88,224,136,0,A,100.0
88,225,137,0,B-,100.0
88,226,138,0,14C = 2.6E-9 6E-10,
88,226,138,0,A,100.0
88,227,139,0,B-,100.0
88,228,140,0,B-,100.0
88,229,141,0,B-,100.0
88,230,142,0,B-,100.0
88,231,143,0,B-,100.0
88,232,144,0,B-,100.0
88,233,145,0,B-,100.0
88,234,146,0,B-,100.0
89,204,115,0,A,100.0
89,205,116,0,A,100.0
89,206,117,0,A,100.0
89,206,117,1,A,100.0
89,207,118,0,A,100.0
89,208,119,0,A,100.0
89,209,120,0,A,100.0
89,210,121,0,A,100.0
89,211,122,0,A,100.0
89,212,123,0,A,100.0
89,213,124,0,A,100.0
89,214,125,0,A,89.0
89,214,125,0,EC+B+,11.0
89,215,126,0,A,99.91
89,215,126,0,EC+B+,0.09
89,216,127,0,A,100.0
89,217,128,0,A,100.0
89,218,129,0,A,100.0
89,219,130,0,A,100.0
89,220,131,0,A,100.0
89,221,132,0,A,100.0
89,222,133,0,A,99.0
89,222,133,0,EC+B+,1.0
89,222,133,1,EC+B+,1.4
89,222,133,1,A,93.6
89,222,133,1,IT,5.0
89,223,134,0,A,99.0
89,223,134,0,EC,1.0
89,224,135,0,A = 9.1 +2-1.4,
89,224,135,0,EC+B+,
89,225,136,0,14C = 5.3E-10 1.3E-10,
89,225,136,0,A,100.0
89,226,137,0,EC,17.0
89,226,137,0,A,0.006
89,226,137,0,B-,83.0
89,227,138,0,B-,98.62
89,227,138,0,A,1.38
89,228,139,0,B-,100.0
89,229,140,0,B-,100.0
89,230,141,0,B-,100.0
89,230,141,0,B-,
89,231,142,0,B-,100.0
89,232,143,0,B-,100.0
89,233,144,0,B-,100.0
89,234,145,0,B-,100.0
89,235,146,0,B-,100.0
89,236,147,0,B-,100.0
90,207,117,0,A,100.0
90,208,118,0,A,100.0
90,209,119,0,A,100.0
90,210,120,0,A,100.0
90,211,121,0,A,100.0
90,212,122,0,A,100.0
90,213,123,0,A,100.0
90,214,124,0,A,100.0
90,215,125,0,A,100.0
90,216,126,0,A,100.0
90,217,127,0,A,100.0
90,218,128,0,A,100.0
90,219,129,0,A,100.0
90,220,130,0,A,100.0
90,221,131,0,A,100.0
90,222,132,0,A,100.0
90,223,133,0,A,100.0
90,224,134,0,A,100.0
90,225,135,0,A,90.0
90,225,135,0,EC,10.0
90,226,136,0,A,100.0
90,227,137,0,A,100.0
90,228,138,0,20O = 1.13E-11 2.2E-12,
90,228,138,0,A,100.0
90,229,139,0,A,100.0
90,230,140,0,24NE = 5.8E-11 1.3E-11,
90,230,140,0,A,100.0
90,231,141,0,B-,100.0
90,232,142,0,A,100.0
90,232,142,0,SF,
90,233,143,0,B-,100.0
90,234,144,0,B-,100.0
90,235,145,0,B-,100.0
90,236,146,0,B-,100.0
90,237,147,0,B-,100.0
90,238,148,0,B-,100.0
91,211,120,0,p,
91,211,120,0,A,100.0
91,212,121,0,A,100.0
91,213,122,0,A,100.0
91,214,123,0,A,100.0
91,215,124,0,A,100.0
91,216,125,0,A,100.0
91,217,126,0,A,100.0
91,218,127,0,A,100.0
91,219,128,0,A,100.0
91,220,129,0,A,100.0
91,221,130,0,A,100.0
91,222,131,0,A,100.0
91,223,132,0,A,100.0
91,224,133,0,A,100.0
91,225,134,0,A,100.0
91,226,135,0,A,74.0
91,226,135,0,EC+B+,26.0
91,227,136,0,A,85.0
91,227,136,0,EC,15.0
91,228,137,0,A,1.85
91,228,137,0,EC+B+,98.15
91,229,138,0,A,0.51
91,229,138,0,EC,99.49
91,230,139,0,EC+B+,92.2
91,230,139,0,A,0.0035
91,230,139,0,B-,7.8
91,231,140,0,24NE = 1.34E-9 1.7E-10,
91,231,140,0,A,100.0
91,232,141,0,B-,100.0
91,233,142,0,B-,100.0
91,234,143,0,B-,100.0
91,234,143,1,B-,99.84
91,234,143,1,IT,0.16
91,235,144,0,B-,100.0
91,236,145,0,B-,100.0
91,237,146,0,B-,100.0
91,238,147,0,B-,100.0
91,239,148,0,B-,100.0
92,214,122,0,A,100.0
92,215,123,0,A,100.0
92,216,124,0,A,100.0
92,217,125,0,A,100.0
92,218,126,0,A,100.0
92,219,127,0,A,100.0
92,221,129,0,A,100.0
92,222,130,0,A,100.0
92,223,131,0,A,100.0
92,224,132,0,A,100.0
92,225,133,0,A,100.0
92,226,134,0,A,100.0
92,227,135,0,A,100.0
92,228,136,0,A,95.0
92,228,136,0,EC,5.0
92,229,137,0,A,20.0
92,229,137,0,EC,80.0
92,230,138,0,22NE = 4.8E-12 2E-12,
92,230,138,0,A,100.0
92,231,139,0,A,0.004
92,231,139,0,EC,99.996
92,232,140,0,24NE = 8.9E-10 7E-11,
92,232,140,0,SF,
92,232,140,0,A,100.0
92,233,141,0,24NE = 7.2E-11 9E-12,
92,233,141,0,A,100.0
92,234,142,0,SF,
92,234,142,0,n,
92,234,142,0,28MG = 1.4E-11 3E-12,
92,234,142,0,A,100.0
92,235,143,0,20NE = 8E-10 4E-10,
92,235,143,0,A,100.0
92,235,143,0,SF,
92,235,143,0,25NE = 8E-10,
92,235,143,0,28MG = 8E-10,
92,235,143,1,IT,100.0
92,236,144,0,A,100.0
92,236,144,0,SF,
92,237,145,0,B-,100.0
92,238,146,0,2B- = 2.2E-10 3E-11,
92,238,146,0,SF,
92,238,146,0,A,100.0
92,239,147,0,B-,100.0
92,240,148,0,B-,100.0
92,241,149,0,B-,100.0
92,242,150,0,B-,100.0
93,219,126,0,A,100.0
93,220,127,0,A,100.0
93,222,129,0,A,100.0
93,223,130,0,A,100.0
93,224,131,0,A,100.0
93,225,132,0,A,100.0
93,226,133,0,A,100.0
93,227,134,0,A,100.0
93,228,135,0,A,40.0
93,228,135,0,EC+B+,60.0
93,229,136,0,A,68.0
93,229,136,0,EC+B+,32.0
93,230,137,0,A,3.0
93,230,137,0,EC+B+,97.0
93,231,138,0,A,2.0
93,231,138,0,EC+B+,98.0
93,232,139,0,EC+B+,100.0
93,233,140,0,A,0.0007
93,233,140,0,EC,100.0
93,234,141,0,EC+B+,100.0
93,235,142,0,A,0.0026
93,235,142,0,EC,99.9974
93,236,143,0,EC,87.84
93,236,143,0,A,0.16
93,236,143,0,B-,12.0
93,236,143,1,B-,49.0
93,236,143,1,EC,51.0
93,237,144,0,A,100.0
93,238,145,0,B-,100.0
93,239,146,0,B-,100.0
93,240,147,0,B-,100.0
93,240,147,1,B-,99.88
93,240,147,1,IT,0.12
93,241,148,0,B-,100.0
93,242,149,0,B-,100.0
93,242,149,1,B-,100.0
93,243,150,0,B-,100.0
93,244,151,0,B-,100.0
94,228,134,0,A,100.0
94,229,135,0,A,50.0
94,229,135,0,EC+B+,50.0
94,230,136,0,A,100.0
94,231,137,0,A = 10 +7-3,
94,231,137,0,EC+B+,
94,232,138,0,A,10.0
94,232,138,0,EC,90.0
94,233,139,0,A,0.12
94,233,139,0,EC+B+,99.88
94,234,140,0,A,6.0
94,234,140,0,EC,94.0
94,235,141,0,A,0.0028
94,235,141,0,EC+B+,99.9972
94,236,142,0,28MG = 2.7E-12,
94,236,142,0,SF,
94,236,142,0,A,100.0
94,237,143,0,A,0.0032
94,237,143,0,EC,99.9968
94,237,143,1,IT,100.0
94,238,144,0,SI = 1.4E-14,
94,238,144,0,SF,
94,238,144,0,A,100.0
94,238,144,0,MG = 6E-15,
94,239,145,0,A,100.0
94,239,145,0,SF,
94,240,146,0,A,100.0
94,240,146,0,SF,
94,241,147,0,B-,99.99755
94,241,147,0,A,0.00245
94,242,148,0,A,100.0
94,242,148,0,SF,0.00055
94,243,149,0,B-,100.0
94,244,150,0,A,99.877
94,244,150,0,SF,0.123
94,244,150,1,IT,100.0
94,245,151,0,B-,100.0
94,246,152,0,B-,100.0
94,247,153,0,B-,100.0
95,223,128,0,A,100.0
95,229,134,0,A,100.0
95,230,135,0,EC,30.0
95,230,135,0,EC+B+,100.0
95,232,137,0,EC,0.069
95,232,137,0,EC+B+,100.0
95,233,138,0,A,4.5
95,233,138,0,EC+B+,95.5
95,234,139,0,EC,0.0066
95,234,139,0,EC+B+,100.0
95,234,139,0,A,0.04
95,235,140,0,A,0.4
95,235,140,0,EC+B+,99.6
95,236,141,0,A,0.004
95,236,141,0,EC+B+,100.0
95,236,141,1,A,0.004
95,236,141,1,EC+B+,100.0
95,237,142,0,A,0.025
95,237,142,0,EC+B+,99.975
95,238,143,0,A,0.0001
95,238,143,0,EC+B+,100.0
95,239,144,0,A,0.01
95,239,144,0,EC,99.99
95,240,145,0,A,0.00019
95,240,145,0,EC+B+,100.0
95,241,146,0,A,100.0
95,241,146,0,SF,
95,242,147,0,B-,83.0
95,242,147,0,EC,17.0
95,242,147,1,IT,99.55
95,242,147,1,A,0.45
95,243,148,0,A,100.0
95,243,148,0,SF,
95,244,149,0,B-,100.0
95,244,149,1,B-,99.9636
95,244,149,1,EC,0.0364
95,245,150,0,B-,100.0
95,246,151,0,B-,100.0
95,246,151,1,B-,100.0
95,246,151,1,IT,
95,247,152,0,B-,100.0
96,233,137,0,A,20.0
96,233,137,0,EC+B+,80.0
96,234,138,0,SF,2.0
96,234,138,0,EC+B+,71.0
96,234,138,0,A,27.0
96,235,139,0,A = 1 +0.7-0.5,
96,235,139,0,EC+B+,
96,236,140,0,A,18.0
96,236,140,0,EC+B+,82.0
96,237,141,0,A,
96,237,141,0,EC+B+,100.0
96,238,142,0,EC,96.16
96,238,142,0,SF,0.048
96,238,142,0,A,3.84
96,239,143,0,A,0.001
96,239,143,0,EC+B+,100.0
96,240,144,0,EC,0.5
96,240,144,0,SF,
96,240,144,0,A,99.5
96,241,145,0,A,1.0
96,241,145,0,EC,99.0
96,242,146,0,SF,
96,242,146,0,A,100.0
96,242,146,0,34SI = 1E-14,
96,243,147,0,EC,0.29
96,243,147,0,SF,
96,243,147,0,A,99.71
96,244,148,0,A,100.0
96,244,148,0,SF,0.00013779
96,245,149,0,A,100.0
96,245,149,0,SF,
96,246,150,0,A,99.97385
96,246,150,0,SF,0.02615
96,246,150,1,IT,100.0
96,247,151,0,A,100.0
96,248,152,0,A,91.61
96,248,152,0,SF,8.39
96,249,153,0,B-,100.0
96,250,154,0,SF,74.0
96,250,154,0,A,
96,250,154,0,B-,
96,251,155,0,B-,100.0
97,233,136,0,A,0.0
97,233,136,0,EC+B+,
97,234,137,0,A,83.0
97,234,137,0,EC+B+,20.0
97,236,139,0,EC,4.0
97,236,139,0,EC+B+,83.0
97,236,139,0,A,17.0
97,237,140,0,A,
97,237,140,0,EC+B+,
97,238,141,0,EC,0.048
97,238,141,0,EC+B+,100.0
97,239,142,0,SF,1.0
97,239,142,0,EC+B+,100.0
97,239,142,0,A,1.0
97,240,143,0,EC,0.002
97,240,143,0,EC+B+,100.0
97,241,144,0,A,
97,241,144,0,EC+B+,0.0
97,242,145,0,SF,0.03
97,242,145,0,EC+B+,100.0
97,242,145,0,A,1.0
97,243,146,0,A,0.15
97,243,146,0,EC+B+,99.85
97,244,147,0,A,0.006
97,244,147,0,EC+B+,99.994
97,245,148,0,A,0.12
97,245,148,0,EC,99.88
97,246,149,0,EC+B+,100.0
97,247,150,0,A,100.0
97,248,151,0,A,
97,248,151,0,EC,
97,248,151,1,B-,70.0
97,248,151,1,EC,30.0
97,249,152,0,SF,
97,249,152,0,A,0.00137
97,249,152,0,B-,99.99863
97,250,153,0,B-,100.0
97,251,154,0,B-,100.0
97,252,155,0,B-,100.0
97,253,156,0,B-,100.0
98,237,139,0,A,70.0
98,237,139,0,SF,30.0
98,238,140,0,A,5.0
98,238,140,0,SF,95.0
98,239,141,0,A,65.0
98,239,141,0,EC+B+,35.0
98,240,142,0,A,98.5
98,240,142,0,SF,1.5
98,241,143,0,A,15.0
98,241,143,0,EC+B+,85.0
98,242,144,0,SF,0.014
98,242,144,0,EC+B+,39.0
98,242,144,0,A,61.0
98,243,145,0,A,14.0
98,243,145,0,EC+B+,86.0
98,244,146,0,A,75.0
98,244,146,0,EC,25.0
98,245,147,0,A,35.3
98,245,147,0,EC+B+,64.7
98,246,148,0,A,99.9946
98,246,148,0,SF,0.0054
98,247,149,0,A,0.035
98,247,149,0,EC,99.965
98,248,150,0,A,99.9971
98,248,150,0,SF,0.0029
98,249,151,0,A,100.0
98,249,151,0,SF,
98,250,152,0,A,99.923
98,250,152,0,SF,0.077
98,251,153,0,A,100.0
98,251,153,0,SF,
98,252,154,0,A,96.898
98,252,154,0,SF,3.102
98,253,155,0,B-,99.69
98,253,155,0,A,0.31
98,254,156,0,A,0.31
98,254,156,0,SF,99.69
98,255,157,0,B-,100.0
98,256,158,0,SF,100.0
99,240,141,0,EC,16.0
99,240,141,0,EC+B+,30.0
99,240,141,0,A,70.0
99,241,142,0,A,
99,241,142,0,EC+B+,
99,242,143,0,EC,0.7
99,242,143,0,EC+B+,43.0
99,242,143,0,A,57.0
99,243,144,0,SF,1.0
99,243,144,0,EC+B+,39.0
99,243,144,0,A,61.0
99,244,145,0,EC,0.011
99,244,145,0,EC+B+,
99,244,145,0,A = 4 +3-2,
99,245,146,0,A,54.0
99,245,146,0,EC+B+,46.0
99,246,147,0,EC,0.003
99,246,147,0,EC+B+,90.1
99,246,147,0,A,9.9
99,247,148,0,A,7.0
99,247,148,0,EC+B+,93.0
99,248,149,0,EC,0.00035
99,248,149,0,EC+B+,99.7
99,248,149,0,A,0.3
99,249,150,0,A,0.57
99,249,150,0,EC+B+,99.43
99,250,151,0,A,3.0
99,250,151,0,EC+B+,97.0
99,250,151,1,A,
99,250,151,1,EC+B+,100.0
99,251,152,0,A,0.5
99,251,152,0,EC,99.5
99,252,153,0,A,78.0
99,252,153,0,EC,22.0
99,253,154,0,A,100.0
99,253,154,0,SF,
99,254,155,0,SF,3e-06
99,254,155,0,A,100.0
99,254,155,0,B-,0.000174
99,254,155,1,IT,3.0
99,254,155,1,A,0.32
99,254,155,1,B-,98.0
99,254,155,1,SF,0.045
99,254,155,1,EC,0.076
99,255,156,0,SF,0.0041
99,255,156,0,A,8.0
99,255,156,0,B-,92.0
99,256,157,0,B-,100.0
99,256,157,1,B-,100.0
99,256,157,1,B-,0.002
99,257,158,0,SF,
99,257,158,0,A,
99,257,158,0,B-,100.0
100,241,141,0,SF,78.0
100,241,141,0,EC+B+,12.0
100,241,141,0,A,14.0
100,242,142,0,SF,100.0
100,243,143,0,SF,9.0
100,243,143,0,EC+B+,10.0
100,243,143,0,A,91.0
100,244,144,0,SF,97.0
100,244,144,0,EC+B+,2.0
100,244,144,0,A,1.0
100,245,145,0,SF,0.3
100,245,145,0,EC+B+,
100,245,145,0,A = 88.5 +5-6,
100,246,146,0,SF,6.4
100,246,146,0,EC+B+,1.3
100,246,146,0,A,93.6
100,247,147,0,A,64.0
100,247,147,0,EC+B+,36.0
100,247,147,1,IT,12.0
100,247,147,1,A,88.0
100,248,148,0,SF,0.1
100,248,148,0,EC+B+,
100,248,148,0,A,99.9
100,249,149,0,A,15.6
100,249,149,0,EC+B+,84.4
100,250,150,0,EC,
100,250,150,0,SF,0.0069
100,250,150,0,A,100.0
100,250,150,1,IT,100.0
100,250,150,1,A,
100,251,151,0,A,1.8
100,251,151,0,EC+B+,98.2
100,252,152,0,A,99.9977
100,252,152,0,SF,0.0023
100,253,153,0,A,12.0
100,253,153,0,EC,88.0
100,254,154,0,A,99.9408
100,254,154,0,SF,0.0592
100,255,155,0,A,100.0
100,255,155,0,SF,2.4e-05
100,256,156,0,A,8.1
100,256,156,0,SF,91.9
100,257,157,0,A,99.79
100,257,157,0,SF,0.21
100,258,158,0,SF,100.0
100,259,159,0,SF,100.0
101,244,143,0,A,100.0
101,244,143,0,EC+B+,14.0
101,245,144,0,A,100.0
101,246,145,0,SF,
101,246,145,0,EC+B+,
101,246,145,0,A,100.0
101,246,145,1,EC,10.0
101,246,145,1,EC+B+,77.0
101,246,145,1,A,23.0
101,247,146,0,A,99.14
101,247,146,0,SF,0.86
101,247,146,1,IT,80.0
101,247,146,1,SF,20.0
101,248,147,0,A,20.0
101,248,147,0,EC+B+,80.0
101,249,148,0,A,75.0
101,249,148,0,EC+B+,25.0
101,249,148,1,IT,
101,249,148,1,A,
101,250,149,0,EC,
101,250,149,0,EC+B+,93.0
101,250,149,0,A,7.0
101,250,149,1,EC+B+,
101,250,149,1,A,
101,250,149,1,IT,
101,251,150,0,A,10.0
101,251,150,0,EC+B+,90.0
101,251,150,1,IT,100.0
101,252,151,0,A,
101,252,151,0,EC+B+,100.0
101,253,152,0,A,0.7
101,253,152,0,EC+B+,99.3
101,254,153,0,EC+B+,100.0
101,254,153,1,EC+B+,100.0
101,255,154,0,EC,93.0
101,255,154,0,SF,0.15
101,255,154,0,A,7.0
101,256,155,0,SF,3.0
101,256,155,0,EC+B+,90.5
101,256,155,0,A,9.5
101,257,156,0,EC,85.0
101,257,156,0,SF,1.0
101,257,156,0,A,15.0
101,258,157,0,A,100.0
101,258,157,1,EC,85.0
101,258,157,1,SF,15.0
101,258,157,1,A,1.2
101,259,158,0,A,1.3
101,259,158,0,SF,100.0
101,260,159,0,EC,23.0
101,260,159,0,SF,42.0
101,260,159,0,A,25.0
101,260,159,0,B-,10.0
102,249,147,0,A,100.0
102,249,147,0,SF,0.23
102,250,148,0,SF,100.0
102,251,149,0,SF,
102,251,149,0,EC+B+,0.0
102,251,149,0,A = 91 +9-22,
102,251,149,1,A,100.0
102,252,150,0,SF,33.0
102,252,150,0,EC+B+,1.7
102,252,150,0,A,65.3
102,252,150,1,IT,100.0
102,253,151,0,A,55.0
102,253,151,0,EC+B+,45.0
102,254,152,0,EC,10.0
102,254,152,0,SF,0.17
102,254,152,0,A,90.0
102,254,152,1,SF,0.02
102,254,152,1,A,0.01
102,254,152,1,IT,99.98
102,255,153,0,A,30.0
102,255,153,0,EC+B+,70.0
102,256,154,0,A,99.47
102,256,154,0,SF,0.53
102,257,155,0,EC,15.0
102,257,155,0,SF,1.5
102,257,155,0,A,85.0
102,258,156,0,SF,100.0
102,259,157,0,EC,25.0
102,259,157,0,SF,10.0
102,259,157,0,A,75.0
102,260,158,0,SF,100.0
102,262,160,0,SF,100.0
103,251,148,0,A,100.0
103,251,148,1,A,88.0
103,252,149,0,SF,2.0
103,252,149,0,EC+B+,
103,252,149,0,A,0.0
103,253,150,0,A,99.0
103,253,150,0,SF,1.0
103,253,150,1,A,88.0
103,253,150,1,SF,12.0
103,254,151,0,SF,0.1
103,254,151,0,EC+B+,28.3
103,254,151,0,A,71.7
103,254,151,1,EC+B+,
103,254,151,1,A,0.0
103,254,151,1,IT,
103,255,152,0,SF,0.1
103,255,152,0,EC+B+,0.3
103,255,152,0,A,99.7
103,255,152,1,IT,60.0
103,255,152,1,A,40.0
103,256,153,0,A,85.0
103,256,153,0,EC+B+,15.0
103,257,154,0,SF,0.033
103,257,154,0,EC+B+,15.0
103,257,154,0,A,100.0
103,257,154,1,IT,
103,257,154,1,A,
103,258,155,0,A,97.4
103,258,155,0,EC+B+,2.6
103,259,156,0,A,78.0
103,259,156,0,SF,22.0
103,260,157,0,A,60.0
103,260,157,0,EC+B+,40.0
103,261,158,0,A,
103,261,158,0,SF,100.0
103,262,159,0,SF,10.0
103,262,159,0,EC+B+,
103,262,159,0,A,
103,264,161,0,SF,100.0
103,266,163,0,SF,100.0
104,253,149,0,A,13.0
104,253,149,0,SF,87.0
104,254,150,0,A,1.5
104,254,150,0,SF,100.0
104,255,151,0,SF,51.0
104,255,151,0,EC+B+,0.08
104,255,151,0,A,49.0
104,256,152,0,A,0.31
104,256,152,0,SF,99.69
104,257,153,0,SF,1.3
104,257,153,0,EC+B+,9.4
104,257,153,0,A,89.3
104,257,153,1,EC+B+,4.6
104,257,153,1,SF,0.4
104,257,153,1,A,81.0
104,257,153,1,IT,14.0
104,258,154,0,A,4.9
104,258,154,0,SF,95.1
104,259,155,0,SF,3.0
104,259,155,0,EC+B+,15.0
104,259,155,0,A,85.0
104,260,156,0,A,35.0
104,260,156,0,SF,65.0
104,261,157,0,A,100.0
104,261,157,1,A,18.0
104,261,157,1,SF,82.0
104,262,158,0,SF,100.0
104,263,159,0,A,
104,263,159,0,SF,100.0
104,265,161,0,A,
104,265,161,0,SF,100.0
104,267,163,0,SF,100.0
105,255,150,0,A,
105,255,150,0,SF,77.0
105,255,150,1,A,
105,255,150,1,SF,100.0
105,256,151,0,SF,
105,256,151,0,EC+B+,30.0
105,256,151,0,A,70.0
105,257,152,0,A,94.0
105,257,152,0,SF,6.0
105,257,152,1,A,87.0
105,257,152,1,SF,13.0
105,258,153,0,A,64.0
105,258,153,0,EC+B+,36.0
105,258,153,1,A,77.0
105,258,153,1,EC+B+,23.0
105,259,154,0,A,100.0
105,260,155,0,A,90.0
105,260,155,0,SF,10.0
105,261,156,0,A,27.0
105,261,156,0,SF,73.0
105,262,157,0,SF,53.0
105,262,157,0,EC+B+,5.0
105,262,157,0,A,47.0
105,263,158,0,SF,55.0
105,263,158,0,EC+B+,
105,263,158,0,A,42.0
105,266,161,0,SF,100.0
105,266,161,0,EC+B+,
105,266,161,0,A,
105,267,162,0,SF,100.0
105,268,163,0,A = 55 +20-15,
105,268,163,0,SF,
105,270,165,0,A,
105,270,165,0,SF,100.0
106,258,152,0,A,20.0
106,258,152,0,SF,100.0
106,259,153,0,SF,3.0
106,259,153,0,EC+B+,13.0
106,259,153,0,A,97.0
106,259,153,1,A,97.0
106,259,153,1,SF,3.0
106,260,154,0,A,71.0
106,260,154,0,SF,29.0
106,261,155,0,SF,0.6
106,261,155,0,EC+B+,1.3
106,261,155,0,A,98.1
106,262,156,0,A,6.0
106,262,156,0,SF,94.0
106,263,157,0,A,87.0
106,263,157,0,SF,13.0
106,263,157,1,SF,
106,263,157,1,A,100.0
106,263,157,1,IT,
106,264,158,0,A,20.0
106,264,158,0,SF,80.0
106,265,159,0,A,50.0
106,265,159,0,SF,50.0
106,265,159,1,A,49.0
106,265,159,1,SF,51.0
106,266,160,0,SF,100.0
106,267,161,0,A,17.0
106,267,161,0,SF,83.0
106,269,163,0,A,100.0
106,271,165,0,A,50.0
106,271,165,0,SF,50.0
107,260,153,0,SF,18.0
107,260,153,0,EC+B+,18.0
107,260,153,0,A,100.0
107,261,154,0,A,100.0
107,261,154,0,SF,10.0
107,262,155,0,A,100.0
107,262,155,1,A,100.0
107,264,157,0,A,85.0
107,264,157,0,SF,15.0
107,265,158,0,A,100.0
107,266,159,0,A,100.0
107,266,159,0,SF,
107,267,160,0,A,100.0
107,270,163,0,A,100.0
107,270,163,0,SF,
107,271,164,0,A,100.0
107,272,165,0,A,100.0
107,274,167,0,A,100.0
107,274,167,0,SF,
107,278,171,0,A,50.0
107,278,171,0,SF,100.0
108,263,155,0,A,100.0
108,263,155,0,SF,
108,264,156,0,A = 80 +20-40,
108,264,156,0,SF,
108,265,157,0,A,100.0
108,265,157,0,SF,1.0
108,266,158,0,A,76.0
108,266,158,0,SF,24.0
108,266,158,1,A,100.0
108,267,159,0,A,100.0
108,267,159,1,A,
108,268,160,0,A,100.0
108,269,161,0,A,100.0
108,270,162,0,A,50.0
108,270,162,0,SF,50.0
108,271,163,0,A,100.0
108,273,165,0,A,100.0
108,275,167,0,A,100.0
108,277,169,0,SF,100.0
109,266,157,0,A,75.0
109,266,157,0,SF,25.0
109,268,159,0,A,100.0
109,270,161,0,A,100.0
109,274,165,0,A,100.0
109,274,165,0,SF,
109,275,166,0,A,100.0
109,276,167,0,A,100.0
109,276,167,1,A,100.0
109,277,168,0,SF,100.0
109,278,169,0,A,100.0
109,278,169,0,SF,
110,267,157,0,A,100.0
110,269,159,0,A,100.0
110,270,160,0,A,100.0
110,270,160,0,SF,
110,271,161,0,A,100.0
110,271,161,1,A,100.0
110,273,163,0,A,100.0
110,277,167,0,A,100.0
110,279,169,0,A,12.5
110,279,169,0,SF,88.5
110,279,169,1,SF,100.0
110,280,170,0,SF,100.0
110,281,171,0,A,6.0
110,281,171,0,SF,94.0
110,282,172,0,A,100.0
110,282,172,0,SF,50.0
111,272,161,0,A,100.0
111,274,163,0,A,100.0
111,278,167,0,A,100.0
111,278,167,0,SF,
111,279,168,0,A,100.0
111,280,169,0,A,100.0
111,281,170,0,A = 12 +9-7,
111,281,170,0,SF,
111,282,171,0,A,100.0
111,282,171,0,SF,
111,286,175,0,A,100.0
111,286,175,0,SF,54.0
112,277,165,0,A,100.0
112,281,169,0,A,100.0
112,282,170,0,A,7.0
112,282,170,0,SF,100.0
112,283,171,0,A,85.0
112,283,171,0,SF,15.0
112,284,172,0,A,2.0
112,284,172,0,SF,98.0
112,285,173,0,A,100.0
112,286,174,0,A,100.0
112,286,174,0,SF,50.0
113,278,165,0,A,100.0
113,282,169,0,A,100.0
113,282,169,0,SF,
113,283,170,0,A,100.0
113,284,171,0,A,100.0
113,285,172,0,A,100.0
113,286,173,0,A,100.0
113,286,173,0,SF,
113,290,177,0,A,100.0
113,290,177,0,SF,50.0
114,284,170,0,A,25.0
114,284,170,0,SF,100.0
114,285,171,0,A,100.0
114,285,171,0,SF,12.5
114,286,172,0,A = 60 +10-11,
114,286,172,0,SF,
114,287,173,0,A,100.0
114,288,174,0,A,100.0
114,288,174,0,SF,3.0
114,289,175,0,A,100.0
114,290,176,0,SF,50.0
114,290,176,0,EC+B+,100.0
114,290,176,0,A,50.0
115,287,172,0,A,100.0
115,288,173,0,A,100.0
115,289,174,0,A,100.0
115,290,175,0,A,100.0
115,290,175,0,SF,
116,290,174,0,A,100.0
116,290,174,0,SF,8.0
116,291,175,0,A,100.0
116,292,176,0,A,100.0
116,292,176,0,SF,9.0
116,293,177,0,A,100.0
117,293,176,0,A,100.0
117,294,177,0,A,100.0
118,294,176,0,A,100.0
118,294,176,0,SF,20.0
