Z,N,A,element,name,spin_parity,mass_excess_keV,abundance,half_life_s,half_life_source,is_stable,is_resonance,dominant_mode,decay_modes_raw,N_over_Z
0,1,1,NN,1NN,1/2+,8071.31806,,608.9,wallet,False,False,B-,B- = 100 ,
1,0,1,H,1H,1/2+,7288.971064,99.9855,,none,True,False,STABLE,,0.0
1,1,2,H,2H,1+,13135.722895,0.0145,,none,True,False,STABLE,,1.0
1,2,3,H,3H,1/2+,14949.8109,,388855902.96,chart,False,False,B-,B- = 100 ,2.0
1,3,4,H,4H,2-,24621.129,,1.3809090909090908e-22,chart,False,True,OTHER,n = 100,3.0
1,4,5,H,5H,(1/2+),32892.447,,8.59811320754717e-23,chart,False,True,OTHER,2n ~ 100 ,4.0
1,5,6,H,6H,,41875.725,,3.0379999999999995e-22,chart,False,True,OTHER,3n = 100,5.0
1,6,7,H,7H,1/2+,49135.0,,2.531666666666667e-21,chart,False,True,OTHER,"2n?,4n?",6.0
2,1,3,He,3He,1/2+,14931.21888,0.0002,,none,True,False,STABLE,,0.5
2,2,4,He,4He,0+,2424.91587,99.9998,,none,True,False,STABLE,,1.0
2,3,5,He,5He,3/2-,11231.234,,6.337969401947149e-22,chart,False,True,OTHER,n = 100,1.5
2,4,6,He,6He,0+,17592.095,,0.8071200000000001,chart,False,False,B-,B- = 100 ,2.0
2,5,7,He,7He,(3/2)-,26073.128,,2.336923076923077e-21,chart,False,True,OTHER,n = 100,2.5
2,6,8,He,8He,0+,31609.683,,0.119,chart,False,False,B-,"B- = 100,B-n = 16 1",3.0
2,7,9,He,9He,1/2+,40935.826,,2.531666666666667e-21,chart,False,True,OTHER,n = 100 ,3.5
2,8,10,He,10He,0+,49197.147,,2.5316666666666666e-22,chart,False,True,OTHER,2n = 100,4.0
3,1,4,Li,4Li,2-,25323.19,,9.114e-23,chart,False,True,OTHER,p = 100 ,0.3333333333333333
3,2,5,Li,5Li,3/2-,11678.887,,3.704878048780488e-22,chart,False,True,OTHER,p = 100,0.6666666666666666
3,3,6,Li,6Li,1+,14086.88044,4.85,,none,True,False,STABLE,,1.0
3,4,7,Li,7Li,3/2-,14907.10463,95.15,,none,True,False,STABLE,,1.3333333333333333
3,5,8,Li,8Li,2+,20945.805,,0.83879,chart,False,False,B-,"B- = 100 ,B-a = 100",1.6666666666666667
3,6,9,Li,9Li,3/2-,24954.905,,0.178,chart,False,False,B-,"B-a = 12.3 0.9,B-n = 51 0.9,B- = 100",2.0
3,7,10,Li,10Li,"(1-),(2-)",33052.628,,1.981304347826087e-21,chart,False,True,OTHER,n = 100 ,2.3333333333333335
3,8,11,Li,11Li,3/2-,40728.259,,0.00875,chart,False,False,B-,"B-a = 1.7 0.3,B-n = 84.3 1.3,B-3n = 1.9 0.2,B- = 100,B-2n = 4.2 0.3",2.6666666666666665
3,9,12,Li,12Li,"(1-),(2-)",49009.577,,,none,False,False,OTHER,n = 100 ,3.0
3,10,13,Li,13Li,,56980.895,,3.6456e-21,chart,False,True,OTHER,2n = 100,3.3333333333333335
4,2,6,Be,6Be,0+,18375.034,,4.953260869565218e-21,chart,False,True,OTHER,2p = 100 ,0.5
4,3,7,Be,7Be,3/2-,15768.998,,4605120.0,chart,False,False,EC_BP,EC = 100 ,0.75
4,4,8,Be,8Be,0+,4941.672,,8.181328545780969e-17,chart,False,True,ALPHA,a = 100 ,1.0
4,5,9,Be,9Be,3/2-,11348.451,100.0,,none,True,False,STABLE,,1.25
4,6,10,Be,10Be,0+,12607.487,,43725800311200.0,chart,False,False,B-,B- = 100 ,1.5
4,7,11,Be,11Be,1/2+,20177.169,,13.77,chart,False,False,B-,"B-a = 3.3 0.1,B-p = 0.000013 0.000003,B- = 100",1.75
4,8,12,Be,12Be,0+,25077.761,,0.02146,chart,False,False,B-,"B- = 100,B-n = 0.5 0.03",2.0
4,9,13,Be,13Be,(1/2-),33659.08,,1.0126666666666666e-21,chart,False,True,OTHER,n?,2.25
4,10,14,Be,14Be,0+,39954.502,,0.00465,chart,False,False,B-,"B-a = 0.004 ,B-2n = 5 2,B- = 100,B-n = 86 6",2.5
4,11,15,Be,15Be,(5/2+),49825.821,,7.856896551724138e-22,chart,False,True,OTHER,n = 100,2.75
4,12,16,Be,16Be,0+,57447.139,,5.696249999999999e-22,chart,False,True,OTHER,2n = 100,3.0
5,2,7,B,7B,(3/2-),27676.553,,5.689138576779026e-22,chart,False,True,OTHER,p ~ 100 ,0.4
5,3,8,B,8B,2+,22921.569,,0.7721,chart,False,False,EC_BP,"ECa = 100,EC+B+ = 100 ",0.6
5,4,9,B,9B,3/2-,12416.486,,8.43888888888889e-19,chart,False,True,OTHER,p = 100 ,0.8
5,5,10,B,10B,3+,12050.611,19.65,,none,True,False,STABLE,,1.0
5,6,11,B,11B,3/2-,8667.708,80.35,,none,True,False,STABLE,,1.2
5,7,12,B,12B,1+,13369.398,,0.02022,chart,False,False,B-,"B- = 100 ,B-a = 0.6 0.02",1.4
5,8,13,B,13B,3/2-,16561.948,,0.01716,chart,False,False,B-,"B- = 100,B-n = 0.266 0.025",1.6
5,9,14,B,14B,2-,23663.686,,0.01234,chart,False,False,B-,"B- = 100,B-n = 6.04 0.23",1.8
5,10,15,B,15B,3/2-,28957.379,,0.01018,chart,False,False,B-,"B-n = 99.68 +0.08-1.6,B-2n = 1.5 ,B- = 100",2.0
5,11,16,B,16B,,37111.699,,4.557e-21,chart,False,True,OTHER,n = 100 ,2.2
5,12,17,B,17B,(3/2-),43716.322,,0.00507,chart,False,False,B-,"B-n = 63 1,B-3n = 3.5 0.7,B-4n = 0.4 0.3,B- = 100,B-2n = 12 2",2.4
5,13,18,B,18B,(2-),51792.64,,,none,False,False,OTHER,n = 100 ,2.6
5,14,19,B,19B,(3/2-),59770.251,,0.00292,chart,False,False,B-,"B-3n = 9.1 ,B-2n = 16 +5.6-4.8,B- = 100,B-n = 71.8 +8.3-9.1",2.8
5,15,20,B,20B,"(1-),(2-)",69401.569,,9.114e-22,chart,False,True,OTHER,n = 100 ,3.0
5,16,21,B,21B,(3/2-),78382.887,,7.594999999999999e-22,chart,False,True,OTHER,2n = 100,3.2
6,2,8,C,8C,0+,35064.269,,3.505384615384616e-21,chart,False,True,OTHER,2p = 100 ,0.3333333333333333
6,3,9,C,9C,3/2-,28910.971,,0.1265,chart,False,False,EC_BP,"ECa = 37.9 5.8,EC+B+ = 100 ,ECp = 62 1.9",0.5
6,4,10,C,10C,0+,15698.673,,19.3015,chart,False,False,EC_BP,EC+B+ = 100 ,0.6666666666666666
6,5,11,C,11C,3/2-,10649.397,,1220.406,chart,False,False,EC_BP,EC+B+ = 100 ,0.8333333333333334
6,6,12,C,12C,0+,0.0,98.94,,none,True,False,STABLE,,1.0
6,7,13,C,13C,1/2-,3125.00933,1.06,,none,True,False,STABLE,,1.1666666666666667
6,8,14,C,14C,0+,3019.89328,,179436513600.0,chart,False,False,B-,B- = 100 ,1.3333333333333333
6,9,15,C,15C,1/2+,9873.145,,2.451,chart,False,False,B-,B- = 100 ,1.5
6,10,16,C,16C,0+,13694.133,,0.75,chart,False,False,B-,"B- = 100,B-n = 99.28 0.12",1.6666666666666667
6,11,17,C,17C,3/2+,21031.88,,0.193,chart,False,False,B-,"B-n = 28.4 1.3,B-2n?,B- = 100",1.8333333333333333
6,12,18,C,18C,0+,24919.266,,0.092,chart,False,False,B-,"B-n = 31.5 1.5,B-2n?,B- = 100",2.0
6,13,19,C,19C,(1/2+),32413.754,,0.0463,chart,False,False,B-,"B-n = 47 3,B-2n = 7 3,B- = 100",2.1666666666666665
6,14,20,C,20C,0+,37503.567,,0.016,chart,False,False,B-,"B-n = 66 10,B-2n = 18.6 ,B- = 100",2.3333333333333335
6,16,22,C,22C,0+,53611.203,,0.0060999999999999,chart,False,False,B-,"B-n = 61 +14-13,B-2n = 37 ,B- = 100",2.6666666666666665
7,3,10,N,10N,(1-),38800.027,,1.8228e-22,chart,False,True,OTHER,p = 100 ,0.42857142857142855
7,4,11,N,11N,1/2+,24365.644,,5.842307692307694e-22,chart,False,True,OTHER,p = 100 ,0.5714285714285714
7,5,12,N,12N,1+,17338.068,,0.010996,chart,False,False,EC_BP,"ECa = 1.93 0.04,EC+B+ = 100 ",0.7142857142857143
7,6,13,N,13N,1/2-,5345.481,,598.02,chart,False,False,EC_BP,EC+B+ = 100 ,0.8571428571428571
7,7,14,N,14N,1+,2863.41683,99.6205,,none,True,False,STABLE,,1.0
7,8,15,N,15N,1/2-,101.43809,0.3795,,none,True,False,STABLE,,1.1428571428571428
7,9,16,N,16N,2-,5683.907,,7.13,chart,False,False,B-,"B- = 100 ,B-a = 0.00154 0.00005",1.2857142857142858
7,10,17,N,17N,1/2-,7870.079,,4.171,chart,False,False,B-,"B-a = 0.0025 0.0004,B-n = 95.1 0.7,B- = 100",1.4285714285714286
7,11,18,N,18N,1-,13113.167,,0.619,chart,False,False,B-,"B-a = 12.2 0.6,B-2n?,B- = 100,B-n = 8.3 1.3",1.5714285714285714
7,12,19,N,19N,1/2-,15856.255,,0.336,chart,False,False,B-,"B- = 100,B-n = 41.8 0.9",1.7142857142857142
7,13,20,N,20N,(2-),21766.498,,0.136,chart,False,False,B-,"B-n = 42.9 1.4,B-2n ~ 4.5 ,B- = 100",1.8571428571428572
7,14,21,N,21N,(1/2-),25231.915,,0.0853,chart,False,False,B-,"B-n = 86.5 3.7,B-2n?,B- = 100",2.0
7,15,22,N,22N,(0-),31764.805,,0.0209,chart,False,False,B-,"B-n = 34 2,B-2n = 12 3,B- = 100",2.142857142857143
7,16,23,N,23N,,36720.429,,0.0141,chart,False,False,B-,"B-3n = 3.4 ,B-2n = 8 4,B- = 100,B-n = 42 6",2.2857142857142856
7,17,24,N,24N,,46938.0,,5.2e-08,chart,False,False,OTHER,n?,2.4285714285714284
8,3,11,O,11O,(3/2-),47738.913,,1.9727272727272728e-22,chart,False,True,OTHER,2p = 100,0.375
8,4,12,O,12O,0+,32013.335,,8.935294117647059e-21,chart,False,True,OTHER,2p = 100 ,0.5
8,5,13,O,13O,(3/2-),23115.432,,0.00858,chart,False,False,EC_BP,"ECp = 10.8 2,EC+B+ = 100 ",0.625
8,6,14,O,14O,0+,8007.781,,70.6183,chart,False,False,EC_BP,EC+B+ = 100 ,0.75
8,7,15,O,15O,1/2-,2855.622,,122.268,chart,False,False,EC_BP,EC+B+ = 100 ,0.875
8,8,16,O,16O,0+,-4737.00217,99.757,,none,True,False,STABLE,,1.0
8,9,17,O,17O,5/2+,-808.76421,0.03835,,none,True,False,STABLE,,1.125
8,10,18,O,18O,0+,-782.81634,0.2045,,none,True,False,STABLE,,1.25
8,11,19,O,19O,5/2+,3332.858,,26.47,chart,False,False,B-,B- = 100 ,1.375
8,12,20,O,20O,0+,3796.172,,13.51,chart,False,False,B-,B- = 100 ,1.5
8,13,21,O,21O,(5/2+),8062.034,,3.42,chart,False,False,B-,B- = 100 ,1.625
8,14,22,O,22O,0+,9283.032,,2.19,chart,False,False,B-,"B- = 100,B-n = 22 ",1.75
8,15,23,O,23O,1/2+,14621.371,,0.096,chart,False,False,B-,"B- = 100,B-n = 7 2",1.875
8,16,24,O,24O,0+,18500.404,,0.072,chart,False,False,B-,"B- = 100,B-n = 41 3",2.0
8,17,25,O,25O,(3/2+),27329.03,,5.178409090909091e-21,chart,False,True,OTHER,n = 100,2.125
8,18,26,O,26O,0+,34661.041,,4.5e-12,chart,False,False,OTHER,2n = 100,2.25
8,20,28,O,28O,0+,52080.0,,1.0000000000000001e-07,chart,False,False,OTHER,2n?,2.5
9,5,14,F,14F,2-,31964.403,,5.0076923076923085e-22,chart,False,True,OTHER,p = 100,0.5555555555555556
9,6,15,F,15F,1/2+,16566.752,,1.1992105263157893e-21,chart,False,True,OTHER,p = 100 ,0.6666666666666666
9,7,16,F,16F,0-,10675.182,,1.9727272727272722e-20,chart,False,True,OTHER,p = 100 ,0.7777777777777778
9,8,17,F,17F,5/2+,1951.701,,64.368,chart,False,False,EC_BP,EC+B+ = 100 ,0.8888888888888888
9,9,18,F,18F,1+,873.112,,6584.04,chart,False,False,EC_BP,EC+B+ = 100,1.0
9,10,19,F,19F,1/2+,-1487.44512,100.0,,none,True,False,STABLE,,1.1111111111111112
9,11,20,F,20F,2+,-17.463,,11.0064,chart,False,False,B-,B- = 100 ,1.2222222222222223
9,12,21,F,21F,5/2+,-47.605,,4.158,chart,False,False,B-,B- = 100 ,1.3333333333333333
9,13,22,F,22F,4+,2793.376,,4.23,chart,False,False,B-,"B- = 100,B-n = 11 ",1.4444444444444444
9,14,23,F,23F,(5/2+),3285.263,,2.23,chart,False,False,B-,"B- = 100,B-n = 14 ",1.5555555555555556
9,15,24,F,24F,(3+),7544.516,,0.384,chart,False,False,B-,"B- = 100,B-n = 5.9 ",1.6666666666666667
9,16,25,F,25F,(5/2+),11334.167,,0.081,chart,False,False,B-,"B-n = 23.6 3.2,B-2n?,B- = 100",1.7777777777777777
9,17,26,F,26F,1+,18674.655,,0.0086,chart,False,False,B-,"B-n = 14 3,B-2n?,B- = 100",1.8888888888888888
9,18,27,F,27F,(5/2+),25133.478,,0.0053,chart,False,False,B-,"B-n = 90 +10-30,B-2n?,B- = 100",2.0
9,19,28,F,28F,(4-),33403.796,,2.531666666666667e-21,chart,False,True,OTHER,n = 100,2.111111111111111
9,20,29,F,29F,,40150.19,,0.0033,chart,False,False,B-,"B-n = 60 40,B-2n?,B- = 100",2.2222222222222223
9,21,30,F,30F,,48960.0,,2.5000000000000004e-07,chart,False,False,OTHER,n?,2.3333333333333335
9,22,31,F,31F,,56843.0,,,none,False,False,B-,"B-n?,B-2n?,B- = 100",2.4444444444444446
10,5,15,Ne,15Ne,(3/2-),40215.374,,7.723728813559322e-22,chart,False,True,OTHER,2p = 100 ,0.5
10,6,16,Ne,16Ne,0+,23986.775,,5.69625e-21,chart,False,True,OTHER,2p = 100,0.6
10,7,17,Ne,17Ne,1/2-,16500.452,,0.1091,chart,False,False,EC_BP,"ECa = 3.51 0.16,EC+B+ = 100,ECp = 94.4 2.9",0.7
10,8,18,Ne,18Ne,0+,5317.617,,1.66432,chart,False,False,EC_BP,EC+B+ = 100 ,0.8
10,9,19,Ne,19Ne,1/2+,1752.054,,17.2569,chart,False,False,EC_BP,EC+B+ = 100 ,0.9
10,10,20,Ne,20Ne,0+,-7041.93217,90.48,,none,True,False,STABLE,,1.0
10,11,21,Ne,21Ne,3/2+,-5731.776,0.27,,none,True,False,STABLE,,1.1
10,12,22,Ne,22Ne,0+,-8024.716,9.25,,none,True,False,STABLE,,1.2
10,13,23,Ne,23Ne,5/2+,-5154.045,,37.148,chart,False,False,B-,B- = 100 ,1.3
10,14,24,Ne,24Ne,0+,-5951.642,,202.8,chart,False,False,B-,B- = 100 ,1.4
10,15,25,Ne,25Ne,1/2+,-2035.503,,0.602,chart,False,False,B-,B- = 100 ,1.5
10,16,26,Ne,26Ne,0+,481.114,,0.196,chart,False,False,B-,"B- = 100,B-n = 0.13 0.03",1.6
10,17,27,Ne,27Ne,(3/2+),7050.91,,0.0309,chart,False,False,B-,"B-n = 2 0.5,B-2n?,B- = 100",1.7
10,18,28,Ne,28Ne,0+,11299.738,,0.0187,chart,False,False,B-,"B-n = 12 1,B-2n = 3.7 0.5,B- = 100",1.8
10,19,29,Ne,29Ne,(3/2-),18399.803,,0.014,chart,False,False,B-,"B-n = 28 6,B-2n = 4 1,B- = 100",1.9
10,20,30,Ne,30Ne,0+,23280.12,,0.0073,chart,False,False,B-,"B-n = 13 4,B-2n = 8.9 2.3,B- = 100",2.0
10,21,31,Ne,31Ne,(3/2-),31181.594,,0.0034,chart,False,False,B-,"B-n?,B-2n?,B- = 100 ",2.1
10,22,32,Ne,32Ne,0+,36999.0,,0.0045,chart,False,False,B-,"B-n?,B-2n?,B- = 100",2.2
10,23,33,Ne,33Ne,,46130.0,,1.8000000000000002e-07,chart,False,False,OTHER,n?,2.3
10,24,34,Ne,34Ne,0+,52842.0,,,none,False,False,B-,"B-n?,B-2n?,B-?",2.4
11,6,17,Na,17Na,(1/2+),34719.58,,,none,False,False,OTHER,p = 100,0.5454545454545454
11,7,18,Na,18Na,(1)-,25037.992,,2.2785e-21,chart,False,True,OTHER,p ~ 100 ,0.6363636363636364
11,8,19,Na,19Na,(5/2+),12929.384,,1.1392499999999998e-20,chart,False,True,OTHER,p ~ 100 ,0.7272727272727273
11,9,20,Na,20Na,2+,6850.489,,0.448,chart,False,False,EC_BP,"ECa = 19.9 0.2,EC+B+ = 100",0.8181818181818182
11,10,21,Na,21Na,3/2+,-2184.857,,22.4548,chart,False,False,EC_BP,EC+B+ = 100 ,0.9090909090909091
11,11,22,Na,22Na,3+,-5181.391,,82109719.44,chart,False,False,EC_BP,EC+B+ = 100 ,1.0
11,12,23,Na,23Na,3/2+,-9529.85352,100.0,,none,True,False,STABLE,,1.0909090909090908
11,13,24,Na,24Na,4+,-8417.901,,53848.08,chart,False,False,B-,B- = 100 ,1.1818181818181819
11,14,25,Na,25Na,5/2+,-9357.814,,58.9,chart,False,False,B-,B- = 100 ,1.2727272727272727
11,15,26,Na,26Na,3+,-6860.78,,1.07128,chart,False,False,B-,B- = 100 ,1.3636363636363635
11,16,27,Na,27Na,5/2+,-5517.791,,0.301,chart,False,False,B-,"B- = 100,B-n = 0.13 0.03",1.4545454545454546
11,17,28,Na,28Na,1+,-988.315,,0.0346,chart,False,False,B-,"B- = 100,B-n = 0.58 0.12",1.5454545454545454
11,18,29,Na,29Na,3/2+,2679.994,,0.0432,chart,False,False,B-,"B-n = 24.7 2.5,B-2n?,B- = 100",1.6363636363636365
11,19,30,Na,30Na,2+,8474.67,,0.0448,chart,False,False,B-,"B-a = 0.000055 0.000002,B-2n = 1.15 0.25,B- = 100,B-n = 30 4",1.7272727272727273
11,20,31,Na,31Na,3/2+,12246.031,,0.017,chart,False,False,B-,"B-n = 38.8 3.8,B-2n = 0.87 0.24,B- = 100",1.8181818181818181
11,21,32,Na,32Na,"(3-),(4-)",18640.152,,0.0132,chart,False,False,B-,"B-n = 24 7,B-2n = 8.3 2.1,B- = 100",1.9090909090909092
11,22,33,Na,33Na,3/2+,23780.113,,0.0081999999999999,chart,False,False,B-,"B-n = 47 6,B-2n = 13 3,B- = 100",2.0
11,23,34,Na,34Na,,31680.114,,0.0055,chart,False,False,B-,"B-n ~ 15 ,B-2n ~ 50 ,B- = 100",2.090909090909091
11,24,35,Na,35Na,,37831.0,,0.0024,chart,False,False,B-,"B-n?,B-2n?,B- = 100",2.1818181818181817
11,26,37,Na,37Na,,53134.0,,,none,False,False,B-,"B-n?,B-2n?,B- = 100",2.3636363636363638
12,6,18,Mg,18Mg,0+,,,3.962608695652174e-21,chart,False,True,OTHER,2p ~ 100 ,0.5
12,7,19,Mg,19Mg,1/2-,31838.394,,3.5000000000000004e-12,chart,False,False,OTHER,2p ~ 100 ,0.5833333333333334
12,8,20,Mg,20Mg,0+,17477.694,,0.0904,chart,False,False,EC_BP,"ECp = 29.9 1.1,EC+B+ = 100",0.6666666666666666
12,9,21,Mg,21Mg,5/2+,10903.851,,0.12,chart,False,False,EC_BP,"ECa = 0.115 0.019,EC+B+ = 100 ,ECp = 20.9 1.3",0.75
12,10,22,Mg,22Mg,0+,-399.986,,3.87445,chart,False,False,EC_BP,EC+B+ = 100 ,0.8333333333333334
12,11,23,Mg,23Mg,3/2+,-5473.675,,11.3042,chart,False,False,EC_BP,EC+B+ = 100 ,0.9166666666666666
12,12,24,Mg,24Mg,0+,-13933.578,78.965,,none,True,False,STABLE,,1.0
12,13,25,Mg,25Mg,5/2+,-13192.782,10.011,,none,True,False,STABLE,,1.0833333333333333
12,14,26,Mg,26Mg,0+,-16214.544,11.025,,none,True,False,STABLE,,1.1666666666666667
12,15,27,Mg,27Mg,1/2+,-14586.594,,566.1,chart,False,False,B-,B- = 100 ,1.25
12,16,28,Mg,28Mg,0+,-15019.946,,75294.0,chart,False,False,B-,B- = 100 ,1.3333333333333333
12,17,29,Mg,29Mg,3/2+,-10612.36,,1.31,chart,False,False,B-,B- = 100 ,1.4166666666666667
12,18,30,Mg,30Mg,0+,-8881.373,,0.314,chart,False,False,B-,"B- = 100,B-n = 0.06 ",1.5
12,19,31,Mg,31Mg,1/2+,-3122.152,,0.27,chart,False,False,B-,"B- = 100,B-n = 6.2 1.9",1.5833333333333333
12,20,32,Mg,32Mg,0+,-828.901,,0.0804,chart,False,False,B-,"B- = 100,B-n = 5.5 0.5",1.6666666666666667
12,21,33,Mg,33Mg,3/2-,4962.873,,0.0902,chart,False,False,B-,"B-n = 14 2,B-2n?,B- = 100",1.75
12,22,34,Mg,34Mg,0+,8323.324,,0.0449,chart,False,False,B-,"B-n = 21 7,B-2n?,B- = 100",1.8333333333333333
12,23,35,Mg,35Mg,(5/2-),15639.786,,0.0113,chart,False,False,B-,"B-n = 52 46,B-2n?,B- = 100",1.9166666666666667
12,24,36,Mg,36Mg,0+,20380.159,,0.0072,chart,False,False,B-,"B-n = 48 12,B-2n?,B- = 100",2.0
12,25,37,Mg,37Mg,(3/2-),28211.478,,0.0064,chart,False,False,B-,"B-n?,B-2n?,B- = 100",2.0833333333333335
12,26,38,Mg,38Mg,0+,34074.0,,0.0031,chart,False,False,B-,"B-n?,B-2n?,B- = 100 ",2.1666666666666665
12,28,40,Mg,40Mg,0+,49550.0,,,none,False,False,B-,"B-n?,B-2n?,B- = 100",2.3333333333333335
13,8,21,Al,21Al,(5/2+),27090.0,,3.5e-08,chart,False,False,OTHER,p?,0.6153846153846154
13,9,22,Al,22Al,(4)+,18201.0,,0.0886,chart,False,False,EC_BP,"EC+B+ = 100,ECp = 57.7 0.6,ECa = 0.079 0.041,EC2p = 1.17 0.07",0.6923076923076923
13,10,23,Al,23Al,5/2+,6748.071,,0.447,chart,False,False,EC_BP,"ECp = 1.04 0.03,EC+B+ = 100 ",0.7692307692307693
13,11,24,Al,24Al,4+,-48.812,,2.053,chart,False,False,EC_BP,"ECa = 0.035 0.006,EC+B+ = 100 ,ECp = 0.0016 0.0003",0.8461538461538461
13,12,25,Al,25Al,5/2+,-8915.974,,7.1666,chart,False,False,EC_BP,EC+B+ = 100 ,0.9230769230769231
13,13,26,Al,26Al,5+,-12210.139,,22613986814400.0,chart,False,False,EC_BP,EC+B+ = 100 ,1.0
13,14,27,Al,27Al,5/2+,-17196.864,100.0,,none,True,False,STABLE,,1.0769230769230769
13,15,28,Al,28Al,3+,-16850.719,,134.898,chart,False,False,B-,B- = 100 ,1.1538461538461537
13,16,29,Al,29Al,5/2+,-18207.762,,393.6,chart,False,False,B-,B- = 100 ,1.2307692307692308
13,17,30,Al,30Al,3+,-15864.116,,3.61,chart,False,False,B-,B- = 100 ,1.3076923076923077
13,18,31,Al,31Al,5/2(+),-14950.709,,0.644,chart,False,False,B-,"B- = 100,B-n = 1.6 ",1.3846153846153846
13,19,32,Al,32Al,1+,-11099.368,,0.0317,chart,False,False,B-,"B- = 100,B-n = 0.7 0.5",1.4615384615384615
13,20,33,Al,33Al,5/2+,-8497.382,,0.0415,chart,False,False,B-,"B- = 100,B-n = 8.5 0.7",1.5384615384615385
13,21,34,Al,34Al,4-,-2997.619,,0.05373,chart,False,False,B-,"B-n = 25 3,B-2n?,B- = 100",1.6153846153846154
13,22,35,Al,35Al,(5/2+),-223.73,,0.0384,chart,False,False,B-,"B-n = 38 2,B-2n?,B- = 100",1.6923076923076923
13,23,36,Al,36Al,,5950.384,,0.09,chart,False,False,B-,"B-n = 31 ,B-2n?,B- = 100",1.7692307692307692
13,24,37,Al,37Al,(5/2+),9809.564,,0.0114,chart,False,False,B-,"B-n = 52 5,B-2n = 1 ,B- = 100",1.8461538461538463
13,25,38,Al,38Al,(0-),16470.0,,0.009,chart,False,False,B-,"B-n = 84 19,B-2n?,B- = 100",1.9230769230769231
13,26,39,Al,39Al,,21490.0,,0.00723,chart,False,False,B-,"B-n = 97 +3-22,B-2n?,B- = 100",2.0
13,27,40,Al,40Al,,28820.0,,0.0057,chart,False,False,B-,"B-n?,B-2n?,B- = 100",2.076923076923077
13,28,41,Al,41Al,,34590.0,,0.0035,chart,False,False,B-,"B-n?,B-2n?,B- = 100 ",2.1538461538461537
13,29,42,Al,42Al,,41990.0,,,none,False,False,B-,"B-n?,B-2n?,B- = 100",2.230769230769231
13,30,43,Al,43Al,,48270.0,,,none,False,False,B-,"B-n?,B-2n?,B- = 100",2.3076923076923075
14,8,22,Si,22Si,0+,33640.0,,0.0283999999999999,chart,False,False,EC_BP,"EC2p = 0.8 0.3,EC+B+ = 100,ECp = 67 12",0.5714285714285714
14,9,23,Si,23Si,(5/2)+,23950.0,,0.047,chart,False,False,EC_BP,"EC+B+ = 100,ECp = 81.8 1.1,EC3p = 0.029 +0.038-0.019,EC2p = 7.73 0.35",0.6428571428571429
14,10,24,Si,24Si,0+,10745.186,,0.1414,chart,False,False,EC_BP,"ECp = 32.4 1.1,EC+B+ = 100 ",0.7142857142857143
14,11,25,Si,25Si,5/2+,3827.322,,0.2192,chart,False,False,EC_BP,"ECp = 35 2,EC+B+ = 100 ",0.7857142857142857
14,12,26,Si,26Si,0+,-7141.003,,2.2452,chart,False,False,EC_BP,EC+B+ = 100 ,0.8571428571428571
14,13,27,Si,27Si,5/2+,-12384.505,,4.111,chart,False,False,EC_BP,EC+B+ = 100 ,0.9285714285714286
14,14,28,Si,28Si,0+,-21492.79711,92.2545,,none,True,False,STABLE,,1.0
14,15,29,Si,29Si,1/2+,-21895.08154,4.672,,none,True,False,STABLE,,1.0714285714285714
14,16,30,Si,30Si,0+,-24432.962,3.0735,,none,True,False,STABLE,,1.1428571428571428
14,17,31,Si,31Si,3/2+,-22949.037,,9434.4,chart,False,False,B-,B- = 100 ,1.2142857142857142
14,18,32,Si,32Si,0+,-24077.689,,5153356080.0,chart,False,False,B-,B- = 100 ,1.2857142857142858
14,19,33,Si,33Si,3/2+,-20514.328,,6.17,chart,False,False,B-,B- = 100 ,1.3571428571428572
14,20,34,Si,34Si,0+,-19991.684,,2.77,chart,False,False,B-,B- = 100,1.4285714285714286
14,21,35,Si,35Si,7/2-,-14391.48,,0.78,chart,False,False,B-,"B- = 100,B-n = 5.3 ",1.5
14,22,36,Si,36Si,0+,-12436.125,,0.503,chart,False,False,B-,"B- = 100,B-n = 12.4 4.6",1.5714285714285714
14,23,37,Si,37Si,(5/2-),-6571.512,,0.141,chart,False,False,B-,"B-n = 17 13,B-2n?,B- = 100",1.6428571428571428
14,24,38,Si,38Si,0+,-4170.299,,0.063,chart,False,False,B-,"B- = 100,B-n = 25 10",1.7142857142857142
14,25,39,Si,39Si,(5/2-),2320.352,,0.0387,chart,False,False,B-,"B-n = 33 5,B-2n?,B- = 100",1.7857142857142858
14,26,40,Si,40Si,0+,5666.876,,0.0303,chart,False,False,B-,"B-n = 38 5,B-2n?,B- = 100",1.8571428571428572
14,27,41,Si,41Si,,13200.0,,0.02,chart,False,False,B-,"B-n = 0 ,B-2n?,B- = 100",1.9285714285714286
14,28,42,Si,42Si,0+,16840.0,,0.015,chart,False,False,B-,"B-n?,B-2n?,B- = 100",2.0
14,29,43,Si,43Si,,24330.0,,0.013,chart,False,False,B-,"B-n?,B-2n?,B- = 100",2.0714285714285716
14,30,44,Si,44Si,0+,29310.0,,,none,False,False,B-,"B-n?,B-2n?,B- = 100",2.142857142857143
15,10,25,P,25P,(1/2+),20190.0,,3.8e-08,chart,False,False,OTHER,p = 100 ,0.6666666666666666
15,11,26,P,26P,(3)+,10973.0,,0.0436,chart,False,False,EC_BP,"EC2p = 1.99 0.29,EC+B+ = 100,ECp = 35.2 1.6",0.7333333333333333
15,12,27,P,27P,1/2+,-659.032,,0.26,chart,False,False,EC_BP,"ECp ~ 0.07 ,EC+B+ = 100",0.8
15,13,28,P,28P,3+,-7147.856,,0.2703,chart,False,False,EC_BP,"ECa = 0.00086 0.00025,EC+B+ = 100,ECp = 0.0013 0.0004",0.8666666666666667
15,14,29,P,29P,1/2+,-16952.849,,4.1022,chart,False,False,EC_BP,EC+B+ = 100 ,0.9333333333333333
15,15,30,P,30P,1+,-20200.856,,150.0,chart,False,False,EC_BP,EC+B+ = 100 ,1.0
15,16,31,P,31P,1/2+,-24440.54442,100.0,,none,True,False,STABLE,,1.0666666666666667
15,17,32,P,32P,1+,-24304.876,,1232668.8,chart,False,False,B-,B- = 100 ,1.1333333333333333
15,18,33,P,33P,1/2+,-26337.35,,2190240.0,chart,False,False,B-,B- = 100 ,1.2
15,19,34,P,34P,1+,-24548.702,,12.43,chart,False,False,B-,B- = 100 ,1.2666666666666666
15,20,35,P,35P,1/2+,-24857.809,,47.3,chart,False,False,B-,B- = 100 ,1.3333333333333333
15,21,36,P,36P,4-,-20251.045,,5.6,chart,False,False,B-,"B- = 100,B-n?",1.4
15,22,37,P,37P,(1/2+),-18996.012,,2.31,chart,False,False,B-,"B- = 100,B-n?",1.4666666666666666
15,23,38,P,38P,(2-),-14621.565,,0.64,chart,False,False,B-,"B- = 100,B-n = 12 5",1.5333333333333334
15,24,39,P,39P,(1/2+),-12774.636,,0.204,chart,False,False,B-,"B- = 100,B-n = 26 8",1.6
15,25,40,P,40P,(2-),-8139.189,,0.15,chart,False,False,B-,"B-n = 15.8 2.1,B-2n?,B- = 100",1.6666666666666667
15,26,41,P,41P,(1/2+),-4979.767,,0.101,chart,False,False,B-,"B-n = 30 10,B-2n?,B- = 100",1.7333333333333334
15,27,42,P,42P,,1091.842,,0.0485,chart,False,False,B-,"B-n = 50 20,B-2n?,B- = 100",1.8
15,28,43,P,43P,1/2+,5040.0,,0.0365,chart,False,False,B-,"B-n = 100,B-2n?,B- = 100",1.8666666666666667
15,29,44,P,44P,,11110.0,,0.0182,chart,False,False,B-,"B-n = 75 8,B-2n?,B- = 100",1.9333333333333333
15,30,45,P,45P,,15960.0,,0.024,chart,False,False,B-,"B-n?,B-2n?,B- = 100",2.0
15,31,46,P,46P,,22840.0,,,none,False,False,B-,"B-n?,B-2n?,B- = 100 ",2.066666666666667
15,32,47,P,47P,,28810.0,,,none,False,False,B-,"B-n?,B-2n?,B- = 100",2.1333333333333333
16,10,26,S,26S,0+,27680.0,,7.9e-08,chart,False,False,OTHER,p?,0.625
16,11,27,S,27S,(5/2+),17491.0,,0.0163,chart,False,False,EC_BP,"EC2p = 3 0.6,EC+B+ = 100 ,ECp = 61 3",0.6875
16,12,28,S,28S,0+,4073.203,,0.125,chart,False,False,EC_BP,"ECp = 20.7 2,EC+B+ = 100 ",0.75
16,13,29,S,29S,(5/2+),-3094.423,,0.188,chart,False,False,EC_BP,"ECp = 47 5,EC+B+ = 100",0.8125
16,14,30,S,30S,0+,-14059.254,,1.17976,chart,False,False,EC_BP,EC+B+ = 100 ,0.875
16,15,31,S,31S,1/2+,-19042.531,,2.5534,chart,False,False,EC_BP,EC+B+ = 100 ,0.9375
16,16,32,S,32S,0+,-26015.53714,94.85,,none,True,False,STABLE,,1.0
16,17,33,S,33S,3/2+,-26585.8583,0.763,,none,True,False,STABLE,,1.0625
16,18,34,S,34S,0+,-29931.689,4.365,,none,True,False,STABLE,,1.125
16,19,35,S,35S,3/2+,-28846.21,,7547039.999999999,chart,False,False,B-,B- = 100 ,1.1875
16,20,36,S,36S,0+,-30664.141,0.0158,,none,True,False,STABLE,,1.25
16,21,37,S,37S,7/2-,-26896.426,,303.0,chart,False,False,B-,B- = 100 ,1.3125
16,22,38,S,38S,0+,-26861.216,,10218.0,chart,False,False,B-,B- = 100 ,1.375
16,23,39,S,39S,(7/2)-,-23162.672,,11.5,chart,False,False,B-,B- = 100 ,1.4375
16,24,40,S,40S,0+,-22837.85,,8.8,chart,False,False,B-,B- = 100 ,1.5
16,25,41,S,41S,"(5/2-),(7/2-)",-19008.58,,2.6,chart,False,False,B-,"B- = 100,B-n?",1.5625
16,26,42,S,42S,0+,-17637.748,,1.016,chart,False,False,B-,"B- = 100,B-n = 1 ",1.625
16,27,43,S,43S,3/2-,-12195.461,,0.265,chart,False,False,B-,"B- = 100,B-n = 40 10",1.6875
16,28,44,S,44S,0+,-9204.236,,0.1245,chart,False,False,B-,"B- = 100,B-n = 29 6",1.75
16,29,45,S,45S,(3/2-),-3340.0,,0.068,chart,False,False,B-,"B-n = 54 10,B-2n?,B- = 100",1.8125
16,30,46,S,46S,0+,640.0,,0.05,chart,False,False,B-,"B-n?,B-2n?,B- = 100",1.875
16,31,47,S,47S,,7200.0,,,none,False,False,B-,"B-n?,B-2n?,B- = 100",1.9375
16,32,48,S,48S,0+,12390.0,,,none,False,False,B-,"B-n?,B-2n?,B- = 100",2.0
16,33,49,S,49S,,20391.0,,,none,False,False,B-,"B-n?,B-2n?,B- = 100",2.0625
17,11,28,Cl,28Cl,,28270.0,,,none,False,False,OTHER,p = 100,0.6470588235294118
17,12,29,Cl,29Cl,(1/2+),14022.0,,2e-08,chart,False,False,OTHER,p = 100,0.7058823529411765
17,13,30,Cl,30Cl,(3+),4674.548,,3.0000000000000004e-08,chart,False,False,OTHER,p = 100,0.7647058823529411
17,14,31,Cl,31Cl,3/2+,-7034.552,,0.19,chart,False,False,EC_BP,"ECp = 2.4 0.2,EC+B+ = 100 ",0.8235294117647058
17,15,32,Cl,32Cl,1+,-13334.706,,0.2991,chart,False,False,EC_BP,"ECa = 0.054 0.008,EC+B+ = 100 ,ECp = 0.026 0.005",0.8823529411764706
17,16,33,Cl,33Cl,3/2+,-21003.34,,2.506,chart,False,False,EC_BP,EC+B+ = 100 ,0.9411764705882353
17,17,34,Cl,34Cl,0+,-24440.086,,1.5265,chart,False,False,EC_BP,EC+B+ = 100 ,1.0
17,18,35,Cl,35Cl,3/2+,-29013.532,75.8,,none,True,False,STABLE,,1.0588235294117647
17,19,36,Cl,36Cl,2+,-29522.008,,9691812324000.0,chart,False,False,B-,"B- = 98.1 0.1,EC+B+ = 1.9 0.1",1.1176470588235294
17,20,37,Cl,37Cl,3/2+,-31761.552,24.2,,none,True,False,STABLE,,1.1764705882352942
17,21,38,Cl,38Cl,2-,-29798.116,,2234.16,chart,False,False,B-,B- = 100 ,1.2352941176470589
17,22,39,Cl,39Cl,3/2+,-29800.218,,3372.0,chart,False,False,B-,B- = 100 ,1.2941176470588236
17,23,40,Cl,40Cl,2-,-27557.818,,79.80000000000001,chart,False,False,B-,B- = 100 ,1.3529411764705883
17,24,41,Cl,41Cl,(1/2+),-27307.192,,38.4,chart,False,False,B-,B- = 100 ,1.411764705882353
17,25,42,Cl,42Cl,(2-),-24831.77,,6.8,chart,False,False,B-,"B- = 100 ,B-n?",1.4705882352941178
17,26,43,Cl,43Cl,(3/2+),-24159.51,,3.13,chart,False,False,B-,"B- = 100,B-n?",1.5294117647058822
17,27,44,Cl,44Cl,(2-),-20478.973,,0.542,chart,False,False,B-,"B- = 100,B-n = 8 ",1.588235294117647
17,28,45,Cl,45Cl,(3/2+),-18262.544,,0.413,chart,False,False,B-,"B- = 100,B-n = 24 4",1.6470588235294117
17,29,46,Cl,46Cl,,-13734.949,,0.232,chart,False,False,B-,"B-n = 60 9,B-2n?,B- = 100",1.7058823529411764
17,30,47,Cl,47Cl,"(1/2+),(3/2+)",-9580.0,,0.101,chart,False,False,B-,"B-n = 3 ,B-2n?,B- = 100",1.7647058823529411
17,31,48,Cl,48Cl,,-4280.0,,,none,False,False,B-,"B-n?,B-2n?,B- = 100",1.8235294117647058
17,32,49,Cl,49Cl,,740.0,,,none,False,False,B-,"B-n?,B-2n?,B- = 100",1.8823529411764706
17,33,50,Cl,50Cl,,7700.0,,,none,False,False,B-,"B-n?,B-2n?,B- = 100",1.9411764705882353
17,34,51,Cl,51Cl,,14290.0,,,none,False,False,B-,"B-n?,B-2n?,B- = 100",2.0
17,35,52,Cl,52Cl,,22360.0,,,none,False,False,B-,"B-n?,B-2n?,B- = 100",2.0588235294117645
18,11,29,Ar,29Ar,,37969.0,,,none,False,False,OTHER,2p = 100,0.6111111111111112
18,12,30,Ar,30Ar,0+,22071.0,,1e-11,chart,False,False,OTHER,2p = 100,0.6666666666666666
18,13,31,Ar,31Ar,5/2+,11325.0,,0.015,chart,False,False,EC_BP,"ECa = 0.03 ,2p = 0.0006 ,ECp = 68.3 0.3,EC2p = 8.9 0.2,ECap = 0.38 ,EC3p = 0.07 0.02,EC+B+ = 100",0.7222222222222222
18,14,32,Ar,32Ar,0+,-2200.352,,0.098,chart,False,False,EC_BP,"ECp = 35.58 0.22,EC+B+ = 100",0.7777777777777778
18,15,33,Ar,33Ar,1/2+,-9384.295,,0.173,chart,False,False,EC_BP,"ECp = 38.7 1,EC+B+ = 100 ",0.8333333333333334
18,16,34,Ar,34Ar,0+,-18378.293,,0.8464600000000001,chart,False,False,EC_BP,EC+B+ = 100 ,0.8888888888888888
18,17,35,Ar,35Ar,3/2+,-23047.289,,1.7754,chart,False,False,EC_BP,EC+B+ = 100 ,0.9444444444444444
18,18,36,Ar,36Ar,0+,-30231.542,0.3336,,none,True,False,STABLE,,1.0
18,19,37,Ar,37Ar,3/2+,-30947.679,,3024864.0,chart,False,False,EC_BP,EC = 100 ,1.0555555555555556
18,20,38,Ar,38Ar,0+,-34714.827,0.0629,,none,True,False,STABLE,,1.1111111111111112
18,21,39,Ar,39Ar,7/2-,-33242.195,,8457436800.0,chart,False,False,B-,B- = 100 ,1.1666666666666667
18,22,40,Ar,40Ar,0+,-35039.89997,99.6035,,none,True,False,STABLE,,1.2222222222222223
18,23,41,Ar,41Ar,7/2-,-33067.51,,6576.6,chart,False,False,B-,B- = 100 ,1.2777777777777777
18,24,42,Ar,42Ar,0+,-34422.678,,1038245040.0,chart,False,False,B-,B- = 100 ,1.3333333333333333
18,25,43,Ar,43Ar,5/2(-),-32009.811,,322.2,chart,False,False,B-,B- = 100 ,1.3888888888888888
18,26,44,Ar,44Ar,0+,-32673.26,,712.1999999999999,chart,False,False,B-,B- = 100 ,1.4444444444444444
18,27,45,Ar,45Ar,7/2-,-29770.801,,21.48,chart,False,False,B-,B- = 100 ,1.5
18,28,46,Ar,46Ar,0+,-29771.255,,8.4,chart,False,False,B-,B- = 100 ,1.5555555555555556
18,29,47,Ar,47Ar,3/2-,-25367.274,,1.23,chart,False,False,B-,"B- = 100,B-n = 0.2 ",1.6111111111111112
18,30,48,Ar,48Ar,0+,-22354.927,,0.416,chart,False,False,B-,"B- = 100,B-n = 38 6",1.6666666666666667
18,31,49,Ar,49Ar,,-17060.0,,0.236,chart,False,False,B-,"B-n = 29 6,B-2n?,B- = 100",1.7222222222222223
18,32,50,Ar,50Ar,0+,-13230.0,,0.105,chart,False,False,B-,"B-n = 37 7,B-2n?,B- = 100",1.7777777777777777
18,33,51,Ar,51Ar,,-6490.0,,,none,False,False,B-,"B-n?,B-2n?,B- = 100",1.8333333333333333
18,34,52,Ar,52Ar,0+,-1380.0,,,none,False,False,B-,"B-n?,B-2n?,B- = 100",1.8888888888888888
18,35,53,Ar,53Ar,,6791.0,,,none,False,False,B-,"B-n?,B-2n?,B- = 100",1.9444444444444444
18,36,54,Ar,54Ar,0+,12560.0,,,none,False,False,B-,"B-n?,B-2n?,B- = 100",2.0
19,12,31,K,31K,,34260.0,,1e-11,chart,False,False,OTHER,3p = 100,0.631578947368421
19,16,35,K,35K,(3/2)+,-11172.893,,0.178,chart,False,False,EC_BP,"ECp = 0.37 0.15,EC+B+ = 100 ",0.8421052631578947
19,17,36,K,36K,2+,-17417.182,,0.341,chart,False,False,EC_BP,"ECa = 0.0034 0.0013,EC+B+ = 100 ,ECp = 0.048 0.014",0.8947368421052632
19,18,37,K,37K,3/2+,-24800.201,,1.23647,chart,False,False,EC_BP,EC+B+ = 100 ,0.9473684210526315
19,19,38,K,38K,3+,-28800.76,,458.7,chart,False,False,EC_BP,EC+B+ = 100 ,1.0
19,20,39,K,39K,3/2+,-33807.19535,93.2581,,none,True,False,STABLE,,1.0526315789473684
19,21,40,K,40K,4-,-33535.497,0.0117,3.93838848e+16,chart,False,False,B-,"B- = 89.28 0.11,EC+B+ = 10.72 0.11",1.105263157894737
19,22,41,K,41K,3/2+,-35559.5488,6.7302,,none,True,False,STABLE,,1.1578947368421053
19,23,42,K,42K,2-,-35022.031,,44492.4,chart,False,False,B-,B- = 100 ,1.2105263157894737
19,24,43,K,43K,3/2+,-36575.394,,80208.0,chart,False,False,B-,B- = 100 ,1.263157894736842
19,25,44,K,44K,2-,-35781.498,,1327.8,chart,False,False,B-,B- = 100 ,1.3157894736842106
19,26,45,K,45K,3/2+,-36615.643,,1067.4,chart,False,False,B-,B- = 100 ,1.368421052631579
19,27,46,K,46K,2-,-35413.929,,96.31,chart,False,False,B-,B- = 100 ,1.4210526315789473
19,28,47,K,47K,1/2+,-35711.982,,17.38,chart,False,False,B-,B- = 100 ,1.4736842105263157
19,29,48,K,48K,1(-),-32284.482,,6.8,chart,False,False,B-,"B- = 100,B-n = 1.14 0.15",1.5263157894736843
19,30,49,K,49K,1/2+,-29611.496,,1.26,chart,False,False,B-,"B- = 100,B-n = 86 9",1.5789473684210527
19,31,50,K,50K,0(-),-25727.853,,0.472,chart,False,False,B-,"B-n = 29 3,B-2n?,B- = 100",1.631578947368421
19,32,51,K,51K,3/2+,-22515.457,,0.365,chart,False,False,B-,"B-n = 65 6,B-2n?,B- = 100",1.6842105263157894
19,33,52,K,52K,2-,-17137.628,,0.11,chart,False,False,B-,"B-n = 74 9,B-2n = 2.3 0.3,B- = 100",1.736842105263158
19,34,53,K,53K,(3/2+),-12295.722,,0.03,chart,False,False,B-,"B-n = 75 10,B-2n = 10 ,B- = 100",1.7894736842105263
19,35,54,K,54K,,-5150.0,,0.01,chart,False,False,B-,"B-n?,B-2n?,B- = 100",1.8421052631578947
19,36,55,K,55K,,470.0,,,none,False,False,B-,"B-n?,B-2n?,B- = 100",1.894736842105263
19,37,56,K,56K,,7980.0,,,none,False,False,B-,"B-n?,B-2n?,B- = 100",1.9473684210526316
19,38,57,K,57K,,14130.0,,,none,False,False,B-,"B-n?,B-2n?,B- = 100",2.0
19,40,59,K,59K,,28750.0,,,none,False,False,B-,"B-n?,B-2n?,B- = 100",2.1052631578947367
20,15,35,Ca,35Ca,(1/2+),5190.0,,0.0257,chart,False,False,EC_BP,"EC2p = 4.1 0.6,EC+B+ = 100 ,ECp = 95.9 1.4",0.75
20,16,36,Ca,36Ca,0+,-6451.166,,0.1008,chart,False,False,EC_BP,"ECp = 51.2 1,EC+B+ = 100 ",0.8
20,17,37,Ca,37Ca,(3/2+),-13136.07,,0.181,chart,False,False,EC_BP,"ECp = 72 1.6,EC+B+ = 100",0.85
20,18,38,Ca,38Ca,0+,-22058.503,,0.44377,chart,False,False,EC_BP,EC+B+ = 100 ,0.9
20,19,39,Ca,39Ca,3/2+,-27282.707,,0.8603,chart,False,False,EC_BP,EC+B+ = 100 ,0.95
20,20,40,Ca,40Ca,0+,-34846.402,96.941,,none,True,False,STABLE,,1.0
20,21,41,Ca,41Ca,7/2-,-35137.908,,3136825440000.0,chart,False,False,EC_BP,EC = 100 ,1.05
20,22,42,Ca,42Ca,0+,-38547.293,0.647,,none,True,False,STABLE,,1.1
20,23,43,Ca,43Ca,7/2-,-38408.873,0.135,,none,True,False,STABLE,,1.15
20,24,44,Ca,44Ca,0+,-41468.73,2.086,,none,True,False,STABLE,,1.2
20,25,45,Ca,45Ca,7/2-,-40812.23,,14049504.000000002,chart,False,False,B-,B- = 100 ,1.25
20,26,46,Ca,46Ca,0+,-43139.61,0.004,,none,True,False,STABLE,,1.3
20,27,47,Ca,47Ca,7/2-,-42344.665,,391910.4,chart,False,False,B-,B- = 100 ,1.35
20,28,48,Ca,48Ca,0+,-44224.868,0.187,1.7672256e+27,chart,False,False,B-,"B-?,2B- = 0 ",1.4
20,29,49,Ca,49Ca,3/2-,-41300.003,,523.08,chart,False,False,B-,B- = 100 ,1.45
20,30,50,Ca,50Ca,0+,-39589.23,,13.45,chart,False,False,B-,B- = 100 ,1.5
20,31,51,Ca,51Ca,3/2(-),-36332.31,,10.0,chart,False,False,B-,"B- = 100,B-n?",1.55
20,32,52,Ca,52Ca,0+,-34266.272,,4.6,chart,False,False,B-,"B- = 100,B-n = 2 ",1.6
20,33,53,Ca,53Ca,(1/2-),-29387.707,,0.461,chart,False,False,B-,"B- = 100,B-n = 40 10",1.65
20,34,54,Ca,54Ca,0+,-25160.587,,0.09,chart,False,False,B-,"B- = 100,B-n?",1.7
20,35,55,Ca,55Ca,,-18650.375,,0.022,chart,False,False,B-,"B-n?,B-2n?,B- = 100",1.75
20,36,56,Ca,56Ca,0+,-13510.39,,0.011,chart,False,False,B-,"B-n?,B-2n?,B- = 100",1.8
20,37,57,Ca,57Ca,,-6560.0,,,none,False,False,B-,"B-n?,B-2n?,B- = 100",1.85
20,38,58,Ca,58Ca,0+,-1530.0,,,none,False,False,B-,"B-n?,B-2n?,B- = 100",1.9
20,39,59,Ca,59Ca,,5810.0,,,none,False,False,B-,"B-n?,B-2n?,B- = 100",1.95
20,40,60,Ca,60Ca,0+,11000.0,,,none,False,False,B-,"B-n?,B-2n?,B- = 100",2.0
21,18,39,Sc,39Sc,,-14172.726,,,none,False,False,OTHER,p = 100,0.8571428571428571
21,19,40,Sc,40Sc,4-,-20523.353,,0.1824,chart,False,False,EC_BP,"ECa = 0.017 0.005,EC+B+ = 100 ,ECp = 0.44 0.07",0.9047619047619048
21,20,41,Sc,41Sc,7/2-,-28642.36,,0.5962999999999999,chart,False,False,EC_BP,EC+B+ = 100 ,0.9523809523809523
21,21,42,Sc,42Sc,0+,-32121.003,,0.68079,chart,False,False,EC_BP,EC+B+ = 100 ,1.0
21,22,43,Sc,43Sc,7/2-,-36188.15,,14007.6,chart,False,False,EC_BP,EC+B+ = 100 ,1.0476190476190477
21,23,44,Sc,44Sc,2+,-37816.035,,14551.2,chart,False,False,EC_BP,EC+B+ = 100 ,1.0952380952380953
21,24,45,Sc,45Sc,7/2-,-41072.321,100.0,,none,True,False,STABLE,,1.1428571428571428
21,25,46,Sc,46Sc,4+,-41761.643,,7241011.2,chart,False,False,B-,B- = 100 ,1.1904761904761905
21,26,47,Sc,47Sc,7/2-,-44336.842,,289362.24,chart,False,False,B-,B- = 100 ,1.2380952380952381
21,27,48,Sc,48Sc,6+,-44504.083,,157356.0,chart,False,False,B-,B- = 100 ,1.2857142857142858
21,28,49,Sc,49Sc,7/2-,-46562.447,,3432.0,chart,False,False,B-,B- = 100 ,1.3333333333333333
21,29,50,Sc,50Sc,5+,-44537.12,,102.5,chart,False,False,B-,B- = 100,1.380952380952381
21,30,51,Sc,51Sc,(7/2)-,-43250.353,,12.5,chart,False,False,B-,"B- = 100,B-n?",1.4285714285714286
21,31,52,Sc,52Sc,3(+),-40523.56,,8.2,chart,False,False,B-,"B- = 100,B-n?",1.4761904761904763
21,32,53,Sc,53Sc,(7/2-),-38769.555,,2.4,chart,False,False,B-,"B- = 100,B-n?",1.5238095238095237
21,33,54,Sc,54Sc,(3)+,-34437.934,,0.526,chart,False,False,B-,"B- = 100,B-n = 16 9",1.5714285714285714
21,34,55,Sc,55Sc,(7/2-),-30842.108,,0.092,chart,False,False,B-,"B- = 100,B-n = 17 7",1.619047619047619
21,35,56,Sc,56Sc,(1+),-25515.848,,0.026,chart,False,False,B-,"B-n?,B-2n?,B- = 100",1.6666666666666667
21,36,57,Sc,57Sc,,-21379.653,,0.02,chart,False,False,B-,"B-n?,B-2n?,B- = 100",1.7142857142857142
21,37,58,Sc,58Sc,,-15479.569,,0.012,chart,False,False,B-,"B-n?,B-2n?,B- = 100",1.7619047619047619
21,38,59,Sc,59Sc,,-10829.55,,,none,False,False,B-,"B-n?,B-2n?,B- = 100",1.8095238095238095
21,39,60,Sc,60Sc,,-4550.0,,,none,False,False,B-,"B-n?,B-2n?,B- = 100",1.8571428571428572
21,40,61,Sc,61Sc,,500.0,,,none,False,False,B-,"B-n?,B-2n?,B- = 100",1.9047619047619047
21,41,62,Sc,62Sc,,7310.0,,,none,False,False,B-,"B-n?,B-2n?,B- = 100",1.9523809523809523
22,17,39,Ti,39Ti,,2500.0,,0.0285,chart,False,False,EC_BP,"EC2p = 0 ,EC+B+ = 100,ECp = 93.7 2.8",0.7727272727272727
22,18,40,Ti,40Ti,0+,-8993.439,,0.0524,chart,False,False,EC_BP,"ECp = 95.8 1.3,EC+B+ = 100 ",0.8181818181818182
22,19,41,Ti,41Ti,3/2+,-15697.539,,0.0819,chart,False,False,EC_BP,"ECp ~ 100 ,EC+B+ = 100",0.8636363636363636
22,20,42,Ti,42Ti,0+,-25104.353,,0.20834,chart,False,False,EC_BP,EC+B+ = 100 ,0.9090909090909091
22,21,43,Ti,43Ti,7/2-,-29315.591,,0.509,chart,False,False,EC_BP,"ECp?,EC+B+ = 100 ",0.9545454545454546
22,22,44,Ti,44Ti,0+,-37548.586,,1865054160.0,chart,False,False,EC_BP,EC = 100 ,1.0
22,23,45,Ti,45Ti,7/2-,-39010.266,,11088.0,chart,False,False,EC_BP,EC+B+ = 100 ,1.0454545454545454
22,24,46,Ti,46Ti,0+,-44128.269,8.25,,none,True,False,STABLE,,1.0909090909090908
22,25,47,Ti,47Ti,5/2-,-44937.612,7.44,,none,True,False,STABLE,,1.1363636363636365
22,26,48,Ti,48Ti,0+,-48492.952,73.72,,none,True,False,STABLE,,1.1818181818181819
22,27,49,Ti,49Ti,7/2-,-48564.012,5.41,,none,True,False,STABLE,,1.2272727272727273
22,28,50,Ti,50Ti,0+,-51431.867,5.18,,none,True,False,STABLE,,1.2727272727272727
22,29,51,Ti,51Ti,3/2-,-49732.965,,345.36,chart,False,False,B-,B- = 100,1.3181818181818181
22,30,52,Ti,52Ti,0+,-49477.698,,102.0,chart,False,False,B-,B- = 100,1.3636363636363635
22,31,53,Ti,53Ti,3/2-,-46881.433,,32.7,chart,False,False,B-,B- = 100,1.4090909090909092
22,32,54,Ti,54Ti,0+,-45743.812,,1.6,chart,False,False,B-,B- = 100,1.4545454545454546
22,33,55,Ti,55Ti,(1/2)-,-41832.469,,1.3,chart,False,False,B-,B- = 100,1.5
22,34,56,Ti,56Ti,0+,-39422.995,,0.199,chart,False,False,B-,"B- = 100,B-n?",1.5454545454545454
22,35,57,Ti,57Ti,,-34401.848,,0.094,chart,False,False,B-,"B- = 100,B-n?",1.5909090909090908
22,36,58,Ti,58Ti,0+,-30917.668,,0.055,chart,False,False,B-,"B- = 100,B-n?",1.6363636363636365
22,37,59,Ti,59Ti,,-25880.0,,0.0285,chart,False,False,B-,"B-n?,B-2n?,B- = 100",1.6818181818181819
22,38,60,Ti,60Ti,0+,-22099.698,,0.0222,chart,False,False,B-,"B-n?,B-2n?,B- = 100",1.7272727272727273
22,39,61,Ti,61Ti,,-16370.0,,0.015,chart,False,False,B-,"B-n?,B-2n?,B- = 100",1.7727272727272727
22,40,62,Ti,62Ti,0+,-12200.0,,,none,False,False,B-,"B-n?,B-2n?,B- = 100",1.8181818181818181
22,41,63,Ti,63Ti,,-5860.0,,,none,False,False,B-,"B-n?,B-2n?,B- = 100",1.8636363636363635
22,42,64,Ti,64Ti,0+,-1480.0,,,none,False,False,B-,"B-n?,B-2n?,B- = 100",1.9090909090909092
23,19,42,V,42V,,-7620.0,,,none,False,False,OTHER,p?,0.8260869565217391
23,20,43,V,43V,,-17916.358,,0.0793,chart,False,False,EC_BP,"ECp?,EC+B+ = 100 ",0.8695652173913043
23,21,44,V,44V,2+,-23808.079,,0.111,chart,False,False,EC_BP,"ECa?,EC+B+ = 100,ECp?",0.9130434782608695
23,22,45,V,45V,7/2-,-31886.441,,0.546,chart,False,False,EC_BP,EC+B+ = 100 ,0.9565217391304348
23,23,46,V,46V,0+,-37075.897,,0.42262,chart,False,False,EC_BP,EC+B+ = 100 ,1.0
23,24,47,V,47V,3/2-,-42007.07,,1956.0,chart,False,False,EC_BP,EC+B+ = 100 ,1.0434782608695652
23,25,48,V,48V,4+,-44478.005,,1380153.6,chart,False,False,EC_BP,EC+B+ = 100 ,1.0869565217391304
23,26,49,V,49V,7/2-,-47962.157,,28512000.0,chart,False,False,EC_BP,EC = 100 ,1.1304347826086956
23,27,50,V,50V,6+,-49223.24,0.25,8.465611560835857e+24,chart,False,False,EC_BP,"B- = 1.4 ,EC+B+ = 98.6 ",1.173913043478261
23,28,51,V,51V,7/2-,-52203.105,99.75,,none,True,False,STABLE,,1.2173913043478262
23,29,52,V,52V,3+,-51443.032,,224.58,chart,False,False,B-,B- = 100,1.2608695652173914
23,30,53,V,53V,7/2-,-51851.675,,92.22,chart,False,False,B-,B- = 100,1.3043478260869565
23,31,54,V,54V,3+,-49898.267,,49.8,chart,False,False,B-,B- = 100,1.3478260869565217
23,32,55,V,55V,(7/2-),-49125.136,,6.54,chart,False,False,B-,B- = 100,1.391304347826087
23,33,56,V,56V,1+,-46183.401,,0.218,chart,False,False,B-,"B- = 100,B-n?",1.434782608695652
23,34,57,V,57V,,-44435.063,,0.347,chart,False,False,B-,"B- = 100,B-n?",1.4782608695652173
23,35,58,V,58V,,-40430.584,,0.192,chart,False,False,B-,"B- = 100,B-n?",1.5217391304347827
23,36,59,V,59V,,-37610.617,,0.096,chart,False,False,B-,"B- = 100,B-n = 3 ",1.565217391304348
23,37,60,V,60V,,-33087.402,,0.122,chart,False,False,B-,"B-n?,B-2n?,B- = 100",1.608695652173913
23,38,61,V,61V,(3/2-),-30177.121,,0.0482,chart,False,False,B-,"B-n = 14.5 2,B-2n?,B- = 100",1.6521739130434783
23,39,62,V,62V,,-25213.164,,0.0336,chart,False,False,B-,"B-n?,B-2n?,B- = 100",1.6956521739130435
23,40,63,V,63V,"(3/2-),(5/2-)",-21740.141,,0.0196,chart,False,False,B-,"B- = 100,B-n = 35 ",1.7391304347826086
23,41,64,V,64V,"(1),(2)",-16320.0,,0.015,chart,False,False,B-,"B-n?,B-2n?,B- = 100",1.7826086956521738
23,42,65,V,65V,,-12110.0,,,none,False,False,B-,"B-n?,B-2n?,B- = 100",1.826086956521739
23,43,66,V,66V,,-6300.0,,,none,False,False,B-,"B-n?,B-2n?,B- = 100",1.8695652173913044
23,44,67,V,67V,,-1744.0,,,none,False,False,B-,"B-n?,B-2n?,B- = 100",1.9130434782608696
24,18,42,Cr,42Cr,0+,7060.0,,0.0133,chart,False,False,EC_BP,"2p?,EC+B+ = 100,ECp = 94.4 5",0.75
24,19,43,Cr,43Cr,(3/2+),-1970.0,,0.0211,chart,False,False,EC_BP,"EC+B+ = 100,ECp = 79.3 3,EC3p = 0.13 +0.18-0.08,EC2p = 11.6 1",0.7916666666666666
24,20,44,Cr,44Cr,0+,-13421.899,,0.0428,chart,False,False,EC_BP,"ECp = 12 2,EC+B+ = 100",0.8333333333333334
24,21,45,Cr,45Cr,(7/2-),-19514.801,,0.0609,chart,False,False,EC_BP,"ECp = 34.4 0.8,EC+B+ = 100",0.875
24,22,46,Cr,46Cr,0+,-29471.57,,0.2443,chart,False,False,EC_BP,EC+B+ = 100 ,0.9166666666666666
24,23,47,Cr,47Cr,3/2-,-34563.093,,0.4606,chart,False,False,EC_BP,EC+B+ = 100 ,0.9583333333333334
24,24,48,Cr,48Cr,0+,-42821.313,,77616.0,chart,False,False,EC_BP,EC+B+ = 100 ,1.0
24,25,49,Cr,49Cr,5/2-,-45332.352,,2538.0,chart,False,False,EC_BP,EC+B+ = 100 ,1.0416666666666667
24,26,50,Cr,50Cr,0+,-50261.364,4.345,,none,True,False,STABLE,,1.0833333333333333
24,27,51,Cr,51Cr,7/2-,-51450.715,,2393314.56,chart,False,False,EC_BP,EC = 100,1.125
24,28,52,Cr,52Cr,0+,-55419.508,83.789,,none,True,False,STABLE,,1.1666666666666667
24,29,53,Cr,53Cr,3/2-,-55287.618,9.501,,none,True,False,STABLE,,1.2083333333333333
24,30,54,Cr,54Cr,0+,-56935.379,2.365,,none,True,False,STABLE,,1.25
24,31,55,Cr,55Cr,3/2-,-55110.324,,209.88,chart,False,False,B-,B- = 100,1.2916666666666667
24,32,56,Cr,56Cr,0+,-55285.128,,356.40000000000003,chart,False,False,B-,B- = 100,1.3333333333333333
24,33,57,Cr,57Cr,3/2-,-52524.985,,21.1,chart,False,False,B-,B- = 100,1.375
24,34,58,Cr,58Cr,0+,-51991.808,,7.0,chart,False,False,B-,B- = 100,1.4166666666666667
24,35,59,Cr,59Cr,(1/2-),-48115.931,,1.05,chart,False,False,B-,B- = 100,1.4583333333333333
24,36,60,Cr,60Cr,0+,-46908.5,,0.49,chart,False,False,B-,"B- = 100,B-n?",1.5
24,37,61,Cr,61Cr,(3/2-),-42496.502,,0.243,chart,False,False,B-,"B- = 100,B-n?",1.5416666666666667
24,38,62,Cr,62Cr,0+,-40852.611,,0.206,chart,False,False,B-,"B- = 100,B-n?",1.5833333333333333
24,39,63,Cr,63Cr,,-36178.299,,0.129,chart,False,False,B-,"B- = 100,B-n?",1.625
24,40,64,Cr,64Cr,0+,-33639.978,,0.043,chart,False,False,B-,"B- = 100,B-n?",1.6666666666666667
24,41,65,Cr,65Cr,,-28310.0,,0.028,chart,False,False,B-,"B-n?,B-2n?,B- = 100",1.7083333333333333
24,42,66,Cr,66Cr,0+,-25140.0,,0.024,chart,False,False,B-,"B-n?,B-2n?,B- = 100",1.75
24,43,67,Cr,67Cr,,-19270.0,,,none,False,False,B-,"B-n?,B-2n?,B- = 100",1.7916666666666667
24,44,68,Cr,68Cr,0+,-15690.0,,,none,False,False,B-,"B-n?,B-2n?,B- = 100",1.8333333333333333
24,45,69,Cr,69Cr,,-9630.0,,,none,False,False,B-,"B-n?,B-2n?,B- = 100",1.875
24,46,70,Cr,70Cr,0+,-5640.0,,,none,False,False,B-,"B-n?,B-2n?,B- = 100",1.9166666666666667
25,19,44,Mn,44Mn,,7460.0,,1.05e-07,chart,False,False,OTHER,p?,0.76
25,21,46,Mn,46Mn,(4+),-12417.748,,0.0362,chart,False,False,EC_BP,"ECp = 57 0.8,EC+B+ = 100",0.84
25,22,47,Mn,47Mn,(5/2-),-22566.376,,0.088,chart,False,False,EC_BP,"ECp = 1.7 ,EC+B+ = 100",0.88
25,23,48,Mn,48Mn,4+,-29296.644,,0.1576999999999999,chart,False,False,EC_BP,"ECa = 0.0006 ,EC+B+ = 100,ECp = 0.28 0.04",0.92
25,24,49,Mn,49Mn,5/2-,-37619.925,,0.3821,chart,False,False,EC_BP,EC+B+ = 100 ,0.96
25,25,50,Mn,50Mn,0+,-42626.886,,0.28319,chart,False,False,EC_BP,EC+B+ = 100,1.0
25,26,51,Mn,51Mn,5/2-,-48243.225,,2750.4,chart,False,False,EC_BP,EC+B+ = 100,1.04
25,27,52,Mn,52Mn,6+,-50711.387,,483062.4,chart,False,False,EC_BP,EC+B+ = 100,1.08
25,28,53,Mn,53Mn,7/2-,-54690.35,,114238512000000.0,chart,False,False,EC_BP,EC = 100,1.12
25,29,54,Mn,54Mn,3+,-55558.247,,26965440.000000004,chart,False,False,EC_BP,"B- = 0.000093,EC+B+ = 99.999907",1.16
25,30,55,Mn,55Mn,5/2-,-57712.542,100.0,,none,True,False,STABLE,,1.2
25,31,56,Mn,56Mn,3+,-56911.666,,9283.68,chart,False,False,B-,B- = 100,1.24
25,32,57,Mn,57Mn,5/2-,-57486.279,,85.4,chart,False,False,B-,B- = 100,1.28
25,33,58,Mn,58Mn,1+,-55827.568,,3.0,chart,False,False,B-,B- = 100,1.32
25,34,59,Mn,59Mn,5/2-,-55525.328,,4.59,chart,False,False,B-,B- = 100,1.36
25,35,60,Mn,60Mn,1+,-52967.946,,0.28,chart,False,False,B-,B- = 100,1.4
25,36,61,Mn,61Mn,(5/2-),-51742.13,,0.709,chart,False,False,B-,"B- = 100,B-n = 0.2 ",1.44
25,37,62,Mn,62Mn,1+,-48523.965,,0.092,chart,False,False,B-,"B- = 100,B-n?",1.48
25,38,63,Mn,63Mn,5/2(-),-46887.061,,0.277,chart,False,False,B-,"B- = 100,B-n?",1.52
25,39,64,Mn,64Mn,1(+),-42989.04,,0.09,chart,False,False,B-,"B- = 100,B-n = 2.7 0.6",1.56
25,40,65,Mn,65Mn,(5/2-),-40967.344,,0.0917,chart,False,False,B-,"B- = 100,B-n = 7.9 1.2",1.6
25,41,66,Mn,66Mn,"(1+),(2+)",-36750.392,,0.0639,chart,False,False,B-,"B-n = 7.3 +1.4-1.1,B-2n?,B- = 100",1.64
25,42,67,Mn,67Mn,,-33580.0,,0.047,chart,False,False,B-,"B-n = 5 ,B-2n?,B- = 100",1.68
25,43,68,Mn,68Mn,,-28920.0,,0.0339,chart,False,False,B-,"B-n = 18 10,B-2n?,B- = 100",1.72
25,44,69,Mn,69Mn,,-25360.0,,0.0221,chart,False,False,B-,"B-n = 40 20,B-2n?,B- = 100",1.76
25,45,70,Mn,70Mn,,-20450.0,,0.0198999999999999,chart,False,False,B-,"B-n?,B-2n?,B- = 100",1.8
25,46,71,Mn,71Mn,,-16620.0,,,none,False,False,B-,"B-n?,B-2n?,B- = 100",1.84
25,47,72,Mn,72Mn,,-11170.0,,,none,False,False,B-,"B-n?,B-2n?,B- = 100",1.88
25,48,73,Mn,73Mn,,-6700.0,,,none,False,False,B-,"B-n?,B-2n?,B- = 100",1.92
26,19,45,Fe,45Fe,(3/2+),14408.0,,0.0026,chart,False,False,OTHER,"EC+B+ = 30 4,EC2p = 8 2,EC3p = 3 2,ECp = 19 5,2p = 70 4",0.7307692307692307
26,20,46,Fe,46Fe,0+,1210.0,,0.0139,chart,False,False,EC_BP,"EC2p = 1 ,EC+B+ = 100,ECp = 72.4 6.4",0.7692307692307693
26,21,47,Fe,47Fe,(7/2-),-7130.0,,0.0219,chart,False,False,EC_BP,"ECp = 88.4 0.9,EC+B+ = 100",0.8076923076923077
26,22,48,Fe,48Fe,0+,-18008.575,,0.0455,chart,False,False,EC_BP,"ECp = 15.3 0.7,EC+B+ = 100",0.8461538461538461
26,23,49,Fe,49Fe,(7/2-),-24750.73,,0.0647,chart,False,False,EC_BP,"ECp = 56.7 0.4,EC+B+ = 100",0.8846153846153846
26,24,50,Fe,50Fe,0+,-34476.46,,0.152,chart,False,False,EC_BP,"ECp ~ 0 ,EC+B+ = 100",0.9230769230769231
26,25,51,Fe,51Fe,5/2-,-40189.185,,0.305,chart,False,False,EC_BP,EC+B+ = 100,0.9615384615384616
26,26,52,Fe,52Fe,0+,-48332.095,,29782.8,chart,False,False,EC_BP,EC+B+ = 100,1.0
26,27,53,Fe,53Fe,7/2-,-50947.483,,510.6,chart,False,False,EC_BP,EC+B+ = 100 ,1.0384615384615385
26,28,54,Fe,54Fe,0+,-56254.615,5.845,,none,True,False,STABLE,,1.0769230769230769
26,29,55,Fe,55Fe,3/2-,-57481.422,,86972745.6,chart,False,False,EC_BP,EC = 100,1.1153846153846154
26,30,56,Fe,56Fe,0+,-60607.163,91.754,,none,True,False,STABLE,,1.1538461538461537
26,31,57,Fe,57Fe,1/2-,-60182.017,2.119,,none,True,False,STABLE,,1.1923076923076923
26,32,58,Fe,58Fe,0+,-62155.271,0.282,,none,True,False,STABLE,,1.2307692307692308
26,33,59,Fe,59Fe,3/2-,-60664.957,,3844368.0,chart,False,False,B-,B- = 100,1.2692307692307692
26,34,60,Fe,60Fe,0+,-61413.174,,82348894490400.0,chart,False,False,B-,B- = 100,1.3076923076923077
26,35,61,Fe,61Fe,(3/2-),-58920.503,,361.8,chart,False,False,B-,B- = 100,1.3461538461538463
26,36,62,Fe,62Fe,0+,-58878.057,,68.0,chart,False,False,B-,B- = 100,1.3846153846153846
26,37,63,Fe,63Fe,(5/2-),-55635.629,,6.1,chart,False,False,B-,B- = 100,1.4230769230769231
26,38,64,Fe,64Fe,0+,-54969.552,,2.0,chart,False,False,B-,B- = 100,1.4615384615384615
26,39,65,Fe,65Fe,(1/2-),-51217.902,,0.803,chart,False,False,B-,"B- = 100,B-n?",1.5
26,40,66,Fe,66Fe,0+,-50067.847,,0.472,chart,False,False,B-,"B- = 100,B-n?",1.5384615384615385
26,41,67,Fe,67Fe,,-45708.416,,0.398,chart,False,False,B-,"B- = 100,B-n?",1.5769230769230769
26,42,68,Fe,68Fe,0+,-43897.0,,0.186,chart,False,False,B-,"B- = 100,B-n?",1.6153846153846154
26,43,69,Fe,69Fe,(1/2-),-39199.0,,0.162,chart,False,False,B-,"B- = 100,B-n?",1.6538461538461537
26,44,70,Fe,70Fe,0+,-36890.0,,0.0615,chart,False,False,B-,"B- = 100,B-n?",1.6923076923076923
26,45,71,Fe,71Fe,,-31930.0,,0.034,chart,False,False,B-,"B-n?,B-2n?,B- = 100",1.7307692307692308
26,46,72,Fe,72Fe,0+,-29250.0,,0.019,chart,False,False,B-,"B-n?,B-2n?,B- = 100",1.7692307692307692
26,47,73,Fe,73Fe,,-23990.0,,0.0129,chart,False,False,B-,"B-n?,B-2n?,B- = 100",1.8076923076923077
26,48,74,Fe,74Fe,0+,-20660.0,,0.0081999999999999,chart,False,False,B-,"B-n?,B-2n?,B- = 100",1.8461538461538463
26,49,75,Fe,75Fe,,-14700.0,,,none,False,False,B-,"B-n?,B-2n?,B- = 100",1.8846153846153846
26,50,76,Fe,76Fe,0+,-10590.0,,,none,False,False,B-,"B-n?,B-2n?,B- = 100",1.9230769230769231
27,23,50,Co,50Co,(6+),-17589.403,,0.0388,chart,False,False,EC_BP,"ECp = 70.5 0.7,EC+B+ = 100",0.8518518518518519
27,24,51,Co,51Co,7/2-,-27342.146,,0.0688,chart,False,False,EC_BP,"ECp = 3.8 ,EC+B+ = 100",0.8888888888888888
27,25,52,Co,52Co,(6+),-34343.979,,0.111,chart,False,False,EC_BP,"ECp?,EC+B+ = 100",0.9259259259259259
27,26,53,Co,53Co,(7/2-),-42659.376,,0.244,chart,False,False,EC_BP,EC+B+ = 100 ,0.9629629629629629
27,27,54,Co,54Co,0+,-48010.068,,0.19327,chart,False,False,EC_BP,EC+B+ = 100,1.0
27,28,55,Co,55Co,7/2-,-54029.996,,63108.00000000001,chart,False,False,EC_BP,EC+B+ = 100,1.037037037037037
27,29,56,Co,56Co,4+,-56040.518,,6673190.4,chart,False,False,EC_BP,EC+B+ = 100,1.0740740740740742
27,30,57,Co,57Co,7/2-,-59345.658,,23483520.0,chart,False,False,EC_BP,EC = 100,1.1111111111111112
27,31,58,Co,58Co,2+,-59847.292,,6124291.199999999,chart,False,False,EC_BP,EC+B+ = 100,1.1481481481481481
27,32,59,Co,59Co,7/2-,-62229.838,100.0,,none,True,False,STABLE,,1.1851851851851851
27,33,60,Co,60Co,5+,-61650.437,,166340109.6,chart,False,False,B-,B- = 100,1.2222222222222223
27,34,61,Co,61Co,7/2-,-62898.179,,5940.0,chart,False,False,B-,B- = 100,1.2592592592592593
27,35,62,Co,62Co,(2)+,-61424.399,,90.6,chart,False,False,B-,B- = 100,1.2962962962962963
27,36,63,Co,63Co,7/2-,-61851.553,,26.9,chart,False,False,B-,B- = 100,1.3333333333333333
27,37,64,Co,64Co,1+,-59792.442,,0.3,chart,False,False,B-,B- = 100,1.3703703703703705
27,38,65,Co,65Co,(7/2)-,-59185.205,,1.16,chart,False,False,B-,B- = 100,1.4074074074074074
27,39,66,Co,66Co,(1+),-56408.541,,0.2,chart,False,False,B-,"B- = 100,B-n?",1.4444444444444444
27,40,67,Co,67Co,(7/2-),-55321.783,,0.329,chart,False,False,B-,"B- = 100,B-n?",1.4814814814814814
27,41,68,Co,68Co,(7-),-51642.591,,0.222,chart,False,False,B-,"B- = 100,B-n?",1.5185185185185186
27,42,69,Co,69Co,(7/2-),-50385.447,,0.21,chart,False,False,B-,"B- = 100,B-n?",1.5555555555555556
27,43,70,Co,70Co,"(6-),(7-)",-46524.963,,0.114,chart,False,False,B-,"B-n?,B-2n?,B- = 100",1.5925925925925926
27,44,71,Co,71Co,(7/2-),-44369.93,,0.08,chart,False,False,B-,"B- = 100,B-n ~ 16 ",1.6296296296296295
27,45,72,Co,72Co,"(6-),(7-)",-40300.0,,0.0519,chart,False,False,B-,"B-n = 6 ,B-2n?,B- = 100",1.6666666666666667
27,46,73,Co,73Co,(7/2-),-37970.0,,0.042,chart,False,False,B-,"B-n = 6 3,B-2n?,B- = 100",1.7037037037037037
27,47,74,Co,74Co,,-33540.0,,0.0313,chart,False,False,B-,"B-n = 18 15,B-2n?,B- = 100",1.7407407407407407
27,48,75,Co,75Co,,-30560.0,,0.0265,chart,False,False,B-,"B-n = 15 ,B-2n?,B- = 100",1.7777777777777777
27,49,76,Co,76Co,(1-),-25660.0,,0.016,chart,False,False,B-,"B-n?,B-2n?,B- = 100",1.8148148148148149
27,50,77,Co,77Co,,-21910.0,,0.013,chart,False,False,B-,"B-n?,B-2n?,B- = 100",1.8518518518518519
27,51,78,Co,78Co,,-15320.0,,,none,False,False,B-,"B-n?,B-2n?,B- = 100",1.8888888888888888
28,20,48,Ni,48Ni,0+,18178.0,,0.0021,chart,False,False,OTHER,"ECp = 30 20,2p = 70 20",0.7142857142857143
28,21,49,Ni,49Ni,,8530.0,,0.0075,chart,False,False,EC_BP,"ECp = 83 13,EC+B+ = 100",0.75
28,22,50,Ni,50Ni,0+,-3460.0,,0.0176,chart,False,False,EC_BP,"EC2p = 14 5,EC+B+ = 100,ECp = 73 6",0.7857142857142857
28,23,51,Ni,51Ni,,-11650.0,,0.0238,chart,False,False,EC_BP,"EC2p = 0.5 0.2,EC+B+ = 100,ECp = 87.2 0.8",0.8214285714285714
28,24,52,Ni,52Ni,0+,-22559.856,,0.0414,chart,False,False,EC_BP,"ECp = 31.4 1.5,EC+B+ = 100",0.8571428571428571
28,25,53,Ni,53Ni,(7/2-),-29630.827,,0.0552,chart,False,False,EC_BP,"ECp = 22.7 0.7,EC+B+ = 100",0.8928571428571429
28,26,54,Ni,54Ni,0+,-39278.312,,0.1141,chart,False,False,EC_BP,"ECp?,EC+B+ = 100",0.9285714285714286
28,27,55,Ni,55Ni,7/2-,-45335.961,,0.2039,chart,False,False,EC_BP,EC+B+ = 100,0.9642857142857143
28,28,56,Ni,56Ni,0+,-53907.649,,525398.4,chart,False,False,EC_BP,EC+B+ = 100,1.0
28,29,57,Ni,57Ni,3/2-,-56083.961,,128160.0,chart,False,False,EC_BP,EC+B+ = 100,1.0357142857142858
28,30,58,Ni,58Ni,0+,-60228.871,68.0769,,none,True,False,STABLE,,1.0714285714285714
28,31,59,Ni,59Ni,3/2-,-61156.833,,2554682392800.0,chart,False,False,EC_BP,EC+B+ = 100 ,1.1071428571428572
28,32,60,Ni,60Ni,0+,-64473.243,26.2231,,none,True,False,STABLE,,1.1428571428571428
28,33,61,Ni,61Ni,3/2-,-64222.029,1.1399,,none,True,False,STABLE,,1.1785714285714286
28,34,62,Ni,62Ni,0+,-66746.44,3.6345,,none,True,False,STABLE,,1.2142857142857142
28,35,63,Ni,63Ni,1/2-,-65512.891,,3181006080.0,chart,False,False,B-,B- = 100,1.25
28,36,64,Ni,64Ni,0+,-67099.034,0.9256,,none,True,False,STABLE,,1.2857142857142858
28,37,65,Ni,65Ni,5/2-,-65125.796,,9063.0,chart,False,False,B-,B- = 100,1.3214285714285714
28,38,66,Ni,66Ni,0+,-66006.293,,196560.0,chart,False,False,B-,B- = 100,1.3571428571428572
28,39,67,Ni,67Ni,(1/2)-,-63742.688,,21.0,chart,False,False,B-,B- = 100,1.3928571428571428
28,40,68,Ni,68Ni,0+,-63463.822,,29.0,chart,False,False,B-,B- = 100 ,1.4285714285714286
28,41,69,Ni,69Ni,(9/2+),-59978.656,,11.4,chart,False,False,B-,B- = 100,1.4642857142857142
28,42,70,Ni,70Ni,0+,-59213.868,,6.0,chart,False,False,B-,B- = 100,1.5
28,43,71,Ni,71Ni,(9/2+),-55406.236,,2.55,chart,False,False,B-,B- = 100,1.5357142857142858
28,44,72,Ni,72Ni,0+,-54226.068,,1.57,chart,False,False,B-,"B- = 100,B-n?",1.5714285714285714
28,45,73,Ni,73Ni,(9/2+),-50108.159,,0.838,chart,False,False,B-,"B- = 100,B-n?",1.6071428571428572
28,46,74,Ni,74Ni,0+,-48700.0,,0.5077,chart,False,False,B-,"B- = 100,B-n?",1.6428571428571428
28,47,75,Ni,75Ni,,-44240.0,,0.3322,chart,False,False,B-,"B- = 100,B-n = 10 2.8",1.6785714285714286
28,48,76,Ni,76Ni,0+,-42190.0,,0.2347,chart,False,False,B-,"B- = 100,B-n = 14 3.6",1.7142857142857142
28,49,77,Ni,77Ni,,-37350.0,,0.1585,chart,False,False,B-,"B-n = 26 13,B-2n?,B- = 100",1.75
28,50,78,Ni,78Ni,0+,-34880.0,,0.1222,chart,False,False,B-,"B- = 100,B-n?",1.7857142857142858
28,51,79,Ni,79Ni,,-28160.0,,0.043,chart,False,False,B-,"B-n?,B-2n?,B- = 100",1.8214285714285714
28,52,80,Ni,80Ni,0+,-23240.0,,0.024,chart,False,False,B-,"B-n?,B-2n?,B- = 100",1.8571428571428572
28,53,81,Ni,81Ni,,-16090.0,,,none,False,False,B-,"B-n?,B-2n?,B- = 100",1.8928571428571428
28,54,82,Ni,82Ni,0+,-10720.0,,,none,False,False,B-,"B-n?,B-2n?,B- = 100",1.9285714285714286
29,24,53,Cu,53Cu,,-13140.0,,1.3e-07,chart,False,False,OTHER,p?,0.8275862068965517
29,25,54,Cu,54Cu,,-21240.0,,7.500000000000001e-08,chart,False,False,OTHER,p?,0.8620689655172413
29,26,55,Cu,55Cu,(3/2-),-31635.403,,0.0559,chart,False,False,EC_BP,"ECp?,EC+B+ = 100",0.896551724137931
29,27,56,Cu,56Cu,4+,-38629.733,,0.0808,chart,False,False,EC_BP,"ECp = 0.4 0.12,EC+B+ = 100",0.9310344827586207
29,28,57,Cu,57Cu,3/2-,-47309.014,,0.1964,chart,False,False,EC_BP,EC+B+ = 100,0.9655172413793104
29,29,58,Cu,58Cu,1+,-51667.851,,3.205,chart,False,False,EC_BP,EC+B+ = 100,1.0
29,30,59,Cu,59Cu,3/2-,-56358.454,,82.0,chart,False,False,EC_BP,EC+B+ = 100,1.0344827586206897
29,31,60,Cu,60Cu,2+,-58345.262,,1424.4,chart,False,False,EC_BP,EC+B+ = 100,1.0689655172413792
29,32,61,Cu,61Cu,3/2-,-61984.063,,12020.4,chart,False,False,EC_BP,EC+B+ = 100,1.103448275862069
29,33,62,Cu,62Cu,1+,-62787.543,,580.32,chart,False,False,EC_BP,EC+B+ = 100 ,1.1379310344827587
29,34,63,Cu,63Cu,3/2-,-65579.868,69.15,,none,True,False,STABLE,,1.1724137931034482
29,35,64,Cu,64Cu,1+,-65424.418,,45722.52,chart,False,False,EC_BP,"B- = 38.5 0.3,EC+B+ = 61.5 0.3",1.206896551724138
29,36,65,Cu,65Cu,3/2-,-67263.677,30.85,,none,True,False,STABLE,,1.2413793103448276
29,37,66,Cu,66Cu,1+,-66258.289,,305.4,chart,False,False,B-,B- = 100,1.2758620689655173
29,38,67,Cu,67Cu,3/2-,-67319.553,,222516.0,chart,False,False,B-,B- = 100,1.3103448275862069
29,39,68,Cu,68Cu,1+,-65567.043,,30.8,chart,False,False,B-,B- = 100,1.3448275862068966
29,40,69,Cu,69Cu,3/2-,-65736.221,,174.0,chart,False,False,B-,B- = 100,1.3793103448275863
29,41,70,Cu,70Cu,6-,-62976.381,,44.5,chart,False,False,B-,B- = 100,1.4137931034482758
29,42,71,Cu,71Cu,3/2-,-62711.134,,19.4,chart,False,False,B-,B- = 100,1.4482758620689655
29,43,72,Cu,72Cu,2-,-59783.006,,6.63,chart,False,False,B-,B- = 100,1.4827586206896552
29,44,73,Cu,73Cu,3/2-,-58987.445,,4.2,chart,False,False,B-,"B- = 100 ,B-n = 0.029 0.006",1.5172413793103448
29,45,74,Cu,74Cu,2-,-56006.213,,1.606,chart,False,False,B-,"B- = 100,B-n = 0.075 0.016",1.5517241379310345
29,46,75,Cu,75Cu,5/2(-),-54470.219,,1.224,chart,False,False,B-,"B- = 100,B-n = 2.7 0.6",1.5862068965517242
29,47,76,Cu,76Cu,3-,-50981.627,,0.637,chart,False,False,B-,"B- = 100 ,B-n = 7.2 0.5",1.6206896551724137
29,48,77,Cu,77Cu,5/2-,-48862.828,,0.4698,chart,False,False,B-,"B- = 100,B-n = 30.1 1.5",1.6551724137931034
29,49,78,Cu,78Cu,(6-),-44789.474,,0.3313,chart,False,False,B-,"B-n = 50.6 9.7,B-2n?,B- = 100",1.6896551724137931
29,50,79,Cu,79Cu,,-42408.039,,0.241,chart,False,False,B-,"B-n = 66 10,B-2n?,B- = 100",1.7241379310344827
29,51,80,Cu,80Cu,,-36679.0,,0.1133,chart,False,False,B-,"B-n = 58 9,B-2n?,B- = 100 ",1.7586206896551724
29,52,81,Cu,81Cu,,-31910.0,,0.0732,chart,False,False,B-,"B-n = 81 20,B-2n?,B- = 100 ",1.793103448275862
29,53,82,Cu,82Cu,,-25730.0,,0.033,chart,False,False,B-,"B-n?,B-2n?,B- = 100 ",1.8275862068965518
29,54,83,Cu,83Cu,,-20390.0,,,none,False,False,B-,"B-n?,B-2n?,B- = 100",1.8620689655172413
30,24,54,Zn,54Zn,0+,-5702.0,,0.00159,chart,False,False,EC_BP,"EC+B+?,2p = 92 +6-13",0.8
30,25,55,Zn,55Zn,,-14270.0,,0.0198,chart,False,False,EC_BP,"ECp = 91 5.1,EC+B+ = 100",0.8333333333333334
30,26,56,Zn,56Zn,0+,-25390.0,,0.032,chart,False,False,EC_BP,"ECp = 86 4.9,EC+B+ = 100",0.8666666666666667
30,27,57,Zn,57Zn,,-32550.0,,0.0456,chart,False,False,EC_BP,"ECp = 87 9,EC+B+ = 100",0.9
30,28,58,Zn,58Zn,0+,-42298.871,,0.086,chart,False,False,EC_BP,"ECp = 0.7 0.1,EC+B+ = 100",0.9333333333333333
30,29,59,Zn,59Zn,3/2-,-47215.678,,0.1821,chart,False,False,EC_BP,"ECp = 0.1 0.03,EC+B+ = 100",0.9666666666666667
30,30,60,Zn,60Zn,0+,-54174.47,,144.60000000000002,chart,False,False,EC_BP,EC+B+ = 100,1.0
30,31,61,Zn,61Zn,3/2-,-56348.906,,88.8,chart,False,False,EC_BP,EC+B+ = 100,1.0333333333333334
30,32,62,Zn,62Zn,0+,-61168.088,,33094.8,chart,False,False,EC_BP,EC+B+ = 100,1.0666666666666667
30,33,63,Zn,63Zn,3/2-,-62213.429,,2302.8,chart,False,False,EC_BP,EC+B+ = 100,1.1
30,34,64,Zn,64Zn,0+,-66004.018,49.17,,none,True,False,STABLE,,1.1333333333333333
30,35,65,Zn,65Zn,5/2-,-65912.024,,21075552.0,chart,False,False,EC_BP,EC+B+ = 100,1.1666666666666667
30,36,66,Zn,66Zn,0+,-68899.229,27.73,,none,True,False,STABLE,,1.2
30,37,67,Zn,67Zn,5/2-,-67880.376,4.04,,none,True,False,STABLE,,1.2333333333333334
30,38,68,Zn,68Zn,0+,-70007.154,18.45,,none,True,False,STABLE,,1.2666666666666666
30,39,69,Zn,69Zn,1/2-,-68417.906,,3384.0,chart,False,False,B-,B- = 100,1.3
30,40,70,Zn,70Zn,0+,-69564.748,0.61,,none,True,False,STABLE,,1.3333333333333333
30,41,71,Zn,71Zn,1/2-,-67328.786,,145.2,chart,False,False,B-,B- = 100,1.3666666666666667
30,42,72,Zn,72Zn,0+,-68145.495,,167400.0,chart,False,False,B-,B- = 100,1.4
30,43,73,Zn,73Zn,1/2-,-65593.411,,24.5,chart,False,False,B-,B- = 100 ,1.4333333333333333
30,44,74,Zn,74Zn,0+,-65756.72,,96.0,chart,False,False,B-,B- = 100,1.4666666666666666
30,45,75,Zn,75Zn,7/2+,-62558.916,,10.2,chart,False,False,B-,B- = 100,1.5
30,46,76,Zn,76Zn,0+,-62303.024,,5.3,chart,False,False,B-,B- = 100,1.5333333333333334
30,47,77,Zn,77Zn,7/2+,-58789.203,,2.09,chart,False,False,B-,B- = 100,1.5666666666666667
30,48,78,Zn,78Zn,0+,-57483.242,,1.47,chart,False,False,B-,"B- = 100,B-n = 55 ",1.6
30,49,79,Zn,79Zn,9/2+,-53432.302,,0.746,chart,False,False,B-,"B- = 100,B-n = 1.8 0.5",1.6333333333333333
30,50,80,Zn,80Zn,0+,-51648.619,,0.5619,chart,False,False,B-,"B- = 100 ,B-n = 1.36 0.12",1.6666666666666667
30,51,81,Zn,81Zn,(5/2+),-46199.669,,0.2994,chart,False,False,B-,"B-n = 22 5,B-2n?,B- = 100",1.7
30,52,82,Zn,82Zn,0+,-42313.96,,0.1777,chart,False,False,B-,"B-n = 69 7,B-2n?,B- = 100",1.7333333333333334
30,53,83,Zn,83Zn,,-36290.0,,0.119,chart,False,False,B-,"B-n ~ 71 ,B-2n?,B- = 100",1.7666666666666666
30,54,84,Zn,84Zn,0+,-31830.0,,0.0536,chart,False,False,B-,"B-n = 73 26,B-2n?,B- = 100",1.8
30,55,85,Zn,85Zn,,-25100.0,,,none,False,False,B-,"B-n?,B-2n?,B- = 100",1.8333333333333333
31,28,59,Ga,59Ga,,-33760.0,,4.3e-08,chart,False,False,OTHER,p?,0.9032258064516129
31,29,60,Ga,60Ga,(2+),-39590.0,,0.0694,chart,False,False,EC_BP,"ECa = 0.023 ,EC+B+ = 100,ECp = 1.6 0.7",0.9354838709677419
31,30,61,Ga,61Ga,3/2-,-47134.662,,0.166,chart,False,False,EC_BP,"ECp = 0.25 ,EC+B+ = 100",0.967741935483871
31,31,62,Ga,62Ga,0+,-51987.022,,0.116123,chart,False,False,EC_BP,EC+B+ = 100,1.0
31,32,63,Ga,63Ga,3/2-,-56547.1,,32.1,chart,False,False,EC_BP,EC+B+ = 100,1.032258064516129
31,33,64,Ga,64Ga,0+,-58832.827,,157.61999999999998,chart,False,False,EC_BP,EC+B+ = 100,1.064516129032258
31,34,65,Ga,65Ga,3/2-,-62657.486,,908.04,chart,False,False,EC_BP,EC+B+ = 100,1.096774193548387
31,35,66,Ga,66Ga,0+,-63723.729,,33494.4,chart,False,False,EC_BP,EC+B+ = 100,1.1290322580645162
31,36,67,Ga,67Ga,3/2-,-66879.156,,281793.6,chart,False,False,EC_BP,EC = 100,1.1612903225806452
31,37,68,Ga,68Ga,1+,-67086.054,,4070.58,chart,False,False,EC_BP,EC+B+ = 100,1.1935483870967742
31,38,69,Ga,69Ga,3/2-,-69327.82,60.108,,none,True,False,STABLE,,1.2258064516129032
31,39,70,Ga,70Ga,1+,-68910.15,,1268.4,chart,False,False,B-,"B- = 99.59 0.05,EC = 0.41 0.05",1.2580645161290323
31,40,71,Ga,71Ga,3/2-,-70139.127,39.892,,none,True,False,STABLE,,1.2903225806451613
31,41,72,Ga,72Ga,3-,-68588.284,,50490.0,chart,False,False,B-,B- = 100,1.3225806451612903
31,42,73,Ga,73Ga,1/2-,-69699.343,,17532.0,chart,False,False,B-,B- = 100,1.3548387096774193
31,43,74,Ga,74Ga,(3-),-68049.626,,486.0,chart,False,False,B-,B- = 100,1.3870967741935485
31,44,75,Ga,75Ga,3/2-,-68460.639,,126.0,chart,False,False,B-,B- = 100,1.4193548387096775
31,45,76,Ga,76Ga,2(-),-66296.648,,31.0,chart,False,False,B-,B- = 100,1.4516129032258065
31,46,77,Ga,77Ga,3/2(-),-65992.352,,13.2,chart,False,False,B-,B- = 100,1.4838709677419355
31,47,78,Ga,78Ga,2(-),-63704.085,,5.09,chart,False,False,B-,B- = 100,1.5161290322580645
31,48,79,Ga,79Ga,3/2(-),-62548.355,,2.848,chart,False,False,B-,"B- = 100,B-n = 0.089 0.017",1.5483870967741935
31,49,80,Ga,80Ga,6-,-59223.675,,1.9,chart,False,False,B-,"B- = 100,B-n = 0.86 0.07",1.5806451612903225
31,50,81,Ga,81Ga,5/2-,-57627.962,,1.217,chart,False,False,B-,"B- = 100,B-n = 12.7 0.6",1.6129032258064515
31,51,82,Ga,82Ga,(2-),-52930.725,,0.6,chart,False,False,B-,"B-n = 20.6 0.7,B-2n?,B- = 100",1.6451612903225807
31,52,83,Ga,83Ga,,-49257.129,,0.31,chart,False,False,B-,"B-n = 67.9 7.2,B-2n?,B- = 100",1.6774193548387097
31,53,84,Ga,84Ga,(0-),-44094.136,,0.0975999999999999,chart,False,False,B-,"B-n = 43 3,B-2n = 1.6 0.2,B- = 100",1.7096774193548387
31,54,85,Ga,85Ga,(5/2-),-39744.059,,0.0950999999999999,chart,False,False,B-,"B-n = 77 9,B-2n = 1.3 0.2,B- = 100",1.7419354838709677
31,55,86,Ga,86Ga,,-33760.0,,0.049,chart,False,False,B-,"B-n = 67 7,B-2n = 16.2 1.1,B- = 100",1.7741935483870968
31,56,87,Ga,87Ga,,-28870.0,,0.029,chart,False,False,B-,"B-n = 81 12,B-2n = 10.2 2.8,B- = 100",1.8064516129032258
32,27,59,Ge,59Ge,,-16370.0,,0.0133,chart,False,False,EC_BP,"2p = 0.2 ,EC+B+ = 100,ECp = 93 7",0.84375
32,28,60,Ge,60Ge,0+,-27530.0,,0.025,chart,False,False,EC_BP,"EC2p = 14 ,EC+B+ = 100,ECp = 67 3",0.875
32,29,61,Ge,61Ge,(3/2-),-33790.0,,0.0407,chart,False,False,EC_BP,"ECp = 87 3,EC+B+ = 100",0.90625
32,30,62,Ge,62Ge,0+,-42140.0,,0.0735,chart,False,False,EC_BP,"ECp?,EC+B+ = 100",0.9375
32,31,63,Ge,63Ge,,-46921.221,,0.1533,chart,False,False,EC_BP,"ECp?,EC+B+ = 100",0.96875
32,32,64,Ge,64Ge,0+,-54315.503,,63.7,chart,False,False,EC_BP,"ECp?,EC+B+ = 100",1.0
32,33,65,Ge,65Ge,3/2-,-56478.223,,30.8,chart,False,False,EC_BP,"ECp = 0.011 0.003,EC+B+ = 100",1.03125
32,34,66,Ge,66Ge,0+,-61607.041,,8135.999999999999,chart,False,False,EC_BP,EC+B+ = 100,1.0625
32,35,67,Ge,67Ge,1/2-,-62673.718,,1134.0,chart,False,False,EC_BP,EC+B+ = 100,1.09375
32,36,68,Ge,68Ge,0+,-66978.799,,23417856.0,chart,False,False,EC_BP,EC = 100,1.125
32,37,69,Ge,69Ge,5/2-,-67100.674,,140040.0,chart,False,False,EC_BP,EC+B+ = 100,1.15625
32,38,70,Ge,70Ge,0+,-70562.036,20.52,,none,True,False,STABLE,,1.1875
32,39,71,Ge,71Ge,1/2-,-69906.657,,986688.0,chart,False,False,EC_BP,EC = 100,1.21875
32,40,72,Ge,72Ge,0+,-72585.91,27.45,,none,True,False,STABLE,,1.25
32,41,73,Ge,73Ge,9/2+,-71297.532,7.76,,none,True,False,STABLE,,1.28125
32,42,74,Ge,74Ge,0+,-73422.451,36.52,,none,True,False,STABLE,,1.3125
32,43,75,Ge,75Ge,1/2-,-71856.973,,4966.8,chart,False,False,B-,B- = 100,1.34375
32,44,76,Ge,76Ge,0+,-73212.898,7.75,5.9643864e+28,chart,False,False,OTHER,2B- = 100,1.375
32,45,77,Ge,77Ge,7/2+,-71212.87,,40359.6,chart,False,False,B-,B- = 100,1.40625
32,46,78,Ge,78Ge,0+,-71862.058,,5220.0,chart,False,False,B-,B- = 100,1.4375
32,47,79,Ge,79Ge,(1/2)-,-69527.18,,18.97,chart,False,False,B-,B- = 100,1.46875
32,48,80,Ge,80Ge,0+,-69535.314,,29.5,chart,False,False,B-,B- = 100 ,1.5
32,49,81,Ge,81Ge,(9/2+),-66291.695,,6.4,chart,False,False,B-,B- = 100 ,1.53125
32,50,82,Ge,82Ge,0+,-65415.075,,4.48,chart,False,False,B-,B- = 100 ,1.5625
32,51,83,Ge,83Ge,(5/2+),-60976.442,,1.85,chart,False,False,B-,"B- = 100,B-n?",1.59375
32,52,84,Ge,84Ge,0+,-58148.435,,0.952,chart,False,False,B-,"B- = 100,B-n = 10.6 0.6",1.625
32,53,85,Ge,85Ge,"(3/2+),(5/2+)",-53123.427,,0.514,chart,False,False,B-,"B-n = 16.2 1.5,B-2n?,B- = 100",1.65625
32,54,86,Ge,86Ge,0+,-49399.927,,0.226,chart,False,False,B-,"B- = 100,B-n = 45 15",1.6875
32,55,87,Ge,87Ge,,-43590.0,,0.103,chart,False,False,B-,"B-n?,B-2n?,B- = 100",1.71875
32,56,88,Ge,88Ge,0+,-39520.0,,0.061,chart,False,False,B-,"B-n?,B-2n?,B- = 100",1.75
32,57,89,Ge,89Ge,,-33040.0,,,none,False,False,B-,"B-n?,B-2n?,B- = 100",1.78125
32,58,90,Ge,90Ge,0+,-28470.0,,,none,False,False,B-,"B-n?,B-2n?,B- = 100",1.8125
33,30,63,As,63As,,-33500.0,,4.3e-08,chart,False,False,OTHER,p?,0.9090909090909091
33,31,64,As,64As,,-39532.0,,0.0692,chart,False,False,EC_BP,"ECp?,EC+B+ = 100",0.9393939393939394
33,32,65,As,65As,,-46937.056,,0.1303,chart,False,False,EC_BP,"ECp?,EC+B+ = 100",0.9696969696969697
33,33,66,As,66As,(0+),-52025.084,,0.09577,chart,False,False,EC_BP,"ECp?,EC+B+ = 100",1.0
33,34,67,As,67As,(5/2-),-56587.232,,42.5,chart,False,False,EC_BP,EC+B+ = 100,1.0303030303030303
33,35,68,As,68As,3+,-58894.527,,151.6,chart,False,False,EC_BP,EC+B+ = 100,1.0606060606060606
33,36,69,As,69As,5/2-,-63112.181,,912.0,chart,False,False,EC_BP,EC+B+ = 100,1.0909090909090908
33,37,70,As,70As,4+,-64333.973,,3156.0,chart,False,False,EC_BP,EC+B+ = 100,1.121212121212121
33,38,71,As,71As,5/2-,-67893.257,,235080.0,chart,False,False,EC_BP,EC+B+ = 100,1.1515151515151516
33,39,72,As,72As,2-,-68229.808,,93600.0,chart,False,False,EC_BP,EC+B+ = 100,1.1818181818181819
33,40,73,As,73As,3/2-,-70952.757,,6937920.0,chart,False,False,EC_BP,EC = 100,1.2121212121212122
33,41,74,As,74As,2-,-70860.064,,1536192.0,chart,False,False,EC_BP,"B- = 34 2,EC+B+ = 66 2",1.2424242424242424
33,42,75,As,75As,3/2-,-73034.203,100.0,,none,True,False,STABLE,,1.2727272727272727
33,43,76,As,76As,2-,-72291.384,,94464.0,chart,False,False,B-,B- = 100,1.303030303030303
33,44,77,As,77As,3/2-,-73916.334,,139644.0,chart,False,False,B-,B- = 100,1.3333333333333333
33,45,78,As,78As,2-,-72816.97,,5442.0,chart,False,False,B-,B- = 100 ,1.3636363636363635
33,46,79,As,79As,3/2-,-73636.081,,540.6,chart,False,False,B-,B- = 100,1.393939393939394
33,47,80,As,80As,1+,-72214.601,,15.2,chart,False,False,B-,B- = 100 ,1.4242424242424243
33,48,81,As,81As,3/2-,-72533.314,,33.3,chart,False,False,B-,B- = 100 ,1.4545454545454546
33,49,82,As,82As,(2-),-70105.427,,19.1,chart,False,False,B-,B- = 100 ,1.4848484848484849
33,50,83,As,83As,(5/2-),-69669.331,,14.1,chart,False,False,B-,B- = 100 ,1.5151515151515151
33,51,84,As,84As,(2-),-65853.568,,3.16,chart,False,False,B-,"B- = 100,B-n = 0.28 0.04",1.5454545454545454
33,52,85,As,85As,(5/2-),-63189.152,,2.023,chart,False,False,B-,"B- = 100,B-n = 62.2 1.6",1.5757575757575757
33,53,86,As,86As,"(1-),(2-)",-58962.15,,0.944,chart,False,False,B-,"B-n = 35.5 0.6,B-2n?,B- = 100",1.606060606060606
33,54,87,As,87As,"(3/2-),(5/2-)",-55617.914,,0.484,chart,False,False,B-,"B-n = 15.4 2.2,B-2n?,B- = 100",1.6363636363636365
33,55,88,As,88As,,-50450.0,,0.2,chart,False,False,B-,"B-n?,B-2n?,B- = 100",1.6666666666666667
33,56,89,As,89As,,-46530.0,,,none,False,False,B-,"B-n?,B-2n?,B- = 100",1.696969696969697
33,57,90,As,90As,,-40990.0,,,none,False,False,B-,"B-n?,B-2n?,B- = 100",1.7272727272727273
33,58,91,As,91As,,-36500.0,,,none,False,False,B-,"B-n?,B-2n?,B- = 100",1.7575757575757576
33,59,92,As,92As,,-30380.0,,,none,False,False,B-,"B-n?,B-2n?,B- = 100 ",1.7878787878787878
34,29,63,Se,63Se,,-16850.0,,0.0132,chart,False,False,EC_BP,"2p = 0.5 ,EC+B+ ~ 100 ,ECp = 89 11",0.8529411764705882
34,30,64,Se,64Se,0+,-26860.0,,0.0226,chart,False,False,EC_BP,"ECp?,EC+B+ = 100",0.8823529411764706
34,31,65,Se,65Se,(3/2-),-33020.0,,0.0342,chart,False,False,EC_BP,"ECp = 88 +12-13,EC+B+ = 100",0.9117647058823529
34,32,66,Se,66Se,0+,-41660.0,,0.051,chart,False,False,EC_BP,"ECp?,EC+B+ = 100",0.9411764705882353
34,33,67,Se,67Se,,-46580.294,,0.133,chart,False,False,EC_BP,"ECp = 0.5 0.1,EC+B+ = 100",0.9705882352941176
34,34,68,Se,68Se,0+,-54189.449,,35.5,chart,False,False,EC_BP,EC+B+ = 100,1.0
34,35,69,Se,69Se,1/2-,-56434.714,,27.4,chart,False,False,EC_BP,"ECp = 0.052 0.008,EC+B+ = 100",1.0294117647058822
34,36,70,Se,70Se,0+,-61929.9,,2466.0,chart,False,False,EC_BP,EC+B+ = 100,1.0588235294117647
34,37,71,Se,71Se,(5/2-),-63146.515,,286.8,chart,False,False,EC_BP,EC+B+ = 100,1.088235294117647
34,38,72,Se,72Se,0+,-67868.189,,725760.0,chart,False,False,EC_BP,EC = 100,1.1176470588235294
34,39,73,Se,73Se,9/2+,-68227.396,,25848.0,chart,False,False,EC_BP,EC+B+ = 100,1.1470588235294117
34,40,74,Se,74Se,0+,-72213.21,0.86,,none,True,False,STABLE,,1.1764705882352942
34,41,75,Se,75Se,5/2+,-72169.489,,10348905.6,chart,False,False,EC_BP,EC = 100,1.2058823529411764
34,42,76,Se,76Se,0+,-75251.959,9.23,,none,True,False,STABLE,,1.2352941176470589
34,43,77,Se,77Se,1/2-,-74599.497,7.6,,none,True,False,STABLE,,1.2647058823529411
34,44,78,Se,78Se,0+,-77025.952,23.69,,none,True,False,STABLE,,1.2941176470588236
34,45,79,Se,79Se,7/2+,-75917.466,,10329843880800.0,chart,False,False,B-,B- = 100,1.3235294117647058
34,46,80,Se,80Se,0+,-77759.487,49.8,,none,True,False,STABLE,,1.3529411764705883
34,47,81,Se,81Se,1/2-,-76389.019,,1110.0,chart,False,False,B-,B- = 100 ,1.3823529411764706
34,48,82,Se,82Se,0+,-77593.895,8.82,2.7665798252107494e+27,chart,False,False,OTHER,2B- = 100 ,1.411764705882353
34,49,83,Se,83Se,9/2+,-75340.543,,1335.0,chart,False,False,B-,B- = 100 ,1.4411764705882353
34,50,84,Se,84Se,0+,-75947.731,,198.0,chart,False,False,B-,B- = 100 ,1.4705882352941178
34,51,85,Se,85Se,(5/2)+,-72413.645,,32.9,chart,False,False,B-,B- = 100 ,1.5
34,52,86,Se,86Se,0+,-70503.175,,14.3,chart,False,False,B-,B- = 100,1.5294117647058822
34,53,87,Se,87Se,(3/2+),-66426.133,,5.51,chart,False,False,B-,"B- = 100,B-n = 0.36 0.08",1.5588235294117647
34,54,88,Se,88Se,0+,-63884.203,,1.51,chart,False,False,B-,"B- = 100,B-n = 0.99 0.1",1.588235294117647
34,55,89,Se,89Se,(3/2)+,-58992.398,,0.41,chart,False,False,B-,"B- = 100,B-n = 6.7 1.6",1.6176470588235294
34,56,90,Se,90Se,0+,-55800.223,,0.195,chart,False,False,B-,"B- = 100,B-n?",1.6470588235294117
34,57,91,Se,91Se,,-50580.13,,0.27,chart,False,False,B-,"B-n = 21 10,B-2n?,B- = 100",1.6764705882352942
34,58,92,Se,92Se,0+,-46724.0,,,none,False,False,B-,"B-n?,B-2n?,B- = 100 ",1.7058823529411764
34,59,93,Se,93Se,,-40860.0,,,none,False,False,B-,"B-n?,B-2n?,B- = 100 ",1.7352941176470589
34,60,94,Se,94Se,0+,-36803.0,,,none,False,False,B-,"B-n?,B-2n?,B- = 100 ",1.7647058823529411
34,61,95,Se,95Se,,-30460.0,,,none,False,False,B-,"B-n?,B-2n?,B- = 100",1.7941176470588236
35,33,68,Br,68Br,,-38791.0,,3.5e-08,chart,False,False,OTHER,p?,0.9428571428571428
35,34,69,Br,69Br,(5/2-),-46259.478,,2.4000000000000003e-08,chart,False,False,OTHER,p = 100,0.9714285714285714
35,35,70,Br,70Br,0+,-51425.627,,0.0788799999999999,chart,False,False,EC_BP,"ECp?,EC+B+ = 100",1.0
35,36,71,Br,71Br,(5/2-),-56502.426,,21.4,chart,False,False,EC_BP,EC+B+ = 100,1.0285714285714285
35,37,72,Br,72Br,1+,-59061.75,,78.6,chart,False,False,EC_BP,EC+B+ = 100,1.0571428571428572
35,38,73,Br,73Br,1/2-,-63645.787,,204.0,chart,False,False,EC_BP,EC+B+ = 100,1.0857142857142856
35,39,74,Br,74Br,(0-),-65288.161,,1524.0,chart,False,False,EC_BP,EC+B+ = 100 ,1.1142857142857143
35,40,75,Br,75Br,3/2-,-69107.02,,5802.0,chart,False,False,EC_BP,EC+B+ = 100,1.1428571428571428
35,41,76,Br,76Br,1-,-70289.078,,58176.0,chart,False,False,EC_BP,EC+B+ = 100,1.1714285714285715
35,42,77,Br,77Br,3/2-,-73234.818,,205344.0,chart,False,False,EC_BP,EC+B+ = 100,1.2
35,43,78,Br,78Br,1+,-73452.168,,387.0,chart,False,False,EC_BP,"B- = 0.01 ,EC+B+ = 99.99 ",1.2285714285714286
35,44,79,Br,79Br,3/2-,-76068.067,50.65,,none,True,False,STABLE,,1.2571428571428571
35,45,80,Br,80Br,1+,-75889.025,,1060.8,chart,False,False,B-,"B- = 91.7 0.2,EC+B+ = 8.3 0.2",1.2857142857142858
35,46,81,Br,81Br,3/2-,-77977.051,49.35,,none,True,False,STABLE,,1.3142857142857143
35,47,82,Br,82Br,5-,-77498.677,,127022.4,chart,False,False,B-,B- = 100 ,1.3428571428571427
35,48,83,Br,83Br,3/2-,-79013.721,,8546.4,chart,False,False,B-,B- = 100 ,1.3714285714285714
35,49,84,Br,84Br,2-,-77783.094,,1905.6,chart,False,False,B-,B- = 100 ,1.4
35,50,85,Br,85Br,3/2-,-78575.478,,176.4,chart,False,False,B-,B- = 100 ,1.4285714285714286
35,51,86,Br,86Br,1-,-75632.261,,55.1,chart,False,False,B-,B- = 100 ,1.457142857142857
35,52,87,Br,87Br,5/2-,-73891.685,,55.68,chart,False,False,B-,"B- = 100,B-n = 2.6 0.04",1.4857142857142858
35,53,88,Br,88Br,(1-),-70715.967,,16.34,chart,False,False,B-,"B- = 100,B-n = 6.62 0.2",1.5142857142857142
35,54,89,Br,89Br,(5/2-),-68274.271,,4.348,chart,False,False,B-,"B- = 100 ,B-n = 13.5 0.5",1.542857142857143
35,55,90,Br,90Br,,-64000.306,,1.91,chart,False,False,B-,"B- = 100,B-n = 25.3 0.9",1.5714285714285714
35,56,91,Br,91Br,,-61107.301,,0.544,chart,False,False,B-,"B- = 100,B-n = 29.8 0.8",1.6
35,57,92,Br,92Br,,-56232.812,,0.344,chart,False,False,B-,"B-n = 33.1 2.5,B-2n?,B- = 100 ",1.6285714285714286
35,58,93,Br,93Br,,-52890.235,,0.152,chart,False,False,B-,"B-n = 64 7,B-2n?,B- = 100 ",1.6571428571428573
35,59,94,Br,94Br,,-47650.0,,0.07,chart,False,False,B-,"B-n = 30 10,B-2n?,B- = 100 ",1.6857142857142857
35,60,95,Br,95Br,,-43850.0,,,none,False,False,B-,"B-n?,B-2n?,B- = 100",1.7142857142857142
35,61,96,Br,96Br,,-38210.0,,,none,False,False,B-,"B-n?,B-2n?,B- = 100",1.7428571428571429
35,62,97,Br,97Br,,-34000.0,,,none,False,False,B-,"B-n?,B-2n?,B- = 100 ",1.7714285714285714
35,63,98,Br,98Br,,-28050.0,,,none,False,False,B-,"B-n?,B-2n?,B- = 100",1.8
35,66,101,Br,101Br,,,,,none,False,False,B-,"B-n?,B-2n?,B- = 100",1.8857142857142857
36,31,67,Kr,67Kr,,-15552.0,,0.0074,chart,False,False,OTHER,"EC+B+?,2p = 37 14",0.8611111111111112
36,32,68,Kr,68Kr,0+,-25626.0,,0.0216,chart,False,False,EC_BP,"ECp = 89 +11-10,EC+B+ = 100",0.8888888888888888
36,33,69,Kr,69Kr,(5/2-),-32140.0,,0.0278999999999999,chart,False,False,EC_BP,"ECp = 95 +5-6,EC+B+ = 100",0.9166666666666666
36,34,70,Kr,70Kr,0+,-41100.0,,0.04519,chart,False,False,EC_BP,"ECp = 0.545 0.023,EC+B+ = 100",0.9444444444444444
36,35,71,Kr,71Kr,(5/2-),-46327.211,,0.095,chart,False,False,EC_BP,"ECp = 3.06 0.27,EC+B+ = 100",0.9722222222222222
36,36,72,Kr,72Kr,0+,-53940.582,,17.1,chart,False,False,EC_BP,EC+B+ = 100,1.0
36,37,73,Kr,73Kr,(3/2)-,-56551.758,,27.3,chart,False,False,EC_BP,"ECp = 0.25 0.03,EC+B+ = 100",1.0277777777777777
36,38,74,Kr,74Kr,0+,-62331.844,,690.0,chart,False,False,EC_BP,EC+B+ = 100,1.0555555555555556
36,39,75,Kr,75Kr,5/2+,-64323.632,,273.0,chart,False,False,EC_BP,EC+B+ = 100,1.0833333333333333
36,40,76,Kr,76Kr,0+,-69013.706,,53280.0,chart,False,False,EC_BP,EC+B+ = 100,1.1111111111111112
36,41,77,Kr,77Kr,5/2+,-70169.451,,4275.0,chart,False,False,EC_BP,EC+B+ = 100,1.1388888888888888
36,42,78,Kr,78Kr,0+,-74178.283,0.355,,none,True,False,STABLE,,1.1666666666666667
36,43,79,Kr,79Kr,1/2-,-74442.29,,125856.0,chart,False,False,EC_BP,EC+B+ = 100,1.1944444444444444
36,44,80,Kr,80Kr,0+,-77893.455,2.286,,none,True,False,STABLE,,1.2222222222222223
36,45,81,Kr,81Kr,7/2+,-77696.199,,7226690400000.0,chart,False,False,EC_BP,EC = 100 ,1.25
36,46,82,Kr,82Kr,0+,-80591.79509,11.593,,none,True,False,STABLE,,1.2777777777777777
36,47,83,Kr,83Kr,9/2+,-79990.643,11.5,,none,True,False,STABLE,,1.3055555555555556
36,48,84,Kr,84Kr,0+,-82439.34527,56.987,,none,True,False,STABLE,,1.3333333333333333
36,49,85,Kr,85Kr,9/2+,-81480.341,,338613048.0,chart,False,False,B-,B- = 100 ,1.3611111111111112
36,50,86,Kr,86Kr,0+,-83265.67593,17.279,,none,True,False,STABLE,,1.3888888888888888
36,51,87,Kr,87Kr,5/2+,-80709.531,,4565.400000000001,chart,False,False,B-,B- = 100 ,1.4166666666666667
36,52,88,Kr,88Kr,0+,-79691.295,,10090.8,chart,False,False,B-,B- = 100 ,1.4444444444444444
36,53,89,Kr,89Kr,3/2(+),-76535.795,,188.82,chart,False,False,B-,B- = 100 ,1.4722222222222223
36,54,90,Kr,90Kr,0+,-74959.259,,32.32,chart,False,False,B-,B- = 100 ,1.5
36,55,91,Kr,91Kr,5/2(+),-70973.974,,8.57,chart,False,False,B-,"B- = 100 ,B-n?",1.5277777777777777
36,56,92,Kr,92Kr,0+,-68769.329,,1.841,chart,False,False,B-,"B- = 100 ,B-n = 0.0332 0.0025",1.5555555555555556
36,57,93,Kr,93Kr,1/2+,-64136.002,,1.284,chart,False,False,B-,"B- = 100 ,B-n = 2 0.2",1.5833333333333333
36,58,94,Kr,94Kr,0+,-61347.78,,0.212,chart,False,False,B-,"B- = 100 ,B-n = 1.11 0.07",1.6111111111111112
36,59,95,Kr,95Kr,1/2(+),-56158.92,,0.114,chart,False,False,B-,"B-n = 2.87 0.18,B-2n?,B- = 100 ",1.6388888888888888
36,60,96,Kr,96Kr,0+,-53081.682,,0.08,chart,False,False,B-,"B- = 100 ,B-n = 3.7 0.4",1.6666666666666667
36,61,97,Kr,97Kr,,-47423.499,,0.062,chart,False,False,B-,"B-n = 6.7 0.6,B-2n?,B- = 100 ",1.6944444444444444
36,62,98,Kr,98Kr,0+,-44120.0,,0.043,chart,False,False,B-,"B-n = 7 1,B-2n?,B- = 100 ",1.7222222222222223
36,63,99,Kr,99Kr,,-38400.0,,0.013,chart,False,False,B-,"B-n = 11 7,B-2n?,B- = 100",1.75
36,64,100,Kr,100Kr,0+,-34470.0,,0.007,chart,False,False,B-,"B-n?,B-2n?,B- = 100 ",1.7777777777777777
36,65,101,Kr,101Kr,,-28580.0,,,none,False,False,B-,"B-n?,B-2n?,B- = 100",1.8055555555555556
36,66,102,Kr,102Kr,0+,,,,none,False,False,B-,"B-n?,B-2n?,B- = 100",1.8333333333333333
37,35,72,Rb,72Rb,,-38330.0,,1.0300000000000001e-07,chart,False,False,OTHER,p?,0.9459459459459459
37,36,73,Rb,73Rb,(3/2-),-46011.611,,8.100000000000001e-08,chart,False,False,OTHER,"p ~ 100 ,EC+B+?",0.972972972972973
37,37,74,Rb,74Rb,0+,-51916.016,,0.064777,chart,False,False,EC_BP,"ECp?,EC+B+ = 100",1.0
37,38,75,Rb,75Rb,3/2(-),-57218.702,,19.0,chart,False,False,EC_BP,EC+B+ = 100,1.027027027027027
37,39,76,Rb,76Rb,1-,-60479.089,,36.5,chart,False,False,EC_BP,"ECa = 3.8e-7 1e-7,EC+B+ = 100",1.054054054054054
37,40,77,Rb,77Rb,3/2-,-64830.5,,226.8,chart,False,False,EC_BP,EC+B+ = 100,1.0810810810810811
37,41,78,Rb,78Rb,0+,-66935.427,,1059.6,chart,False,False,EC_BP,EC+B+ = 100,1.1081081081081081
37,42,79,Rb,79Rb,5/2+,-70802.778,,1368.0,chart,False,False,EC_BP,EC+B+ = 100,1.135135135135135
37,43,80,Rb,80Rb,1+,-72175.476,,33.4,chart,False,False,EC_BP,EC+B+ = 100 ,1.162162162162162
37,44,81,Rb,81Rb,3/2-,-75456.704,,16455.6,chart,False,False,EC_BP,EC+B+ = 100 ,1.1891891891891893
37,45,82,Rb,82Rb,1+,-76187.813,,75.462,chart,False,False,EC_BP,EC+B+ = 100 ,1.2162162162162162
37,46,83,Rb,83Rb,5/2-,-79070.639,,7447680.0,chart,False,False,EC_BP,EC = 100 ,1.2432432432432432
37,47,84,Rb,84Rb,2-,-79758.975,,2835648.0,chart,False,False,EC_BP,"B- = 3.9 2,EC+B+ = 96.1 2",1.2702702702702702
37,48,85,Rb,85Rb,5/2-,-82167.34065,72.17,,none,True,False,STABLE,,1.2972972972972974
37,49,86,Rb,86Rb,2-,-82747.003,,1613174.4,chart,False,False,B-,"B- = 99.9948 0.0005,EC = 0.0052 0.0005",1.3243243243243243
37,50,87,Rb,87Rb,3/2-,-84597.802,27.83,1.567465992e+18,chart,False,False,B-,B- = 100 ,1.3513513513513513
37,51,88,Rb,88Rb,2-,-82609.004,,1066.5,chart,False,False,B-,B- = 100 ,1.3783783783783783
37,52,89,Rb,89Rb,3/2-,-81712.399,,923.4,chart,False,False,B-,B- = 100 ,1.4054054054054055
37,53,90,Rb,90Rb,0-,-79365.573,,158.0,chart,False,False,B-,B- = 100 ,1.4324324324324325
37,54,91,Rb,91Rb,3/2(-),-77745.049,,58.0,chart,False,False,B-,"B- = 100 ,B-n?",1.4594594594594594
37,55,92,Rb,92Rb,0-,-74772.45,,4.48,chart,False,False,B-,"B- = 100 ,B-n = 0.0109 0.0006",1.4864864864864864
37,56,93,Rb,93Rb,5/2-,-72619.9,,5.85,chart,False,False,B-,"B- = 100 ,B-n = 1.46 0.09",1.5135135135135136
37,57,94,Rb,94Rb,3-,-68562.791,,2.704,chart,False,False,B-,"B- = 100 ,B-n = 10.29 0.22",1.5405405405405406
37,58,95,Rb,95Rb,5/2-,-65890.307,,0.3798999999999999,chart,False,False,B-,"B- = 100 ,B-n = 8.75 0.29",1.5675675675675675
37,59,96,Rb,96Rb,2(-),-61354.351,,0.2016,chart,False,False,B-,"B-n = 13.8 0.5,B-2n?,B- = 100 ",1.5945945945945945
37,60,97,Rb,97Rb,3/2+,-58519.145,,0.1691,chart,False,False,B-,"B-n = 25.5 0.9,B-2n?,B- = 100 ",1.6216216216216217
37,61,98,Rb,98Rb,0(-),-54369.152,,0.115,chart,False,False,B-,"B-n = 14.3 0.8,B-2n = 0.054 0.008,B- = 100",1.6486486486486487
37,62,99,Rb,99Rb,(3/2+),-51121.15,,0.0538,chart,False,False,B-,"B-n = 19.8 2,B-2n?,B- = 100",1.6756756756756757
37,63,100,Rb,100Rb,(4-),-46265.884,,0.052,chart,False,False,B-,"B-n = 6 1,B-2n = 0.15 0.05,B- = 100 ",1.7027027027027026
37,64,101,Rb,101Rb,(3/2+),-42567.417,,0.032,chart,False,False,B-,"B-n = 27 4,B-2n?,B- = 100 ",1.7297297297297298
37,65,102,Rb,102Rb,(4+),-37252.312,,0.037,chart,False,False,B-,"B-n = 65 22,B-2n?,B- = 100",1.7567567567567568
37,66,103,Rb,103Rb,,-33160.0,,0.023,chart,False,False,B-,"B-n?,B-2n?,B- = 100 ",1.7837837837837838
37,67,104,Rb,104Rb,,-27450.0,,,none,False,False,B-,"B-n?,B-2n?,B- = 100",1.8108108108108107
37,68,105,Rb,105Rb,,,,,none,False,False,B-,"B-n?,B-2n?,B- = 100",1.837837837837838
37,69,106,Rb,106Rb,,,,,none,False,False,B-,"B-n?,B-2n?,B- = 100",1.864864864864865
38,35,73,Sr,73Sr,(5/2-),-31950.0,,0.0233,chart,False,False,EC_BP,"ECp ~ 100 ,EC+B+ ~ 100 ",0.9210526315789473
38,36,74,Sr,74Sr,0+,-40827.0,,0.0276,chart,False,False,EC_BP,"ECp?,EC+B+ = 100",0.9473684210526315
38,37,75,Sr,75Sr,(3/2-),-46618.702,,0.0852,chart,False,False,EC_BP,"ECp = 5.2 0.9,EC+B+ = 100",0.9736842105263158
38,38,76,Sr,76Sr,0+,-54247.645,,7.89,chart,False,False,EC_BP,"ECp = 0.000034 0.000008,EC+B+ = 100",1.0
38,39,77,Sr,77Sr,5/2(+),-57803.443,,9.0,chart,False,False,EC_BP,"ECp = 0.08 0.03,EC+B+ = 100",1.0263157894736843
38,40,78,Sr,78Sr,0+,-63173.949,,156.0,chart,False,False,EC_BP,EC+B+ = 100,1.0526315789473684
38,41,79,Sr,79Sr,3/2(-),-65479.664,,133.8,chart,False,False,EC_BP,EC+B+ = 100,1.0789473684210527
38,42,80,Sr,80Sr,0+,-70311.467,,6378.0,chart,False,False,EC_BP,EC+B+ = 100 ,1.105263157894737
38,43,81,Sr,81Sr,1/2-,-71528.134,,1337.4,chart,False,False,EC_BP,EC+B+ = 100 ,1.131578947368421
38,44,82,Sr,82Sr,0+,-76010.062,,2190240.0,chart,False,False,EC_BP,EC = 100 ,1.1578947368421053
38,45,83,Sr,83Sr,7/2+,-76797.616,,116676.0,chart,False,False,EC_BP,EC+B+ = 100 ,1.1842105263157894
38,46,84,Sr,84Sr,0+,-80649.58,0.56,,none,True,False,STABLE,,1.2105263157894737
38,47,85,Sr,85Sr,9/2+,-81103.29,,5602953.600000001,chart,False,False,EC_BP,EC = 100 ,1.236842105263158
38,48,86,Sr,86Sr,0+,-84523.09977,9.86,,none,True,False,STABLE,,1.263157894736842
38,49,87,Sr,87Sr,9/2+,-84880.07643,7.0,,none,True,False,STABLE,,1.2894736842105263
38,50,88,Sr,88Sr,0+,-87921.62876,82.58,,none,True,False,STABLE,,1.3157894736842106
38,51,89,Sr,89Sr,5/2+,-86209.026,,4368384.0,chart,False,False,B-,B- = 100 ,1.3421052631578947
38,52,90,Sr,90Sr,0+,-85950.945,,912330216.0,chart,False,False,B-,B- = 100,1.368421052631579
38,53,91,Sr,91Sr,5/2+,-83651.95,,34848.0,chart,False,False,B-,B- = 100 ,1.394736842105263
38,54,92,Sr,92Sr,0+,-82867.371,,9396.0,chart,False,False,B-,B- = 100 ,1.4210526315789473
38,55,93,Sr,93Sr,5/2+,-80085.844,,445.8,chart,False,False,B-,B- = 100 ,1.4473684210526316
38,56,94,Sr,94Sr,0+,-78845.721,,75.3,chart,False,False,B-,B- = 100 ,1.4736842105263157
38,57,95,Sr,95Sr,1/2+,-75117.284,,23.9,chart,False,False,B-,B- = 100 ,1.5
38,58,96,Sr,96Sr,0+,-72918.248,,1.065,chart,False,False,B-,"B- = 100 ,B-n?",1.5263157894736843
38,59,97,Sr,97Sr,1/2+,-68580.674,,0.431,chart,False,False,B-,"B- = 100,B-n = 0.03 0.02",1.5526315789473684
38,60,98,Sr,98Sr,0+,-66422.389,,0.653,chart,False,False,B-,"B- = 100,B-n = 0.23 0.03",1.5789473684210527
38,61,99,Sr,99Sr,3/2+,-62518.527,,0.269,chart,False,False,B-,"B- = 100,B-n = 0.1 0.019",1.605263157894737
38,62,100,Sr,100Sr,0+,-59817.505,,0.201,chart,False,False,B-,"B- = 100,B-n = 1.09 0.25",1.631578947368421
38,63,101,Sr,101Sr,(5/2-),-55324.914,,0.114,chart,False,False,B-,"B- = 100,B-n = 2.75 0.25",1.6578947368421053
38,64,102,Sr,102Sr,0+,-52159.311,,0.072,chart,False,False,B-,"B- = 100,B-n = 5.5 1.5",1.6842105263157894
38,65,103,Sr,103Sr,,-47280.0,,0.056,chart,False,False,B-,"B-n?,B-2n?,B- = 100 ",1.7105263157894737
38,66,104,Sr,104Sr,0+,-43760.0,,0.051,chart,False,False,B-,"B-n?,B-2n?,B- = 100",1.736842105263158
38,67,105,Sr,105Sr,,-38190.0,,0.039,chart,False,False,B-,"B-n?,B-2n?,B- = 100",1.763157894736842
38,68,106,Sr,106Sr,0+,-34300.0,,0.02,chart,False,False,B-,"B-n?,B-2n?,B- = 100",1.7894736842105263
38,69,107,Sr,107Sr,,-28250.0,,,none,False,False,B-,"B-n?,B-2n?,B- = 100",1.8157894736842106
38,70,108,Sr,108Sr,0+,,,,none,False,False,B-,"B-n?,B-2n?,B- = 100",1.8421052631578947
39,37,76,Y,76Y,,-38250.0,,0.024,chart,False,False,OTHER,"p?,EC+B+?,ECp?",0.9487179487179487
39,38,77,Y,77Y,,-46439.0,,0.057,chart,False,False,OTHER,"p?,EC+B+?,ECp?",0.9743589743589743
39,39,78,Y,78Y,(0+),-52173.0,,0.05,chart,False,False,EC_BP,"ECp?,EC+B+ = 100",1.0
39,40,79,Y,79Y,(5/2+),-57802.935,,14.8,chart,False,False,EC_BP,"ECp?,EC+B+ = 100",1.0256410256410255
39,41,80,Y,80Y,(4-),-61148.162,,30.1,chart,False,False,EC_BP,"ECp?,EC+B+ = 100 ",1.0512820512820513
39,42,81,Y,81Y,(5/2+),-65712.919,,70.4,chart,False,False,EC_BP,EC+B+ = 100 ,1.0769230769230769
39,43,82,Y,82Y,1+,-68064.097,,8.3,chart,False,False,EC_BP,EC+B+ = 100 ,1.1025641025641026
39,44,83,Y,83Y,(9/2+),-72205.672,,424.8,chart,False,False,EC_BP,EC+B+ = 100 ,1.1282051282051282
39,45,84,Y,84Y,(6+),-73894.439,,2406.0,chart,False,False,EC_BP,EC+B+ = 100 ,1.1538461538461537
39,46,85,Y,85Y,(1/2)-,-77842.131,,9612.0,chart,False,False,EC_BP,EC+B+ = 100 ,1.1794871794871795
39,47,86,Y,86Y,4-,-79283.1,,53064.0,chart,False,False,EC_BP,EC+B+ = 100,1.205128205128205
39,48,87,Y,87Y,1/2-,-83018.387,,287604.0,chart,False,False,EC_BP,EC+B+ = 100 ,1.2307692307692308
39,49,88,Y,88Y,4-,-84299.029,,9212486.4,chart,False,False,EC_BP,EC+B+ = 100 ,1.2564102564102564
39,50,89,Y,89Y,1/2-,-87711.202,100.0,,none,True,False,STABLE,,1.2820512820512822
39,51,90,Y,90Y,2-,-86496.912,,230565.60000000003,chart,False,False,B-,B- = 100 ,1.3076923076923077
39,52,91,Y,91Y,1/2-,-86351.321,,5059584.0,chart,False,False,B-,B- = 100 ,1.3333333333333333
39,53,92,Y,92Y,2-,-84816.494,,12744.0,chart,False,False,B-,B- = 100 ,1.358974358974359
39,54,93,Y,93Y,1/2-,-84227.155,,36612.0,chart,False,False,B-,B- = 100 ,1.3846153846153846
39,55,94,Y,94Y,2-,-82351.473,,1122.0,chart,False,False,B-,B- = 100 ,1.4102564102564104
39,56,95,Y,95Y,1/2-,-81207.937,,624.0,chart,False,False,B-,B- = 100 ,1.435897435897436
39,57,96,Y,96Y,0-,-78329.986,,5.35,chart,False,False,B-,B- = 100 ,1.4615384615384615
39,58,97,Y,97Y,(1/2-),-76115.455,,3.75,chart,False,False,B-,"B- = 100,B-n = 0.057 0.004",1.4871794871794872
39,59,98,Y,98Y,0-,-72288.748,,0.548,chart,False,False,B-,"B- = 100,B-n = 0.33 0.03",1.5128205128205128
39,60,99,Y,99Y,(5/2+),-70643.73,,1.483,chart,False,False,B-,"B- = 100,B-n = 1.77 0.19",1.5384615384615385
39,61,100,Y,100Y,(1-),-67321.241,,0.729,chart,False,False,B-,"B- = 100,B-n = 1.11 0.18",1.564102564102564
39,62,101,Y,101Y,(5/2+),-65054.787,,0.429,chart,False,False,B-,"B- = 100,B-n = 1.88 0.16",1.5897435897435896
39,63,102,Y,102Y,,-61172.641,,0.396,chart,False,False,B-,"B- = 100,B-n = 6 1.3",1.6153846153846154
39,64,103,Y,103Y,(5/2+),-58457.034,,0.236,chart,False,False,B-,"B- = 100,B-n = 8 2",1.641025641025641
39,65,104,Y,104Y,,-54080.0,,0.197,chart,False,False,B-,"B-n = 34 10,B-2n?,B- = 100",1.6666666666666667
39,66,105,Y,105Y,,-50570.0,,0.107,chart,False,False,B-,"B-n = 82 ,B-2n?,B- = 100",1.6923076923076923
39,67,106,Y,106Y,,-45790.0,,0.081,chart,False,False,B-,"B-n?,B-2n?,B- = 100",1.7179487179487178
39,68,107,Y,107Y,,-41970.0,,0.0335,chart,False,False,B-,"B-n?,B-2n?,B- = 100",1.7435897435897436
39,69,108,Y,108Y,,-36780.0,,0.03,chart,False,False,B-,"B-n?,B-2n?,B- = 100 ",1.7692307692307692
39,70,109,Y,109Y,,-32480.0,,0.025,chart,False,False,B-,"B-n?,B-2n?,B- = 100",1.794871794871795
39,71,110,Y,110Y,,,,,none,False,False,B-,"B-n?,B-2n?,B- = 100",1.8205128205128205
39,72,111,Y,111Y,,,,,none,False,False,B-,"B-n?,B-2n?,B- = 100",1.8461538461538463
40,37,77,Zr,77Zr,,-31600.0,,,none,False,False,OTHER,"p?,EC+B+?,ECp?",0.925
40,38,78,Zr,78Zr,0+,-40850.0,,,none,False,False,EC_BP,"ECp?,EC+B+?",0.95
40,39,79,Zr,79Zr,,-46770.0,,0.056,chart,False,False,EC_BP,"ECp?,EC+B+ = 100",0.975
40,40,80,Zr,80Zr,0+,-54760.0,,4.6,chart,False,False,EC_BP,"ECp?,EC+B+ = 100 ",1.0
40,41,81,Zr,81Zr,(3/2-),-57524.418,,5.0,chart,False,False,EC_BP,"ECp = 0.12 0.02,EC+B+ = 100",1.025
40,42,82,Zr,82Zr,0+,-63614.063,,32.0,chart,False,False,EC_BP,"ECp?,EC+B+ = 100 ",1.05
40,43,83,Zr,83Zr,(1/2-),-65911.659,,41.5,chart,False,False,EC_BP,"ECp?,EC+B+ = 100 ",1.075
40,44,84,Zr,84Zr,0+,-71421.692,,1560.0,chart,False,False,EC_BP,EC+B+ = 100 ,1.1
40,45,85,Zr,85Zr,(7/2+),-73175.196,,471.6,chart,False,False,EC_BP,EC+B+ = 100 ,1.125
40,46,86,Zr,86Zr,0+,-77969.023,,59400.0,chart,False,False,EC_BP,EC+B+ = 100 ,1.15
40,47,87,Zr,87Zr,9/2+,-79347.147,,6048.0,chart,False,False,EC_BP,EC+B+ = 100 ,1.175
40,48,88,Zr,88Zr,0+,-83628.874,,7205760.000000001,chart,False,False,EC_BP,EC = 100 ,1.2
40,49,89,Zr,89Zr,9/2+,-84877.974,,282110.4,chart,False,False,EC_BP,EC+B+ = 100 ,1.225
40,50,90,Zr,90Zr,0+,-88772.547,51.45,,none,True,False,STABLE,,1.25
40,51,91,Zr,91Zr,5/2+,-87895.592,11.22,,none,True,False,STABLE,,1.275
40,52,92,Zr,92Zr,0+,-88459.024,17.15,,none,True,False,STABLE,,1.3
40,53,93,Zr,93Zr,5/2+,-87122.028,,50835569803200.0,chart,False,False,B-,B- = 100 ,1.325
40,54,94,Zr,94Zr,0+,-87269.332,17.38,,none,True,False,STABLE,,1.35
40,55,95,Zr,95Zr,5/2+,-85659.94,,5532364.8,chart,False,False,B-,B- = 100 ,1.375
40,56,96,Zr,96Zr,0+,-85438.86,2.8,7.241870629956983e+26,chart,False,False,OTHER,2B- = 100,1.4
40,57,97,Zr,97Zr,1/2+,-82936.693,,60296.4,chart,False,False,B-,B- = 100 ,1.425
40,58,98,Zr,98Zr,0+,-81281.757,,30.7,chart,False,False,B-,B- = 100 ,1.45
40,59,99,Zr,99Zr,(1/2+),-77616.67,,2.1,chart,False,False,B-,B- = 100 ,1.475
40,60,100,Zr,100Zr,0+,-76372.736,,7.1,chart,False,False,B-,B- = 100 ,1.5
40,61,101,Zr,101Zr,3/2+,-73160.987,,2.32,chart,False,False,B-,B- = 100 ,1.525
40,62,102,Zr,102Zr,0+,-71581.427,,2.01,chart,False,False,B-,B- = 100 ,1.55
40,63,103,Zr,103Zr,(5/2-),-67808.993,,1.38,chart,False,False,B-,"B- = 100,B-n = 1 ",1.575
40,64,104,Zr,104Zr,0+,-65717.66,,0.922,chart,False,False,B-,"B- = 100,B-n = 1 ",1.6
40,65,105,Zr,105Zr,,-61458.274,,0.67,chart,False,False,B-,"B- = 100,B-n = 2 ",1.625
40,66,106,Zr,106Zr,0+,-58749.0,,0.178,chart,False,False,B-,"B- = 100,B-n = 7 ",1.65
40,67,107,Zr,107Zr,,-54020.0,,0.146,chart,False,False,B-,"B- = 100,B-n = 23 ",1.675
40,68,108,Zr,108Zr,0+,-50950.0,,0.0774,chart,False,False,B-,"B- = 100 ,B-n?",1.7
40,69,109,Zr,109Zr,,-45730.0,,0.056,chart,False,False,B-,"B-n?,B-2n?,B- = 100 ",1.725
40,70,110,Zr,110Zr,0+,-42220.0,,0.0376,chart,False,False,B-,"B-n?,B-2n?,B- = 100 ",1.75
40,71,111,Zr,111Zr,,-36480.0,,0.024,chart,False,False,B-,"B-n?,B-2n?,B- = 100 ",1.775
40,72,112,Zr,112Zr,0+,-32420.0,,0.03,chart,False,False,B-,"B-n?,B-2n?,B- = 100 ",1.8
40,73,113,Zr,113Zr,,-26340.0,,,none,False,False,B-,"B-n?,B-2n?,B- = 100",1.825
41,40,81,Nb,81Nb,,-46360.0,,4e-08,chart,False,False,OTHER,"p?,EC+B+?,ECp?",0.975609756097561
41,41,82,Nb,82Nb,(0+),-51810.0,,0.05,chart,False,False,EC_BP,"ECp?,EC+B+ = 100 ",1.0
41,42,83,Nb,83Nb,(5/2+),-57612.91,,3.9,chart,False,False,EC_BP,"ECp?,EC+B+ = 100 ",1.024390243902439
41,43,84,Nb,84Nb,(1+),-61193.842,,9.8,chart,False,False,EC_BP,"ECp?,EC+B+ = 100 ",1.048780487804878
41,44,85,Nb,85Nb,(9/2+),-66279.684,,20.5,chart,False,False,EC_BP,EC+B+ = 100 ,1.0731707317073171
41,45,86,Nb,86Nb,(6+),-69134.061,,88.0,chart,False,False,EC_BP,EC+B+ = 100 ,1.0975609756097562
41,46,87,Nb,87Nb,(1/2)-,-73874.493,,222.0,chart,False,False,EC_BP,EC+B+ = 100 ,1.1219512195121952
41,47,88,Nb,88Nb,(8+),-76171.555,,870.0,chart,False,False,EC_BP,EC+B+ = 100 ,1.146341463414634
41,48,89,Nb,89Nb,(9/2+),-80625.755,,7307.999999999999,chart,False,False,EC_BP,EC+B+ = 100 ,1.170731707317073
41,49,90,Nb,90Nb,8+,-82661.531,,52560.0,chart,False,False,EC_BP,EC+B+ = 100 ,1.1951219512195121
41,50,91,Nb,91Nb,9/2+,-86638.028,,21459168000.0,chart,False,False,EC_BP,EC+B+ = 100 ,1.2195121951219512
41,51,92,Nb,92Nb,7+,-86453.29,,1095303547620000.0,chart,False,False,EC_BP,EC+B+ = 100 ,1.2439024390243902
41,52,93,Nb,93Nb,9/2+,-87212.84,100.0,,none,True,False,STABLE,,1.2682926829268293
41,53,94,Nb,94Nb,6+,-86369.063,,643175445600.0,chart,False,False,B-,B- = 100 ,1.2926829268292683
41,54,95,Nb,95Nb,9/2+,-86786.272,,3023222.4,chart,False,False,B-,B- = 100 ,1.3170731707317074
41,55,96,Nb,96Nb,6+,-85602.83,,84060.0,chart,False,False,B-,B- = 100 ,1.3414634146341464
41,56,97,Nb,97Nb,9/2+,-85602.797,,4326.0,chart,False,False,B-,B- = 100 ,1.3658536585365855
41,57,98,Nb,98Nb,1+,-83524.612,,2.86,chart,False,False,B-,B- = 100 ,1.3902439024390243
41,58,99,Nb,99Nb,9/2+,-82335.344,,15.0,chart,False,False,B-,B- = 100 ,1.4146341463414633
41,59,100,Nb,100Nb,1+,-79791.246,,1.4,chart,False,False,B-,B- = 100 ,1.4390243902439024
41,60,101,Nb,101Nb,5/2+,-78891.488,,7.2,chart,False,False,B-,B- = 100 ,1.4634146341463414
41,61,102,Nb,102Nb,(4+),-76298.265,,4.3,chart,False,False,B-,B- = 100 ,1.4878048780487805
41,62,103,Nb,103Nb,(5/2+),-75028.667,,1.36,chart,False,False,B-,"B- = 100,B-n?",1.5121951219512195
41,63,104,Nb,104Nb,(1+),-71810.997,,4.9,chart,False,False,B-,"B- = 100,B-n = 0.06 0.03",1.5365853658536586
41,64,105,Nb,105Nb,(5/2+),-69915.547,,2.92,chart,False,False,B-,"B- = 100,B-n = 1.7 0.9",1.5609756097560976
41,65,106,Nb,106Nb,(1-),-66202.678,,1.097,chart,False,False,B-,"B- = 100,B-n = 4.8 0.3",1.5853658536585367
41,66,107,Nb,107Nb,(5/2+),-63723.805,,0.287,chart,False,False,B-,"B- = 100,B-n = 7.4 0.9",1.6097560975609757
41,67,108,Nb,108Nb,(2+),-59545.198,,0.194,chart,False,False,B-,"B-n = 6.3 0.5,B-2n?,B- = 100",1.6341463414634145
41,68,109,Nb,109Nb,,-56689.8,,0.107,chart,False,False,B-,"B- = 100,B-n = 31 5",1.6585365853658536
41,69,110,Nb,110Nb,(6-),-52309.914,,0.075,chart,False,False,B-,"B-n = 40 8,B-2n?,B- = 100",1.6829268292682926
41,70,111,Nb,111Nb,,-48960.0,,0.054,chart,False,False,B-,"B-n?,B-2n?,B- = 100",1.7073170731707317
41,71,112,Nb,112Nb,,-44070.0,,0.038,chart,False,False,B-,"B-n?,B-2n?,B- = 100",1.7317073170731707
41,72,113,Nb,113Nb,,-40210.0,,0.032,chart,False,False,B-,"B-n?,B-2n?,B- = 100 ",1.7560975609756098
41,73,114,Nb,114Nb,,-34960.0,,0.017,chart,False,False,B-,"B-n?,B-2n?,B- = 100",1.7804878048780488
41,74,115,Nb,115Nb,,-30880.0,,0.023,chart,False,False,B-,"B-n?,B-2n?,B- = 100",1.8048780487804879
41,75,116,Nb,116Nb,,-25230.0,,,none,False,False,B-,"B-n?,B-2n?,B- = 100",1.829268292682927
41,76,117,Nb,117Nb,,,,,none,False,False,B-,"B-n?,B-2n?,B- = 100",1.853658536585366
42,39,81,Mo,81Mo,,-31460.0,,,none,False,False,EC_BP,"ECp?,EC+B+?",0.9285714285714286
42,40,82,Mo,82Mo,0+,-40370.0,,,none,False,False,EC_BP,"ECp?,EC+B+ = 100 ",0.9523809523809523
42,41,83,Mo,83Mo,,-46340.0,,0.006,chart,False,False,EC_BP,"ECp?,EC+B+ = 100 ",0.9761904761904762
42,42,84,Mo,84Mo,0+,-54170.0,,2.3,chart,False,False,EC_BP,"ECp?,EC+B+ = 100 ",1.0
42,43,85,Mo,85Mo,(1/2+),-57509.76,,3.2,chart,False,False,EC_BP,"ECp ~ 0.14 ,EC+B+ = 100",1.0238095238095237
42,44,86,Mo,86Mo,0+,-64110.927,,19.1,chart,False,False,EC_BP,EC+B+ = 100 ,1.0476190476190477
42,45,87,Mo,87Mo,(7/2+),-66884.817,,14.1,chart,False,False,EC_BP,"ECp = 15 8,EC+B+ = 100",1.0714285714285714
42,46,88,Mo,88Mo,0+,-72686.553,,480.0,chart,False,False,EC_BP,EC+B+ = 100 ,1.0952380952380953
42,47,89,Mo,89Mo,(9/2+),-75014.944,,122.4,chart,False,False,EC_BP,EC+B+ = 100 ,1.119047619047619
42,48,90,Mo,90Mo,0+,-80172.514,,20016.0,chart,False,False,EC_BP,EC+B+ = 100 ,1.1428571428571428
42,49,91,Mo,91Mo,9/2+,-82208.834,,929.4,chart,False,False,EC_BP,EC+B+ = 100 ,1.1666666666666667
42,50,92,Mo,92Mo,0+,-86808.587,14.649,,none,True,False,STABLE,,1.1904761904761905
42,51,93,Mo,93Mo,5/2+,-86807.079,,126230400000.0,chart,False,False,EC_BP,EC = 100 ,1.2142857142857142
42,52,94,Mo,94Mo,0+,-88414.079,9.187,,none,True,False,STABLE,,1.2380952380952381
42,53,95,Mo,95Mo,5/2+,-87711.872,15.873,,none,True,False,STABLE,,1.2619047619047619
42,54,96,Mo,96Mo,0+,-88794.889,16.673,,none,True,False,STABLE,,1.2857142857142858
42,55,97,Mo,97Mo,5/2+,-87544.7,9.582,,none,True,False,STABLE,,1.3095238095238095
42,56,98,Mo,98Mo,0+,-88115.98,24.292,,none,True,False,STABLE,,1.3333333333333333
42,57,99,Mo,99Mo,1/2+,-85970.106,,237369.60000000003,chart,False,False,B-,B- = 100 ,1.3571428571428572
42,58,100,Mo,100Mo,0+,-86193.029,9.744,2.2300070473645057e+26,chart,False,False,OTHER,2B- = 100,1.380952380952381
42,59,101,Mo,101Mo,1/2+,-83519.952,,876.5999999999999,chart,False,False,B-,B- = 100 ,1.4047619047619047
42,60,102,Mo,102Mo,0+,-83560.866,,678.0,chart,False,False,B-,B- = 100 ,1.4285714285714286
42,61,103,Mo,103Mo,(3/2+),-80954.331,,67.5,chart,False,False,B-,B- = 100 ,1.4523809523809523
42,62,104,Mo,104Mo,0+,-80343.748,,59.4,chart,False,False,B-,B- = 100 ,1.4761904761904763
42,63,105,Mo,105Mo,(5/2-),-77330.788,,36.3,chart,False,False,B-,B- = 100 ,1.5
42,64,106,Mo,106Mo,0+,-76128.003,,8.73,chart,False,False,B-,B- = 100 ,1.5238095238095237
42,65,107,Mo,107Mo,1/2+,-72544.975,,3.5,chart,False,False,B-,B- = 100 ,1.5476190476190477
42,66,108,Mo,108Mo,0+,-70749.297,,1.106,chart,False,False,B-,B- = 100 ,1.5714285714285714
42,67,109,Mo,109Mo,1/2+,-66659.285,,0.7000000000000001,chart,False,False,B-,"B- = 100,B-n = 1.3 0.6",1.5952380952380953
42,68,110,Mo,110Mo,0+,-64535.814,,0.287,chart,False,False,B-,"B- = 100,B-n = 2 0.7",1.619047619047619
42,69,111,Mo,111Mo,"(1/2+),(3/2+)",-59939.813,,0.186,chart,False,False,B-,"B- = 100,B-n = 12 ",1.6428571428571428
42,70,112,Mo,112Mo,0+,-57480.0,,0.125,chart,False,False,B-,"B- = 100 ,B-n?",1.6666666666666667
42,71,113,Mo,113Mo,,-52650.0,,0.08,chart,False,False,B-,"B- = 100 ,B-n?",1.6904761904761905
42,72,114,Mo,114Mo,0+,-49680.0,,0.058,chart,False,False,B-,"B- = 100 ,B-n?",1.7142857142857142
42,73,115,Mo,115Mo,,-44550.0,,0.0456,chart,False,False,B-,"B-n?,B-2n?,B- = 100",1.7380952380952381
42,74,116,Mo,116Mo,0+,-41210.0,,0.032,chart,False,False,B-,"B-n?,B-2n?,B- = 100",1.7619047619047619
42,75,117,Mo,117Mo,,-35689.0,,0.022,chart,False,False,B-,"B-n?,B-2n?,B- = 100",1.7857142857142858
42,76,118,Mo,118Mo,0+,-32370.0,,0.019,chart,False,False,B-,"B-n?,B-2n?,B- = 100",1.8095238095238095
42,77,119,Mo,119Mo,,-26580.0,,,none,False,False,B-,"B-n?,B-2n?,B- = 100",1.8333333333333333
43,42,85,Tc,85Tc,,-45850.0,,1.0000000000000001e-07,chart,False,False,OTHER,p?,0.9767441860465116
43,43,86,Tc,86Tc,(0+),-51570.0,,0.055,chart,False,False,EC_BP,"ECp?,EC+B+ = 100 ",1.0
43,44,87,Tc,87Tc,,-57690.052,,2.1,chart,False,False,EC_BP,"ECp = 0.7 ,EC+B+ = 100",1.0232558139534884
43,45,88,Tc,88Tc,(2+),-61670.301,,6.4,chart,False,False,EC_BP,"ECp?,EC+B+ = 100 ",1.0465116279069768
43,46,89,Tc,89Tc,(9/2+),-67394.857,,12.8,chart,False,False,EC_BP,EC+B+ = 100 ,1.069767441860465
43,47,90,Tc,90Tc,(8+),-70724.696,,49.2,chart,False,False,EC_BP,EC+B+ = 100,1.0930232558139534
43,48,91,Tc,91Tc,(9/2)+,-75986.657,,188.4,chart,False,False,EC_BP,EC+B+ = 100 ,1.1162790697674418
43,49,92,Tc,92Tc,(8)+,-78925.703,,253.8,chart,False,False,EC_BP,EC+B+ = 100 ,1.1395348837209303
43,50,93,Tc,93Tc,9/2+,-83606.116,,10008.0,chart,False,False,EC_BP,EC+B+ = 100 ,1.1627906976744187
43,51,94,Tc,94Tc,7+,-84158.332,,17580.0,chart,False,False,EC_BP,EC+B+ = 100 ,1.186046511627907
43,52,95,Tc,95Tc,9/2+,-86021.355,,69328.8,chart,False,False,EC_BP,EC+B+ = 100 ,1.2093023255813953
43,53,96,Tc,96Tc,7+,-85821.648,,368928.0,chart,False,False,EC_BP,EC+B+ = 100 ,1.2325581395348837
43,54,97,Tc,97Tc,9/2+,-87224.436,,132857496000000.0,chart,False,False,EC_BP,EC = 100 ,1.255813953488372
43,55,98,Tc,98Tc,(6)+,-86432.214,,132541920000000.0,chart,False,False,B-,B- = 100 ,1.2790697674418605
43,56,99,Tc,99Tc,9/2+,-87327.869,,6661809360000.0,chart,False,False,B-,B- = 100 ,1.302325581395349
43,57,100,Tc,100Tc,1+,-86020.951,,15.65,chart,False,False,B-,"B- = 99.9974 0.0004,EC = 0.0026 0.0004",1.3255813953488371
43,58,101,Tc,101Tc,9/2+,-86344.593,,847.38,chart,False,False,B-,B- = 100 ,1.3488372093023255
43,59,102,Tc,102Tc,1+,-84572.921,,5.28,chart,False,False,B-,B- = 100 ,1.372093023255814
43,60,103,Tc,103Tc,5/2+,-84603.92,,54.2,chart,False,False,B-,B- = 100 ,1.3953488372093024
43,61,104,Tc,104Tc,(3+),-82498.969,,1092.0,chart,False,False,B-,B- = 100 ,1.4186046511627908
43,62,105,Tc,105Tc,(3/2-),-82286.303,,458.4,chart,False,False,B-,B- = 100 ,1.441860465116279
43,63,106,Tc,106Tc,"(1),(2)",-79776.253,,35.7,chart,False,False,B-,B- = 100 ,1.4651162790697674
43,64,107,Tc,107Tc,(3/2-),-78749.967,,21.2,chart,False,False,B-,B- = 100 ,1.4883720930232558
43,65,108,Tc,108Tc,(2)+,-75922.831,,5.15,chart,False,False,B-,B- = 100 ,1.5116279069767442
43,66,109,Tc,109Tc,(5/2+),-74282.828,,0.88,chart,False,False,B-,"B- = 100,B-n = 0.08 0.02",1.5348837209302326
43,67,110,Tc,110Tc,"(2),(3+)",-71034.564,,0.911,chart,False,False,B-,"B- = 100,B-n = 0.04 0.02",1.558139534883721
43,68,111,Tc,111Tc,(5/2+),-69024.675,,0.35,chart,False,False,B-,"B- = 100,B-n = 0.85 0.2",1.5813953488372092
43,69,112,Tc,112Tc,(2+),-65258.932,,0.323,chart,False,False,B-,"B- = 100,B-n = 1.5 0.2",1.6046511627906976
43,70,113,Tc,113Tc,(5/2+),-62811.549,,0.152,chart,False,False,B-,"B- = 100,B-n = 2.1 0.3",1.627906976744186
43,71,114,Tc,114Tc,,-58600.294,,0.118,chart,False,False,B-,"B- = 100,B-n = 1.3 0.4",1.6511627906976745
43,72,115,Tc,115Tc,,-55796.0,,0.078,chart,False,False,B-,"B- = 100,B-n = 19 5",1.6744186046511629
43,73,116,Tc,116Tc,,-51214.0,,0.057,chart,False,False,B-,"B-n = 17 7,B-2n?,B- = 100",1.697674418604651
43,74,117,Tc,117Tc,,-48140.0,,0.0445,chart,False,False,B-,"B-n?,B-2n?,B- = 100 ",1.7209302325581395
43,75,118,Tc,118Tc,,-43290.0,,0.03,chart,False,False,B-,"B-n?,B-2n?,B- = 100",1.744186046511628
43,76,119,Tc,119Tc,,-40170.0,,0.022,chart,False,False,B-,"B-n?,B-2n?,B- = 100 ",1.7674418604651163
43,77,120,Tc,120Tc,,-35000.0,,0.021,chart,False,False,B-,"B-n?,B-2n?,B- = 100 ",1.7906976744186047
43,78,121,Tc,121Tc,,-31540.0,,0.022,chart,False,False,B-,"B-n?,B-2n?,B- = 100 ",1.813953488372093
43,79,122,Tc,122Tc,,-26305.0,,,none,False,False,B-,"B-n?,B-2n?,B- = 100",1.8372093023255813
44,41,85,Ru,85Ru,,-30630.0,,,none,False,False,OTHER,"p?,EC+B+?,ECp?",0.9318181818181818
44,42,86,Ru,86Ru,0+,-39770.0,,,none,False,False,EC_BP,"ECp?,EC+B+?",0.9545454545454546
44,43,87,Ru,87Ru,,-45730.0,,,none,False,False,EC_BP,"ECp?,EC+B+?",0.9772727272727273
44,44,88,Ru,88Ru,0+,-54340.0,,1.4,chart,False,False,EC_BP,"ECp = 3.6 ,EC+B+ = 100",1.0
44,45,89,Ru,89Ru,(9/2+),-58369.424,,1.33,chart,False,False,EC_BP,"ECp = 3.1 0.2,EC+B+ = 100",1.0227272727272727
44,46,90,Ru,90Ru,0+,-64883.801,,11.7,chart,False,False,EC_BP,"ECp?,EC+B+ = 100 ",1.0454545454545454
44,47,91,Ru,91Ru,(9/2+),-68239.833,,8.0,chart,False,False,EC_BP,"ECp?,EC+B+ = 100 ",1.0681818181818181
44,48,92,Ru,92Ru,0+,-74301.211,,219.0,chart,False,False,EC_BP,EC+B+ = 100 ,1.0909090909090908
44,49,93,Ru,93Ru,(9/2)+,-77216.723,,59.7,chart,False,False,EC_BP,EC+B+ = 100 ,1.1136363636363635
44,50,94,Ru,94Ru,0+,-82583.602,,3126.0,chart,False,False,EC_BP,EC+B+ = 100,1.1363636363636365
44,51,95,Ru,95Ru,5/2+,-83457.759,,5786.28,chart,False,False,EC_BP,EC+B+ = 100 ,1.1590909090909092
44,52,96,Ru,96Ru,0+,-86080.385,5.54,,none,True,False,STABLE,,1.1818181818181819
44,53,97,Ru,97Ru,5/2+,-86120.564,,245168.64,chart,False,False,EC_BP,EC+B+ = 100 ,1.2045454545454546
44,54,98,Ru,98Ru,0+,-88224.871,1.87,,none,True,False,STABLE,,1.2272727272727273
44,55,99,Ru,99Ru,5/2+,-87625.385,12.76,,none,True,False,STABLE,,1.25
44,56,100,Ru,100Ru,0+,-89227.391,12.6,,none,True,False,STABLE,,1.2727272727272727
44,57,101,Ru,101Ru,5/2+,-87958.113,17.06,,none,True,False,STABLE,,1.2954545454545454
44,58,102,Ru,102Ru,0+,-89106.435,31.55,,none,True,False,STABLE,,1.3181818181818181
44,59,103,Ru,103Ru,3/2+,-87267.168,,3390940.8,chart,False,False,B-,B- = 100 ,1.3409090909090908
44,60,104,Ru,104Ru,0+,-88095.763,18.62,,none,True,False,STABLE,,1.3636363636363635
44,61,105,Ru,105Ru,3/2+,-85934.543,,15984.000000000002,chart,False,False,B-,B- = 100 ,1.3863636363636365
44,62,106,Ru,106Ru,0+,-86323.253,,32123520.0,chart,False,False,B-,B- = 100 ,1.4090909090909092
44,63,107,Ru,107Ru,(5/2)+,-83862.565,,223.8,chart,False,False,B-,B- = 100 ,1.4318181818181819
44,64,108,Ru,108Ru,0+,-83661.404,,273.0,chart,False,False,B-,B- = 100 ,1.4545454545454546
44,65,109,Ru,109Ru,(5/2+),-80738.455,,34.4,chart,False,False,B-,B- = 100 ,1.4772727272727273
44,66,110,Ru,110Ru,0+,-80072.629,,12.04,chart,False,False,B-,B- = 100 ,1.5
44,67,111,Ru,111Ru,(5/2+),-76785.325,,2.12,chart,False,False,B-,B- = 100 ,1.5227272727272727
44,68,112,Ru,112Ru,0+,-75630.873,,1.75,chart,False,False,B-,B- = 100 ,1.5454545454545454
44,69,113,Ru,113Ru,(1/2+),-71867.816,,0.8,chart,False,False,B-,B- = 100 ,1.5681818181818181
44,70,114,Ru,114Ru,0+,-70221.213,,0.543,chart,False,False,B-,"B- = 100 ,B-n?",1.5909090909090908
44,71,115,Ru,115Ru,"(1/2+),(3/2+)",-66105.296,,0.318,chart,False,False,B-,"B- = 100 ,B-n?",1.6136363636363635
44,72,116,Ru,116Ru,0+,-64068.917,,0.203,chart,False,False,B-,"B- = 100,B-n = 0.8 ",1.6363636363636365
44,73,117,Ru,117Ru,,-59489.871,,0.152,chart,False,False,B-,"B- = 100,B-n = 2.4 1",1.6590909090909092
44,74,118,Ru,118Ru,0+,-57000.0,,0.099,chart,False,False,B-,"B- = 100,B-n = 4.6 ",1.6818181818181819
44,75,119,Ru,119Ru,,-52080.0,,0.0692,chart,False,False,B-,"B- = 100,B-n = 6 5",1.7045454545454546
44,76,120,Ru,120Ru,0+,-49720.0,,0.045,chart,False,False,B-,"B- = 100,B-n = 6 3",1.7272727272727273
44,77,121,Ru,121Ru,,-44620.0,,0.03,chart,False,False,B-,"B-n = 13 4,B-2n?,B- = 100",1.75
44,78,122,Ru,122Ru,0+,-41780.0,,0.025,chart,False,False,B-,"B-n?,B-2n?,B- = 100 ",1.7727272727272727
44,79,123,Ru,123Ru,,-36550.0,,0.019,chart,False,False,B-,"B-n?,B-2n?,B- = 100 ",1.7954545454545454
44,80,124,Ru,124Ru,0+,-33590.0,,0.015,chart,False,False,B-,"B-n?,B-2n?,B- = 100 ",1.8181818181818181
44,81,125,Ru,125Ru,,-28370.0,,,none,False,False,B-,"B-n?,B-2n?,B- = 100",1.8409090909090908
45,44,89,Rh,89Rh,,-45651.0,,1.2000000000000004e-07,chart,False,False,OTHER,"p?,EC+B+?,ECp?",0.9777777777777777
45,45,90,Rh,90Rh,(0+),-51634.0,,0.029,chart,False,False,EC_BP,"ECp = 0.7 ,EC+B+ = 100",1.0
45,46,91,Rh,91Rh,(9/2+),-58570.0,,1.47,chart,False,False,EC_BP,"ECp = 1.3 0.5,EC+B+ = 100",1.0222222222222221
45,47,92,Rh,92Rh,(6+),-62999.095,,5.64,chart,False,False,EC_BP,"ECp = 2.1 0.2,EC+B+ = 100",1.0444444444444445
45,48,93,Rh,93Rh,(9/2+),-69011.81,,12.2,chart,False,False,EC_BP,EC+B+ = 100 ,1.0666666666666667
45,49,94,Rh,94Rh,(4+),-72907.623,,70.6,chart,False,False,EC_BP,"ECp = 1.8 0.5,EC+B+ = 100",1.0888888888888888
45,50,95,Rh,95Rh,9/2+,-78340.616,,301.2,chart,False,False,EC_BP,EC+B+ = 100 ,1.1111111111111112
45,51,96,Rh,96Rh,6+,-79687.732,,574.2,chart,False,False,EC_BP,EC+B+ = 100 ,1.1333333333333333
45,52,97,Rh,97Rh,9/2+,-82597.564,,1848.0,chart,False,False,EC_BP,EC+B+ = 100 ,1.1555555555555554
45,53,98,Rh,98Rh,(2)+,-83175.219,,524.4,chart,False,False,EC_BP,EC+B+ = 100 ,1.1777777777777778
45,54,99,Rh,99Rh,1/2-,-85584.522,,1391040.0000000002,chart,False,False,EC_BP,EC+B+ = 100 ,1.2
45,55,100,Rh,100Rh,1-,-85591.13,,73800.0,chart,False,False,EC_BP,EC+B+ = 100 ,1.2222222222222223
45,56,101,Rh,101Rh,1/2-,-87412.428,,128439432.0,chart,False,False,EC_BP,EC = 100 ,1.2444444444444445
45,57,102,Rh,102Rh,(2-),-86783.316,,17910720.0,chart,False,False,EC_BP,"B- = 22 5,EC+B+ = 78 5",1.2666666666666666
45,58,103,Rh,103Rh,1/2-,-88031.705,100.0,,none,True,False,STABLE,,1.288888888888889
45,59,104,Rh,104Rh,1+,-86959.344,,42.3,chart,False,False,B-,"B- = 99.55 0.1,EC+B+ = 0.45 0.1",1.3111111111111111
45,60,105,Rh,105Rh,7/2+,-87851.27,,127227.6,chart,False,False,B-,B- = 100 ,1.3333333333333333
45,61,106,Rh,106Rh,1+,-86362.656,,30.07,chart,False,False,B-,B- = 100 ,1.3555555555555556
45,62,107,Rh,107Rh,7/2+,-86863.711,,1302.0,chart,False,False,B-,B- = 100 ,1.3777777777777778
45,63,108,Rh,108Rh,1+,-85031.156,,17.0,chart,False,False,B-,B- = 100 ,1.4
45,64,109,Rh,109Rh,7/2+,-84999.251,,80.8,chart,False,False,B-,B- = 100 ,1.4222222222222223
45,65,110,Rh,110Rh,(1+),-82828.693,,3.3,chart,False,False,B-,B- = 100 ,1.4444444444444444
45,66,111,Rh,111Rh,(7/2+),-82303.871,,11.0,chart,False,False,B-,B- = 100 ,1.4666666666666666
45,67,112,Rh,112Rh,(1+),-79731.052,,3.5,chart,False,False,B-,B- = 100 ,1.488888888888889
45,68,113,Rh,113Rh,(7/2+),-78766.944,,2.8,chart,False,False,B-,B- = 100 ,1.511111111111111
45,69,114,Rh,114Rh,1+,-75710.275,,1.82,chart,False,False,B-,B- = 100 ,1.5333333333333334
45,70,115,Rh,115Rh,(7/2+),-74229.228,,0.99,chart,False,False,B-,"B- = 100 ,B-n?",1.5555555555555556
45,71,116,Rh,116Rh,1+,-70735.742,,0.685,chart,False,False,B-,"B- = 100 ,B-n = 2.1 ",1.5777777777777777
45,72,117,Rh,117Rh,(7/2+),-68896.758,,0.421,chart,False,False,B-,"B- = 100,B-n = 7.6 ",1.6
45,73,118,Rh,118Rh,(1+),-64886.84,,0.286,chart,False,False,B-,"B- = 100,B-n = 2.6 0.8",1.6222222222222222
45,74,119,Rh,119Rh,(7/2+),-62822.802,,0.189,chart,False,False,B-,"B- = 100,B-n = 4.9 1.5",1.6444444444444444
45,75,120,Rh,120Rh,,-58620.0,,0.133,chart,False,False,B-,"B- = 100,B-n = 7.2 1.6",1.6666666666666667
45,76,121,Rh,121Rh,,-56250.134,,0.073,chart,False,False,B-,"B- = 100,B-n = 13.4 0.8",1.6888888888888889
45,77,122,Rh,122Rh,,-51880.0,,0.0523,chart,False,False,B-,"B-n = 11.3 0.7,B-2n?,B- = 100",1.711111111111111
45,78,123,Rh,123Rh,,-49190.0,,0.0422,chart,False,False,B-,"B-n = 24.2 1.4,B-2n?,B- = 100",1.7333333333333334
45,79,124,Rh,124Rh,,-44710.0,,0.032,chart,False,False,B-,"B-n = 28 5,B-2n?,B- = 100 ",1.7555555555555555
45,80,125,Rh,125Rh,,-41830.0,,0.0265,chart,False,False,B-,"B-n?,B-2n?,B- = 100 ",1.7777777777777777
45,81,126,Rh,126Rh,,-37200.0,,0.019,chart,False,False,B-,"B-n?,B-2n?,B- = 100 ",1.8
45,82,127,Rh,127Rh,,-33730.0,,0.02,chart,False,False,B-,"B-n?,B-2n?,B- = 100 ",1.8222222222222222
45,83,128,Rh,128Rh,,-27340.0,,,none,False,False,B-,"B-n?,B-2n?,B- = 100",1.8444444444444446
46,44,90,Pd,90Pd,0+,-39710.0,,,none,False,False,OTHER,"2p?,EC+B+?,ECp?",0.9565217391304348
46,45,91,Pd,91Pd,,-46170.0,,0.032,chart,False,False,EC_BP,"EC+B+ = 100 ,ECp = 3 +1.1-0.9,B- = 100",0.9782608695652174
46,46,92,Pd,92Pd,0+,-54779.095,,1.06,chart,False,False,EC_BP,"ECp = 1.6 0.2,EC+B+ = 100",1.0
46,47,93,Pd,93Pd,(9/2+),-58981.81,,1.17,chart,False,False,EC_BP,"ECp = 7.4 0.2,EC+B+ = 100",1.0217391304347827
46,48,94,Pd,94Pd,0+,-66102.281,,9.4,chart,False,False,EC_BP,"ECp = 0.13 ,EC+B+ = 100",1.0434782608695652
46,49,95,Pd,95Pd,(9/2+),-69965.913,,7.4,chart,False,False,EC_BP,"ECp = 0.23 0.05,EC+B+ = 100",1.065217391304348
46,50,96,Pd,96Pd,0+,-76183.42,,122.0,chart,False,False,EC_BP,EC+B+ = 100 ,1.0869565217391304
46,51,97,Pd,97Pd,(5/2+),-77805.852,,186.0,chart,False,False,EC_BP,EC+B+ = 100 ,1.108695652173913
46,52,98,Pd,98Pd,0+,-81320.985,,1062.0,chart,False,False,EC_BP,EC+B+ = 100 ,1.1304347826086956
46,53,99,Pd,99Pd,(5/2)+,-82182.861,,1284.0,chart,False,False,EC_BP,EC+B+ = 100 ,1.1521739130434783
46,54,100,Pd,100Pd,0+,-85212.672,,313632.0,chart,False,False,EC_BP,EC = 100 ,1.173913043478261
46,55,101,Pd,101Pd,5/2+,-85432.145,,30492.000000000004,chart,False,False,EC_BP,EC+B+ = 100 ,1.1956521739130435
46,56,102,Pd,102Pd,0+,-87902.963,1.02,,none,True,False,STABLE,,1.2173913043478262
46,57,103,Pd,103Pd,5/2+,-87456.98,,1468800.0,chart,False,False,EC_BP,EC = 100 ,1.2391304347826086
46,58,104,Pd,104Pd,0+,-89395.123,11.14,,none,True,False,STABLE,,1.2608695652173914
46,59,105,Pd,105Pd,5/2+,-88417.905,22.33,,none,True,False,STABLE,,1.2826086956521738
46,60,106,Pd,106Pd,0+,-89907.543,27.33,,none,True,False,STABLE,,1.3043478260869565
46,61,107,Pd,107Pd,5/2+,-88372.654,,205124400000000.0,chart,False,False,B-,B- = 100 ,1.326086956521739
46,62,108,Pd,108Pd,0+,-89524.215,26.46,,none,True,False,STABLE,,1.3478260869565217
46,63,109,Pd,109Pd,5/2+,-87606.484,,48373.2,chart,False,False,B-,B- = 100 ,1.3695652173913044
46,64,110,Pd,110Pd,0+,-88330.904,11.72,,none,True,False,STABLE,,1.391304347826087
46,65,111,Pd,111Pd,5/2+,-85985.886,,1416.0,chart,False,False,B-,B- = 100 ,1.4130434782608696
46,66,112,Pd,112Pd,0+,-86321.039,,75697.2,chart,False,False,B-,B- = 100 ,1.434782608695652
46,67,113,Pd,113Pd,(5/2+),-83590.5,,89.0,chart,False,False,B-,B- = 100 ,1.4565217391304348
46,68,114,Pd,114Pd,0+,-83490.346,,145.2,chart,False,False,B-,B- = 100 ,1.4782608695652173
46,69,115,Pd,115Pd,(1/2)+,-80425.822,,25.0,chart,False,False,B-,B- = 100 ,1.5
46,70,116,Pd,116Pd,0+,-79831.026,,11.7,chart,False,False,B-,B- = 100 ,1.5217391304347827
46,71,117,Pd,117Pd,(3/2+),-76423.89,,4.3,chart,False,False,B-,B- = 100 ,1.5434782608695652
46,72,118,Pd,118Pd,0+,-75388.358,,1.9,chart,False,False,B-,B- = 100,1.565217391304348
46,73,119,Pd,119Pd,"(1/2+),(3/2+)",-71407.277,,0.88,chart,False,False,B-,"B- = 100 ,B-n?",1.5869565217391304
46,74,120,Pd,120Pd,0+,-70279.604,,0.492,chart,False,False,B-,"B- = 100,B-n = 0.7 ",1.608695652173913
46,75,121,Pd,121Pd,,-66182.337,,0.29,chart,False,False,B-,"B- = 100,B-n = 0.8 ",1.6304347826086956
46,76,122,Pd,122Pd,0+,-64616.169,,0.195,chart,False,False,B-,"B- = 100,B-n = 2.2 ",1.6521739130434783
46,77,123,Pd,123Pd,,-60429.748,,0.109,chart,False,False,B-,"B- = 100,B-n = 1.4 0.3",1.673913043478261
46,78,124,Pd,124Pd,0+,-58400.0,,0.094,chart,False,False,B-,"B- = 100,B-n = 0.89 0.2",1.6956521739130435
46,79,125,Pd,125Pd,(3/2+),-53960.0,,0.0642,chart,False,False,B-,"B- = 100,B-n = 3.7 0.4",1.7173913043478262
46,80,126,Pd,126Pd,0+,-51790.0,,0.0486,chart,False,False,B-,"B- = 100,B-n = 4.9 0.9",1.7391304347826086
46,81,127,Pd,127Pd,,-47220.0,,0.038,chart,False,False,B-,"B-n = 9 3,B-2n?,B- = 100",1.7608695652173914
46,82,128,Pd,128Pd,0+,-44390.0,,0.036,chart,False,False,B-,"B- = 100,B-n = 10 7",1.7826086956521738
46,83,129,Pd,129Pd,,-37880.0,,0.031,chart,False,False,B-,"B-n?,B-2n?,B- = 100 ",1.8043478260869565
46,84,130,Pd,130Pd,0+,-32730.0,,,none,False,False,B-,"B-n?,B-2n?,B- = 100",1.826086956521739
46,85,131,Pd,131Pd,,-25740.0,,,none,False,False,B-,"B-n?,B-2n?,B- = 100",1.8478260869565217
47,45,92,Ag,92Ag,,-37530.0,,,none,False,False,OTHER,"p?,EC+B+?,ECp?",0.9574468085106383
47,46,93,Ag,93Ag,,-46400.0,,2.28e-07,chart,False,False,OTHER,"p?,EC+B+?,ECp?",0.9787234042553191
47,47,94,Ag,94Ag,(0+),-52402.0,,0.027,chart,False,False,EC_BP,"ECp = 0.2 ,EC+B+ = 100",1.0
47,48,95,Ag,95Ag,(9/2+),-59906.0,,1.81,chart,False,False,EC_BP,"ECp = 2.3 0.2,EC+B+ = 100",1.0212765957446808
47,49,96,Ag,96Ag,(8)+,-64511.645,,4.435,chart,False,False,EC_BP,"ECp = 4.8 0.8,EC+B+ = 100 ",1.0425531914893618
47,50,97,Ag,97Ag,(9/2+),-70904.027,,25.5,chart,False,False,EC_BP,EC+B+ = 100,1.0638297872340425
47,51,98,Ag,98Ag,(6+),-73066.425,,47.5,chart,False,False,EC_BP,"ECp = 0.0011 0.0005,EC+B+ = 100",1.0851063829787233
47,52,99,Ag,99Ag,(9/2)+,-76712.483,,124.0,chart,False,False,EC_BP,EC+B+ = 100 ,1.1063829787234043
47,53,100,Ag,100Ag,(5)+,-78137.969,,120.6,chart,False,False,EC_BP,EC+B+ = 100 ,1.127659574468085
47,54,101,Ag,101Ag,9/2+,-81334.384,,666.0,chart,False,False,EC_BP,EC+B+ = 100 ,1.148936170212766
47,55,102,Ag,102Ag,5(+),-82246.702,,774.0,chart,False,False,EC_BP,EC+B+ = 100 ,1.1702127659574468
47,56,103,Ag,103Ag,7/2+,-84802.702,,3948.0,chart,False,False,EC_BP,EC+B+ = 100 ,1.1914893617021276
47,57,104,Ag,104Ag,5+,-85116.47,,4158.0,chart,False,False,EC_BP,EC+B+ = 100 ,1.2127659574468086
47,58,105,Ag,105Ag,1/2-,-87070.848,,3567456.0,chart,False,False,EC_BP,EC+B+ = 100 ,1.2340425531914894
47,59,106,Ag,106Ag,1+,-86942.399,,1437.6,chart,False,False,EC_BP,"B- = 1 ,EC+B+ = 99 ",1.2553191489361701
47,60,107,Ag,107Ag,1/2-,-88406.7,51.839,,none,True,False,STABLE,,1.2765957446808511
47,61,108,Ag,108Ag,1+,-87606.792,,143.4,chart,False,False,B-,"B- = 97.15 0.2,EC+B+ = 2.85 0.2",1.297872340425532
47,62,109,Ag,109Ag,1/2-,-88719.431,48.161,,none,True,False,STABLE,,1.3191489361702127
47,63,110,Ag,110Ag,1+,-87457.306,,24.56,chart,False,False,B-,"B- = 99.7 0.06,EC = 0.3 0.06",1.3404255319148937
47,64,111,Ag,111Ag,1/2-,-88215.447,,641174.4,chart,False,False,B-,B- = 100 ,1.3617021276595744
47,65,112,Ag,112Ag,2(-),-86583.729,,11340.0,chart,False,False,B-,B- = 100 ,1.3829787234042554
47,66,113,Ag,113Ag,1/2-,-87026.825,,19332.0,chart,False,False,B-,B- = 100 ,1.4042553191489362
47,67,114,Ag,114Ag,1+,-84930.811,,4.59,chart,False,False,B-,B- = 100 ,1.425531914893617
47,68,115,Ag,115Ag,1/2-,-84982.587,,1200.0,chart,False,False,B-,B- = 100 ,1.446808510638298
47,69,116,Ag,116Ag,(0-),-82542.664,,229.8,chart,False,False,B-,B- = 100 ,1.4680851063829787
47,70,117,Ag,117Ag,(1/2-),-82181.918,,72.8,chart,False,False,B-,B- = 100,1.4893617021276595
47,71,118,Ag,118Ag,(2-),-79553.802,,3.87,chart,False,False,B-,B- = 100,1.5106382978723405
47,72,119,Ag,119Ag,(1/2-),-78645.759,,6.0,chart,False,False,B-,B- = 100 ,1.5319148936170213
47,73,120,Ag,120Ag,(4+),-75651.512,,1.52,chart,False,False,B-,"B- = 100,B-n = 0.003 ",1.553191489361702
47,74,121,Ag,121Ag,(7/2+),-74402.831,,0.781,chart,False,False,B-,"B- = 100,B-n = 0.08 0.013",1.574468085106383
47,75,122,Ag,122Ag,(9-),-71026.118,,0.2,chart,False,False,B-,"B- = 100,B-n?",1.5957446808510638
47,76,123,Ag,123Ag,(7/2+),-69568.581,,0.3,chart,False,False,B-,"B- = 100,B-n = 0.79 0.12",1.6170212765957446
47,77,124,Ag,124Ag,(2-),-66229.951,,0.182,chart,False,False,B-,"B- = 100 ,B-n = 1.7 0.7",1.6382978723404256
47,78,125,Ag,125Ag,(9/2+),-64519.939,,0.176,chart,False,False,B-,"B- = 100,B-n = 1.1 0.2",1.6595744680851063
47,79,126,Ag,126Ag,(3+),-60720.0,,0.052,chart,False,False,B-,"B- = 100,B-n = 3.8 0.2",1.6808510638297873
47,80,127,Ag,127Ag,(9/2+),-58650.0,,0.0891,chart,False,False,B-,"B- = 100,B-n = 5.5 0.2",1.702127659574468
47,81,128,Ag,128Ag,,-54710.0,,0.0665999999999999,chart,False,False,B-,"B-n = 9.3 0.5,B-2n?,B- = 100",1.7234042553191489
47,82,129,Ag,129Ag,(9/2+),-51870.0,,0.052,chart,False,False,B-,"B- = 100 ,B-n = 17.9 1.4",1.7446808510638299
47,83,130,Ag,130Ag,,-45898.0,,0.041,chart,False,False,B-,"B-n?,B-2n?,B- = 100",1.7659574468085106
47,84,131,Ag,131Ag,,-40750.0,,0.035,chart,False,False,B-,"B-n?,B-2n?,B- = 100 ",1.7872340425531914
47,85,132,Ag,132Ag,,-34400.0,,0.028,chart,False,False,B-,"B-n?,B-2n?,B- = 100 ",1.8085106382978724
48,46,94,Cd,94Cd,0+,-40440.0,,,none,False,False,EC_BP,"ECp?,EC+B+?",0.9583333333333334
48,47,95,Cd,95Cd,,-47056.0,,0.032,chart,False,False,EC_BP,"ECp = 4.5 +1.2-1,EC+B+ = 100",0.9791666666666666
48,48,96,Cd,96Cd,0+,-55572.0,,1.01,chart,False,False,EC_BP,"ECp = 1.6 0.3,EC+B+ = 100",1.0
48,49,97,Cd,97Cd,(9/2+),-60734.027,,1.16,chart,False,False,EC_BP,"ECp = 9.7 2.3,EC+B+ = 100",1.0208333333333333
48,50,98,Cd,98Cd,0+,-67636.425,,9.3,chart,False,False,EC_BP,"ECp = 0.029 ,EC+B+ = 100",1.0416666666666667
48,51,99,Cd,99Cd,(5/2+),-69931.132,,17.0,chart,False,False,EC_BP,"ECp = 0.21 0.02,EC+B+ = 100",1.0625
48,52,100,Cd,100Cd,0+,-74194.595,,49.1,chart,False,False,EC_BP,EC+B+ = 100 ,1.0833333333333333
48,53,101,Cd,101Cd,5/2+,-75836.466,,81.60000000000001,chart,False,False,EC_BP,EC+B+ = 100 ,1.1041666666666667
48,54,102,Cd,102Cd,0+,-79659.702,,330.0,chart,False,False,EC_BP,EC+B+ = 100 ,1.125
48,55,103,Cd,103Cd,(5/2)+,-80651.626,,450.0,chart,False,False,EC_BP,EC+B+ = 100 ,1.1458333333333333
48,56,104,Cd,104Cd,0+,-83968.391,,3468.0,chart,False,False,EC_BP,EC+B+ = 100 ,1.1666666666666667
48,57,105,Cd,105Cd,5/2+,-84333.849,,3324.0,chart,False,False,EC_BP,EC+B+ = 100 ,1.1875
48,58,106,Cd,106Cd,0+,-87132.153,1.245,,none,True,False,STABLE,,1.2083333333333333
48,59,107,Cd,107Cd,5/2+,-86990.325,,23472.0,chart,False,False,EC_BP,EC+B+ = 100 ,1.2291666666666667
48,60,108,Cd,108Cd,0+,-89252.423,0.888,,none,True,False,STABLE,,1.25
48,61,109,Cd,109Cd,5/2+,-88504.33,,39915072.0,chart,False,False,EC_BP,EC = 100 ,1.2708333333333333
48,62,110,Cd,110Cd,0+,-90347.969,12.47,,none,True,False,STABLE,,1.2916666666666667
48,63,111,Cd,111Cd,1/2+,-89252.247,12.795,,none,True,False,STABLE,,1.3125
48,64,112,Cd,112Cd,0+,-90574.857,24.109,,none,True,False,STABLE,,1.3333333333333333
48,65,113,Cd,113Cd,1/2+,-89043.286,12.227,2.53723104e+23,chart,False,False,B-,B- = 100 ,1.3541666666666667
48,66,114,Cd,114Cd,0+,-90014.934,28.754,,none,True,False,STABLE,,1.375
48,67,115,Cd,115Cd,1/2+,-88084.48,,192240.0,chart,False,False,B-,B- = 100 ,1.3958333333333333
48,68,116,Cd,116Cd,0+,-88712.489,7.512,8.459074162302391e+26,chart,False,False,OTHER,2B- = 100,1.4166666666666667
48,69,117,Cd,117Cd,1/2+,-86418.397,,9010.8,chart,False,False,B-,B- = 100 ,1.4375
48,70,118,Cd,118Cd,0+,-86701.649,,3018.0,chart,False,False,B-,B- = 100,1.4583333333333333
48,71,119,Cd,119Cd,1/2+,-83976.939,,161.4,chart,False,False,B-,B- = 100 ,1.4791666666666667
48,72,120,Cd,120Cd,0+,-83957.365,,50.8,chart,False,False,B-,B- = 100 ,1.5
48,73,121,Cd,121Cd,3/2+,-81073.837,,13.5,chart,False,False,B-,B- = 100 ,1.5208333333333333
48,74,122,Cd,122Cd,0+,-80612.384,,5.24,chart,False,False,B-,B- = 100 ,1.5416666666666667
48,75,123,Cd,123Cd,3/2(+),-77414.183,,2.1,chart,False,False,B-,B- = 100 ,1.5625
48,76,124,Cd,124Cd,0+,-76699.436,,1.25,chart,False,False,B-,B- = 100 ,1.5833333333333333
48,77,125,Cd,125Cd,3/2+,-73348.09,,0.68,chart,False,False,B-,B- = 100 ,1.6041666666666667
48,78,126,Cd,126Cd,0+,-72255.727,,0.512,chart,False,False,B-,B- = 100 ,1.625
48,79,127,Cd,127Cd,3/2+,-68741.199,,0.45,chart,False,False,B-,"B- = 100,B-n = 1.2 ",1.6458333333333333
48,80,128,Cd,128Cd,0+,-67238.245,,0.2459,chart,False,False,B-,"B- = 100,B-n = 1.9",1.6666666666666667
48,81,129,Cd,129Cd,11/2-,-63122.142,,0.151,chart,False,False,B-,"B- = 100 ,B-n = 1.84 0.15",1.6875
48,82,130,Cd,130Cd,0+,-61117.597,,0.129,chart,False,False,B-,"B- = 100,B-n = 3 0.2",1.7083333333333333
48,83,131,Cd,131Cd,(7/2-),-55211.76,,0.098,chart,False,False,B-,"B-n = 3.5 1,B-2n?,B- = 100",1.7291666666666667
48,84,132,Cd,132Cd,0+,-50465.429,,0.084,chart,False,False,B-,"B-n = 60 15,B-2n?,B- = 100",1.75
48,85,133,Cd,133Cd,,-44140.0,,0.061,chart,False,False,B-,"B-n?,B-2n?,B- = 100",1.7708333333333333
48,86,134,Cd,134Cd,0+,-39460.0,,0.065,chart,False,False,B-,"B-n?,B-2n?,B- = 100",1.7916666666666667
49,47,96,In,96In,,-38090.0,,,none,False,False,OTHER,"p?,EC+B+?,ECp?",0.9591836734693877
49,48,97,In,97In,(9/2+),-47390.0,,0.036,chart,False,False,EC_BP,"ECp = 1.7 +1.7-0.8,EC+B+ = 100",0.9795918367346939
49,49,98,In,98In,(0+),-53906.0,,0.03,chart,False,False,EC_BP,"ECp = 0.13 ,EC+B+ = 100",1.0
49,50,99,In,99In,(9/2+),-61376.0,,3.11,chart,False,False,EC_BP,"ECp = 0.29 0.03,EC+B+ = 100",1.0204081632653061
49,51,100,In,100In,(6+),-64178.146,,5.66,chart,False,False,EC_BP,"ECp = 1.66 0.03,EC+B+ = 100",1.0408163265306123
49,52,101,In,101In,(9/2+),-68544.901,,15.1,chart,False,False,EC_BP,"ECp = 1.7 ,EC+B+ = 100",1.0612244897959184
49,53,102,In,102In,(6+),-70694.896,,23.3,chart,False,False,EC_BP,"ECp = 0.0093 0.0013,EC+B+ = 100",1.0816326530612246
49,54,103,In,103In,(9/2)+,-74632.397,,65.0,chart,False,False,EC_BP,EC+B+ = 100 ,1.1020408163265305
49,55,104,In,104In,"(5+),(6+)",-76182.675,,108.0,chart,False,False,EC_BP,EC+B+ = 100 ,1.1224489795918366
49,56,105,In,105In,9/2+,-79640.582,,304.20000000000005,chart,False,False,EC_BP,EC+B+ = 100 ,1.1428571428571428
49,57,106,In,106In,7+,-80608.15,,373.8,chart,False,False,EC_BP,EC+B+ = 100 ,1.163265306122449
49,58,107,In,107In,9/2+,-83566.667,,1944.0,chart,False,False,EC_BP,EC+B+ = 100 ,1.183673469387755
49,59,108,In,108In,7+,-84119.828,,3480.0,chart,False,False,EC_BP,EC+B+ = 100 ,1.2040816326530612
49,60,109,In,109In,9/2+,-86489.526,,14972.4,chart,False,False,EC_BP,EC+B+ = 100 ,1.2244897959183674
49,61,110,In,110In,7+,-86469.969,,17640.0,chart,False,False,EC_BP,EC+B+ = 100 ,1.2448979591836735
49,62,111,In,111In,9/2+,-88392.05,,242334.72000000003,chart,False,False,EC_BP,EC = 100 ,1.2653061224489797
49,63,112,In,112In,1+,-87990.127,,892.8000000000001,chart,False,False,EC_BP,"B- = 38 4,EC+B+ = 62 4",1.2857142857142858
49,64,113,In,113In,9/2+,-89367.123,4.281,,none,True,False,STABLE,,1.3061224489795917
49,65,114,In,114In,1+,-88569.807,,71.9,chart,False,False,B-,"B- = 99.5 0.15,EC+B+ = 0.5 0.15",1.3265306122448979
49,66,115,In,115In,9/2+,-89536.357,95.719,1.39169016e+22,chart,False,False,B-,B- = 100 ,1.346938775510204
49,67,116,In,116In,1+,-88249.758,,14.1,chart,False,False,B-,"B- = 99.9762 0.0042,EC = 0.0238 0.0042",1.3673469387755102
49,68,117,In,117In,9/2+,-88943.035,,2592.0,chart,False,False,B-,B- = 100 ,1.3877551020408163
49,69,118,In,118In,1+,-87228.177,,5.4,chart,False,False,B-,B- = 100,1.4081632653061225
49,70,119,In,119In,9/2+,-87698.658,,144.0,chart,False,False,B-,B- = 100 ,1.4285714285714286
49,71,120,In,120In,1+,-85727.741,,3.08,chart,False,False,B-,B- = 100 ,1.4489795918367347
49,72,121,In,121In,9/2+,-85834.593,,23.1,chart,False,False,B-,B- = 100 ,1.469387755102041
49,73,122,In,122In,1+,-83571.361,,1.5,chart,False,False,B-,B- = 100 ,1.489795918367347
49,74,123,In,123In,9/2+,-83429.034,,6.15,chart,False,False,B-,B- = 100 ,1.510204081632653
49,75,124,In,124In,(3+),-80867.778,,3.12,chart,False,False,B-,B- = 100 ,1.530612244897959
49,76,125,In,125In,9/2+,-80412.308,,2.36,chart,False,False,B-,B- = 100 ,1.5510204081632653
49,77,126,In,126In,3(+),-77809.377,,1.53,chart,False,False,B-,B- = 100 ,1.5714285714285714
49,78,127,In,127In,(9/2+),-76879.897,,1.087,chart,False,False,B-,"B- = 100,B-n = 0.03 ",1.5918367346938775
49,79,128,In,128In,(3)+,-74190.117,,0.84,chart,False,False,B-,"B- = 100,B-n = 0.035 0.005",1.6122448979591837
49,80,129,In,129In,(9/2+),-72834.889,,0.629,chart,False,False,B-,"B- = 100,B-n = 0.228 0.051",1.6326530612244898
49,81,130,In,130In,1(-),-69906.53,,0.277,chart,False,False,B-,"B- = 100,B-n = 0.93 0.13",1.653061224489796
49,82,131,In,131In,(9/2+),-68024.369,,0.261,chart,False,False,B-,"B- = 100,B-n = 2.3 0.3",1.6734693877551021
49,83,132,In,132In,(7-),-62411.554,,0.2,chart,False,False,B-,"B-n = 12.3 0.4,B-2n?,B- = 100",1.6938775510204083
49,84,133,In,133In,(9/2+),-57690.0,,0.162,chart,False,False,B-,"B-n = 90 3,B-2n?,B- = 100",1.7142857142857142
49,85,134,In,134In,"(6-),(7-)",-51970.0,,0.121,chart,False,False,B-,"B-n = 89 3,B-2n = 9 2,B- = 100",1.7346938775510203
49,86,135,In,135In,,-47110.0,,0.097,chart,False,False,B-,"B-n = 0 ,B-2n = 0 ,B- = 100",1.7551020408163265
49,87,136,In,136In,,-40970.0,,0.085,chart,False,False,B-,"B-n?,B-2n?,B- = 100 ",1.7755102040816326
49,88,137,In,137In,,-35830.0,,0.065,chart,False,False,B-,"B-n?,B-2n?,B- = 100 ",1.7959183673469388
50,49,99,Sn,99Sn,,-47976.0,,0.024,chart,False,False,EC_BP,"ECp = 3.9 +3.4-1.7,EC+B+ = 100",0.98
50,50,100,Sn,100Sn,0+,-57148.146,,1.18,chart,False,False,EC_BP,"ECp = 17 ,EC+B+ = 100",1.0
50,51,101,Sn,101Sn,(7/2+),-60305.624,,2.2,chart,False,False,EC_BP,"ECp = 22.8 0.8,EC+B+ = 100",1.02
50,52,102,Sn,102Sn,0+,-64934.896,,3.8,chart,False,False,EC_BP,"ECp?,EC+B+ = 100 ",1.04
50,53,103,Sn,103Sn,(5/2+),-67092.0,,7.0,chart,False,False,EC_BP,"ECp = 1.2 0.1,EC+B+ = 100",1.06
50,54,104,Sn,104Sn,0+,-71627.057,,20.9,chart,False,False,EC_BP,EC+B+ = 100 ,1.08
50,55,105,Sn,105Sn,(5/2+),-73338.001,,32.7,chart,False,False,EC_BP,"ECp = 0.011 0.004,EC+B+ = 100",1.1
50,56,106,Sn,106Sn,0+,-77353.698,,115.2,chart,False,False,EC_BP,EC+B+ = 100 ,1.12
50,57,107,Sn,107Sn,(5/2+),-78512.239,,174.0,chart,False,False,EC_BP,EC+B+ = 100 ,1.14
50,58,108,Sn,108Sn,0+,-82069.949,,630.0,chart,False,False,EC_BP,EC+B+ = 100 ,1.16
50,59,109,Sn,109Sn,5/2+,-82630.18,,1086.0,chart,False,False,EC_BP,EC+B+ = 100 ,1.18
50,60,110,Sn,110Sn,0+,-85841.993,,14954.4,chart,False,False,EC_BP,EC = 100 ,1.2
50,61,111,Sn,111Sn,7/2+,-85938.581,,2118.0,chart,False,False,EC_BP,EC+B+ = 100 ,1.22
50,62,112,Sn,112Sn,0+,-88655.049,0.97,,none,True,False,STABLE,,1.24
50,63,113,Sn,113Sn,1/2+,-88328.129,,9942912.0,chart,False,False,EC_BP,EC+B+ = 100 ,1.26
50,64,114,Sn,114Sn,0+,-90559.735,0.66,,none,True,False,STABLE,,1.28
50,65,115,Sn,115Sn,1/2+,-90033.846,0.34,,none,True,False,STABLE,,1.3
50,66,116,Sn,116Sn,0+,-91525.979,14.54,,none,True,False,STABLE,,1.32
50,67,117,Sn,117Sn,1/2+,-90397.742,7.68,,none,True,False,STABLE,,1.34
50,68,118,Sn,118Sn,0+,-91652.843,24.22,,none,True,False,STABLE,,1.36
50,69,119,Sn,119Sn,1/2+,-90064.985,8.59,,none,True,False,STABLE,,1.38
50,70,120,Sn,120Sn,0+,-91097.741,32.58,,none,True,False,STABLE,,1.4
50,71,121,Sn,121Sn,3/2+,-89196.626,,97380.0,chart,False,False,B-,B- = 100 ,1.42
50,72,122,Sn,122Sn,0+,-89939.953,4.63,,none,True,False,STABLE,,1.44
50,73,123,Sn,123Sn,11/2-,-87814.683,,11162879.999999998,chart,False,False,B-,B- = 100 ,1.46
50,74,124,Sn,124Sn,0+,-88231.475,5.79,,none,True,False,STABLE,,1.48
50,75,125,Sn,125Sn,11/2-,-85893.657,,832377.6,chart,False,False,B-,B- = 100 ,1.5
50,76,126,Sn,126Sn,0+,-86015.135,,6248404800000.0,chart,False,False,B-,B- = 100 ,1.52
50,77,127,Sn,127Sn,11/2-,-83469.578,,7560.0,chart,False,False,B-,B- = 100 ,1.54
50,78,128,Sn,128Sn,0+,-83361.43,,3576.0,chart,False,False,B-,B- = 100 ,1.56
50,79,129,Sn,129Sn,3/2+,-80590.597,,133.8,chart,False,False,B-,B- = 100 ,1.58
50,80,130,Sn,130Sn,0+,-80132.217,,223.8,chart,False,False,B-,B- = 100,1.6
50,81,131,Sn,131Sn,3/2+,-77264.579,,56.0,chart,False,False,B-,B- = 100 ,1.62
50,82,132,Sn,132Sn,0+,-76546.554,,39.7,chart,False,False,B-,B- = 100 ,1.64
50,83,133,Sn,133Sn,7/2-,-70873.89,,1.38,chart,False,False,B-,"B- = 100,B-n = 0.0294 0.0024",1.66
50,84,134,Sn,134Sn,0+,-66433.759,,1.024,chart,False,False,B-,"B- = 100,B-n = 17 13",1.68
50,85,135,Sn,135Sn,,-60632.252,,0.515,chart,False,False,B-,"B-n = 21 3,B-2n?,B- = 100",1.7
50,86,136,Sn,136Sn,0+,-56170.0,,0.355,chart,False,False,B-,"B-n = 27 4,B-2n?,B- = 100",1.72
50,87,137,Sn,137Sn,,-50150.0,,0.228,chart,False,False,B-,"B-n = 41 9,B-2n?,B- = 100",1.74
50,88,138,Sn,138Sn,0+,-45510.0,,0.148,chart,False,False,B-,"B-n = 36 12,B-2n?,B- = 100",1.76
50,89,139,Sn,139Sn,,-39310.0,,0.12,chart,False,False,B-,"B-n?,B-2n?,B- = 100",1.78
50,90,140,Sn,140Sn,0+,-34490.0,,,none,False,False,B-,"B-n?,B-2n?,B- = 100",1.8
51,53,104,Sb,104Sb,,-59295.0,,0.49,chart,False,False,EC_BP,"p = 1 ,EC+B+ = 100,ECp = 7 ",1.0392156862745099
51,54,105,Sb,105Sb,,-64015.491,,1.12,chart,False,False,EC_BP,"p?,EC+B+ = 100 ,ECp?",1.0588235294117647
51,55,106,Sb,106Sb,(2+),-66473.301,,0.6,chart,False,False,EC_BP,"ECp?,EC+B+ = 100",1.0784313725490196
51,56,107,Sb,107Sb,,-70653.248,,4.0,chart,False,False,EC_BP,EC+B+ = 100 ,1.0980392156862746
51,57,108,Sb,108Sb,(4+),-72445.341,,7.4,chart,False,False,EC_BP,EC+B+ = 100 ,1.1176470588235294
51,58,109,Sb,109Sb,(5/2+),-76250.986,,17.24,chart,False,False,EC_BP,EC+B+ = 100 ,1.1372549019607843
51,59,110,Sb,110Sb,(3+),-77449.745,,23.6,chart,False,False,EC_BP,EC+B+ = 100 ,1.1568627450980393
51,60,111,Sb,111Sb,(5/2+),-80836.747,,74.9,chart,False,False,EC_BP,EC+B+ = 100 ,1.1764705882352942
51,61,112,Sb,112Sb,(3+),-81598.973,,53.6,chart,False,False,EC_BP,EC+B+ = 100 ,1.196078431372549
51,62,113,Sb,113Sb,(5/2+),-84416.966,,400.2,chart,False,False,EC_BP,EC+B+ = 100 ,1.2156862745098038
51,63,114,Sb,114Sb,3+,-84496.616,,209.4,chart,False,False,EC_BP,EC+B+ = 100 ,1.2352941176470589
51,64,115,Sb,115Sb,5/2+,-87003.412,,1920.0,chart,False,False,EC_BP,EC+B+ = 100 ,1.2549019607843137
51,65,116,Sb,116Sb,3+,-86822.02,,948.0,chart,False,False,EC_BP,EC+B+ = 100 ,1.2745098039215685
51,66,117,Sb,117Sb,5/2+,-88639.564,,10080.0,chart,False,False,EC_BP,EC+B+ = 100 ,1.2941176470588236
51,67,118,Sb,118Sb,1+,-87996.204,,216.0,chart,False,False,EC_BP,EC+B+ = 100,1.3137254901960784
51,68,119,Sb,119Sb,5/2+,-89475.539,,137520.0,chart,False,False,EC_BP,EC = 100 ,1.3333333333333333
51,69,120,Sb,120Sb,1+,-88417.133,,953.4,chart,False,False,EC_BP,EC+B+ = 100 ,1.3529411764705883
51,70,121,Sb,121Sb,5/2+,-89599.157,57.21,,none,True,False,STABLE,,1.3725490196078431
51,71,122,Sb,122Sb,2-,-88334.205,,232772.832,chart,False,False,B-,"B- = 97.59 0.12,EC+B+ = 2.41 0.12",1.392156862745098
51,72,123,Sb,123Sb,7/2+,-89222.89,42.79,,none,True,False,STABLE,,1.411764705882353
51,73,124,Sb,124Sb,3-,-87619.069,,5202057.600000001,chart,False,False,B-,B- = 100 ,1.4313725490196079
51,74,125,Sb,125Sb,7/2+,-88255.094,,87026393.52,chart,False,False,B-,B- = 100 ,1.4509803921568627
51,75,126,Sb,126Sb,(8-),-86393.135,,1062720.0,chart,False,False,B-,B- = 100 ,1.4705882352941178
51,76,127,Sb,127Sb,7/2+,-86698.294,,331776.0,chart,False,False,B-,B- = 100 ,1.4901960784313726
51,77,128,Sb,128Sb,8-,-84629.852,,32580.000000000004,chart,False,False,B-,B- = 100 ,1.5098039215686274
51,78,129,Sb,129Sb,7/2+,-84629.384,,15840.000000000002,chart,False,False,B-,B- = 100 ,1.5294117647058822
51,79,130,Sb,130Sb,(8-),-82285.687,,2430.0,chart,False,False,B-,B- = 100,1.5490196078431373
51,80,131,Sb,131Sb,(7/2+),-81981.412,,1381.8000000000002,chart,False,False,B-,B- = 100 ,1.5686274509803921
51,81,132,Sb,132Sb,(4)+,-79635.282,,167.4,chart,False,False,B-,B- = 100 ,1.588235294117647
51,82,133,Sb,133Sb,7/2+,-78923.513,,144.60000000000002,chart,False,False,B-,B- = 100 ,1.607843137254902
51,83,134,Sb,134Sb,(0-),-74019.004,,0.675,chart,False,False,B-,"B- = 100 ,B-n?",1.6274509803921569
51,84,135,Sb,135Sb,(7/2+),-69690.332,,1.668,chart,False,False,B-,"B- = 100,B-n = 16.8 1.6",1.6470588235294117
51,85,136,Sb,136Sb,(1-),-64506.89,,0.924,chart,False,False,B-,"B-n = 22 5.1,B-2n = 0.14 0.03,B- = 100",1.6666666666666667
51,86,137,Sb,137Sb,,-60060.392,,0.506,chart,False,False,B-,"B-n = 49 8,B-2n = 2.7 ,B- = 100",1.6862745098039216
51,87,138,Sb,138Sb,(3-),-54650.0,,0.314,chart,False,False,B-,"B-n = 72 8,B-2n?,B- = 100",1.7058823529411764
51,88,139,Sb,139Sb,,-50050.0,,0.182,chart,False,False,B-,"B-n = 90 10,B-2n?,B- = 100",1.7254901960784315
51,89,140,Sb,140Sb,"(3-),(4-)",-44390.0,,0.171,chart,False,False,B-,"B-n = 23 4,B-2n = 7.6 2.5,B- = 100",1.7450980392156863
51,90,141,Sb,141Sb,,-39540.0,,0.103,chart,False,False,B-,"B-n?,B-2n?,B- = 100 ",1.7647058823529411
51,91,142,Sb,142Sb,,-33610.0,,0.053,chart,False,False,B-,"B-n?,B-2n?,B- = 100",1.7843137254901962
52,52,104,Te,104Te,0+,-49626.831,,1.8000000000000002e-08,chart,False,False,ALPHA,a = 100,1.0
52,53,105,Te,105Te,(7/2+),-52811.509,,6.3e-07,chart,False,False,ALPHA,a ~ 100 ,1.0192307692307692
52,54,106,Te,106Te,0+,-58219.759,,6.9e-05,chart,False,False,ALPHA,a = 100,1.0384615384615385
52,55,107,Te,107Te,,-60657.0,,0.0036,chart,False,False,ALPHA,"a = 70 30,EC+B+ = 30 30",1.0576923076923077
52,56,108,Te,108Te,0+,-65781.676,,2.1,chart,False,False,EC_BP,"EC+B+ = 51 4,a = 49 4,ECp = 2.4 1",1.0769230769230769
52,57,109,Te,109Te,(5/2+),-67715.399,,4.4,chart,False,False,EC_BP,"EC+B+ = 96.1 1.3,a = 3.9 1.3,ECp = 9.4 3.1,ECa = 0.0043",1.0961538461538463
52,58,110,Te,110Te,0+,-72229.821,,18.6,chart,False,False,EC_BP,"a?,EC+B+ ~ 100 ",1.1153846153846154
52,59,111,Te,111Te,(5/2)+,-73587.487,,26.2,chart,False,False,EC_BP,"ECp?,EC+B+ = 100 ",1.1346153846153846
52,60,112,Te,112Te,0+,-77567.518,,120.0,chart,False,False,EC_BP,EC+B+ = 100 ,1.1538461538461537
52,61,113,Te,113Te,(7/2+),-78347.037,,108.0,chart,False,False,EC_BP,EC+B+ = 100 ,1.1730769230769231
52,62,114,Te,114Te,0+,-81889.676,,984.0,chart,False,False,EC_BP,EC+B+ = 100 ,1.1923076923076923
52,63,115,Te,115Te,7/2+,-82062.767,,354.0,chart,False,False,EC_BP,EC+B+ = 100 ,1.2115384615384615
52,64,116,Te,116Te,0+,-85263.793,,8964.0,chart,False,False,EC_BP,EC+B+ = 100 ,1.2307692307692308
52,65,117,Te,117Te,1/2+,-85095.5,,3720.0,chart,False,False,EC_BP,EC+B+ = 100 ,1.25
52,66,118,Te,118Te,0+,-87690.758,,518400.0,chart,False,False,EC_BP,EC = 100,1.2692307692307692
52,67,119,Te,119Te,1/2+,-87182.539,,57780.0,chart,False,False,EC_BP,EC+B+ = 100 ,1.2884615384615385
52,68,120,Te,120Te,0+,-89362.16,0.09,,none,True,False,STABLE,,1.3076923076923077
52,69,121,Te,121Te,1/2+,-88543.111,,1664928.0,chart,False,False,EC_BP,EC+B+ = 100 ,1.3269230769230769
52,70,122,Te,122Te,0+,-90313.282,2.55,,none,True,False,STABLE,,1.3461538461538463
52,71,123,Te,123Te,1/2+,-89170.978,0.89,,none,True,False,STABLE,,1.3653846153846154
52,72,124,Te,124Te,0+,-90524.142,4.74,,none,True,False,STABLE,,1.3846153846153846
52,73,125,Te,125Te,1/2+,-89021.794,7.07,,none,True,False,STABLE,,1.4038461538461537
52,74,126,Te,126Te,0+,-90064.168,8.84,,none,True,False,STABLE,,1.4230769230769231
52,75,127,Te,127Te,3/2+,-88280.497,,33660.0,chart,False,False,B-,B- = 100,1.4423076923076923
52,76,128,Te,128Te,0+,-88993.794,31.74,7.3844783999999995e+31,chart,False,False,OTHER,2B- = 100,1.4615384615384615
52,77,129,Te,129Te,3/2+,-87004.884,,4170.0,chart,False,False,B-,B- = 100 ,1.4807692307692308
52,78,130,Te,130Te,0+,-87352.96,34.08,2.4930504e+28,chart,False,False,OTHER,2B- = 100,1.5
52,79,131,Te,131Te,3/2+,-85211.022,,1500.0,chart,False,False,B-,B- = 100 ,1.5192307692307692
52,80,132,Te,132Te,0+,-85188.197,,276825.60000000003,chart,False,False,B-,B- = 100 ,1.5384615384615385
52,81,133,Te,133Te,(3/2+),-82937.133,,750.0,chart,False,False,B-,B- = 100 ,1.5576923076923077
52,82,134,Te,134Te,0+,-82533.752,,2508.0,chart,False,False,B-,B- = 100 ,1.5769230769230769
52,83,135,Te,135Te,(7/2-),-77728.79,,19.0,chart,False,False,B-,B- = 100 ,1.5961538461538463
52,84,136,Te,136Te,0+,-74425.279,,17.66,chart,False,False,B-,"B- = 100,B-n = 1.37 0.05",1.6153846153846154
52,85,137,Te,137Te,,-69303.762,,2.48,chart,False,False,B-,"B- = 100,B-n = 2.77 0.27",1.6346153846153846
52,86,138,Te,138Te,0+,-65695.995,,1.46,chart,False,False,B-,"B- = 100,B-n = 6.3 2.1",1.6538461538461537
52,87,139,Te,139Te,,-60205.08,,0.724,chart,False,False,B-,"B- = 100 ,B-n?",1.6730769230769231
52,88,140,Te,140Te,0+,-56367.449,,0.351,chart,False,False,B-,"B- = 100,B-n = 0 ",1.6923076923076923
52,89,141,Te,141Te,,-50670.0,,0.193,chart,False,False,B-,"B-n?,B-2n?,B- = 100",1.7115384615384615
52,90,142,Te,142Te,0+,-46550.0,,0.147,chart,False,False,B-,"B-n?,B-2n?,B- = 100",1.7307692307692308
52,91,143,Te,143Te,,-40530.0,,0.12,chart,False,False,B-,"B-n?,B-2n?,B- = 100",1.75
52,92,144,Te,144Te,0+,-36220.0,,0.093,chart,False,False,B-,"B-n?,B-2n?,B- = 100",1.7692307692307692
52,93,145,Te,145Te,,-30010.0,,,none,False,False,B-,"B-n?,B-2n?,B- = 100",1.7884615384615385
53,55,108,I,108I,(1),-52771.0,,0.0264,chart,False,False,ALPHA,"p = 0.5 0.21,EC+B+?,a = 99.5 0.21",1.0377358490566038
53,56,109,I,109I,"(1/2+),(3/2+)",-57672.505,,9.27e-05,chart,False,False,OTHER,"p = 99.986 0.004,a = 0.014 0.004",1.0566037735849056
53,57,110,I,110I,(1+),-60467.844,,0.67,chart,False,False,EC_BP,"EC+B+ = 83 4,a = 17 4,ECp = 11 3,ECa = 1.1 0.3",1.0754716981132075
53,58,111,I,111I,(5/2+),-64953.795,,2.5,chart,False,False,EC_BP,"EC+B+ ~ 99.9 ,a ~ 0.1 ,ECp?",1.0943396226415094
53,59,112,I,112I,(1+),-67063.339,,3.34,chart,False,False,EC_BP,"EC+B+ ~ 99.9988 ,a ~ 0.0012 ,ECp = 0.88 0.1,ECa = 0.104 0.012",1.1132075471698113
53,60,113,I,113I,(5/2+),-71119.517,,5.9,chart,False,False,EC_BP,EC+B+ = 100 ,1.1320754716981132
53,61,114,I,114I,1+,-72638.935,,2.1,chart,False,False,EC_BP,"ECp?,EC+B+ = 100 ",1.150943396226415
53,62,115,I,115I,(5/2+),-76337.805,,78.0,chart,False,False,EC_BP,EC+B+ = 100 ,1.169811320754717
53,63,116,I,116I,1+,-77420.654,,2.91,chart,False,False,EC_BP,EC+B+ = 100 ,1.1886792452830188
53,64,117,I,117I,(5/2)+,-80438.568,,133.20000000000002,chart,False,False,EC_BP,EC+B+ = 100 ,1.2075471698113207
53,65,118,I,118I,2-,-80971.056,,828.0,chart,False,False,EC_BP,EC+B+ = 100,1.2264150943396226
53,66,119,I,119I,5/2+,-83777.731,,1128.0,chart,False,False,EC_BP,EC+B+ = 100 ,1.2452830188679245
53,67,120,I,120I,2-,-83747.16,,4902.0,chart,False,False,EC_BP,EC+B+ = 100 ,1.2641509433962264
53,68,121,I,121I,5/2+,-86245.649,,7632.0,chart,False,False,EC_BP,EC+B+ = 100 ,1.2830188679245282
53,69,122,I,122I,1+,-86079.282,,217.8,chart,False,False,EC_BP,EC+B+ = 100 ,1.3018867924528301
53,70,123,I,123I,5/2+,-87942.588,,47602.44,chart,False,False,EC_BP,EC+B+ = 100 ,1.320754716981132
53,71,124,I,124I,2-,-87364.555,,360806.4,chart,False,False,EC_BP,EC+B+ = 100 ,1.3396226415094339
53,72,125,I,125I,5/2+,-88836.024,,5131987.2,chart,False,False,EC_BP,EC = 100 ,1.3584905660377358
53,73,126,I,126I,2-,-87910.496,,1117152.0,chart,False,False,EC_BP,"B- = 47.3 0.5,EC+B+ = 52.7 0.5",1.3773584905660377
53,74,127,I,127I,5/2+,-88983.217,100.0,,none,True,False,STABLE,,1.3962264150943395
53,75,128,I,128I,1+,-87738.03,,1500.0,chart,False,False,B-,"B- = 93.1 0.8,EC+B+ = 6.9 0.8",1.4150943396226414
53,76,129,I,129I,7/2+,-88507.176,,508897068660000.0,chart,False,False,B-,B- = 100 ,1.4339622641509433
53,77,130,I,130I,5+,-86936.188,,44496.0,chart,False,False,B-,B- = 100,1.4528301886792452
53,78,131,I,131I,7/2+,-87442.727,,693334.08,chart,False,False,B-,B- = 100 ,1.471698113207547
53,79,132,I,132I,4+,-85703.502,,8222.04,chart,False,False,B-,B- = 100 ,1.490566037735849
53,80,133,I,133I,7/2+,-85857.302,,74880.0,chart,False,False,B-,B- = 100 ,1.509433962264151
53,81,134,I,134I,(4)+,-84043.44,,3156.0,chart,False,False,B-,B- = 100 ,1.528301886792453
53,82,135,I,135I,7/2+,-83779.18,,23580.0,chart,False,False,B-,B- = 100 ,1.5471698113207548
53,83,136,I,136I,(1-),-79545.225,,83.4,chart,False,False,B-,B- = 100 ,1.5660377358490567
53,84,137,I,137I,(7/2+),-76356.268,,24.13,chart,False,False,B-,"B- = 100,B-n = 7.32 0.19",1.5849056603773586
53,85,138,I,138I,(1-),-71979.91,,6.303,chart,False,False,B-,"B- = 100,B-n = 5.39 0.11",1.6037735849056605
53,86,139,I,139I,(7/2+),-68470.964,,2.29,chart,False,False,B-,"B- = 100,B-n = 9.64 0.22",1.6226415094339623
53,87,140,I,140I,"(2-),(3)",-63606.223,,0.38,chart,False,False,B-,"B-n = 8.79 0.75,B-2n?,B- = 100",1.6415094339622642
53,88,141,I,141I,,-59926.666,,0.418,chart,False,False,B-,"B- = 100,B-n = 21.2 2.2",1.6603773584905661
53,89,142,I,142I,,-54802.969,,0.235,chart,False,False,B-,"B-n?,B-2n?,B- = 100",1.679245283018868
53,90,143,I,143I,,-50790.0,,0.182,chart,False,False,B-,"B-n?,B-2n?,B- = 100",1.6981132075471699
53,91,144,I,144I,,-45330.0,,0.094,chart,False,False,B-,"B-n?,B-2n?,B- = 100",1.7169811320754718
53,92,145,I,145I,,-41130.0,,0.0897,chart,False,False,B-,"B-n?,B-2n?,B- = 100",1.7358490566037736
53,93,146,I,146I,,-35540.0,,0.094,chart,False,False,B-,"B-n?,B-2n?,B- = 100",1.7547169811320755
53,94,147,I,147I,,-31200.0,,,none,False,False,B-,"B-n?,B-2n?,B- = 100",1.7735849056603774
54,54,108,Xe,108Xe,0+,-42632.357,,5.8e-05,chart,False,False,ALPHA,a = 100,1.0
54,55,109,Xe,109Xe,(7/2+),-46169.546,,0.013,chart,False,False,ALPHA,a = 100,1.0185185185185186
54,56,110,Xe,110Xe,0+,-51922.636,,0.093,chart,False,False,ALPHA,"EC+B+ = 36 35,a = 64 35,ECp?",1.037037037037037
54,57,111,Xe,111Xe,,-54520.0,,0.74,chart,False,False,EC_BP,"EC+B+ = 89.6 1.9,a = 10.4 1.9,ECp?",1.0555555555555556
54,58,112,Xe,112Xe,0+,-60026.348,,2.7,chart,False,False,EC_BP,"EC+B+ = 99.2 +0.5-1.1,a = 0.8 +1.1-0.5,ECp?",1.0740740740740742
54,59,113,Xe,113Xe,(5/2+),-62203.626,,2.74,chart,False,False,EC_BP,"EC+B+ ~ 100 ,a?,ECp = 7 4,ECa = 0.007 0.004",1.0925925925925926
54,60,114,Xe,114Xe,0+,-67085.899,,10.0,chart,False,False,EC_BP,"ECp?,EC+B+ = 100 ",1.1111111111111112
54,61,115,Xe,115Xe,(5/2+),-68656.757,,18.0,chart,False,False,EC_BP,"ECa = 0.0003 0.0001,EC+B+ = 100,ECp = 0.34 0.06",1.1296296296296295
54,62,116,Xe,116Xe,0+,-73046.877,,58.0,chart,False,False,EC_BP,EC+B+ = 100 ,1.1481481481481481
54,63,117,Xe,117Xe,5/2+,-74185.347,,61.0,chart,False,False,EC_BP,"ECp = 0.0029 0.0006,EC+B+ = 100",1.1666666666666667
54,64,118,Xe,118Xe,0+,-78079.067,,228.0,chart,False,False,EC_BP,EC+B+ = 100,1.1851851851851851
54,65,119,Xe,119Xe,(5/2+),-78794.488,,348.0,chart,False,False,EC_BP,EC+B+ = 100 ,1.2037037037037037
54,66,120,Xe,120Xe,0+,-82172.434,,2760.0,chart,False,False,EC_BP,EC+B+ = 100 ,1.2222222222222223
54,67,121,Xe,121Xe,5/2(+),-82480.997,,2346.0,chart,False,False,EC_BP,EC+B+ = 100 ,1.2407407407407407
54,68,122,Xe,122Xe,0+,-85354.988,,72360.0,chart,False,False,EC_BP,EC = 100 ,1.2592592592592593
54,69,123,Xe,123Xe,1/2(+),-85248.258,,7379.999999999999,chart,False,False,EC_BP,EC+B+ = 100 ,1.2777777777777777
54,70,124,Xe,124Xe,0+,-87667.405,0.095,,none,True,False,STABLE,,1.2962962962962963
54,71,125,Xe,125Xe,1/2+,-87199.361,,61063.2,chart,False,False,EC_BP,EC+B+ = 100 ,1.3148148148148149
54,72,126,Xe,126Xe,0+,-89146.38687,0.089,,none,True,False,STABLE,,1.3333333333333333
54,73,127,Xe,127Xe,1/2+,-88320.883,,3140121.6,chart,False,False,EC_BP,EC = 100 ,1.3518518518518519
54,74,128,Xe,128Xe,0+,-89860.53427,1.91,,none,True,False,STABLE,,1.3703703703703705
54,75,129,Xe,129Xe,1/2+,-88696.06975,26.4,,none,True,False,STABLE,,1.3888888888888888
54,76,130,Xe,130Xe,0+,-89880.474,4.071,,none,True,False,STABLE,,1.4074074074074074
54,77,131,Xe,131Xe,3/2+,-88413.57492,21.232,,none,True,False,STABLE,,1.4259259259259258
54,78,132,Xe,132Xe,0+,-89278.97451,26.909,,none,True,False,STABLE,,1.4444444444444444
54,79,133,Xe,133Xe,3/2+,-87643.583,,453375.36,chart,False,False,B-,B- = 100 ,1.462962962962963
54,80,134,Xe,134Xe,0+,-88125.83443,10.436,,none,True,False,STABLE,,1.4814814814814814
54,81,135,Xe,135Xe,3/2+,-86413.365,,33004.8,chart,False,False,B-,B- = 100 ,1.5
54,82,136,Xe,136Xe,0+,-86429.17,8.857,6.9111144e+28,chart,False,False,OTHER,2B- = 100,1.5185185185185186
54,83,137,Xe,137Xe,7/2-,-82383.414,,229.26,chart,False,False,B-,B- = 100 ,1.537037037037037
54,84,138,Xe,138Xe,0+,-79972.244,,848.4000000000001,chart,False,False,B-,B- = 100 ,1.5555555555555556
54,85,139,Xe,139Xe,3/2-,-75644.586,,39.72,chart,False,False,B-,B- = 100 ,1.5740740740740742
54,86,140,Xe,140Xe,0+,-72986.461,,13.6,chart,False,False,B-,B- = 100 ,1.5925925925925926
54,87,141,Xe,141Xe,5/2(-),-68197.309,,1.72,chart,False,False,B-,"B- = 100,B-n = 0.044 0.005",1.6111111111111112
54,88,142,Xe,142Xe,0+,-65229.648,,1.227,chart,False,False,B-,"B- = 100,B-n = 0.355 0.074",1.6296296296296295
54,89,143,Xe,143Xe,5/2-,-60202.882,,0.511,chart,False,False,B-,"B- = 100,B-n = 1 0.15",1.6481481481481481
54,90,144,Xe,144Xe,0+,-56872.301,,0.388,chart,False,False,B-,"B- = 100,B-n = 3 0.3",1.6666666666666667
54,91,145,Xe,145Xe,,-51493.337,,0.188,chart,False,False,B-,"B-n = 5 0.6,B-2n?,B- = 100",1.6851851851851851
54,92,146,Xe,146Xe,0+,-47954.95,,0.146,chart,False,False,B-,"B- = 100 ,B-n = 6.9 1.5",1.7037037037037037
54,93,147,Xe,147Xe,,-42400.0,,0.088,chart,False,False,B-,"B-n = 8 ,B-2n?,B- = 100",1.7222222222222223
54,94,148,Xe,148Xe,0+,-38650.0,,0.085,chart,False,False,B-,"B-n?,B-2n?,B- = 100",1.7407407407407407
54,95,149,Xe,149Xe,,-33000.0,,,none,False,False,B-,"B-n?,B-2n?,B- = 100",1.7592592592592593
54,96,150,Xe,150Xe,0+,-28990.0,,,none,False,False,B-,"B-n?,B-2n?,B- = 100",1.7777777777777777
55,57,112,Cs,112Cs,(1+),-46415.0,,0.000488,chart,False,False,OTHER,"p = 100,a = 0.26",1.0363636363636364
55,58,113,Cs,113Cs,(3/2+),-51764.539,,1.68999999999e-05,chart,False,False,OTHER,p = 100,1.0545454545454545
55,59,114,Cs,114Cs,(1+),-54685.928,,0.57,chart,False,False,EC_BP,"EC+B+ = 99.982 0.006,a = 0.018 0.006,ECp = 8.7 1.3,ECa = 0.19 0.03",1.0727272727272728
55,60,115,Cs,115Cs,,-59699.0,,1.03,chart,False,False,EC_BP,"ECp ~ 0.07 ,EC+B+ = 100",1.0909090909090908
55,61,116,Cs,116Cs,(1+),-62043.0,,0.7,chart,False,False,EC_BP,"ECa = 0.049 0.025,EC+B+ = 100,ECp = 0.28 0.07",1.1090909090909091
55,62,117,Cs,117Cs,(9/2+),-66493.101,,8.4,chart,False,False,EC_BP,EC+B+ = 100 ,1.1272727272727272
55,63,118,Cs,118Cs,2(-),-68409.377,,14.0,chart,False,False,EC_BP,"ECa = 0.0024 ,EC+B+ = 100,ECp = 0.042 ",1.1454545454545455
55,64,119,Cs,119Cs,3/2+,-72305.061,,29.1,chart,False,False,EC_BP,EC+B+ = 100 ,1.1636363636363636
55,65,120,Cs,120Cs,2(+),-73888.649,,60.4,chart,False,False,EC_BP,"ECa = 0.000024 ,EC+B+ = 100,ECp = 0.00001 ",1.1818181818181819
55,66,121,Cs,121Cs,3/2+,-77102.342,,155.0,chart,False,False,EC_BP,EC+B+ = 100 ,1.2
55,67,122,Cs,122Cs,1+,-78144.769,,21.18,chart,False,False,EC_BP,EC+B+ = 100 ,1.2181818181818183
55,68,123,Cs,123Cs,1/2(+),-81043.657,,354.6,chart,False,False,EC_BP,EC+B+ = 100 ,1.2363636363636363
55,69,124,Cs,124Cs,1+,-81741.06,,30.9,chart,False,False,EC_BP,EC+B+ = 100 ,1.2545454545454546
55,70,125,Cs,125Cs,1/2+,-84089.742,,2661.0,chart,False,False,EC_BP,EC+B+ = 100 ,1.2727272727272727
55,71,126,Cs,126Cs,1+,-84350.683,,98.58,chart,False,False,EC_BP,EC+B+ = 100 ,1.290909090909091
55,72,127,Cs,127Cs,1/2+,-86240.027,,22500.0,chart,False,False,EC_BP,EC+B+ = 100 ,1.309090909090909
55,73,128,Cs,128Cs,1+,-85931.773,,218.4,chart,False,False,EC_BP,EC+B+ = 100 ,1.3272727272727274
55,74,129,Cs,129Cs,1/2+,-87499.05,,115668.0,chart,False,False,EC_BP,EC+B+ = 100 ,1.3454545454545455
55,75,130,Cs,130Cs,1+,-86899.754,,1752.0,chart,False,False,EC_BP,"B- ~ 1.6 ,EC+B+ ~ 98.4 ",1.3636363636363635
55,76,131,Cs,131Cs,5/2+,-88055.574,,837043.2000000001,chart,False,False,EC_BP,EC = 100 ,1.3818181818181818
55,77,132,Cs,132Cs,2+,-87152.693,,559872.0,chart,False,False,EC_BP,"B- = 1.87 0.09,EC+B+ = 98.13 0.09",1.4
55,78,133,Cs,133Cs,7/2+,-88070.943,100.0,,none,True,False,STABLE,,1.4181818181818182
55,79,134,Cs,134Cs,4+,-86891.165,,65185378.56,chart,False,False,B-,"B- = 99.9997 0.0001,EC = 0.0003 0.0001",1.4363636363636363
55,80,135,Cs,135Cs,7/2+,-87581.956,,41971608000000.0,chart,False,False,B-,B- = 100 ,1.4545454545454546
55,81,136,Cs,136Cs,5+,-86338.855,,1124064.0,chart,False,False,B-,B- = 100 ,1.4727272727272727
55,82,137,Cs,137Cs,7/2+,-86545.772,,946948903.2,chart,False,False,B-,B- = 100 ,1.490909090909091
55,83,138,Cs,138Cs,3-,-82887.028,,1948.8,chart,False,False,B-,B- = 100 ,1.509090909090909
55,84,139,Cs,139Cs,7/2+,-80701.088,,555.0,chart,False,False,B-,B- = 100 ,1.5272727272727273
55,85,140,Cs,140Cs,1-,-77049.738,,64.0,chart,False,False,B-,B- = 100 ,1.5454545454545454
55,86,141,Cs,141Cs,7/2+,-74477.351,,24.86,chart,False,False,B-,"B- = 100 ,B-n = 0.036 0.004",1.5636363636363637
55,87,142,Cs,142Cs,0-,-70514.556,,1.687,chart,False,False,B-,"B- = 100,B-n = 0.0912 0.0035",1.5818181818181818
55,88,143,Cs,143Cs,3/2+,-67675.519,,1.795,chart,False,False,B-,"B- = 100,B-n = 1.62 0.15",1.6
55,89,144,Cs,144Cs,1(-),-63271.362,,0.993,chart,False,False,B-,"B- = 100,B-n = 2.98 0.08",1.6181818181818182
55,90,145,Cs,145Cs,3/2+,-60054.424,,0.588,chart,False,False,B-,"B- = 100,B-n = 13.01 0.37",1.6363636363636365
55,91,146,Cs,146Cs,1-,-55310.38,,0.322,chart,False,False,B-,"B-n = 14.2 0.4,B-2n?,B- = 100",1.6545454545454545
55,92,147,Cs,147Cs,(3/2+),-51920.073,,0.232,chart,False,False,B-,"B- = 100,B-n = 27.5 1.6",1.6727272727272726
55,93,148,Cs,148Cs,,-46910.95,,0.151,chart,False,False,B-,"B-n = 29 4.5,B-2n?,B- = 100",1.690909090909091
55,94,149,Cs,149Cs,,-43300.0,,0.112,chart,False,False,B-,"B-n = 25 4,B-2n?,B- = 100",1.709090909090909
55,95,150,Cs,150Cs,,-38170.0,,0.0808,chart,False,False,B-,"B-n ~ 44 ,B-2n?,B- = 100",1.7272727272727273
55,96,151,Cs,151Cs,,-34280.0,,0.059,chart,False,False,B-,"B-n?,B-2n?,B- = 100 ",1.7454545454545454
55,97,152,Cs,152Cs,,-29130.0,,,none,False,False,B-,"B-n?,B-2n?,B- = 100 ",1.7636363636363637
56,58,114,Ba,114Ba,0+,-45905.437,,0.41,chart,False,False,EC_BP,"EC+B+ = 99.1 0.3,a = 0.9 0.3,ECp = 20 10",1.0357142857142858
56,59,115,Ba,115Ba,(5/2+),-48920.0,,0.45,chart,False,False,EC_BP,"ECp = 15 ,EC+B+ = 100",1.0535714285714286
56,60,116,Ba,116Ba,0+,-54380.0,,1.3,chart,False,False,EC_BP,"ECp = 3 1,EC+B+ = 100",1.0714285714285714
56,61,117,Ba,117Ba,(3/2+),-57457.906,,1.75,chart,False,False,EC_BP,"ECa = 0.024 0.013,EC+B+ = 100,ECp = 13 3",1.0892857142857142
56,62,118,Ba,118Ba,0+,-62200.0,,5.2,chart,False,False,EC_BP,"ECp?,EC+B+ = 100",1.1071428571428572
56,63,119,Ba,119Ba,(5/2+),-64590.096,,5.4,chart,False,False,EC_BP,"ECp = 25 2,EC+B+ = 100",1.125
56,64,120,Ba,120Ba,0+,-68888.649,,24.0,chart,False,False,EC_BP,EC+B+ = 100 ,1.1428571428571428
56,65,121,Ba,121Ba,5/2+,-70744.847,,29.7,chart,False,False,EC_BP,"ECp = 0.02 0.01,EC+B+ = 100",1.1607142857142858
56,66,122,Ba,122Ba,0+,-74608.952,,117.0,chart,False,False,EC_BP,EC+B+ = 100 ,1.1785714285714286
56,67,123,Ba,123Ba,5/2(+),-75654.963,,144.0,chart,False,False,EC_BP,EC+B+ = 100 ,1.1964285714285714
56,68,124,Ba,124Ba,0+,-79089.786,,648.0,chart,False,False,EC_BP,EC+B+ = 100 ,1.2142857142857142
56,69,125,Ba,125Ba,1/2+,-79668.976,,198.0,chart,False,False,EC_BP,EC+B+ = 100 ,1.2321428571428572
56,70,126,Ba,126Ba,0+,-82669.913,,5916.0,chart,False,False,EC_BP,EC+B+ = 100 ,1.25
56,71,127,Ba,127Ba,1/2+,-82817.955,,768.0,chart,False,False,EC_BP,EC+B+ = 100 ,1.2678571428571428
56,72,128,Ba,128Ba,0+,-85369.156,,209952.0,chart,False,False,EC_BP,EC = 100 ,1.2857142857142858
56,73,129,Ba,129Ba,1/2+,-85060.866,,8028.0,chart,False,False,EC_BP,EC+B+ = 100 ,1.3035714285714286
56,74,130,Ba,130Ba,0+,-87256.776,0.11,,none,True,False,STABLE,,1.3214285714285714
56,75,131,Ba,131Ba,1/2+,-86678.958,,995328.0,chart,False,False,EC_BP,EC+B+ = 100 ,1.3392857142857142
56,76,132,Ba,132Ba,0+,-88434.903,0.1,,none,True,False,STABLE,,1.3571428571428572
56,77,133,Ba,133Ba,1/2+,-87553.512,,332490873.6,chart,False,False,EC_BP,EC = 100 ,1.375
56,78,134,Ba,134Ba,0+,-88950.002,2.42,,none,True,False,STABLE,,1.3928571428571428
56,79,135,Ba,135Ba,3/2+,-87850.655,6.59,,none,True,False,STABLE,,1.4107142857142858
56,80,136,Ba,136Ba,0+,-88887.079,7.85,,none,True,False,STABLE,,1.4285714285714286
56,81,137,Ba,137Ba,3/2+,-87721.401,11.23,,none,True,False,STABLE,,1.4464285714285714
56,82,138,Ba,138Ba,0+,-88261.806,71.7,,none,True,False,STABLE,,1.4642857142857142
56,83,139,Ba,139Ba,7/2-,-84913.918,,4973.4,chart,False,False,B-,B- = 100 ,1.4821428571428572
56,84,140,Ba,140Ba,0+,-83267.905,,1101824.64,chart,False,False,B-,B- = 100 ,1.5
56,85,141,Ba,141Ba,3/2-,-79732.492,,1094.4,chart,False,False,B-,B- = 100 ,1.5178571428571428
56,86,142,Ba,142Ba,0+,-77842.257,,630.6,chart,False,False,B-,B- = 100 ,1.5357142857142858
56,87,143,Ba,143Ba,5/2-,-73937.205,,14.38,chart,False,False,B-,B- = 100 ,1.5535714285714286
56,88,144,Ba,144Ba,0+,-71767.13,,11.7,chart,False,False,B-,B- = 100,1.5714285714285714
56,89,145,Ba,145Ba,5/2-,-67516.183,,3.99,chart,False,False,B-,B- = 100 ,1.5892857142857142
56,90,146,Ba,146Ba,0+,-64866.269,,2.16,chart,False,False,B-,B- = 100 ,1.6071428571428572
56,91,147,Ba,147Ba,(5/2-),-60264.036,,0.894,chart,False,False,B-,"B- = 100 ,B-n = 0.071 0.044",1.625
56,92,148,Ba,148Ba,0+,-57544.911,,0.619,chart,False,False,B-,"B- = 100 ,B-n = 0.389 0.332",1.6428571428571428
56,93,149,Ba,149Ba,"(5/2-),(3/2-)",-52830.62,,0.352,chart,False,False,B-,"B- = 100 ,B-n = 3.9 1.2",1.6607142857142858
56,94,150,Ba,150Ba,0+,-49889.799,,0.258,chart,False,False,B-,"B- = 100 ,B-n = 1 0.5",1.6785714285714286
56,95,151,Ba,151Ba,,-44940.0,,0.167,chart,False,False,B-,"B- = 100 ,B-n?",1.6964285714285714
56,96,152,Ba,152Ba,0+,-41610.0,,0.14,chart,False,False,B-,"B- = 100 ,B-n?",1.7142857142857142
56,97,153,Ba,153Ba,,-36470.0,,0.113,chart,False,False,B-,"B-n?,B-2n?,B- = 100 ",1.7321428571428572
56,98,154,Ba,154Ba,0+,-32920.0,,0.053,chart,False,False,B-,"B- = 100 ,B-n?",1.75
57,60,117,La,117La,(3/2+),-46271.0,,0.0217,chart,False,False,OTHER,p = 100,1.0526315789473684
57,63,120,La,120La,,-57570.0,,2.8,chart,False,False,EC_BP,"ECp = 0 ,EC+B+ = 100 ",1.105263157894737
57,64,121,La,121La,,-62190.0,,5.3,chart,False,False,EC_BP,"ECp?,EC+B+ = 100 ",1.1228070175438596
57,65,122,La,122La,,-64543.0,,8.7,chart,False,False,EC_BP,"ECp?,EC+B+ = 100 ",1.1403508771929824
57,66,123,La,123La,,-68651.0,,16.3,chart,False,False,EC_BP,EC+B+ = 100 ,1.1578947368421053
57,67,124,La,124La,"(1),(2),(3)",-70258.617,,21.0,chart,False,False,EC_BP,EC+B+ = 100 ,1.1754385964912282
57,68,125,La,125La,(11/2-),-73759.492,,64.8,chart,False,False,EC_BP,EC+B+ = 100 ,1.1929824561403508
57,69,126,La,126La,"(4),(5)",-74973.476,,54.0,chart,False,False,EC_BP,EC+B+ = 100,1.2105263157894737
57,70,127,La,127La,(11/2-),-77896.116,,306.0,chart,False,False,EC_BP,EC+B+ = 100 ,1.2280701754385965
57,71,128,La,128La,(5+),-78625.439,,306.0,chart,False,False,EC_BP,EC+B+ = 100,1.2456140350877194
57,72,129,La,129La,(3/2+),-81323.541,,696.0,chart,False,False,EC_BP,EC+B+ = 100 ,1.263157894736842
57,73,130,La,130La,3(+),-81627.374,,522.0,chart,False,False,EC_BP,EC+B+ = 100,1.280701754385965
57,74,131,La,131La,3/2+,-83769.265,,3540.0,chart,False,False,EC_BP,EC+B+ = 100 ,1.2982456140350878
57,75,132,La,132La,2-,-83723.578,,16488.0,chart,False,False,EC_BP,EC+B+ = 100 ,1.3157894736842106
57,76,133,La,133La,5/2+,-85494.392,,14004.0,chart,False,False,EC_BP,EC+B+ = 100 ,1.3333333333333333
57,77,134,La,134La,1+,-85218.659,,387.0,chart,False,False,EC_BP,EC+B+ = 100 ,1.3508771929824561
57,78,135,La,135La,5/2+,-86643.458,,68220.0,chart,False,False,EC_BP,EC+B+ = 100 ,1.368421052631579
57,79,136,La,136La,1+,-86037.488,,592.1999999999999,chart,False,False,EC_BP,EC+B+ = 100 ,1.3859649122807018
57,80,137,La,137La,7/2+,-87140.865,,1893456000000.0,chart,False,False,EC_BP,EC = 100 ,1.4035087719298245
57,81,138,La,138La,5+,-86513.408,0.08881,3.2436702942831e+18,chart,False,False,EC_BP,"B- = 34.5 0.4,EC+B+ = 65.5 0.4",1.4210526315789473
57,82,139,La,139La,7/2+,-87222.381,99.91119,,none,True,False,STABLE,,1.4385964912280702
57,83,140,La,140La,3-,-84312.059,,145022.4,chart,False,False,B-,B- = 100 ,1.456140350877193
57,84,141,La,141La,(7/2+),-82929.844,,14148.0,chart,False,False,B-,B- = 100 ,1.4736842105263157
57,85,142,La,142La,2-,-80023.95,,5508.0,chart,False,False,B-,B- = 100 ,1.4912280701754386
57,86,143,La,143La,(7/2)+,-78171.467,,845.4,chart,False,False,B-,B- = 100 ,1.5087719298245614
57,87,144,La,144La,3-,-74849.66,,40.8,chart,False,False,B-,B- = 100,1.5263157894736843
57,88,145,La,145La,(5/2+),-72835.325,,24.8,chart,False,False,B-,B- = 100 ,1.543859649122807
57,89,146,La,146La,(2-),-69221.174,,6.1,chart,False,False,B-,B- = 100,1.5614035087719298
57,90,147,La,147La,(5/2+),-66678.397,,4.024,chart,False,False,B-,"B- = 100 ,B-n = 0.043 0.004",1.5789473684210527
57,91,148,La,148La,(2-),-62708.742,,1.411,chart,False,False,B-,"B- = 100 ,B-n = 0.192 +0.048-0.049",1.5964912280701755
57,92,149,La,149La,(3/2-),-60219.921,,1.085,chart,False,False,B-,"B- = 100 ,B-n = 1.41 0.33",1.6140350877192982
57,93,150,La,150La,(3+),-56311.147,,0.51,chart,False,False,B-,"B- = 100 ,B-n = 2.69 0.34",1.631578947368421
57,94,151,La,151La,,-53310.339,,0.457,chart,False,False,B-,"B- = 100 ,B-n?",1.6491228070175439
57,95,152,La,152La,,-49290.0,,0.298,chart,False,False,B-,"B- = 100 ,B-n?",1.6666666666666667
57,96,153,La,153La,,-46060.0,,0.244,chart,False,False,B-,"B- = 100 ,B-n?",1.6842105263157894
57,97,154,La,154La,,-41530.0,,0.163,chart,False,False,B-,"B-n?,B-2n?,B- = 100 ",1.7017543859649122
57,98,155,La,155La,,-37930.0,,0.1,chart,False,False,B-,"B-n?,B-2n?,B- = 100 ",1.719298245614035
57,99,156,La,156La,,-33050.0,,0.084,chart,False,False,B-,"B-n?,B-2n?,B- = 100 ",1.736842105263158
57,100,157,La,157La,,-29070.0,,,none,False,False,B-,"B-n?,B-2n?,B- = 100",1.7543859649122806
58,63,121,Ce,121Ce,(5/2),-52690.0,,1.1,chart,False,False,EC_BP,"ECp ~ 1 ,EC+B+ = 100 ",1.0862068965517242
58,64,122,Ce,122Ce,0+,-57874.0,,,none,False,False,EC_BP,"ECp?,EC+B+ = 100",1.103448275862069
58,65,123,Ce,123Ce,(5/2),-60286.0,,3.8,chart,False,False,EC_BP,"ECp = 0 ,EC+B+ = 100 ",1.1206896551724137
58,66,124,Ce,124Ce,0+,-64916.0,,9.1,chart,False,False,EC_BP,EC+B+ = 100 ,1.1379310344827587
58,67,125,Ce,125Ce,(7/2-),-66658.0,,9.7,chart,False,False,EC_BP,"ECp?,EC+B+ = 100 ",1.1551724137931034
58,68,126,Ce,126Ce,0+,-70820.565,,51.0,chart,False,False,EC_BP,EC+B+ = 100 ,1.1724137931034482
58,69,127,Ce,127Ce,(1/2+),-71979.344,,34.0,chart,False,False,EC_BP,EC+B+ = 100 ,1.1896551724137931
58,70,128,Ce,128Ce,0+,-75533.925,,240.0,chart,False,False,EC_BP,EC+B+ = 100 ,1.206896551724138
58,71,129,Ce,129Ce,(5/2+),-76287.504,,210.0,chart,False,False,EC_BP,EC+B+ = 100 ,1.2241379310344827
58,72,130,Ce,130Ce,0+,-79422.913,,1374.0,chart,False,False,EC_BP,EC+B+ = 100,1.2413793103448276
58,73,131,Ce,131Ce,7/2+,-79708.448,,618.0,chart,False,False,EC_BP,EC+B+ = 100 ,1.2586206896551724
58,74,132,Ce,132Ce,0+,-82468.688,,12636.0,chart,False,False,EC_BP,EC+B+ = 100 ,1.2758620689655173
58,75,133,Ce,133Ce,1/2+,-82418.223,,5820.0,chart,False,False,EC_BP,EC+B+ = 100 ,1.293103448275862
58,76,134,Ce,134Ce,0+,-84832.898,,278208.0,chart,False,False,EC_BP,EC = 100 ,1.3103448275862069
58,77,135,Ce,135Ce,1/2(+),-84616.308,,63720.0,chart,False,False,EC_BP,EC+B+ = 100 ,1.3275862068965518
58,78,136,Ce,136Ce,0+,-86508.55,0.186,,none,True,False,STABLE,,1.3448275862068966
58,79,137,Ce,137Ce,3/2+,-85918.765,,32796.0,chart,False,False,EC_BP,EC+B+ = 100 ,1.3620689655172413
58,80,138,Ce,138Ce,0+,-87565.867,0.251,,none,True,False,STABLE,,1.3793103448275863
58,81,139,Ce,139Ce,3/2+,-86957.741,,11892095.999999998,chart,False,False,EC_BP,EC = 100 ,1.396551724137931
58,82,140,Ce,140Ce,0+,-88074.227,88.449,,none,True,False,STABLE,,1.4137931034482758
58,83,141,Ce,141Ce,7/2-,-85431.058,,2808345.6,chart,False,False,B-,B- = 100 ,1.4310344827586208
58,84,142,Ce,142Ce,0+,-84532.896,11.114,,none,True,False,STABLE,,1.4482758620689655
58,85,143,Ce,143Ce,3/2-,-81606.378,,118933.2,chart,False,False,B-,B- = 100 ,1.4655172413793103
58,86,144,Ce,144Ce,0+,-80431.942,,24614150.4,chart,False,False,B-,B- = 100,1.4827586206896552
58,87,145,Ce,145Ce,(5/2-),-77067.059,,181.2,chart,False,False,B-,B- = 100 ,1.5
58,88,146,Ce,146Ce,0+,-75625.868,,793.2,chart,False,False,B-,B- = 100 ,1.5172413793103448
58,89,147,Ce,147Ce,(5/2-),-72013.902,,56.4,chart,False,False,B-,B- = 100 ,1.5344827586206897
58,90,148,Ce,148Ce,0+,-70398.424,,56.8,chart,False,False,B-,B- = 100 ,1.5517241379310345
58,91,149,Ce,149Ce,(3/2-),-66669.921,,5.2,chart,False,False,B-,B- = 100 ,1.5689655172413792
58,92,150,Ce,150Ce,0+,-64846.863,,6.05,chart,False,False,B-,B- = 100 ,1.5862068965517242
58,93,151,Ce,151Ce,(3/2-),-61225.058,,1.74,chart,False,False,B-,B- = 100 ,1.603448275862069
58,94,152,Ce,152Ce,0+,-58980.0,,1.42,chart,False,False,B-,B- = 100 ,1.6206896551724137
58,95,153,Ce,153Ce,,-54910.0,,0.865,chart,False,False,B-,"B- = 100 ,B-n?",1.6379310344827587
58,96,154,Ce,154Ce,0+,-52220.0,,0.722,chart,False,False,B-,"B- = 100 ,B-n?",1.6551724137931034
58,97,155,Ce,155Ce,,-47780.0,,0.313,chart,False,False,B-,"B- = 100 ,B-n?",1.6724137931034482
58,98,156,Ce,156Ce,0+,-44820.0,,0.233,chart,False,False,B-,"B- = 100 ,B-n?",1.6896551724137931
58,99,157,Ce,157Ce,,-39930.0,,0.175,chart,False,False,B-,"B- = 100 ,B-n?",1.706896551724138
58,100,158,Ce,158Ce,0+,-36540.0,,0.099,chart,False,False,B-,"B- = 100 ,B-n?",1.7241379310344827
59,62,121,Pr,121Pr,(3/2),-41551.0,,0.01,chart,False,False,OTHER,p ~ 100 ,1.0508474576271187
59,65,124,Pr,124Pr,,-53151.0,,1.2,chart,False,False,EC_BP,"ECp = 0 ,EC+B+ = 100 ",1.1016949152542372
59,66,125,Pr,125Pr,(3/2+),-58070.0,,3.3,chart,False,False,EC_BP,"ECp?,EC+B+ = 100 ",1.11864406779661
59,67,126,Pr,126Pr,"(4),(5),(6)",-60324.0,,3.12,chart,False,False,EC_BP,"ECp?,EC+B+ = 100 ",1.1355932203389831
59,68,127,Pr,127Pr,,-64543.0,,4.2,chart,False,False,EC_BP,"ECp?,EC+B+ = 100 ",1.152542372881356
59,69,128,Pr,128Pr,(3+),-66330.764,,2.8,chart,False,False,EC_BP,"ECp = 0 ,EC+B+ = 100 ",1.1694915254237288
59,70,129,Pr,129Pr,(3/2+),-69773.566,,31.0,chart,False,False,EC_BP,EC+B+ = 100 ,1.1864406779661016
59,71,130,Pr,130Pr,"(5),(6),(7)",-71175.464,,40.0,chart,False,False,EC_BP,EC+B+ = 100,1.2033898305084745
59,72,131,Pr,131Pr,(3/2+),-74300.664,,89.4,chart,False,False,EC_BP,EC+B+ = 100 ,1.2203389830508475
59,73,132,Pr,132Pr,(2)+,-75227.464,,96.0,chart,False,False,EC_BP,EC+B+ = 100 ,1.2372881355932204
59,74,133,Pr,133Pr,(5/2+),-77937.591,,390.0,chart,False,False,EC_BP,EC+B+ = 100 ,1.2542372881355932
59,75,134,Pr,134Pr,2-,-78528.0,,1020.0,chart,False,False,EC_BP,EC+B+ = 100 ,1.271186440677966
59,76,135,Pr,135Pr,3/2(+),-80935.872,,1524.0,chart,False,False,EC_BP,EC+B+ = 100 ,1.2881355932203389
59,77,136,Pr,136Pr,2+,-81340.421,,786.0,chart,False,False,EC_BP,EC+B+ = 100 ,1.305084745762712
59,78,137,Pr,137Pr,5/2+,-83201.814,,4608.0,chart,False,False,EC_BP,EC+B+ = 100 ,1.3220338983050848
59,79,138,Pr,138Pr,1+,-83128.867,,87.0,chart,False,False,EC_BP,EC+B+ = 100 ,1.3389830508474576
59,80,139,Pr,139Pr,5/2+,-84828.652,,15876.0,chart,False,False,EC_BP,EC+B+ = 100 ,1.3559322033898304
59,81,140,Pr,140Pr,1+,-84686.227,,203.4,chart,False,False,EC_BP,EC+B+ = 100 ,1.3728813559322033
59,82,141,Pr,141Pr,5/2+,-86014.533,100.0,,none,True,False,STABLE,,1.3898305084745763
59,83,142,Pr,142Pr,2-,-83786.367,,68832.0,chart,False,False,B-,"B- = 99.9836 0.0008,EC = 0.0164 0.0008",1.4067796610169492
59,84,143,Pr,143Pr,7/2+,-83068.2,,1172448.0,chart,False,False,B-,B- = 100 ,1.423728813559322
59,85,144,Pr,144Pr,0-,-80750.588,,1036.8000000000002,chart,False,False,B-,B- = 100,1.4406779661016949
59,86,145,Pr,145Pr,7/2+,-79625.99,,21535.2,chart,False,False,B-,B- = 100 ,1.4576271186440677
59,87,146,Pr,146Pr,(2-),-76673.486,,1445.4,chart,False,False,B-,B- = 100 ,1.4745762711864407
59,88,147,Pr,147Pr,(3/2+),-75444.093,,801.0,chart,False,False,B-,B- = 100 ,1.4915254237288136
59,89,148,Pr,148Pr,1-,-72535.452,,137.4,chart,False,False,B-,B- = 100 ,1.5084745762711864
59,90,149,Pr,149Pr,(5/2+),-71039.373,,135.6,chart,False,False,B-,B- = 100 ,1.5254237288135593
59,91,150,Pr,150Pr,(1-),-68300.509,,6.19,chart,False,False,B-,B- = 100 ,1.5423728813559323
59,92,151,Pr,151Pr,(3/2-),-66779.681,,18.9,chart,False,False,B-,B- = 100 ,1.5593220338983051
59,93,152,Pr,152Pr,(4+),-63758.07,,3.57,chart,False,False,B-,B- = 100 ,1.576271186440678
59,94,153,Pr,153Pr,(3/2-),-61568.49,,4.29,chart,False,False,B-,"B- = 100 ,B-n?",1.5932203389830508
59,95,154,Pr,154Pr,(3+),-57859.602,,2.3,chart,False,False,B-,"B- = 100 ,B-n?",1.6101694915254237
59,96,155,Pr,155Pr,,-55415.335,,1.47,chart,False,False,B-,"B- = 100 ,B-n?",1.6271186440677967
59,97,156,Pr,156Pr,,-51449.307,,0.444,chart,False,False,B-,"B- = 100 ,B-n?",1.6440677966101696
59,98,157,Pr,157Pr,,-48434.806,,0.295,chart,False,False,B-,"B- = 100 ,B-n?",1.6610169491525424
59,99,158,Pr,158Pr,,-44150.0,,0.181,chart,False,False,B-,"B- = 100 ,B-n?",1.6779661016949152
59,100,159,Pr,159Pr,,-40770.0,,0.134,chart,False,False,B-,"B- = 100 ,B-n?",1.694915254237288
59,101,160,Pr,160Pr,,-36200.0,,0.17,chart,False,False,B-,"B-n?,B-2n?,B- = 100 ",1.7118644067796611
59,102,161,Pr,161Pr,,-32490.0,,,none,False,False,B-,"B-n?,B-2n?,B- = 100",1.728813559322034
60,65,125,Nd,125Nd,(5/2),-48070.0,,0.65,chart,False,False,EC_BP,"ECp = 0 ,EC+B+ = 100 ",1.0833333333333333
60,66,126,Nd,126Nd,0+,-53380.0,,,none,False,False,EC_BP,"ECp?,EC+B+ = 100",1.1
60,67,127,Nd,127Nd,,-55910.0,,1.8,chart,False,False,EC_BP,"ECp?,EC+B+ = 100 ",1.1166666666666667
60,68,128,Nd,128Nd,0+,-60530.0,,4.0,chart,False,False,EC_BP,"ECp?,EC+B+ = 100 ",1.1333333333333333
60,69,129,Nd,129Nd,,-62375.0,,6.7,chart,False,False,EC_BP,"ECp = 0 ,EC+B+ = 100 ",1.15
60,70,130,Nd,130Nd,0+,-66596.239,,21.0,chart,False,False,EC_BP,EC+B+ = 100,1.1666666666666667
60,71,131,Nd,131Nd,(5/2+),-67768.04,,25.4,chart,False,False,EC_BP,"ECp = 0 ,EC+B+ = 100 ",1.1833333333333333
60,72,132,Nd,132Nd,0+,-71425.815,,94.0,chart,False,False,EC_BP,EC+B+ = 100 ,1.2
60,73,133,Nd,133Nd,(7/2+),-72332.38,,70.0,chart,False,False,EC_BP,EC+B+ = 100 ,1.2166666666666666
60,74,134,Nd,134Nd,0+,-75646.443,,510.0,chart,False,False,EC_BP,EC+B+ = 100 ,1.2333333333333334
60,75,135,Nd,135Nd,9/2-,-76213.62,,744.0,chart,False,False,EC_BP,EC+B+ = 100 ,1.25
60,76,136,Nd,136Nd,0+,-79199.297,,3039.0,chart,False,False,EC_BP,EC+B+ = 100 ,1.2666666666666666
60,77,137,Nd,137Nd,1/2+,-79583.969,,2310.0,chart,False,False,EC_BP,EC+B+ = 100 ,1.2833333333333334
60,78,138,Nd,138Nd,0+,-82017.182,,18396.0,chart,False,False,EC_BP,EC+B+ = 100 ,1.3
60,79,139,Nd,139Nd,3/2+,-82016.93,,1782.0,chart,False,False,EC_BP,EC+B+ = 100 ,1.3166666666666667
60,80,140,Nd,140Nd,0+,-84257.246,,291168.0,chart,False,False,EC_BP,EC = 100 ,1.3333333333333333
60,81,141,Nd,141Nd,3/2+,-84191.52,,8964.0,chart,False,False,EC_BP,EC+B+ = 100 ,1.35
60,82,142,Nd,142Nd,0+,-85950.055,27.153,,none,True,False,STABLE,,1.3666666666666667
60,83,143,Nd,143Nd,7/2-,-84002.31,12.173,,none,True,False,STABLE,,1.3833333333333333
60,84,144,Nd,144Nd,0+,-83748.028,23.798,7.218801e+22,chart,False,False,ALPHA,a = 100,1.4
60,85,145,Nd,145Nd,7/2-,-81432.004,8.293,,none,True,False,STABLE,,1.4166666666666667
60,86,146,Nd,146Nd,0+,-80925.916,17.189,,none,True,False,STABLE,,1.4333333333333333
60,87,147,Nd,147Nd,5/2-,-78146.794,,960768.0,chart,False,False,B-,B- = 100 ,1.45
60,88,148,Nd,148Nd,0+,-77408.066,5.756,,none,True,False,STABLE,,1.4666666666666666
60,89,149,Nd,149Nd,5/2-,-74375.535,,6220.8,chart,False,False,B-,B- = 100 ,1.4833333333333334
60,90,150,Nd,150Nd,0+,-73679.951,5.638,2.9348568e+26,chart,False,False,OTHER,2B- = 100,1.5
60,91,151,Nd,151Nd,3/2+,-70943.183,,746.4,chart,False,False,B-,B- = 100 ,1.5166666666666666
60,92,152,Nd,152Nd,0+,-70149.663,,684.0,chart,False,False,B-,B- = 100 ,1.5333333333333334
60,93,153,Nd,153Nd,(3/2)-,-67330.38,,31.6,chart,False,False,B-,B- = 100 ,1.55
60,94,154,Nd,154Nd,0+,-65579.602,,25.9,chart,False,False,B-,B- = 100 ,1.5666666666666667
60,95,155,Nd,155Nd,(3/2-),-62283.796,,8.9,chart,False,False,B-,B- = 100 ,1.5833333333333333
60,96,156,Nd,156Nd,0+,-60202.13,,5.27,chart,False,False,B-,B- = 100 ,1.6
60,97,157,Nd,157Nd,(5/2-),-56494.117,,1.16,chart,False,False,B-,B- = 100 ,1.6166666666666667
60,98,158,Nd,158Nd,0+,-53835.123,,0.8200000000000001,chart,False,False,B-,"B- = 100 ,B-n?",1.6333333333333333
60,99,159,Nd,159Nd,,-49724.007,,0.485,chart,False,False,B-,"B- = 100 ,B-n?",1.65
60,100,160,Nd,160Nd,0+,-46724.515,,0.439,chart,False,False,B-,"B- = 100 ,B-n?",1.6666666666666667
60,101,161,Nd,161Nd,,-42230.0,,0.215,chart,False,False,B-,"B- = 100 ,B-n?",1.6833333333333333
60,102,162,Nd,162Nd,0+,-39010.0,,0.31,chart,False,False,B-,"B- = 100 ,B-n?",1.7
60,103,163,Nd,163Nd,,-34080.0,,,none,False,False,B-,"B- = 100,B-n?",1.7166666666666666
61,67,128,Pm,128Pm,"(5),(6),(7)",-48220.0,,1.0,chart,False,False,EC_BP,"ECp?,EC+B+ ~ 100 ",1.098360655737705
61,68,129,Pm,129Pm,(5/2-),-53180.0,,2.4,chart,False,False,EC_BP,"p?,EC+B+ ~ 100 ,ECp?",1.1147540983606556
61,69,130,Pm,130Pm,"(4),(5),(6)",-55470.0,,2.6,chart,False,False,EC_BP,"ECp?,EC+B+ = 100",1.1311475409836065
61,70,131,Pm,131Pm,(11/2-),-59770.0,,6.3,chart,False,False,EC_BP,EC+B+ = 100 ,1.1475409836065573
61,71,132,Pm,132Pm,(3+),-61628.0,,6.9,chart,False,False,EC_BP,"ECp ~ 0.00005 ,EC+B+ = 100",1.1639344262295082
61,72,133,Pm,133Pm,(3/2+),-65407.653,,14.0,chart,False,False,EC_BP,EC+B+ = 100 ,1.180327868852459
61,73,134,Pm,134Pm,(2+),-66763.908,,5.0,chart,False,False,EC_BP,EC+B+ = 100 ,1.1967213114754098
61,74,135,Pm,135Pm,"(3/2+),(5/2+)",-70062.329,,49.0,chart,False,False,EC_BP,EC+B+ = 100 ,1.2131147540983607
61,75,136,Pm,136Pm,(5),-71169.923,,107.0,chart,False,False,EC_BP,EC+B+ = 100 ,1.2295081967213115
61,76,137,Pm,137Pm,,-74072.858,,144.0,chart,False,False,EC_BP,EC+B+ = 100 ,1.2459016393442623
61,77,138,Pm,138Pm,(5-),-74914.37,,195.0,chart,False,False,EC_BP,EC+B+ = 100 ,1.2622950819672132
61,78,139,Pm,139Pm,(5/2)+,-77501.028,,248.4,chart,False,False,EC_BP,EC+B+ = 100 ,1.278688524590164
61,79,140,Pm,140Pm,1+,-78212.046,,9.2,chart,False,False,EC_BP,EC+B+ = 100 ,1.2950819672131149
61,80,141,Pm,141Pm,5/2+,-80522.932,,1254.0,chart,False,False,EC_BP,EC+B+ = 100 ,1.3114754098360655
61,81,142,Pm,142Pm,1+,-81141.536,,40.5,chart,False,False,EC_BP,EC+B+ = 100 ,1.3278688524590163
61,82,143,Pm,143Pm,5/2+,-82960.664,,22896000.0,chart,False,False,EC_BP,EC+B+ = 100 ,1.3442622950819672
61,83,144,Pm,144Pm,5-,-81416.116,,31363200.0,chart,False,False,EC_BP,EC = 100,1.360655737704918
61,84,145,Pm,145Pm,5/2+,-81267.506,,558569520.0,chart,False,False,EC_BP,"a = 2.8e-7,EC = 100",1.3770491803278688
61,85,146,Pm,146Pm,3-,-79454.36,,174513528.0,chart,False,False,EC_BP,"B- = 34.3 1.5,EC = 65.7 1.5",1.3934426229508197
61,86,147,Pm,147Pm,7/2+,-79041.984,,82789470.144,chart,False,False,B-,B- = 100 ,1.4098360655737705
61,87,148,Pm,148Pm,1-,-76865.877,,463795.2,chart,False,False,B-,B- = 100 ,1.4262295081967213
61,88,149,Pm,149Pm,7/2+,-76064.404,,191088.0,chart,False,False,B-,B- = 100 ,1.4426229508196722
61,89,150,Pm,150Pm,(1-),-73597.336,,9712.8,chart,False,False,B-,B- = 100 ,1.459016393442623
61,90,151,Pm,151Pm,5/2+,-73386.26,,102240.0,chart,False,False,B-,B- = 100 ,1.4754098360655739
61,91,152,Pm,152Pm,1+,-71254.468,,246.0,chart,False,False,B-,B- = 100 ,1.4918032786885247
61,92,153,Pm,153Pm,5/2-,-70648.003,,315.0,chart,False,False,B-,B- = 100 ,1.5081967213114753
61,93,154,Pm,154Pm,"(3),(4)",-68266.602,,160.8,chart,False,False,B-,B- = 100 ,1.5245901639344261
61,94,155,Pm,155Pm,5/2-,-66940.006,,41.5,chart,False,False,B-,B- = 100 ,1.540983606557377
61,95,156,Pm,156Pm,4(+),-64166.847,,27.8,chart,False,False,B-,B- = 100 ,1.5573770491803278
61,96,157,Pm,157Pm,(5/2-),-62297.116,,10.56,chart,False,False,B-,B- = 100 ,1.5737704918032787
61,97,158,Pm,158Pm,,-59106.143,,4.8,chart,False,False,B-,B- = 100 ,1.5901639344262295
61,98,159,Pm,159Pm,,-56554.351,,1.634,chart,False,False,B-,"B- = 100 ,B-n = 0.6 ",1.6065573770491803
61,99,160,Pm,160Pm,,-52894.639,,0.725,chart,False,False,B-,"B- = 100 ,B-n = 0.1 ",1.6229508196721312
61,100,161,Pm,161Pm,(5/2-),-50086.589,,0.73,chart,False,False,B-,"B- = 100 ,B-n = 1.09 0.11",1.639344262295082
61,101,162,Pm,162Pm,,-46040.0,,0.474,chart,False,False,B-,"B- = 100 ,B-n = 1.79 0.19",1.6557377049180328
61,102,163,Pm,163Pm,,-42960.0,,0.363,chart,False,False,B-,"B- = 100 ,B-n = 5 0.74",1.6721311475409837
61,103,164,Pm,164Pm,,-38360.0,,0.28,chart,False,False,B-,"B- = 100,B-n = 6.2 1.8",1.6885245901639345
61,104,165,Pm,165Pm,,-34670.0,,0.297,chart,False,False,B-,"B- = 100,B-n = 13.3 6.2",1.7049180327868851
61,105,166,Pm,166Pm,,,,0.228,wallet,False,False,B-,"B-n = 52 ,B-2n?,B- = 100",1.721311475409836
62,67,129,Sm,129Sm,"(1/2+),(3/2+)",-42330.0,,0.55,chart,False,False,EC_BP,"ECp = 0 ,EC+B+ = 100 ",1.0806451612903225
62,68,130,Sm,130Sm,0+,-47700.0,,,none,False,False,EC_BP,EC+B+?,1.096774193548387
62,69,131,Sm,131Sm,,-50280.0,,1.2,chart,False,False,EC_BP,"ECp = 0 ,EC+B+ = 100 ",1.1129032258064515
62,70,132,Sm,132Sm,0+,-55140.0,,4.0,chart,False,False,EC_BP,"ECp?,EC+B+ = 100 ",1.1290322580645162
62,71,133,Sm,133Sm,(5/2+),-57231.0,,2.9,chart,False,False,EC_BP,"ECp = 0 ,EC+B+ = 100 ",1.1451612903225807
62,72,134,Sm,134Sm,0+,-61376.0,,9.5,chart,False,False,EC_BP,EC+B+ = 100 ,1.1612903225806452
62,73,135,Sm,135Sm,"(3/2+),(5/2+)",-62857.222,,10.3,chart,False,False,EC_BP,"ECp = 0.02 0.01,EC+B+ = 100 ",1.1774193548387097
62,74,136,Sm,136Sm,0+,-66810.899,,45.0,chart,False,False,EC_BP,EC+B+ = 100 ,1.1935483870967742
62,75,137,Sm,137Sm,(9/2-),-67991.655,,45.0,chart,False,False,EC_BP,EC+B+ = 100 ,1.2096774193548387
62,76,138,Sm,138Sm,0+,-71497.772,,186.0,chart,False,False,EC_BP,EC+B+ = 100 ,1.2258064516129032
62,77,139,Sm,139Sm,1/2+,-72380.229,,154.2,chart,False,False,EC_BP,EC+B+ = 100 ,1.2419354838709677
62,78,140,Sm,140Sm,0+,-75455.945,,886.8,chart,False,False,EC_BP,EC+B+ = 100 ,1.2580645161290323
62,79,141,Sm,141Sm,1/2+,-75933.959,,624.0,chart,False,False,EC_BP,EC+B+ = 100 ,1.2741935483870968
62,80,142,Sm,142Sm,0+,-78981.93,,4348.8,chart,False,False,EC_BP,EC+B+ = 100 ,1.2903225806451613
62,81,143,Sm,143Sm,3/2+,-79517.135,,529.8,chart,False,False,EC_BP,EC+B+ = 100 ,1.3064516129032258
62,82,144,Sm,144Sm,0+,-81965.626,3.08,,none,True,False,STABLE,,1.3225806451612903
62,83,145,Sm,145Sm,7/2-,-80651.407,,29376000.0,chart,False,False,EC_BP,EC = 100 ,1.3387096774193548
62,84,146,Sm,146Sm,0+,-80996.36,,2145916800000000.0,chart,False,False,ALPHA,a = 100,1.3548387096774193
62,85,147,Sm,147Sm,7/2-,-79266.048,15.0,3.3703408845552886e+18,chart,False,False,ALPHA,a = 100,1.3709677419354838
62,86,148,Sm,148Sm,0+,-79336.067,,2.159204210526316e+23,chart,False,False,ALPHA,a = 100,1.3870967741935485
62,87,149,Sm,149Sm,7/2-,-77135.898,13.82,,none,True,False,STABLE,,1.403225806451613
62,88,150,Sm,150Sm,0+,-77051.336,7.37,,none,True,False,STABLE,,1.4193548387096775
62,89,151,Sm,151Sm,5/2-,-74576.48,,2985348960.0,chart,False,False,B-,B- = 100 ,1.435483870967742
62,90,152,Sm,152Sm,0+,-74762.977,26.74,,none,True,False,STABLE,,1.4516129032258065
62,91,153,Sm,153Sm,3/2+,-72560.059,,166618.80000000002,chart,False,False,B-,B- = 100 ,1.467741935483871
62,92,154,Sm,154Sm,0+,-72455.564,22.74,,none,True,False,STABLE,,1.4838709677419355
62,93,155,Sm,155Sm,3/2-,-70191.206,,1330.9199999999998,chart,False,False,B-,B- = 100 ,1.5
62,94,156,Sm,156Sm,0+,-69360.735,,33840.0,chart,False,False,B-,B- = 100 ,1.5161290322580645
62,95,157,Sm,157Sm,(3/2-),-66677.654,,482.4,chart,False,False,B-,B- = 100 ,1.532258064516129
62,96,158,Sm,158Sm,0+,-65251.849,,319.20000000000005,chart,False,False,B-,B- = 100 ,1.5483870967741935
62,97,159,Sm,159Sm,5/2-,-62207.849,,11.37,chart,False,False,B-,B- = 100 ,1.564516129032258
62,98,160,Sm,160Sm,0+,-60233.172,,9.6,chart,False,False,B-,B- = 100 ,1.5806451612903225
62,99,161,Sm,161Sm,(7/2+),-56672.043,,4.63,chart,False,False,B-,B- = 100 ,1.596774193548387
62,100,162,Sm,162Sm,0+,-54379.053,,3.09,chart,False,False,B-,B- = 100 ,1.6129032258064515
62,101,163,Sm,163Sm,,-50599.612,,1.67,chart,False,False,B-,"B- = 100 ,B-n = 0.1 ",1.6290322580645162
62,102,164,Sm,164Sm,0+,-47925.314,,1.42,chart,False,False,B-,"B- = 100 ,B-n = 0.7 ",1.6451612903225807
62,103,165,Sm,165Sm,,-43510.0,,0.614,chart,False,False,B-,"B- = 100 ,B-n = 1.36 0.4",1.6612903225806452
62,104,166,Sm,166Sm,0+,-40450.0,,0.399,chart,False,False,B-,"B- = 100 ,B-n = 4.4 1.4",1.6774193548387097
62,105,167,Sm,167Sm,,-35330.0,,0.334,chart,False,False,B-,"B- = 100,B-n = 16 ",1.6935483870967742
62,106,168,Sm,168Sm,0+,-31640.0,,0.353,chart,False,False,B-,"B- = 100,B-n = 21 ",1.7096774193548387
63,67,130,Eu,130Eu,(1+),-33513.0,,0.0009,chart,False,False,OTHER,p ~ 100 ,1.0634920634920635
63,68,131,Eu,131Eu,3/2+,-39464.0,,0.0178,chart,False,False,EC_BP,"p = 0 ,EC+B+?",1.0793650793650793
63,69,132,Eu,132Eu,,-42200.0,,,none,False,False,EC_BP,"ECp?,EC+B+?",1.0952380952380953
63,71,134,Eu,134Eu,,-49800.0,,0.5,chart,False,False,EC_BP,"ECp = 0 ,EC+B+ = 100 ",1.126984126984127
63,72,135,Eu,135Eu,,-54148.0,,1.5,chart,False,False,EC_BP,"ECp?,EC+B+ = 100 ",1.1428571428571428
63,73,136,Eu,136Eu,(7+),-56244.0,,3.3,chart,False,False,EC_BP,"ECp ~ 0.09 ,EC+B+ = 100 ",1.1587301587301588
63,74,137,Eu,137Eu,(11/2-),-60145.904,,11.0,chart,False,False,EC_BP,EC+B+ = 100 ,1.1746031746031746
63,75,138,Eu,138Eu,(6-),-61749.676,,12.1,chart,False,False,EC_BP,EC+B+ = 100 ,1.1904761904761905
63,76,139,Eu,139Eu,(11/2)-,-65398.051,,17.9,chart,False,False,EC_BP,EC+B+ = 100 ,1.2063492063492063
63,77,140,Eu,140Eu,1+,-66985.945,,1.51,chart,False,False,EC_BP,EC+B+ = 100 ,1.2222222222222223
63,78,141,Eu,141Eu,5/2+,-69925.647,,40.7,chart,False,False,EC_BP,EC+B+ = 100 ,1.2380952380952381
63,79,142,Eu,142Eu,1+,-71308.93,,2.36,chart,False,False,EC_BP,EC+B+ = 100 ,1.253968253968254
63,80,143,Eu,143Eu,5/2+,-74241.311,,156.0,chart,False,False,EC_BP,EC+B+ = 100 ,1.2698412698412698
63,81,144,Eu,144Eu,1+,-75619.175,,10.2,chart,False,False,EC_BP,EC+B+ = 100,1.2857142857142858
63,82,145,Eu,145Eu,5/2+,-77991.524,,512352.0,chart,False,False,EC_BP,EC+B+ = 100 ,1.3015873015873016
63,83,146,Eu,146Eu,4-,-77117.603,,398304.0,chart,False,False,EC_BP,EC+B+ = 100 ,1.3174603174603174
63,84,147,Eu,147Eu,5/2+,-77544.611,,2082240.0,chart,False,False,EC_BP,"a = 0.0022 0.0006,EC = 99.9978 0.0006",1.3333333333333333
63,85,148,Eu,148Eu,5-,-76297.482,,4700160.0,chart,False,False,EC_BP,"a = 9.4e-7 2.8e-7,EC+B+ = 100 ",1.3492063492063493
63,86,149,Eu,149Eu,5/2+,-76441.317,,8043839.999999999,chart,False,False,EC_BP,EC = 100 ,1.3650793650793651
63,87,150,Eu,150Eu,5-,-74792.369,,1155008160.0,chart,False,False,EC_BP,EC+B+ = 100 ,1.380952380952381
63,88,151,Eu,151Eu,5/2+,-74653.098,47.81,1.4516496e+26,chart,False,False,ALPHA,a = 100,1.3968253968253967
63,89,152,Eu,152Eu,3-,-72888.5,,426564079.2,chart,False,False,EC_BP,"B- = 27.92 0.13,EC+B+ = 72.08 0.13",1.4126984126984128
63,90,153,Eu,153Eu,5/2+,-73367.466,52.19,,none,True,False,STABLE,,1.4285714285714286
63,91,154,Eu,154Eu,3-,-71738.367,,271111341.6,chart,False,False,B-,"B- = 99.982 0.012,EC+B+ = 0.018 0.012",1.4444444444444444
63,92,155,Eu,155Eu,5/2+,-71818.337,,149646139.2,chart,False,False,B-,B- = 100 ,1.4603174603174602
63,93,156,Eu,156Eu,0+,-70082.844,,1309824.0,chart,False,False,B-,B- = 100 ,1.4761904761904763
63,94,157,Eu,157Eu,5/2+,-69459.134,,54648.0,chart,False,False,B-,B- = 100 ,1.492063492063492
63,95,158,Eu,158Eu,(1-),-67270.461,,2754.0,chart,False,False,B-,B- = 100 ,1.507936507936508
63,96,159,Eu,159Eu,5/2+,-66043.386,,1086.0,chart,False,False,B-,B- = 100 ,1.5238095238095237
63,97,160,Eu,160Eu,(5-),-63493.449,,42.6,chart,False,False,B-,B- = 100 ,1.5396825396825398
63,98,161,Eu,161Eu,(5/2+),-61791.601,,26.0,chart,False,False,B-,B- = 100 ,1.5555555555555556
63,99,162,Eu,162Eu,(1+),-58722.944,,11.7,chart,False,False,B-,B- = 100 ,1.5714285714285714
63,100,163,Eu,163Eu,,-56573.819,,7.7,chart,False,False,B-,B- = 100 ,1.5873015873015872
63,101,164,Eu,164Eu,(3-),-53232.146,,4.08,chart,False,False,B-,B- = 100 ,1.6031746031746033
63,102,165,Eu,165Eu,,-50729.103,,2.25,chart,False,False,B-,"B- = 100 ,B-n = 0.4 ",1.619047619047619
63,103,166,Eu,166Eu,,-46749.0,,1.29,chart,False,False,B-,"B- = 100 ,B-n = 0.63 0.17",1.6349206349206349
63,104,167,Eu,167Eu,,-43770.0,,0.862,chart,False,False,B-,"B- = 100 ,B-n = 1.95 0.38",1.6507936507936507
63,105,168,Eu,168Eu,,-39250.0,,0.44,chart,False,False,B-,"B- = 100 ,B-n = 3.95 0.83",1.6666666666666667
63,106,169,Eu,169Eu,,-35660.0,,0.389,chart,False,False,B-,"B- = 100,B-n = 14.6 +5.8-5.1",1.6825396825396826
63,107,170,Eu,170Eu,,-30860.0,,0.197,chart,False,False,B-,"B- = 100,B-n = 24 ",1.6984126984126984
64,70,134,Gd,134Gd,0+,-41530.0,,,none,False,False,EC_BP,"ECp?,EC+B+?",1.09375
64,71,135,Gd,135Gd,(5/2+),-44250.0,,1.1,chart,False,False,EC_BP,"ECp ~ 2 ,EC+B+ = 100 ",1.109375
64,72,136,Gd,136Gd,0+,-49090.0,,,none,False,False,EC_BP,"ECp?,EC+B+?",1.125
64,73,137,Gd,137Gd,(7/2),-51214.0,,2.2,chart,False,False,EC_BP,"ECp ~ 2 ,EC+B+ = 100 ",1.140625
64,74,138,Gd,138Gd,0+,-55660.0,,4.7,chart,False,False,EC_BP,"ECp?,EC+B+ = 100 ",1.15625
64,75,139,Gd,139Gd,(9/2-),-57632.0,,5.6,chart,False,False,EC_BP,"ECp = 0 ,EC+B+ = 100 ",1.171875
64,76,140,Gd,140Gd,0+,-61782.278,,15.8,chart,False,False,EC_BP,EC+B+ = 100,1.1875
64,77,141,Gd,141Gd,1/2+,-63224.231,,17.0,chart,False,False,EC_BP,"ECp = 0.03 0.01,EC+B+ = 100 ",1.203125
64,78,142,Gd,142Gd,0+,-66959.522,,70.2,chart,False,False,EC_BP,EC+B+ = 100,1.21875
64,79,143,Gd,143Gd,(1/2)+,-68231.311,,39.0,chart,False,False,EC_BP,EC+B+ = 100 ,1.234375
64,80,144,Gd,144Gd,0+,-71759.511,,268.8,chart,False,False,EC_BP,EC+B+ = 100,1.25
64,81,145,Gd,145Gd,1/2+,-72926.626,,1392.0,chart,False,False,EC_BP,EC+B+ = 100 ,1.265625
64,82,146,Gd,146Gd,0+,-76085.823,,4170528.000000001,chart,False,False,EC_BP,EC+B+ = 100 ,1.28125
64,83,147,Gd,147Gd,7/2-,-75356.928,,137016.0,chart,False,False,EC_BP,EC+B+ = 100 ,1.296875
64,84,148,Gd,148Gd,0+,-76269.419,,2742355440.0,chart,False,False,ALPHA,a = 100,1.3125
64,85,149,Gd,149Gd,7/2-,-75127.173,,801792.0,chart,False,False,EC_BP,"a = 0.00042 0.00009,EC+B+ = 100 ",1.328125
64,86,150,Gd,150Gd,0+,-75764.051,,56387119680000.0,chart,False,False,ALPHA,a = 100,1.34375
64,87,151,Gd,151Gd,7/2-,-74188.92,,10756800.0,chart,False,False,EC_BP,"a ~ 8e-7 ,EC = 100 ",1.359375
64,88,152,Gd,152Gd,0+,-74707.304,0.2,3.4082208e+21,chart,False,False,ALPHA,a = 100,1.375
64,89,153,Gd,153Gd,3/2-,-72882.944,,20771424.0,chart,False,False,EC_BP,EC = 100 ,1.390625
64,90,154,Gd,154Gd,0+,-73706.358,2.18,,none,True,False,STABLE,,1.40625
64,91,155,Gd,155Gd,3/2-,-72070.298,14.8,,none,True,False,STABLE,,1.421875
64,92,156,Gd,156Gd,0+,-72535.333,20.47,,none,True,False,STABLE,,1.4375
64,93,157,Gd,157Gd,3/2-,-70823.896,15.65,,none,True,False,STABLE,,1.453125
64,94,158,Gd,158Gd,0+,-70689.969,24.84,,none,True,False,STABLE,,1.46875
64,95,159,Gd,159Gd,3/2-,-68561.857,,66524.4,chart,False,False,B-,B- = 100 ,1.484375
64,96,160,Gd,160Gd,0+,-67942.06,21.86,,none,True,False,STABLE,,1.5
64,97,161,Gd,161Gd,5/2-,-65506.142,,219.6,chart,False,False,B-,B- = 100 ,1.515625
64,98,162,Gd,162Gd,0+,-64280.72,,503.4,chart,False,False,B-,B- = 100 ,1.53125
64,99,163,Gd,163Gd,(7/2+),-61388.591,,68.0,chart,False,False,B-,B- = 100 ,1.546875
64,100,164,Gd,164Gd,0+,-59693.688,,45.0,chart,False,False,B-,B- = 100 ,1.5625
64,101,165,Gd,165Gd,,-56525.782,,11.6,chart,False,False,B-,B- = 100 ,1.578125
64,102,166,Gd,166Gd,0+,-54370.926,,5.0,chart,False,False,B-,B- = 100 ,1.59375
64,103,167,Gd,167Gd,,-50775.732,,4.26,chart,False,False,B-,B- = 100 ,1.609375
64,104,168,Gd,168Gd,0+,-48150.0,,3.02,chart,False,False,B-,B- = 100 ,1.625
64,105,169,Gd,169Gd,,-43890.0,,0.892,chart,False,False,B-,"B- = 100 ,B-n = 0.7 ",1.640625
64,106,170,Gd,170Gd,0+,-40850.0,,0.616,chart,False,False,B-,"B- = 100 ,B-n = 3 ",1.65625
64,107,171,Gd,171Gd,,-36210.0,,0.392,chart,False,False,B-,"B- = 100,B-n = 10 ",1.671875
64,108,172,Gd,172Gd,0+,-32970.0,,0.163,chart,False,False,B-,"B- = 100,B-n = 50 ",1.6875
65,70,135,Tb,135Tb,(7/2-),-33053.0,,0.00094,chart,False,False,OTHER,p ~ 100 ,1.0769230769230769
65,73,138,Tb,138Tb,,-43600.0,,,none,False,False,EC_BP,"ECp?,EC+B+?",1.123076923076923
65,74,139,Tb,139Tb,,-48130.0,,1.6,chart,False,False,EC_BP,"ECp?,EC+B+ = 100",1.1384615384615384
65,75,140,Tb,140Tb,(7+),-50482.278,,2.3,chart,False,False,EC_BP,"ECp = 0.26 0.13,EC+B+ = 100",1.1538461538461537
65,76,141,Tb,141Tb,(5/2-),-54540.843,,3.5,chart,False,False,EC_BP,"ECp?,EC+B+ = 100 ",1.1692307692307693
65,77,142,Tb,142Tb,1+,-56559.522,,0.597,chart,False,False,EC_BP,"ECp = 0.0022 0.0011,EC+B+ = 100 ",1.1846153846153846
65,78,143,Tb,143Tb,(11/2-),-60419.192,,12.0,chart,False,False,EC_BP,EC+B+ = 100 ,1.2
65,79,144,Tb,144Tb,1+,-62368.188,,1.0,chart,False,False,EC_BP,EC+B+ = 100,1.2153846153846153
65,80,145,Tb,145Tb,(11/2-),-66399.693,,30.9,chart,False,False,EC_BP,EC+B+ = 100,1.2307692307692308
65,81,146,Tb,146Tb,1+,-67763.644,,8.0,chart,False,False,EC_BP,EC+B+ = 100 ,1.2461538461538462
65,82,147,Tb,147Tb,(1/2+),-70742.674,,5904.0,chart,False,False,EC_BP,EC+B+ = 100 ,1.2615384615384615
65,83,148,Tb,148Tb,2-,-70536.947,,3600.0,chart,False,False,EC_BP,EC+B+ = 100 ,1.2769230769230768
65,84,149,Tb,149Tb,1/2+,-71488.639,,14832.0,chart,False,False,EC_BP,"a = 16.7 1.7,EC+B+ = 83.3 1.7",1.2923076923076924
65,85,150,Tb,150Tb,(2)-,-71105.789,,12528.0,chart,False,False,EC_BP,EC+B+ = 100 ,1.3076923076923077
65,86,151,Tb,151Tb,1/2(+),-71623.541,,63392.40000000001,chart,False,False,EC_BP,"a = 0.0095 0.0015,EC+B+ = 99.9905 0.0015",1.323076923076923
65,87,152,Tb,152Tb,2-,-70717.304,,62928.0,chart,False,False,EC_BP,EC+B+ = 100 ,1.3384615384615384
65,88,153,Tb,153Tb,5/2+,-71313.61,,202176.0,chart,False,False,EC_BP,EC+B+ = 100 ,1.353846153846154
65,89,154,Tb,154Tb,0,-70156.707,,77400.0,chart,False,False,EC_BP,EC+B+ ~ 100 ,1.3692307692307693
65,90,155,Tb,155Tb,3/2+,-71250.439,,459648.0,chart,False,False,EC_BP,EC = 100 ,1.3846153846153846
65,91,156,Tb,156Tb,3-,-70091.01,,462240.0,chart,False,False,EC_BP,EC+B+ = 100 ,1.4
65,92,157,Tb,157Tb,3/2+,-70763.848,,2240589600.0,chart,False,False,EC_BP,EC = 100 ,1.4153846153846155
65,93,158,Tb,158Tb,3-,-69470.883,,5680368000.0,chart,False,False,EC_BP,"B- = 16.6 0.7,EC+B+ = 83.4 0.7",1.4307692307692308
65,94,159,Tb,159Tb,3/2+,-69532.582,100.0,,none,True,False,STABLE,,1.4461538461538461
65,95,160,Tb,160Tb,3-,-67836.474,,6246720.0,chart,False,False,B-,B- = 100 ,1.4615384615384615
65,96,161,Tb,161Tb,3/2+,-67461.778,,601205.76,chart,False,False,B-,B- = 100 ,1.476923076923077
65,97,162,Tb,162Tb,1-,-65879.548,,456.0,chart,False,False,B-,B- = 100 ,1.4923076923076923
65,98,163,Tb,163Tb,3/2+,-64595.754,,1170.0,chart,False,False,B-,B- = 100 ,1.5076923076923077
65,99,164,Tb,164Tb,(5+),-62104.983,,180.0,chart,False,False,B-,B- = 100 ,1.523076923076923
65,100,165,Tb,165Tb,(3/2+),-60588.849,,126.6,chart,False,False,B-,B- = 100 ,1.5384615384615385
65,101,166,Tb,166Tb,(1-),-57808.778,,27.1,chart,False,False,B-,B- = 100 ,1.5538461538461539
65,102,167,Tb,167Tb,(3/2+),-55883.082,,18.9,chart,False,False,B-,B- = 100 ,1.5692307692307692
65,103,168,Tb,168Tb,(4-),-52781.181,,9.4,chart,False,False,B-,B- = 100 ,1.5846153846153845
65,104,169,Tb,169Tb,,-50480.0,,5.13,chart,False,False,B-,B- = 100 ,1.6
65,105,170,Tb,170Tb,,-46710.0,,0.96,chart,False,False,B-,"B- = 100,B-n?",1.6153846153846154
65,106,171,Tb,171Tb,,-43770.0,,1.24,chart,False,False,B-,"B- = 100 ,B-n?",1.6307692307692307
65,107,172,Tb,172Tb,,-39690.0,,0.76,chart,False,False,B-,"B- = 100 ,B-n?",1.646153846153846
65,108,173,Tb,173Tb,,-36510.0,,,none,False,False,B-,"B- = 100,B-n?",1.6615384615384616
65,109,174,Tb,174Tb,,-31970.0,,,none,False,False,B-,"B- = 100,B-n?",1.676923076923077
66,73,139,Dy,139Dy,(7/2+),-37700.0,,0.6,chart,False,False,EC_BP,"ECp ~ 11 ,EC+B+ = 100 ",1.106060606060606
66,74,140,Dy,140Dy,0+,-42830.0,,,none,False,False,EC_BP,"ECp?,EC+B+?",1.121212121212121
66,75,141,Dy,141Dy,(9/2-),-45382.0,,1.0,chart,False,False,EC_BP,"ECp?,EC+B+ = 100 ",1.1363636363636365
66,76,142,Dy,142Dy,0+,-50120.0,,2.3,chart,False,False,EC_BP,"ECp = 0.06 0.03,EC+B+ = 100",1.1515151515151516
66,77,143,Dy,143Dy,(1/2+),-52168.949,,4.3,chart,False,False,EC_BP,"ECp?,EC+B+ = 100 ",1.1666666666666667
66,78,144,Dy,144Dy,0+,-56570.091,,9.1,chart,False,False,EC_BP,"ECp?,EC+B+ = 100",1.1818181818181819
66,79,145,Dy,145Dy,(1/2+),-58242.607,,9.5,chart,False,False,EC_BP,"ECp ~ 50 ,EC+B+ = 100",1.196969696969697
66,80,146,Dy,146Dy,0+,-62554.928,,33.2,chart,False,False,EC_BP,EC+B+ = 100 ,1.2121212121212122
66,81,147,Dy,147Dy,(1/2+),-64196.047,,67.0,chart,False,False,EC_BP,"ECp = 0.05,EC+B+ = 99.95",1.2272727272727273
66,82,148,Dy,148Dy,0+,-67859.397,,192.0,chart,False,False,EC_BP,EC+B+ = 100 ,1.2424242424242424
66,83,149,Dy,149Dy,7/2-,-67693.99,,252.0,chart,False,False,EC_BP,EC+B+ = 100 ,1.2575757575757576
66,84,150,Dy,150Dy,0+,-69309.618,,430.2,chart,False,False,EC_BP,"a = 37 4,EC+B+ = 63 4",1.2727272727272727
66,85,151,Dy,151Dy,7/2(-),-68752.388,,1080.0,chart,False,False,EC_BP,"a = 5.6 0.4,EC+B+ = 94.4 0.4",1.2878787878787878
66,86,152,Dy,152Dy,0+,-70117.963,,8568.0,chart,False,False,EC_BP,"a = 0.1 0.007,EC+B+ = 99.9 0.007",1.303030303030303
66,87,153,Dy,153Dy,7/2(-),-69143.197,,23112.0,chart,False,False,EC_BP,"a = 0.0094 0.0014,EC+B+ = 99.9906 0.0014",1.3181818181818181
66,88,154,Dy,154Dy,0+,-70394.015,,86783400000000.0,chart,False,False,ALPHA,a = 100,1.3333333333333333
66,89,155,Dy,155Dy,3/2-,-69155.939,,35712.0,chart,False,False,EC_BP,EC+B+ = 100 ,1.3484848484848484
66,90,156,Dy,156Dy,0+,-70529.386,0.056,,none,True,False,STABLE,,1.3636363636363635
66,91,157,Dy,157Dy,3/2-,-69424.669,,29304.000000000004,chart,False,False,EC_BP,EC+B+ = 100 ,1.378787878787879
66,92,158,Dy,158Dy,0+,-70407.152,0.095,,none,True,False,STABLE,,1.393939393939394
66,93,159,Dy,159Dy,3/2-,-69167.22,,12553920.000000002,chart,False,False,EC_BP,EC = 100 ,1.4090909090909092
66,94,160,Dy,160Dy,0+,-69672.425,2.329,,none,True,False,STABLE,,1.4242424242424243
66,95,161,Dy,161Dy,5/2+,-68055.494,18.889,,none,True,False,STABLE,,1.4393939393939394
66,96,162,Dy,162Dy,0+,-68181.169,25.475,,none,True,False,STABLE,,1.4545454545454546
66,97,163,Dy,163Dy,5/2-,-66380.858,24.896,,none,True,False,STABLE,,1.4696969696969697
66,98,164,Dy,164Dy,0+,-65967.649,28.26,,none,True,False,STABLE,,1.4848484848484849
66,99,165,Dy,165Dy,7/2+,-63612.289,,8391.6,chart,False,False,B-,B- = 100 ,1.5
66,100,166,Dy,166Dy,0+,-62584.471,,293868.0,chart,False,False,B-,B- = 100 ,1.5151515151515151
66,101,167,Dy,167Dy,(1/2-),-59911.451,,372.0,chart,False,False,B-,B- = 100 ,1.5303030303030303
66,102,168,Dy,168Dy,0+,-58558.398,,522.0,chart,False,False,B-,B- = 100 ,1.5454545454545454
66,103,169,Dy,169Dy,(5/2)-,-55596.01,,39.0,chart,False,False,B-,B- = 100 ,1.5606060606060606
66,104,170,Dy,170Dy,0+,-53710.0,,55.0,chart,False,False,B-,B- = 100 ,1.5757575757575757
66,105,171,Dy,171Dy,,-50010.0,,4.1,chart,False,False,B-,B- = 100 ,1.5909090909090908
66,106,172,Dy,172Dy,0+,-47760.0,,3.52,chart,False,False,B-,B- = 100,1.606060606060606
66,107,173,Dy,173Dy,,-43740.0,,1.43,chart,False,False,B-,B- = 100 ,1.621212121212121
66,108,174,Dy,174Dy,0+,-41130.0,,,none,False,False,B-,B- = 100,1.6363636363636365
66,109,175,Dy,175Dy,,-36730.0,,,none,False,False,B-,"B- = 100,B-n?",1.6515151515151516
66,110,176,Dy,176Dy,0+,-33610.0,,,none,False,False,B-,"B- = 100,B-n?",1.6666666666666667
67,73,140,Ho,140Ho,"(6-),(0-),(8+)",-29317.0,,0.006,chart,False,False,OTHER,p ~ 100 ,1.0895522388059702
67,74,141,Ho,141Ho,(7/2-),-34364.0,,0.0040999999999999,chart,False,False,OTHER,p ~ 100 ,1.1044776119402986
67,75,142,Ho,142Ho,"(7-),(8+)",-37250.0,,0.4,chart,False,False,EC_BP,"p ~ 0 ,EC+B+ ~ 100 ,ECp = 0 ",1.1194029850746268
67,76,143,Ho,143Ho,(11/2-),-42048.0,,,none,False,False,EC_BP,"ECp?,EC+B+?",1.1343283582089552
67,77,144,Ho,144Ho,(5-),-44609.521,,0.7,chart,False,False,EC_BP,"ECp?,EC+B+ = 100 ",1.1492537313432836
67,78,145,Ho,145Ho,(11/2-),-49120.113,,2.4,chart,False,False,EC_BP,"ECp?,EC+B+ = 100 ",1.164179104477612
67,79,146,Ho,146Ho,(6-),-51238.227,,3.3,chart,False,False,EC_BP,"ECp?,EC+B+ = 100",1.1791044776119404
67,80,147,Ho,147Ho,(11/2-),-55757.101,,5.8,chart,False,False,EC_BP,"ECp?,EC+B+ = 100 ",1.1940298507462686
67,81,148,Ho,148Ho,(1+),-57991.166,,2.2,chart,False,False,EC_BP,"ECp?,EC+B+ = 100 ",1.208955223880597
67,82,149,Ho,149Ho,(11/2-),-61645.854,,21.0,chart,False,False,EC_BP,EC+B+ = 100 ,1.2238805970149254
67,83,150,Ho,150Ho,(2)-,-61945.892,,77.0,chart,False,False,EC_BP,EC+B+ = 100 ,1.2388059701492538
67,84,151,Ho,151Ho,11/2(-),-63622.746,,35.2,chart,False,False,EC_BP,"a = 22 2,EC+B+ = 78 2",1.2537313432835822
67,85,152,Ho,152Ho,2-,-63604.636,,147.0,chart,False,False,EC_BP,"a = 12 3,EC+B+ = 88 3",1.2686567164179106
67,86,153,Ho,153Ho,11/2-,-65012.074,,120.6,chart,False,False,EC_BP,"a = 0.051 0.025,EC+B+ = 99.949 0.025",1.2835820895522387
67,87,154,Ho,154Ho,2-,-64639.378,,705.6,chart,False,False,EC_BP,"a = 0.018 0.003,EC+B+ = 99.982 0.003",1.2985074626865671
67,88,155,Ho,155Ho,5/2+,-66039.799,,2880.0,chart,False,False,EC_BP,EC+B+ = 100 ,1.3134328358208955
67,89,156,Ho,156Ho,4-,-65538.403,,3360.0,chart,False,False,EC_BP,EC+B+ = 100 ,1.328358208955224
67,90,157,Ho,157Ho,7/2-,-66832.862,,762.0,chart,False,False,EC_BP,EC+B+ = 100 ,1.3432835820895523
67,91,158,Ho,158Ho,5+,-66187.396,,678.0,chart,False,False,EC_BP,EC+B+ = 100 ,1.3582089552238805
67,92,159,Ho,159Ho,7/2-,-67329.62,,1983.0,chart,False,False,EC_BP,EC+B+ = 100 ,1.373134328358209
67,93,160,Ho,160Ho,5+,-66382.425,,1536.0,chart,False,False,EC_BP,EC+B+ = 100 ,1.3880597014925373
67,94,161,Ho,161Ho,7/2-,-67196.294,,8928.0,chart,False,False,EC_BP,EC = 100 ,1.4029850746268657
67,95,162,Ho,162Ho,1+,-66040.563,,900.0,chart,False,False,EC_BP,EC+B+ = 100 ,1.4179104477611941
67,96,163,Ho,163Ho,7/2-,-66378.027,,144218232000.0,chart,False,False,EC_BP,EC = 100 ,1.4328358208955223
67,97,164,Ho,164Ho,1+,-64980.517,,1728.0,chart,False,False,EC_BP,"B- = 40 5,EC+B+ = 60 5",1.4477611940298507
67,98,165,Ho,165Ho,7/2-,-64898.017,100.0,,none,True,False,STABLE,,1.462686567164179
67,99,166,Ho,166Ho,0-,-63070.339,,96508.8,chart,False,False,B-,B- = 100 ,1.4776119402985075
67,100,167,Ho,167Ho,7/2-,-62279.459,,10683.0,chart,False,False,B-,B- = 100 ,1.492537313432836
67,101,168,Ho,168Ho,3+,-60059.231,,179.4,chart,False,False,B-,B- = 100 ,1.507462686567164
67,102,169,Ho,169Ho,7/2-,-58796.01,,282.0,chart,False,False,B-,B- = 100 ,1.5223880597014925
67,103,170,Ho,170Ho,(6+),-56237.514,,165.6,chart,False,False,B-,B- = 100 ,1.537313432835821
67,104,171,Ho,171Ho,,-54517.822,,53.0,chart,False,False,B-,B- = 100 ,1.5522388059701493
67,105,172,Ho,172Ho,,-51484.0,,25.0,chart,False,False,B-,B- = 100 ,1.5671641791044777
67,106,173,Ho,173Ho,,-49351.0,,7.1,chart,False,False,B-,B- = 100 ,1.5820895522388059
67,107,174,Ho,174Ho,(8-),-45870.0,,3.5,chart,False,False,B-,B- = 100 ,1.5970149253731343
67,108,175,Ho,175Ho,,-43300.0,,1.9,chart,False,False,B-,"B- = 100,B-n?",1.6119402985074627
67,109,176,Ho,176Ho,,-39390.0,,,none,False,False,B-,"B- = 100,B-n?",1.626865671641791
67,110,177,Ho,177Ho,,-36280.0,,,none,False,False,B-,"B- = 100,B-n?",1.6417910447761195
67,111,178,Ho,178Ho,,-32130.0,,,none,False,False,B-,"B- = 100,B-n?",1.6567164179104477
68,75,143,Er,143Er,,-31160.0,,,none,False,False,EC_BP,"ECp?,EC+B+?",1.1029411764705883
68,76,144,Er,144Er,0+,-36608.0,,,none,False,False,EC_BP,"ECp?,EC+B+?",1.1176470588235294
68,77,145,Er,145Er,(1/2+),-39240.0,,0.9,chart,False,False,EC_BP,"ECp?,EC+B+ = 100",1.1323529411764706
68,78,146,Er,146Er,0+,-44322.019,,1.7,chart,False,False,EC_BP,"ECp?,EC+B+ = 100 ",1.1470588235294117
68,79,147,Er,147Er,(1/2+),-46607.814,,3.2,chart,False,False,EC_BP,"ECp = 0 ,EC+B+ = 100 ",1.161764705882353
68,80,148,Er,148Er,0+,-51478.997,,4.6,chart,False,False,EC_BP,"ECp ~ 0.15 ,EC+B+ = 100 ",1.1764705882352942
68,81,149,Er,149Er,(1/2+),-53741.621,,4.0,chart,False,False,EC_BP,"ECp = 7 2,EC+B+ = 100 ",1.1911764705882353
68,82,150,Er,150Er,0+,-57831.323,,18.7,chart,False,False,EC_BP,EC+B+ = 100 ,1.2058823529411764
68,83,151,Er,151Er,(7/2-),-58266.29,,23.5,chart,False,False,EC_BP,EC+B+ = 100 ,1.2205882352941178
68,84,152,Er,152Er,0+,-60500.218,,10.2,chart,False,False,ALPHA,"a = 90 4,EC+B+ = 10 4",1.2352941176470589
68,85,153,Er,153Er,(7/2-),-60466.682,,37.1,chart,False,False,ALPHA,"a = 53 3,EC+B+ = 47 3",1.25
68,86,154,Er,154Er,0+,-62604.974,,223.8,chart,False,False,EC_BP,"a = 0.47 0.13,EC+B+ = 99.53 0.13",1.2647058823529411
68,87,155,Er,155Er,7/2-,-62209.172,,318.0,chart,False,False,EC_BP,"a = 0.022 0.007,EC+B+ = 99.978 0.007",1.2794117647058822
68,88,156,Er,156Er,0+,-64211.683,,1170.0,chart,False,False,EC_BP,"a = 0.000012 0.000003,EC+B+ ~ 100 ",1.2941176470588236
68,89,157,Er,157Er,3/2-,-63413.648,,1119.0,chart,False,False,EC_BP,EC+B+ = 100,1.3088235294117647
68,90,158,Er,158Er,0+,-65303.815,,8135.999999999999,chart,False,False,EC_BP,EC = 100 ,1.3235294117647058
68,91,159,Er,159Er,3/2-,-64561.12,,2160.0,chart,False,False,EC_BP,EC+B+ = 100 ,1.338235294117647
68,92,160,Er,160Er,0+,-66064.176,,102888.0,chart,False,False,EC_BP,EC = 100 ,1.3529411764705883
68,93,161,Er,161Er,3/2-,-65201.298,,11556.0,chart,False,False,EC_BP,EC+B+ = 100 ,1.3676470588235294
68,94,162,Er,162Er,0+,-66334.21,0.139,,none,True,False,STABLE,,1.3823529411764706
68,95,163,Er,163Er,5/2-,-65167.413,,4500.0,chart,False,False,EC_BP,EC+B+ = 100 ,1.3970588235294117
68,96,164,Er,164Er,0+,-65942.573,1.601,,none,True,False,STABLE,,1.411764705882353
68,97,165,Er,165Er,5/2-,-64521.353,,37296.0,chart,False,False,EC_BP,EC = 100 ,1.4264705882352942
68,98,166,Er,166Er,0+,-64924.145,33.503,,none,True,False,STABLE,,1.4411764705882353
68,99,167,Er,167Er,7/2+,-63289.256,22.869,,none,True,False,STABLE,,1.4558823529411764
68,100,168,Er,168Er,0+,-62989.231,26.978,,none,True,False,STABLE,,1.4705882352941178
68,101,169,Er,169Er,1/2-,-60921.163,,811296.0,chart,False,False,B-,B- = 100 ,1.4852941176470589
68,102,170,Er,170Er,0+,-60107.514,14.91,,none,True,False,STABLE,,1.5
68,103,171,Er,171Er,5/2-,-57717.822,,27057.6,chart,False,False,B-,B- = 100 ,1.5147058823529411
68,104,172,Er,172Er,0+,-56482.578,,177480.0,chart,False,False,B-,B- = 100 ,1.5294117647058822
68,105,173,Er,173Er,(7/2-),-53654.0,,84.0,chart,False,False,B-,B- = 100 ,1.5441176470588236
68,106,174,Er,174Er,0+,-51949.0,,192.0,chart,False,False,B-,B- = 100 ,1.5588235294117647
68,107,175,Er,175Er,,-48652.0,,72.0,chart,False,False,B-,B- = 100,1.5735294117647058
68,108,176,Er,176Er,0+,-46631.0,,,none,False,False,B-,B- = 100,1.588235294117647
68,109,177,Er,177Er,,-42858.0,,,none,False,False,B-,B- = 100 ,1.6029411764705883
68,110,178,Er,178Er,0+,-40260.0,,,none,False,False,B-,B- = 100,1.6176470588235294
68,111,179,Er,179Er,,-36080.0,,,none,False,False,B-,B- = 100,1.6323529411764706
68,112,180,Er,180Er,0+,-33180.0,,,none,False,False,B-,"B- = 100,B-n?",1.6470588235294117
69,75,144,Tm,144Tm,(10+),-22159.0,,1.8999999999e-06,chart,False,False,OTHER,p ~ 100 ,1.0869565217391304
69,76,145,Tm,145Tm,(11/2-),-27583.0,,3.16e-06,chart,False,False,OTHER,p = 100,1.1014492753623188
69,77,146,Tm,146Tm,(1+),-31055.0,,0.155,chart,False,False,OTHER,"p ~ 100 ,EC+B+?,ECp?",1.1159420289855073
69,78,147,Tm,147Tm,11/2-,-35974.407,,0.58,chart,False,False,EC_BP,"p = 15 5,EC+B+ = 85 5",1.1304347826086956
69,79,148,Tm,148Tm,(10+),-38765.034,,0.7,chart,False,False,EC_BP,"ECp?,EC+B+ = 100 ",1.144927536231884
69,80,149,Tm,149Tm,(11/2-),-43940.0,,0.9,chart,False,False,EC_BP,"ECp = 0.2 +0.2-0.1,EC+B+ = 100 ",1.1594202898550725
69,81,150,Tm,150Tm,(6-),-46491.0,,2.2,chart,False,False,EC_BP,"ECp = 1.2 +0.2-0.4,EC+B+ = 100",1.173913043478261
69,82,151,Tm,151Tm,(11/2-),-50771.613,,4.17,chart,False,False,EC_BP,EC+B+ = 100 ,1.1884057971014492
69,83,152,Tm,152Tm,(9)+,-51720.279,,5.2,chart,False,False,EC_BP,EC+B+ = 100 ,1.2028985507246377
69,84,153,Tm,153Tm,(11/2-),-53972.61,,1.48,chart,False,False,ALPHA,"a = 91 3,EC+B+ = 9 3",1.2173913043478262
69,85,154,Tm,154Tm,(2-),-54427.142,,8.1,chart,False,False,ALPHA,"a = 54 5,EC+B+ = 46 5",1.2318840579710144
69,86,155,Tm,155Tm,11/2-,-56625.921,,21.6,chart,False,False,EC_BP,"a = 0.83 0.17,EC+B+ = 99.17 0.17",1.2463768115942029
69,87,156,Tm,156Tm,2-,-56834.417,,83.0,chart,False,False,EC_BP,"a = 0.064 0.01,EC+B+ = 99.936 0.01",1.2608695652173914
69,88,157,Tm,157Tm,1/2+,-58709.279,,217.8,chart,False,False,EC_BP,"a = 0.00075 0.00025,EC+B+ = 100 ",1.2753623188405796
69,89,158,Tm,158Tm,2-,-58703.2,,238.8,chart,False,False,EC_BP,EC+B+ = 100 ,1.289855072463768
69,90,159,Tm,159Tm,5/2+,-60570.404,,547.8000000000001,chart,False,False,EC_BP,EC+B+ = 100 ,1.3043478260869565
69,91,160,Tm,160Tm,1-,-60301.037,,564.0,chart,False,False,EC_BP,EC+B+ = 100 ,1.318840579710145
69,92,161,Tm,161Tm,7/2+,-61898.715,,1812.0,chart,False,False,EC_BP,EC+B+ = 100 ,1.3333333333333333
69,93,162,Tm,162Tm,1-,-61477.482,,1308.0,chart,False,False,EC_BP,EC+B+ = 100 ,1.3478260869565217
69,94,163,Tm,163Tm,1/2+,-62728.413,,6516.0,chart,False,False,EC_BP,EC+B+ = 100 ,1.3623188405797102
69,95,164,Tm,164Tm,1+,-61908.943,,117.0,chart,False,False,EC_BP,EC+B+ = 100 ,1.3768115942028984
69,96,165,Tm,165Tm,1/2+,-62930.024,,108216.0,chart,False,False,EC_BP,EC+B+ = 100 ,1.391304347826087
69,97,166,Tm,166Tm,2+,-61886.478,,27720.0,chart,False,False,EC_BP,EC+B+ = 100 ,1.4057971014492754
69,98,167,Tm,167Tm,1/2+,-62543.117,,801792.0,chart,False,False,EC_BP,EC = 100 ,1.4202898550724639
69,99,168,Tm,168Tm,3+,-61312.379,,8043839.999999999,chart,False,False,EC_BP,"B- = 0.01 0.007,EC+B+ = 99.99 0.007",1.434782608695652
69,100,169,Tm,169Tm,1/2+,-61274.654,100.0,,none,True,False,STABLE,,1.4492753623188406
69,101,170,Tm,170Tm,1-,-59795.314,,11093760.0,chart,False,False,B-,"B- = 99.869 0.01,EC = 0.131 0.01",1.463768115942029
69,102,171,Tm,171Tm,1/2+,-59210.271,,60609600.0,chart,False,False,B-,B- = 100 ,1.4782608695652173
69,103,172,Tm,172Tm,2-,-57373.554,,228960.0,chart,False,False,B-,B- = 100 ,1.4927536231884058
69,104,173,Tm,173Tm,(1/2+),-56256.067,,29664.0,chart,False,False,B-,B- = 100 ,1.5072463768115942
69,105,174,Tm,174Tm,4-,-53864.521,,324.0,chart,False,False,B-,B- = 100 ,1.5217391304347827
69,106,175,Tm,175Tm,(1/2+),-52310.556,,912.0,chart,False,False,B-,B- = 100,1.536231884057971
69,107,176,Tm,176Tm,(4+),-49371.322,,111.18,chart,False,False,B-,B- = 100 ,1.5507246376811594
69,108,177,Tm,177Tm,(1/2+),-47570.0,,95.0,chart,False,False,B-,B- = 100 ,1.565217391304348
69,109,178,Tm,178Tm,,-44240.0,,,none,False,False,B-,B- = 100,1.5797101449275361
69,110,179,Tm,179Tm,,-41900.0,,,none,False,False,B-,B- = 100,1.5942028985507246
69,111,180,Tm,180Tm,,-38170.0,,,none,False,False,B-,"B- = 100 ,B-n?",1.608695652173913
69,112,181,Tm,181Tm,,-35440.0,,,none,False,False,B-,"B- = 100,B-n?",1.6231884057971016
70,79,149,Yb,149Yb,(1/2+),-33330.0,,0.7,chart,False,False,EC_BP,"ECp = 0 ,EC+B+ = 100 ",1.1285714285714286
70,80,150,Yb,150Yb,0+,-38830.0,,,none,False,False,EC_BP,"ECp?,EC+B+ = 100",1.1428571428571428
70,81,151,Yb,151Yb,(1/2+),-41542.352,,1.6,chart,False,False,EC_BP,"ECp = 0 ,EC+B+ = 100 ",1.1571428571428573
70,82,152,Yb,152Yb,0+,-46270.386,,3.1,chart,False,False,EC_BP,"ECp?,EC+B+ = 100 ",1.1714285714285715
70,83,153,Yb,153Yb,(7/2-),-47160.0,,4.2,chart,False,False,ALPHA,"a?,EC+B+?",1.1857142857142857
70,84,154,Yb,154Yb,0+,-49932.093,,0.409,chart,False,False,ALPHA,"a = 92.6 1.2,EC+B+ = 7.4 1.2",1.2
70,85,155,Yb,155Yb,(7/2-),-50502.614,,1.79,chart,False,False,ALPHA,"a = 89 4,EC+B+ = 11 4",1.2142857142857142
70,86,156,Yb,156Yb,0+,-53265.538,,25.0,chart,False,False,EC_BP,"a = 10 4,EC+B+ = 90 4",1.2285714285714286
70,87,157,Yb,157Yb,7/2-,-53419.912,,38.6,chart,False,False,EC_BP,"a?,EC+B+ ~ 100 ",1.2428571428571429
70,88,158,Yb,158Yb,0+,-56009.62,,89.4,chart,False,False,EC_BP,"a = 0.0021 0.0012,EC+B+ = 99.9979 0.0012",1.2571428571428571
70,89,159,Yb,159Yb,5/2(-),-55833.517,,103.8,chart,False,False,EC_BP,EC+B+ = 100 ,1.2714285714285714
70,90,160,Yb,160Yb,0+,-58163.227,,288.0,chart,False,False,EC_BP,EC+B+ = 100 ,1.2857142857142858
70,91,161,Yb,161Yb,3/2-,-57834.248,,252.0,chart,False,False,EC_BP,EC+B+ = 100 ,1.3
70,92,162,Yb,162Yb,0+,-59821.163,,1133.4,chart,False,False,EC_BP,EC+B+ = 100 ,1.3142857142857143
70,93,163,Yb,163Yb,3/2-,-59293.878,,663.0,chart,False,False,EC_BP,EC+B+ = 100 ,1.3285714285714285
70,94,164,Yb,164Yb,0+,-61012.171,,4548.0,chart,False,False,EC_BP,EC = 100 ,1.3428571428571427
70,95,165,Yb,165Yb,5/2-,-60295.388,,588.0,chart,False,False,EC_BP,EC+B+ = 100 ,1.3571428571428572
70,96,166,Yb,166Yb,0+,-61593.706,,204120.0,chart,False,False,EC_BP,EC = 100 ,1.3714285714285714
70,97,167,Yb,167Yb,5/2-,-60589.9,,1050.0,chart,False,False,EC_BP,EC+B+ = 100 ,1.3857142857142857
70,98,168,Yb,168Yb,0+,-61579.867,0.123,,none,True,False,STABLE,,1.4
70,99,169,Yb,169Yb,7/2+,-60375.527,,2766096.0,chart,False,False,EC_BP,EC = 100 ,1.4142857142857144
70,100,170,Yb,170Yb,0+,-60763.929,2.982,,none,True,False,STABLE,,1.4285714285714286
70,101,171,Yb,171Yb,1/2-,-59306.818,14.086,,none,True,False,STABLE,,1.4428571428571428
70,102,172,Yb,172Yb,0+,-59255.456,21.686,,none,True,False,STABLE,,1.457142857142857
70,103,173,Yb,173Yb,5/2-,-57551.234,16.103,,none,True,False,STABLE,,1.4714285714285715
70,104,174,Yb,174Yb,0+,-56944.521,32.025,,none,True,False,STABLE,,1.4857142857142858
70,105,175,Yb,175Yb,7/2-,-54695.556,,359553.60000000003,chart,False,False,B-,B- = 100 ,1.5
70,106,176,Yb,176Yb,0+,-53491.322,12.995,,none,True,False,STABLE,,1.5142857142857142
70,107,177,Yb,177Yb,9/2+,-50986.404,,6879.6,chart,False,False,B-,B- = 100 ,1.5285714285714285
70,108,178,Yb,178Yb,0+,-49677.139,,4440.0,chart,False,False,B-,B- = 100 ,1.542857142857143
70,109,179,Yb,179Yb,(1/2-),-46640.0,,480.0,chart,False,False,B-,B- = 100 ,1.5571428571428572
70,110,180,Yb,180Yb,0+,-44720.0,,144.0,chart,False,False,B-,B- = 100 ,1.5714285714285714
70,111,181,Yb,181Yb,,-41088.0,,,none,False,False,B-,B- = 100,1.5857142857142856
70,112,182,Yb,182Yb,0+,-38900.0,,,none,False,False,B-,B- = 100,1.6
70,113,183,Yb,183Yb,,-35000.0,,,none,False,False,B-,B- = 100 ,1.6142857142857143
70,114,184,Yb,184Yb,0+,-32600.0,,,none,False,False,B-,B- = 100,1.6285714285714286
70,115,185,Yb,185Yb,,-28480.0,,,none,False,False,B-,B- = 100,1.6428571428571428
71,79,150,Lu,150Lu,(2+),-24771.0,,0.045,chart,False,False,OTHER,p ~ 100 ,1.1126760563380282
71,80,151,Lu,151Lu,11/2-,-30300.0,,0.079,chart,False,False,OTHER,"p = 0 ,EC+B+ = 0 ",1.1267605633802817
71,81,152,Lu,152Lu,"(4-),(5-),(6-)",-33422.0,,0.65,chart,False,False,EC_BP,"ECp = 15 7,EC+B+ = 100 ",1.1408450704225352
71,82,153,Lu,153Lu,11/2-,-38375.462,,0.9,chart,False,False,ALPHA,"a?,EC+B+?",1.1549295774647887
71,83,154,Lu,154Lu,(2-),-39667.0,,1.12,chart,False,False,EC_BP,"EC+B+?,a?,ECp?",1.1690140845070423
71,84,155,Lu,155Lu,11/2-,-42545.056,,0.067,chart,False,False,ALPHA,"a = 88 3,EC+B+ = 12 3",1.1830985915492958
71,85,156,Lu,156Lu,(2)-,-43699.55,,0.494,chart,False,False,ALPHA,a ~ 100 ,1.1971830985915493
71,86,157,Lu,157Lu,"(1/2+),(3/2+)",-46439.818,,7.6,chart,False,False,EC_BP,"a = 0 ,EC+B+?",1.2112676056338028
71,87,158,Lu,158Lu,(2)-,-47212.2,,10.6,chart,False,False,EC_BP,"a = 0.91 0.2,EC+B+ = 99.09 0.2",1.2253521126760563
71,88,159,Lu,159Lu,,-49708.609,,12.1,chart,False,False,EC_BP,EC+B+ = 100 ,1.2394366197183098
71,89,160,Lu,160Lu,,-50269.942,,36.1,chart,False,False,EC_BP,"a = 0.0001 ,EC+B+ = 100 ",1.2535211267605635
71,90,161,Lu,161Lu,1/2+,-52562.349,,77.0,chart,False,False,EC_BP,EC+B+ = 100 ,1.267605633802817
71,91,162,Lu,162Lu,1-,-52831.759,,82.2,chart,False,False,EC_BP,EC+B+ = 100,1.2816901408450705
71,92,163,Lu,163Lu,1/2+,-54791.415,,240.6,chart,False,False,EC_BP,EC+B+ = 100 ,1.295774647887324
71,93,164,Lu,164Lu,1(-),-54642.376,,189.0,chart,False,False,EC_BP,EC+B+ = 100 ,1.3098591549295775
71,94,165,Lu,165Lu,1/2+,-56442.248,,644.4,chart,False,False,EC_BP,EC+B+ = 100 ,1.323943661971831
71,95,166,Lu,166Lu,6-,-56020.987,,159.0,chart,False,False,EC_BP,EC+B+ = 100 ,1.3380281690140845
71,96,167,Lu,167Lu,7/2+,-57526.281,,3120.0,chart,False,False,EC_BP,EC+B+ = 100 ,1.352112676056338
71,97,168,Lu,168Lu,6-,-57072.832,,330.0,chart,False,False,EC_BP,EC+B+ = 100 ,1.3661971830985915
71,98,169,Lu,169Lu,7/2+,-58082.527,,122616.0,chart,False,False,EC_BP,EC+B+ = 100 ,1.380281690140845
71,99,170,Lu,170Lu,0+,-57306.234,,173663.99999999997,chart,False,False,EC_BP,EC+B+ = 100 ,1.3943661971830985
71,100,171,Lu,171Lu,7/2+,-57828.465,,712800.0,chart,False,False,EC_BP,EC+B+ = 100 ,1.408450704225352
71,101,172,Lu,172Lu,4-,-56736.076,,579052.8,chart,False,False,EC_BP,EC+B+ = 100 ,1.4225352112676057
71,102,173,Lu,173Lu,7/2+,-56881.014,,43233912.0,chart,False,False,EC_BP,EC = 100 ,1.4366197183098592
71,103,174,Lu,174Lu,1-,-55570.292,,104455656.0,chart,False,False,EC_BP,EC+B+ = 100 ,1.4507042253521127
71,104,175,Lu,175Lu,7/2+,-55165.678,97.401,,none,True,False,STABLE,,1.4647887323943662
71,105,176,Lu,176Lu,7-,-53382.333,2.599,1.1721374830498967e+18,chart,False,False,B-,B- = 100 ,1.4788732394366197
71,106,177,Lu,177Lu,7/2+,-52383.903,,574318.08,chart,False,False,B-,B- = 100 ,1.4929577464788732
71,107,178,Lu,178Lu,1(+),-50337.881,,1704.0,chart,False,False,B-,B- = 100 ,1.5070422535211268
71,108,179,Lu,179Lu,7/2+,-49059.013,,16524.0,chart,False,False,B-,B- = 100 ,1.5211267605633803
71,109,180,Lu,180Lu,5+,-46676.476,,336.0,chart,False,False,B-,B- = 100 ,1.5352112676056338
71,110,181,Lu,181Lu,,-44797.414,,210.0,chart,False,False,B-,B- = 100 ,1.5492957746478873
71,111,182,Lu,182Lu,,-41770.0,,120.0,chart,False,False,B-,B- = 100 ,1.5633802816901408
71,112,183,Lu,183Lu,,-39716.114,,58.0,chart,False,False,B-,B- = 100 ,1.5774647887323943
71,113,184,Lu,184Lu,(3+),-36300.0,,19.0,chart,False,False,B-,B- = 100 ,1.591549295774648
71,114,185,Lu,185Lu,,-33960.0,,,none,False,False,B-,B- = 100,1.6056338028169015
71,115,186,Lu,186Lu,,-30320.0,,,none,False,False,B-,B- = 100,1.619718309859155
71,116,187,Lu,187Lu,,-27770.0,,,none,False,False,B-,"B- = 100,B-n?",1.6338028169014085
71,117,188,Lu,188Lu,,-23820.0,,,none,False,False,B-,"B- = 100,B-n?",1.647887323943662
72,81,153,Hf,153Hf,,,,6.000000000000002e-08,chart,False,False,EC_BP,"ECp?,EC+B+?",1.125
72,82,154,Hf,154Hf,0+,-32730.0,,2.0,chart,False,False,EC_BP,"a ~ 0 ,EC+B+ ~ 100 ",1.1388888888888888
72,83,155,Hf,155Hf,(7/2-),-34310.0,,0.84,chart,False,False,EC_BP,EC+B+ = 100 ,1.1527777777777777
72,84,156,Hf,156Hf,0+,-37819.514,,0.023,chart,False,False,ALPHA,a ~ 100 ,1.1666666666666667
72,85,157,Hf,157Hf,(7/2-),-38855.0,,0.115,chart,False,False,ALPHA,"a = 94 4,EC+B+ = 6 4",1.1805555555555556
72,86,158,Hf,158Hf,0+,-42102.399,,2.9,chart,False,False,EC_BP,"a = 44 2,EC+B+ = 56 2",1.1944444444444444
72,87,159,Hf,159Hf,7/2-,-42852.606,,5.2,chart,False,False,EC_BP,"a = 12 1,EC+B+ = 88 1",1.2083333333333333
72,88,160,Hf,160Hf,0+,-45938.747,,13.6,chart,False,False,EC_BP,"a = 0.7 0.2,EC+B+ = 99.3 0.2",1.2222222222222223
72,89,161,Hf,161Hf,(7/2-),-46315.817,,18.4,chart,False,False,EC_BP,"a = 0.3 0.05,EC+B+ = 99.7 0.05",1.2361111111111112
72,90,162,Hf,162Hf,0+,-49168.426,,38.7,chart,False,False,EC_BP,"a = 0.008 0.001,EC+B+ = 99.992 0.001",1.25
72,91,163,Hf,163Hf,(5/2-),-49269.32,,40.0,chart,False,False,EC_BP,EC+B+ = 100 ,1.2638888888888888
72,92,164,Hf,164Hf,0+,-51818.356,,111.0,chart,False,False,EC_BP,EC+B+ = 100 ,1.2777777777777777
72,93,165,Hf,165Hf,(5/2-),-51635.513,,76.0,chart,False,False,EC_BP,EC+B+ = 100 ,1.2916666666666667
72,94,166,Hf,166Hf,0+,-53858.989,,406.2,chart,False,False,EC_BP,EC+B+ = 100 ,1.3055555555555556
72,95,167,Hf,167Hf,(5/2-),-53467.761,,123.0,chart,False,False,EC_BP,EC+B+ = 100 ,1.3194444444444444
72,96,168,Hf,168Hf,0+,-55360.557,,1557.0,chart,False,False,EC_BP,EC+B+ = 100 ,1.3333333333333333
72,97,169,Hf,169Hf,5/2-,-54716.895,,195.0,chart,False,False,EC_BP,EC+B+ = 100 ,1.3472222222222223
72,98,170,Hf,170Hf,0+,-56253.86,,57636.00000000001,chart,False,False,EC_BP,EC = 100 ,1.3611111111111112
72,99,171,Hf,171Hf,7/2+,-55431.351,,43560.0,chart,False,False,EC_BP,EC+B+ = 100 ,1.375
72,100,172,Hf,172Hf,0+,-56402.232,,59012712.0,chart,False,False,EC_BP,EC = 100 ,1.3888888888888888
72,101,173,Hf,173Hf,1/2-,-55411.79,,84960.0,chart,False,False,EC_BP,EC+B+ = 100 ,1.4027777777777777
72,102,174,Hf,174Hf,0+,-55844.583,0.16,2.209032e+24,chart,False,False,ALPHA,a = 100,1.4166666666666667
72,103,175,Hf,175Hf,5/2(-),-54481.763,,6105888.0,chart,False,False,EC_BP,EC = 100,1.4305555555555556
72,104,176,Hf,176Hf,0+,-54576.428,5.26,,none,True,False,STABLE,,1.4444444444444444
72,105,177,Hf,177Hf,7/2-,-52880.745,18.6,,none,True,False,STABLE,,1.4583333333333333
72,106,178,Hf,178Hf,0+,-52435.366,27.28,,none,True,False,STABLE,,1.4722222222222223
72,107,179,Hf,179Hf,9/2+,-50463.036,13.62,,none,True,False,STABLE,,1.4861111111111112
72,108,180,Hf,180Hf,0+,-49779.476,35.08,,none,True,False,STABLE,,1.5
72,109,181,Hf,181Hf,1/2-,-47402.958,,3662496.0,chart,False,False,B-,B- = 100 ,1.5138888888888888
72,110,182,Hf,182Hf,0+,-46049.636,,280862640000000.0,chart,False,False,B-,B- = 100 ,1.5277777777777777
72,111,183,Hf,183Hf,(3/2-),-43283.547,,3668.4,chart,False,False,B-,B- = 100 ,1.5416666666666667
72,112,184,Hf,184Hf,0+,-41499.453,,14832.0,chart,False,False,B-,B- = 100 ,1.5555555555555556
72,113,185,Hf,185Hf,,-38319.804,,210.0,chart,False,False,B-,B- = 100 ,1.5694444444444444
72,114,186,Hf,186Hf,0+,-36424.214,,156.0,chart,False,False,B-,B- = 100 ,1.5833333333333333
72,115,187,Hf,187Hf,,-33000.0,,,none,False,False,B-,B- = 100 ,1.5972222222222223
72,116,188,Hf,188Hf,0+,-30830.0,,,none,False,False,B-,B- = 100 ,1.6111111111111112
72,117,189,Hf,189Hf,,-27150.0,,,none,False,False,B-,B- = 100 ,1.625
72,118,190,Hf,190Hf,0+,-24800.0,,,none,False,False,B-,B- = 100,1.6388888888888888
73,82,155,Ta,155Ta,11/2-,-23988.0,,0.0029,chart,False,False,OTHER,p = 100,1.1232876712328768
73,83,156,Ta,156Ta,(2-),-26001.0,,0.106,chart,False,False,OTHER,"p = 71 3,EC+B+ = 29 3",1.1369863013698631
73,84,157,Ta,157Ta,1/2+,-29595.948,,0.0101999999999999,chart,False,False,ALPHA,"p = 3.4 1.2,a = 96.6 1.2",1.1506849315068493
73,85,158,Ta,158Ta,(2-),-31118.0,,0.049,chart,False,False,ALPHA,"a ~ 100 ,EC+B+?",1.1643835616438356
73,86,159,Ta,159Ta,1/2+,-34439.157,,1.04,chart,False,False,EC_BP,"a = 34 5,EC+B+ = 66 5",1.178082191780822
73,87,160,Ta,160Ta,,-35823.7,,1.55,chart,False,False,EC_BP,"a = 0 ,EC+B+?",1.1917808219178083
73,88,161,Ta,161Ta,(1/2+),-38778.575,,3.09,chart,False,False,ALPHA,"a?,EC+B+?",1.2054794520547945
73,89,162,Ta,162Ta,,-39781.405,,3.56,chart,False,False,EC_BP,"a = 0.074 0.01,EC+B+ = 99.926 0.01",1.2191780821917808
73,90,163,Ta,163Ta,(1/2+),-42534.634,,10.7,chart,False,False,EC_BP,EC+B+ ~ 100 ,1.2328767123287672
73,91,164,Ta,164Ta,(3+),-43282.805,,14.2,chart,False,False,EC_BP,EC+B+ = 100 ,1.2465753424657535
73,92,165,Ta,165Ta,(9/2-),-45847.872,,31.0,chart,False,False,EC_BP,EC+B+ = 100 ,1.2602739726027397
73,93,166,Ta,166Ta,(2)+,-46097.78,,34.4,chart,False,False,EC_BP,EC+B+ = 100 ,1.273972602739726
73,94,167,Ta,167Ta,(3/2+),-48351.064,,80.0,chart,False,False,EC_BP,EC+B+ = 100 ,1.2876712328767124
73,95,168,Ta,168Ta,"(2-),(3+)",-48393.913,,120.0,chart,False,False,EC_BP,EC+B+ = 100 ,1.3013698630136987
73,96,169,Ta,169Ta,(5/2+),-50290.435,,294.0,chart,False,False,EC_BP,EC+B+ = 100 ,1.3150684931506849
73,97,170,Ta,170Ta,(3+),-50137.67,,405.6,chart,False,False,EC_BP,EC+B+ = 100 ,1.3287671232876712
73,98,171,Ta,171Ta,(5/2+),-51720.279,,1398.0,chart,False,False,EC_BP,EC+B+ = 100,1.3424657534246576
73,99,172,Ta,172Ta,(3+),-51329.983,,2208.0,chart,False,False,EC_BP,EC+B+ = 100 ,1.356164383561644
73,100,173,Ta,173Ta,5/2-,-52396.543,,11304.0,chart,False,False,EC_BP,EC+B+ = 100 ,1.36986301369863
73,101,174,Ta,174Ta,3+,-51740.771,,3888.000000000001,chart,False,False,EC_BP,EC+B+ = 100 ,1.3835616438356164
73,102,175,Ta,175Ta,7/2+,-52408.653,,37800.0,chart,False,False,EC_BP,EC+B+ = 100,1.3972602739726028
73,103,176,Ta,176Ta,(1)-,-51365.379,,29088.0,chart,False,False,EC_BP,EC+B+ = 100 ,1.4109589041095891
73,104,177,Ta,177Ta,7/2+,-51714.745,,203616.0,chart,False,False,EC_BP,EC+B+ = 100 ,1.4246575342465753
73,105,178,Ta,178Ta,7-,-50598.0,,8676.0,chart,False,False,EC_BP,EC+B+ = 100 ,1.4383561643835616
73,106,179,Ta,179Ta,7/2+,-50357.456,,57277044.0,chart,False,False,EC_BP,EC = 100 ,1.452054794520548
73,107,180,Ta,180Ta,1+,-48933.631,,29354.4,chart,False,False,EC_BP,"B- = 15 4,EC = 85 4",1.4657534246575343
73,108,181,Ta,181Ta,7/2+,-48439.064,99.98799,,none,True,False,STABLE,,1.4794520547945205
73,109,182,Ta,182Ta,3-,-46430.685,,9919065.6,chart,False,False,B-,B- = 100 ,1.4931506849315068
73,110,183,Ta,183Ta,7/2+,-45293.547,,440640.0,chart,False,False,B-,B- = 100 ,1.5068493150684932
73,111,184,Ta,184Ta,(5-),-42839.453,,31320.0,chart,False,False,B-,B- = 100 ,1.5205479452054795
73,112,185,Ta,185Ta,(7/2+),-41394.371,,2970.0,chart,False,False,B-,B- = 100 ,1.5342465753424657
73,113,186,Ta,186Ta,(3-),-38607.602,,630.0,chart,False,False,B-,B- = 100 ,1.547945205479452
73,114,187,Ta,187Ta,(7/2+),-36895.55,,283.0,chart,False,False,B-,B- = 100 ,1.5616438356164384
73,115,188,Ta,188Ta,(1-),-33910.0,,19.6,chart,False,False,B-,B- = 100 ,1.5753424657534247
73,116,189,Ta,189Ta,,-31960.0,,,none,False,False,B-,B- = 100 ,1.5890410958904109
73,117,190,Ta,190Ta,(3),-28720.0,,5.3,chart,False,False,B-,B- = 100,1.6027397260273972
73,118,191,Ta,191Ta,,-26520.0,,,none,False,False,B-,B- = 100,1.6164383561643836
73,119,192,Ta,192Ta,"(1),(2)",-23100.0,,2.2,chart,False,False,B-,B- = 100 ,1.63013698630137
73,120,193,Ta,193Ta,,-20810.0,,,none,False,False,B-,"B- = 100 ,B-n?",1.643835616438356
73,121,194,Ta,194Ta,,-17130.0,,,none,False,False,B-,"B- = 100,B-n?",1.6575342465753424
74,83,157,W,157W,(7/2-),-19690.0,,0.275,chart,False,False,EC_BP,EC+B+ ~ 100 ,1.1216216216216217
74,84,158,W,158W,0+,-23693.0,,0.0014,chart,False,False,ALPHA,a = 100,1.135135135135135
74,85,159,W,159W,(7/2-),-25434.0,,0.0085,chart,False,False,ALPHA,a ~ 100 ,1.1486486486486487
74,86,160,W,160W,0+,-29329.073,,0.091,chart,False,False,ALPHA,"a = 87 8,EC+B+ = 13 8",1.162162162162162
74,87,161,W,161W,,-30507.0,,0.409,chart,False,False,ALPHA,"a = 73 3,EC+B+ = 27 3",1.1756756756756757
74,88,162,W,162W,0+,-33999.217,,0.99,chart,False,False,EC_BP,"a = 46 2,EC+B+ = 54 2",1.1891891891891893
74,89,163,W,163W,7/2-,-34908.439,,2.7,chart,False,False,EC_BP,"a = 14 2,EC+B+ = 86 2",1.2027027027027026
74,90,164,W,164W,0+,-38235.555,,6.34,chart,False,False,EC_BP,"a = 3.8 1.2,EC+B+ = 96.2 1.2",1.2162162162162162
74,91,165,W,165W,(5/2-),-38861.316,,5.1,chart,False,False,EC_BP,"a = 0.1 0.1,EC+B+ = 99.9 0.1",1.2297297297297298
74,92,166,W,166W,0+,-41887.471,,19.2,chart,False,False,EC_BP,"a = 0.035 0.012,EC+B+ = 99.965 0.012",1.2432432432432432
74,93,167,W,167W,(5/2-),-42093.212,,19.9,chart,False,False,EC_BP,"a = 0.04 0.01,EC+B+ = 99.96 0.01",1.2567567567567568
74,94,168,W,168W,0+,-44892.93,,50.9,chart,False,False,EC_BP,"a = 0.0032 0.001,EC+B+ = 99.9968 0.001",1.2702702702702702
74,95,169,W,169W,(5/2-),-44917.866,,70.0,chart,False,False,EC_BP,EC+B+ = 100 ,1.2837837837837838
74,96,170,W,170W,0+,-47290.804,,145.2,chart,False,False,EC_BP,EC+B+ = 100 ,1.2972972972972974
74,97,171,W,171W,(5/2-),-47086.095,,143.4,chart,False,False,EC_BP,EC+B+ = 100 ,1.3108108108108107
74,98,172,W,172W,0+,-49097.191,,396.0,chart,False,False,EC_BP,EC+B+ = 100 ,1.3243243243243243
74,99,173,W,173W,5/2-,-48727.388,,437.4,chart,False,False,EC_BP,EC+B+ = 100 ,1.337837837837838
74,100,174,W,174W,0+,-50227.093,,2058.0,chart,False,False,EC_BP,EC+B+ = 100 ,1.3513513513513513
74,101,175,W,175W,(1/2-),-49632.8,,2112.0,chart,False,False,EC_BP,EC+B+ = 100,1.364864864864865
74,102,176,W,176W,0+,-50641.608,,9000.0,chart,False,False,EC_BP,EC = 100 ,1.3783783783783783
74,103,177,W,177W,1/2-,-49701.731,,7920.0,chart,False,False,EC_BP,EC+B+ = 100 ,1.3918918918918919
74,104,178,W,178W,0+,-50407.066,,1866240.0,chart,False,False,EC_BP,EC = 100 ,1.4054054054054055
74,105,179,W,179W,7/2-,-49295.247,,2223.0,chart,False,False,EC_BP,EC+B+ = 100 ,1.4189189189189189
74,106,180,W,180W,0+,-49636.243,0.12,5.0176584e+25,chart,False,False,ALPHA,a = 100,1.4324324324324325
74,107,181,W,181W,9/2+,-48233.945,,10450944.0,chart,False,False,EC_BP,EC = 100 ,1.445945945945946
74,108,182,W,182W,0+,-48246.144,26.5,,none,True,False,STABLE,,1.4594594594594594
74,109,183,W,183W,1/2-,-46365.663,14.31,,none,True,False,STABLE,,1.472972972972973
74,110,184,W,184W,0+,-45705.453,30.64,,none,True,False,STABLE,,1.4864864864864864
74,111,185,W,185W,3/2-,-43387.871,,6471360.000000001,chart,False,False,B-,B- = 100 ,1.5
74,112,186,W,186W,0+,-42508.602,28.43,,none,True,False,STABLE,,1.5135135135135136
74,113,187,W,187W,3/2-,-39904.044,,85680.0,chart,False,False,B-,B- = 100 ,1.527027027027027
74,114,188,W,188W,0+,-38667.88,,6028128.0,chart,False,False,B-,B- = 100 ,1.5405405405405406
74,115,189,W,189W,,-35809.0,,696.0,chart,False,False,B-,B- = 100 ,1.554054054054054
74,116,190,W,190W,0+,-34368.832,,1800.0,chart,False,False,B-,B- = 100,1.5675675675675675
74,117,191,W,191W,,-31176.176,,,none,False,False,B-,B- = 100,1.5810810810810811
74,118,192,W,192W,0+,-29620.0,,,none,False,False,B-,B- = 100 ,1.5945945945945945
74,119,193,W,193W,,-26190.0,,,none,False,False,B-,B- = 100 ,1.6081081081081081
74,120,194,W,194W,0+,-24410.0,,,none,False,False,B-,B- = 100 ,1.6216216216216217
74,121,195,W,195W,,-20740.0,,,none,False,False,B-,B- = 100 ,1.635135135135135
74,122,196,W,196W,0+,-18740.0,,,none,False,False,B-,B- = 100 ,1.6486486486486487
74,123,197,W,197W,,-14870.0,,,none,False,False,B-,B- = 100,1.662162162162162
75,84,159,Re,159Re,(1/2+),-14805.0,,1.99999999999e-05,chart,False,False,OTHER,"p?,a?",1.12
75,85,160,Re,160Re,(4-),-16878.0,,0.000612,chart,False,False,OTHER,"p = 89 1,a = 11 1",1.1333333333333333
75,86,161,Re,161Re,1/2+,-20842.82,,0.00044,chart,False,False,OTHER,"p = 99.3 0.7,a = 0.7 0.7",1.1466666666666667
75,87,162,Re,162Re,(2-),-22453.0,,0.107,chart,False,False,ALPHA,"a = 94 6,EC+B+ = 6 6",1.16
75,88,163,Re,163Re,1/2+,-26002.253,,0.39,chart,False,False,EC_BP,"a = 32 3,EC+B+ = 68 3",1.1733333333333333
75,89,164,Re,164Re,(2)-,-27472.441,,0.72,chart,False,False,EC_BP,"a = 0 ,EC+B+?",1.1866666666666668
75,90,165,Re,165Re,(1/2+),-30659.353,,1.6,chart,False,False,EC_BP,"a = 14 8,EC+B+ = 86 8",1.2
75,91,166,Re,166Re,,-31837.335,,2.25,chart,False,False,EC_BP,"a = 24 ,EC+B+ = 76 ",1.2133333333333334
75,92,167,Re,167Re,(9/2-),-34834.0,,5.9,chart,False,False,EC_BP,"a ~ 1 ,EC+B+ ~ 99 ",1.2266666666666666
75,93,168,Re,168Re,(7+),-35794.889,,4.4,chart,False,False,EC_BP,"a ~ 0.005 ,EC+B+ ~ 99.995 ",1.24
75,94,169,Re,169Re,(9/2-),-38409.247,,8.1,chart,False,False,EC_BP,"a = 0.005 0.004,EC+B+ = 99.995 0.004",1.2533333333333334
75,95,170,Re,170Re,"(6),(7),(8),(9)",-38903.996,,9.2,chart,False,False,EC_BP,EC+B+ = 100 ,1.2666666666666666
75,96,171,Re,171Re,(9/2-),-41250.285,,15.2,chart,False,False,EC_BP,EC+B+ = 100 ,1.28
75,97,172,Re,172Re,"(5),(6),(7)",-41566.839,,15.0,chart,False,False,EC_BP,EC+B+ = 100 ,1.2933333333333332
75,98,173,Re,173Re,(5/2-),-43553.87,,118.8,chart,False,False,EC_BP,EC+B+ = 100 ,1.3066666666666666
75,99,174,Re,174Re,,-43673.101,,142.79999999999998,chart,False,False,EC_BP,EC+B+ = 100 ,1.32
75,100,175,Re,175Re,(5/2-),-45288.312,,353.4,chart,False,False,EC_BP,EC+B+ = 100,1.3333333333333333
75,101,176,Re,176Re,(3+),-45062.89,,318.0,chart,False,False,EC_BP,EC+B+ = 100 ,1.3466666666666667
75,102,177,Re,177Re,5/2-,-46269.175,,840.0,chart,False,False,EC_BP,EC+B+ = 100 ,1.36
75,103,178,Re,178Re,(3+),-45653.457,,792.0,chart,False,False,EC_BP,EC+B+ = 100 ,1.3733333333333333
75,104,179,Re,179Re,5/2+,-46584.312,,1170.0,chart,False,False,EC_BP,EC+B+ = 100 ,1.3866666666666667
75,105,180,Re,180Re,(1)-,-45837.364,,147.6,chart,False,False,EC_BP,EC+B+ = 100 ,1.4
75,106,181,Re,181Re,5/2+,-46517.412,,71820.0,chart,False,False,EC_BP,EC+B+ = 100 ,1.4133333333333333
75,107,182,Re,182Re,7+,-45446.144,,231120.0,chart,False,False,EC_BP,EC+B+ = 100 ,1.4266666666666667
75,108,183,Re,183Re,5/2+,-45809.663,,6048000.0,chart,False,False,EC_BP,EC = 100 ,1.44
75,109,184,Re,184Re,3(-),-44219.819,,3061152.0,chart,False,False,EC_BP,EC+B+ = 100 ,1.4533333333333334
75,110,185,Re,185Re,5/2+,-43819.047,37.4,,none,True,False,STABLE,,1.4666666666666666
75,111,186,Re,186Re,1-,-41927.32,,321278.4,chart,False,False,B-,"B- = 92.53 0.1,EC = 7.47 0.1",1.48
75,112,187,Re,187Re,5/2+,-41216.548,62.6,1.30017312e+18,chart,False,False,B-,B- = 100 ,1.4933333333333334
75,113,188,Re,188Re,1-,-39016.88,,61214.4,chart,False,False,B-,B- = 100 ,1.5066666666666666
75,114,189,Re,189Re,5/2+,-37979.097,,87120.0,chart,False,False,B-,B- = 100 ,1.52
75,115,190,Re,190Re,(2)-,-35583.015,,180.0,chart,False,False,B-,B- = 100 ,1.5333333333333334
75,116,191,Re,191Re,(3/2+),-34350.408,,588.0,chart,False,False,B-,B- = 100,1.5466666666666666
75,117,192,Re,192Re,(0-),-31588.828,,15.2,chart,False,False,B-,B- = 100 ,1.56
75,118,193,Re,193Re,,-30231.641,,,none,False,False,B-,B- = 100,1.5733333333333333
75,119,194,Re,194Re,"(0+),(1)",-27260.0,,5.0,chart,False,False,B-,B- = 100 ,1.5866666666666667
75,120,195,Re,195Re,,-25560.0,,6.0,chart,False,False,B-,B- = 100,1.6
75,121,196,Re,196Re,,-22360.0,,3.0,chart,False,False,B-,B- = 100 ,1.6133333333333333
75,122,197,Re,197Re,,-20350.0,,,none,False,False,B-,B- = 100,1.6266666666666667
75,123,198,Re,198Re,,-16990.0,,,none,False,False,B-,B- = 100,1.64
75,124,199,Re,199Re,,-14730.0,,,none,False,False,B-,"B- = 100,B-n?",1.6533333333333333
76,85,161,Os,161Os,(7/2-),-10196.0,,0.00064,chart,False,False,ALPHA,a ~ 100 ,1.118421052631579
76,86,162,Os,162Os,0+,-14500.0,,0.0021,chart,False,False,ALPHA,a ~ 100 ,1.131578947368421
76,87,163,Os,163Os,(7/2-),-16336.0,,0.0058,chart,False,False,ALPHA,a ~ 100 ,1.144736842105263
76,88,164,Os,164Os,0+,-20424.723,,0.021,chart,False,False,OTHER,"a = 96 +4-5,EC+B+ = 4 +5-4",1.1578947368421053
76,89,165,Os,165Os,(7/2-),-21747.0,,0.071,chart,False,False,ALPHA,"a = 90 2,EC+B+ = 10 2",1.1710526315789473
76,90,166,Os,166Os,0+,-25431.526,,0.212,chart,False,False,ALPHA,"a = 83 4,EC+B+ = 17 4",1.1842105263157894
76,91,167,Os,167Os,(7/2-),-26498.86,,0.839,chart,False,False,ALPHA,"a = 51 4,EC+B+ = 49 4",1.1973684210526316
76,92,168,Os,168Os,0+,-29994.995,,2.1,chart,False,False,EC_BP,"a = 45 5,EC+B+ = 55 5",1.2105263157894737
76,93,169,Os,169Os,(5/2-),-30722.984,,3.4,chart,False,False,EC_BP,"a = 13.7 0.8,EC+B+ = 86.3 0.8",1.2236842105263157
76,94,170,Os,170Os,0+,-33925.692,,7.4,chart,False,False,EC_BP,"a = 9.5 1,EC+B+ = 90.5 1",1.236842105263158
76,95,171,Os,171Os,(5/2-),-34297.238,,8.3,chart,False,False,EC_BP,"a = 1.8 0.2,EC+B+ = 98.2 0.2",1.25
76,96,172,Os,172Os,0+,-37243.641,,19.2,chart,False,False,EC_BP,"a = 1.2 0.2,EC+B+ = 98.8 0.2",1.263157894736842
76,97,173,Os,173Os,5/2-,-37438.25,,22.4,chart,False,False,EC_BP,"a = 0.4 0.2,EC+B+ = 99.6 0.2",1.2763157894736843
76,98,174,Os,174Os,0+,-39995.383,,44.0,chart,False,False,OTHER,"a = 0.02 +0.01-0.004,EC+B+ = 99.98 +0.004-0.01",1.2894736842105263
76,99,175,Os,175Os,(5/2-),-40105.36,,84.0,chart,False,False,EC_BP,EC+B+ = 100,1.3026315789473684
76,100,176,Os,176Os,0+,-42131.184,,216.0,chart,False,False,EC_BP,EC+B+ = 100 ,1.3157894736842106
76,101,177,Os,177Os,1/2-,-41956.448,,180.0,chart,False,False,EC_BP,EC+B+ = 100 ,1.3289473684210527
76,102,178,Os,178Os,0+,-43544.243,,300.0,chart,False,False,EC_BP,EC+B+ = 100 ,1.3421052631578947
76,103,179,Os,179Os,1/2-,-43020.137,,378.0,chart,False,False,EC_BP,EC+B+ = 100 ,1.355263157894737
76,104,180,Os,180Os,0+,-44356.198,,1290.0,chart,False,False,EC_BP,EC+B+ = 100 ,1.368421052631579
76,105,181,Os,181Os,1/2-,-43549.968,,6360.0,chart,False,False,EC_BP,EC+B+ = 100 ,1.381578947368421
76,106,182,Os,182Os,0+,-44609.109,,79344.0,chart,False,False,EC_BP,EC = 100 ,1.394736842105263
76,107,183,Os,183Os,9/2+,-43663.76,,46800.0,chart,False,False,EC_BP,EC+B+ = 100 ,1.4078947368421053
76,108,184,Os,184Os,0+,-44252.565,0.02,3.5344512e+20,chart,False,False,ALPHA,a ~ 100 ,1.4210526315789473
76,109,185,Os,185Os,1/2-,-42805.908,,8030880.0,chart,False,False,EC_BP,EC = 100 ,1.4342105263157894
76,110,186,Os,186Os,0+,-43000.032,1.59,6.31152e+22,chart,False,False,ALPHA,a = 100,1.4473684210526316
76,111,187,Os,187Os,1/2-,-41219.015,1.97,,none,True,False,STABLE,,1.4605263157894737
76,112,188,Os,188Os,0+,-41137.301,13.24,,none,True,False,STABLE,,1.4736842105263157
76,113,189,Os,189Os,3/2-,-38986.802,16.15,,none,True,False,STABLE,,1.486842105263158
76,114,190,Os,190Os,0+,-38707.825,26.26,,none,True,False,STABLE,,1.5
76,115,191,Os,191Os,9/2-,-36395.239,,1296000.0,chart,False,False,B-,B- = 100,1.513157894736842
76,116,192,Os,192Os,0+,-35882.303,40.78,,none,True,False,STABLE,,1.5263157894736843
76,117,193,Os,193Os,3/2-,-33394.401,,107388.0,chart,False,False,B-,B- = 100 ,1.5394736842105263
76,118,194,Os,194Os,0+,-32435.176,,189345600.0,chart,False,False,B-,B- = 100 ,1.5526315789473684
76,119,195,Os,195Os,(3/2-),-29511.596,,384.0,chart,False,False,B-,B- = 100,1.5657894736842106
76,120,196,Os,196Os,0+,-28277.123,,2094.0,chart,False,False,B-,B- = 100 ,1.5789473684210527
76,121,197,Os,197Os,,-25080.0,,93.0,chart,False,False,B-,B- = 100,1.5921052631578947
76,122,198,Os,198Os,0+,-23600.0,,125.0,chart,False,False,B-,B- = 100 ,1.605263157894737
76,123,199,Os,199Os,,-20270.0,,5.0,chart,False,False,B-,B- = 100 ,1.618421052631579
76,124,200,Os,200Os,0+,-18550.0,,6.0,chart,False,False,B-,B- = 100 ,1.631578947368421
76,125,201,Os,201Os,,-14840.0,,,none,False,False,B-,B- = 100,1.644736842105263
76,126,202,Os,202Os,0+,-12530.0,,,none,False,False,B-,B- = 100,1.6578947368421053
76,127,203,Os,203Os,,-7270.0,,,none,False,False,B-,"B- = 100,B-n?",1.6710526315789473
77,87,164,Ir,164Ir,,-7483.0,,,none,False,False,OTHER,"p?,EC+B+?,a?",1.12987012987013
77,88,165,Ir,165Ir,(1/2+),-11595.0,,1e-06,chart,False,False,OTHER,"p?,a?",1.1428571428571428
77,89,166,Ir,166Ir,(2-),-13306.0,,0.0117,chart,False,False,ALPHA,"p = 7 3,a = 93 3",1.155844155844156
77,90,167,Ir,167Ir,1/2+,-17072.448,,0.03,chart,False,False,ALPHA,"p = 39 1.5,EC+B+ = 17 3,a = 44 2",1.1688311688311688
77,91,168,Ir,168Ir,(2-),-18666.23,,0.222,chart,False,False,ALPHA,"p?,EC+B+?,a = 100 ",1.1818181818181819
77,92,169,Ir,169Ir,(1/2+),-22093.416,,0.353,chart,False,False,ALPHA,"a = 53 7,EC+B+ = 47 7",1.1948051948051948
77,93,170,Ir,170Ir,(3-),-23182.0,,0.87,chart,False,False,EC_BP,"a = 5.2 1.7,EC+B+ = 94.8 1.7",1.2077922077922079
77,94,171,Ir,171Ir,(1/2+),-26412.03,,3.2,chart,False,False,EC_BP,"a = 15 2,EC+B+ = 85 2",1.2207792207792207
77,95,172,Ir,172Ir,"(3-),(4-)",-27379.373,,4.4,chart,False,False,EC_BP,"a ~ 2 ,EC+B+ ~ 98 ",1.2337662337662338
77,96,173,Ir,173Ir,"(1/2+),(3/2+)",-30268.456,,9.0,chart,False,False,EC_BP,"a = 3.5 3.5,EC+B+ = 96.5 3.5",1.2467532467532467
77,97,174,Ir,174Ir,"(2+),(3-)",-30785.937,,7.9,chart,False,False,EC_BP,"a = 0.5 0.3,EC = 99.5 0.3",1.2597402597402598
77,98,175,Ir,175Ir,(1/2+),-33394.511,,8.9,chart,False,False,EC_BP,"a = 0.85 0.28,EC+B+ = 99.15 0.28",1.2727272727272727
77,99,176,Ir,176Ir,,-33881.923,,8.9,chart,False,False,EC_BP,"a = 3.1 0.6,EC+B+ = 96.9 0.6",1.2857142857142858
77,100,177,Ir,177Ir,5/2-,-36047.425,,30.0,chart,False,False,EC_BP,"a = 0.06 0.01,EC+B+ = 99.94 0.01",1.2987012987012987
77,101,178,Ir,178Ir,,-36254.314,,12.0,chart,False,False,EC_BP,EC+B+ = 100 ,1.3116883116883118
77,102,179,Ir,179Ir,(5/2)-,-38081.719,,79.0,chart,False,False,EC_BP,EC+B+ = 100 ,1.3246753246753247
77,103,180,Ir,180Ir,(5+),-37977.53,,90.0,chart,False,False,EC_BP,EC+B+ = 100 ,1.3376623376623376
77,104,181,Ir,181Ir,5/2-,-39463.035,,294.0,chart,False,False,EC_BP,EC+B+ = 100 ,1.3506493506493507
77,105,182,Ir,182Ir,3+,-39051.682,,900.0,chart,False,False,EC_BP,EC+B+ = 100 ,1.3636363636363635
77,106,183,Ir,183Ir,5/2-,-40202.138,,3480.0,chart,False,False,EC_BP,EC+B+ = 100 ,1.3766233766233766
77,107,184,Ir,184Ir,5-,-39610.855,,11124.0,chart,False,False,EC_BP,EC+B+ = 100 ,1.3896103896103895
77,108,185,Ir,185Ir,5/2-,-40335.558,,51840.0,chart,False,False,EC_BP,EC+B+ = 100 ,1.4025974025974026
77,109,186,Ir,186Ir,5+,-39172.35,,59904.0,chart,False,False,EC_BP,EC+B+ = 100 ,1.4155844155844155
77,110,187,Ir,187Ir,3/2+,-39549.377,,37800.0,chart,False,False,EC_BP,EC+B+ = 100 ,1.4285714285714286
77,111,188,Ir,188Ir,1-,-38344.955,,149400.0,chart,False,False,EC_BP,EC+B+ = 100 ,1.4415584415584415
77,112,189,Ir,189Ir,3/2+,-38449.652,,1140480.0,chart,False,False,EC_BP,EC = 100 ,1.4545454545454546
77,113,190,Ir,190Ir,4-,-36753.614,,1017792.0,chart,False,False,EC_BP,EC+B+ = 100 ,1.4675324675324675
77,114,191,Ir,191Ir,3/2+,-36708.826,37.3,,none,True,False,STABLE,,1.4805194805194806
77,115,192,Ir,192Ir,4+,-34835.631,,6378566.399999999,chart,False,False,B-,"B- = 95.24 0.04,EC = 4.76 0.04",1.4935064935064934
77,116,193,Ir,193Ir,3/2+,-34536.305,62.7,,none,True,False,STABLE,,1.5064935064935066
77,117,194,Ir,194Ir,1-,-32531.776,,69120.0,chart,False,False,B-,B- = 100 ,1.5194805194805194
77,118,195,Ir,195Ir,3/2+,-31692.318,,8244.0,chart,False,False,B-,B- = 100 ,1.5324675324675325
77,119,196,Ir,196Ir,"(1),(2-)",-29435.522,,51.9,chart,False,False,B-,B- = 100 ,1.5454545454545454
77,120,197,Ir,197Ir,3/2+,-28264.123,,348.0,chart,False,False,B-,B- = 100,1.5584415584415585
77,121,198,Ir,198Ir,1-,-25710.0,,9.1,chart,False,False,B-,B- = 100 ,1.5714285714285714
77,122,199,Ir,199Ir,,-24398.534,,6.0,chart,False,False,B-,B- = 100,1.5844155844155845
77,123,200,Ir,200Ir,"(2-),(3-)",-21570.0,,43.0,chart,False,False,B-,B- = 100,1.5974025974025974
77,124,201,Ir,201Ir,,-19840.0,,21.0,chart,False,False,B-,B- = 100,1.6103896103896105
77,125,202,Ir,202Ir,"(1-),(2-)",-16640.0,,11.0,chart,False,False,B-,B- = 100,1.6233766233766234
77,126,203,Ir,203Ir,,-14370.0,,,none,False,False,B-,B- = 100,1.6363636363636365
77,127,204,Ir,204Ir,,-9570.0,,,none,False,False,B-,"B- = 100,B-n?",1.6493506493506493
77,128,205,Ir,205Ir,,-5600.0,,,none,False,False,B-,"B- = 100,B-n?",1.6623376623376624
78,87,165,Pt,165Pt,(7/2-),-318.0,,0.00026,chart,False,False,ALPHA,a ~ 100 ,1.1153846153846154
78,88,166,Pt,166Pt,0+,-4783.0,,0.00028,chart,False,False,ALPHA,a = 100,1.1282051282051282
78,89,167,Pt,167Pt,(7/2-),-6753.0,,0.0009,chart,False,False,ALPHA,a = 100,1.141025641025641
78,90,168,Pt,168Pt,0+,-11010.078,,0.00202,chart,False,False,ALPHA,a ~ 100 ,1.1538461538461537
78,91,169,Pt,169Pt,(7/2-),-12464.0,,0.00699,chart,False,False,ALPHA,a ~ 100 ,1.1666666666666667
78,92,170,Pt,170Pt,0+,-16299.202,,0.0139,chart,False,False,ALPHA,a ~ 100 ,1.1794871794871795
78,93,171,Pt,171Pt,(7/2-),-17466.569,,0.046,chart,False,False,ALPHA,"a = 90 7,EC+B+ = 10 7",1.1923076923076923
78,94,172,Pt,172Pt,0+,-21106.67,,0.0974,chart,False,False,ALPHA,"a = 97 3,EC+B+ = 3 3",1.205128205128205
78,95,173,Pt,173Pt,(5/2-),-21936.758,,0.374,chart,False,False,ALPHA,"a = 84 6,EC+B+ = 16 6",1.2179487179487178
78,96,174,Pt,174Pt,0+,-25317.608,,0.868,chart,False,False,ALPHA,"a = 75 4,EC+B+ = 25 4",1.2307692307692308
78,97,175,Pt,175Pt,7/2-,-25708.684,,2.43,chart,False,False,ALPHA,"a = 64 5,EC+B+ = 36 5",1.2435897435897436
78,98,176,Pt,176Pt,0+,-28933.918,,6.32,chart,False,False,EC_BP,"a = 40 2,EC+B+ = 60 2",1.2564102564102564
78,99,177,Pt,177Pt,5/2-,-29370.437,,10.0,chart,False,False,EC_BP,"a = 5.7 0.5,EC+B+ = 94.3 0.5",1.2692307692307692
78,100,178,Pt,178Pt,0+,-31997.486,,21.0,chart,False,False,EC_BP,"a = 7.7 0.3,EC+B+ = 92.3 0.3",1.2820512820512822
78,101,179,Pt,179Pt,1/2-,-32268.127,,21.2,chart,False,False,EC_BP,"a = 0.24 0.03,EC+B+ = 99.76 0.03",1.294871794871795
78,102,180,Pt,180Pt,0+,-34429.875,,56.0,chart,False,False,EC_BP,"a = 0.52 0.05,EC+B+ = 99.48 0.05",1.3076923076923077
78,103,181,Pt,181Pt,1/2-,-34381.497,,52.0,chart,False,False,EC_BP,"a = 0.074 0.01,EC+B+ = 99.926 0.01",1.3205128205128205
78,104,182,Pt,182Pt,0+,-36168.42,,162.0,chart,False,False,EC_BP,"a = 0.038 0.002,EC+B+ = 99.962 0.002",1.3333333333333333
78,105,183,Pt,183Pt,1/2-,-35773.197,,390.0,chart,False,False,EC_BP,"a = 0.0096 0.0005,EC+B+ = 99.9904 0.0005",1.3461538461538463
78,106,184,Pt,184Pt,0+,-37332.486,,1038.0,chart,False,False,EC_BP,"a = 0.0017 0.0007,EC+B+ = 99.9983 0.0007",1.358974358974359
78,107,185,Pt,185Pt,9/2+,-36688.144,,4254.0,chart,False,False,EC_BP,"a = 0.005 0.002,EC+B+ = 99.995 0.002",1.3717948717948718
78,108,186,Pt,186Pt,0+,-37864.447,,7488.0,chart,False,False,EC_BP,"a ~ 0.00014 ,EC+B+ ~ 99.99986 ",1.3846153846153846
78,109,187,Pt,187Pt,3/2-,-36685.361,,8460.0,chart,False,False,EC_BP,EC+B+ = 100 ,1.3974358974358974
78,110,188,Pt,188Pt,0+,-37820.97,,881279.9999999999,chart,False,False,EC_BP,"a = 0.000026 0.000003,EC+B+ = 99.999974 0.000003",1.4102564102564104
78,111,189,Pt,189Pt,3/2-,-36469.405,,39204.0,chart,False,False,EC_BP,EC+B+ = 100 ,1.4230769230769231
78,112,190,Pt,190Pt,0+,-37306.504,0.012,1.5452789617119578e+19,chart,False,False,ALPHA,a = 100,1.435897435897436
78,113,191,Pt,191Pt,3/2-,-35698.336,,247104.0,chart,False,False,EC_BP,EC+B+ = 100,1.4487179487179487
78,114,192,Pt,192Pt,0+,-36288.525,0.782,,none,True,False,STABLE,,1.4615384615384615
78,115,193,Pt,193Pt,1/2-,-34479.677,,1577880000.0,chart,False,False,EC_BP,EC+B+ = 100,1.4743589743589745
78,116,194,Pt,194Pt,0+,-34760.101,32.864,,none,True,False,STABLE,,1.4871794871794872
78,117,195,Pt,195Pt,1/2-,-32793.878,33.77,,none,True,False,STABLE,,1.5
78,118,196,Pt,196Pt,0+,-32644.538,25.21,,none,True,False,STABLE,,1.5128205128205128
78,119,197,Pt,197Pt,1/2-,-30419.775,,71609.40000000001,chart,False,False,B-,B- = 100,1.5256410256410255
78,120,198,Pt,198Pt,0+,-29904.018,7.356,,none,True,False,STABLE,,1.5384615384615385
78,121,199,Pt,199Pt,5/2-,-27388.7,,1830.6,chart,False,False,B-,B- = 100 ,1.5512820512820513
78,122,200,Pt,200Pt,0+,-26599.178,,45360.0,chart,False,False,B-,B- = 100 ,1.564102564102564
78,123,201,Pt,201Pt,(5/2-),-23740.705,,150.0,chart,False,False,B-,B- = 100,1.5769230769230769
78,124,202,Pt,202Pt,0+,-22692.128,,158400.0,chart,False,False,B-,B- = 100,1.5897435897435896
78,125,203,Pt,203Pt,(1/2-),-19510.0,,22.0,chart,False,False,B-,B- = 100,1.6025641025641026
78,126,204,Pt,204Pt,0+,-17620.0,,10.7,chart,False,False,B-,B- = 100,1.6153846153846154
78,127,205,Pt,205Pt,,-12820.0,,,none,False,False,B-,B- = 100,1.6282051282051282
78,128,206,Pt,206Pt,0+,-9240.0,,,none,False,False,B-,"B- = 100,B-n?",1.641025641025641
78,129,207,Pt,207Pt,,-4140.0,,,none,False,False,B-,"B- = 100,B-n?",1.6538461538461537
78,130,208,Pt,208Pt,0+,-500.0,,,none,False,False,B-,"B- = 100,B-n?",1.6666666666666667
79,91,170,Au,170Au,(2-),-3703.0,,0.00029,chart,False,False,OTHER,"p = 89 10,a = 11 10",1.1518987341772151
79,92,171,Au,171Au,(1/2+),-7562.303,,2.2e-05,chart,False,False,OTHER,p = 100,1.1645569620253164
79,93,172,Au,172Au,"(2-),(3-)",-9318.011,,0.022,chart,False,False,ALPHA,"p?,EC+B+?,a = 100",1.1772151898734178
79,94,173,Au,173Au,(1/2+),-12832.017,,0.0263,chart,False,False,OTHER,"p?,EC+B+?,a = 94 +6-19",1.1898734177215189
79,95,174,Au,174Au,(3-),-14058.0,,0.139,chart,False,False,ALPHA,"a = 90 6,EC+B+ = 10 6",1.2025316455696202
79,96,175,Au,175Au,(1/2+),-17403.686,,0.201,chart,False,False,ALPHA,"a = 90 7,EC+B+ = 10 7",1.2151898734177216
79,97,176,Au,176Au,"(2-),(3-)",-18520.967,,1.05,chart,False,False,ALPHA,"a = 58 5,EC+B+ = 42 5",1.2278481012658229
79,98,177,Au,177Au,1/2+,-21545.736,,1.454,chart,False,False,ALPHA,"a = 52 12,EC+B+ = 48 12",1.240506329113924
79,99,178,Au,178Au,"(2),(3)",-22303.029,,3.4,chart,False,False,EC_BP,"a = 16 1,EC+B+ = 84 1",1.2531645569620253
79,100,179,Au,179Au,1/2+,-24988.572,,7.2,chart,False,False,EC_BP,"a = 22 0.9,EC+B+ = 78 0.9",1.2658227848101267
79,101,180,Au,180Au,(1+),-25625.646,,7.9,chart,False,False,EC_BP,"a = 0.58 0.1,EC+B+ = 99.42 0.1",1.2784810126582278
79,102,181,Au,181Au,(3/2-),-27871.14,,13.7,chart,False,False,EC_BP,"a = 2.7 0.5,EC+B+ = 97.3 0.5",1.2911392405063291
79,103,182,Au,182Au,(2+),-28303.976,,15.5,chart,False,False,EC_BP,"a = 0.13 0.05,EC+B+ = 99.87 0.05",1.3037974683544304
79,104,183,Au,183Au,(5/2)-,-30191.488,,42.8,chart,False,False,EC_BP,"a = 0.55 0.25,EC+B+ = 99.45 0.25",1.3164556962025316
79,105,184,Au,184Au,5+,-30318.714,,21.0,chart,False,False,EC_BP,"a = 0.016 ,EC+B+ = 100",1.3291139240506329
79,106,185,Au,185Au,5/2-,-31858.15,,258.0,chart,False,False,EC_BP,"a = 0.26 0.06,EC+B+ = 99.74 0.06",1.3417721518987342
79,107,186,Au,186Au,3-,-31714.856,,642.0,chart,False,False,EC_BP,"a = 0.0008 0.0002,EC+B+ = 99.9992 0.0002",1.3544303797468353
79,108,187,Au,187Au,1/2(+),-33028.78,,498.00000000000006,chart,False,False,EC_BP,"a?,EC+B+ = 100",1.3670886075949367
79,109,188,Au,188Au,1-,-32371.315,,530.4,chart,False,False,EC_BP,EC+B+ = 100 ,1.379746835443038
79,110,189,Au,189Au,1/2+,-33581.958,,1722.0,chart,False,False,EC_BP,EC+B+ = 100 ,1.3924050632911393
79,111,190,Au,190Au,1-,-32833.54,,2568.0,chart,False,False,EC_BP,EC+B+ = 100 ,1.4050632911392404
79,112,191,Au,191Au,3/2+,-33797.91,,11448.0,chart,False,False,EC_BP,EC+B+ = 100,1.4177215189873418
79,113,192,Au,192Au,1-,-32772.184,,17784.0,chart,False,False,EC_BP,EC+B+ = 100 ,1.4303797468354431
79,114,193,Au,193Au,3/2+,-33404.829,,63539.99999999999,chart,False,False,EC_BP,EC+B+ = 100 ,1.4430379746835442
79,115,194,Au,194Au,1-,-32211.95,,137016.0,chart,False,False,EC_BP,EC+B+ = 100 ,1.4556962025316456
79,116,195,Au,195Au,3/2+,-32567.061,,16071264.0,chart,False,False,EC_BP,EC = 100 ,1.4683544303797469
79,117,196,Au,196Au,2-,-31138.718,,531878.4,chart,False,False,EC_BP,"B- = 7 0.3,EC+B+ = 93 0.3",1.481012658227848
79,118,197,Au,197Au,3/2+,-31139.751,100.0,,none,True,False,STABLE,,1.4936708860759493
79,119,198,Au,198Au,2-,-29580.793,,232821.216,chart,False,False,B-,B- = 100 ,1.5063291139240507
79,120,199,Au,199Au,3/2+,-29093.752,,270864.0,chart,False,False,B-,B- = 100 ,1.518987341772152
79,121,200,Au,200Au,(1-),-27240.094,,2904.0,chart,False,False,B-,B- = 100 ,1.5316455696202531
79,122,201,Au,201Au,3/2+,-26400.705,,1560.0,chart,False,False,B-,B- = 100,1.5443037974683544
79,123,202,Au,202Au,(1-),-24352.982,,28.4,chart,False,False,B-,B- = 100,1.5569620253164558
79,124,203,Au,203Au,3/2+,-23143.444,,60.0,chart,False,False,B-,B- = 100,1.5696202531645569
79,125,204,Au,204Au,(2-),-20390.0,,38.4,chart,False,False,B-,B- = 100,1.5822784810126582
79,126,205,Au,205Au,(3/2+),-18570.0,,32.0,chart,False,False,B-,B- = 100,1.5949367088607596
79,127,206,Au,206Au,"(5+),(6+)",-14190.0,,47.0,chart,False,False,B-,B- = 100,1.6075949367088607
79,128,207,Au,207Au,,-10640.0,,,none,False,False,B-,"B- = 100,B-n?",1.620253164556962
79,129,208,Au,208Au,,-5910.0,,,none,False,False,B-,"B- = 100,B-n?",1.6329113924050633
79,130,209,Au,209Au,,-2230.0,,,none,False,False,B-,"B- = 100,B-n?",1.6455696202531647
79,131,210,Au,210Au,,2680.0,,,none,False,False,B-,"B- = 100,B-n?",1.6582278481012658
80,90,170,Hg,170Hg,0+,5415.0,,7.99999999999e-05,chart,False,False,ALPHA,a = 100,1.125
80,91,171,Hg,171Hg,,3339.0,,5.9e-05,chart,False,False,ALPHA,a = 100,1.1375
80,92,172,Hg,172Hg,0+,-1061.361,,0.0002309999999999,chart,False,False,ALPHA,a = 100,1.15
80,93,173,Hg,173Hg,(7/2-),-2661.0,,0.0008,chart,False,False,ALPHA,a ~ 100 ,1.1625
80,94,174,Hg,174Hg,0+,-6641.017,,0.0019,chart,False,False,ALPHA,a ~ 100 ,1.175
80,95,175,Hg,175Hg,(7/2-),-7969.443,,0.0101999999999999,chart,False,False,ALPHA,a = 100,1.1875
80,96,176,Hg,176Hg,0+,-11784.639,,0.02,chart,False,False,OTHER,"a = 94 +6-12,EC+B+ = 6 +12-6",1.2
80,97,177,Hg,177Hg,7/2-,-12775.823,,0.117,chart,False,False,ALPHA,a = 100,1.2125
80,98,178,Hg,178Hg,0+,-16315.346,,0.266,chart,False,False,ALPHA,"a = 89 4,EC+B+ = 11 4",1.225
80,99,179,Hg,179Hg,7/2-,-16932.924,,1.05,chart,False,False,ALPHA,"EC+B+ = 25 4,a = 75 4,ECp = 0.21 0.04",1.2375
80,100,180,Hg,180Hg,0+,-20250.513,,2.58,chart,False,False,EC_BP,"a = 48 2,EC+B+ = 52 2",1.25
80,101,181,Hg,181Hg,1/2-,-20661.127,,3.6,chart,False,False,EC_BP,"EC+B+ = 76 2,a = 24 2,ECp = 0.012 0.003,ECa = 0.000009 0.000006",1.2625
80,102,182,Hg,182Hg,0+,-23576.885,,10.88,chart,False,False,EC_BP,"a = 14.3 0.9,EC+B+ = 86.2 0.9",1.275
80,103,183,Hg,183Hg,1/2-,-23804.655,,8.9,chart,False,False,EC_BP,"EC+B+ = 76.4 0.6,a = 23.5 0.6,ECp = 0.00026 0.00006",1.2875
80,104,184,Hg,184Hg,0+,-26344.787,,30.9,chart,False,False,EC_BP,"a = 1.11 0.06,EC+B+ = 98.89 0.06",1.3
80,105,185,Hg,185Hg,1/2-,-26183.651,,48.2,chart,False,False,EC_BP,"a = 6 1,EC+B+ = 94 1",1.3125
80,106,186,Hg,186Hg,0+,-28539.059,,82.8,chart,False,False,EC_BP,"a = 0.016 0.005,EC+B+ = 99.984 0.005",1.325
80,107,187,Hg,187Hg,3/2(-),-28118.509,,114.0,chart,False,False,EC_BP,EC+B+ ~ 100 ,1.3375
80,108,188,Hg,188Hg,0+,-30198.351,,195.0,chart,False,False,EC_BP,"a = 0.000037 0.000008,EC+B+ = 99.999963 0.000008",1.35
80,109,189,Hg,189Hg,3/2-,-29626.378,,480.0,chart,False,False,EC_BP,EC+B+ = 100 ,1.3625
80,110,190,Hg,190Hg,0+,-31370.625,,1200.0,chart,False,False,EC_BP,EC+B+ = 100 ,1.375
80,111,191,Hg,191Hg,3/2(-),-30591.849,,2940.0,chart,False,False,EC_BP,EC+B+ = 100,1.3875
80,112,192,Hg,192Hg,0+,-32011.481,,17460.0,chart,False,False,EC_BP,EC = 100 ,1.4
80,113,193,Hg,193Hg,3/2(-),-31062.165,,13680.0,chart,False,False,EC_BP,EC+B+ = 100 ,1.4125
80,114,194,Hg,194Hg,0+,-32183.952,,14106247200.0,chart,False,False,EC_BP,EC = 100 ,1.425
80,115,195,Hg,195Hg,1/2-,-31013.342,,38448.0,chart,False,False,EC_BP,EC+B+ = 100 ,1.4375
80,116,196,Hg,196Hg,0+,-31825.944,0.15,,none,True,False,STABLE,,1.45
80,117,197,Hg,197Hg,1/2-,-30540.231,,233856.0,chart,False,False,EC_BP,EC+B+ = 100,1.4625
80,118,198,Hg,198Hg,0+,-30954.315,10.04,,none,True,False,STABLE,,1.475
80,119,199,Hg,199Hg,1/2-,-29546.066,16.94,,none,True,False,STABLE,,1.4875
80,120,200,Hg,200Hg,0+,-29503.267,23.14,,none,True,False,STABLE,,1.5
80,121,201,Hg,201Hg,3/2-,-27662.529,13.17,,none,True,False,STABLE,,1.5125
80,122,202,Hg,202Hg,0+,-27345.31,29.74,,none,True,False,STABLE,,1.525
80,123,203,Hg,203Hg,5/2-,-25269.203,,4027276.8,chart,False,False,B-,B- = 100,1.5375
80,124,204,Hg,204Hg,0+,-24690.148,6.82,,none,True,False,STABLE,,1.55
80,125,205,Hg,205Hg,1/2-,-22287.719,,306.0,chart,False,False,B-,B- = 100,1.5625
80,126,206,Hg,206Hg,0+,-20945.728,,499.2000000000001,chart,False,False,B-,B- = 100,1.575
80,127,207,Hg,207Hg,9/2+,-16487.446,,174.0,chart,False,False,B-,B- = 100 ,1.5875
80,128,208,Hg,208Hg,0+,-13265.408,,135.0,chart,False,False,B-,B- = 100 ,1.6
80,129,209,Hg,209Hg,(9/2+),-8610.0,,6.3,chart,False,False,B-,B- = 100,1.6125
80,130,210,Hg,210Hg,0+,-5300.0,,63.7,chart,False,False,B-,"B- = 100,B-n = 2.2 2.2",1.625
80,131,211,Hg,211Hg,,-390.0,,26.4,chart,False,False,B-,"B- = 100,B-n = 6.3 6.3",1.6375
80,132,212,Hg,212Hg,0+,3020.0,,,none,False,False,B-,"B- = 100,B-n?",1.65
80,133,213,Hg,213Hg,,8200.0,,,none,False,False,B-,"B- = 100,B-n?",1.6625
80,134,214,Hg,214Hg,0+,11770.0,,,none,False,False,B-,"B- = 100,B-n?",1.675
80,135,215,Hg,215Hg,,17110.0,,,none,False,False,B-,"B- = 100,B-n?",1.6875
80,136,216,Hg,216Hg,0+,20920.0,,,none,False,False,B-,"B- = 100,B-n?",1.7
81,95,176,Tl,176Tl,"(3-),(4-),(5-)",584.728,,0.0052,chart,False,False,OTHER,p ~ 100 ,1.1728395061728396
81,96,177,Tl,177Tl,(1/2+),-3340.103,,0.018,chart,False,False,ALPHA,"p = 27 13,a = 100",1.1851851851851851
81,97,178,Tl,178Tl,"(4-),(5-)",-4613.0,,0.254,chart,False,False,ALPHA,"ECf = 0.15 0.06,EC+B+ = 38 2,a = 62 2",1.1975308641975309
81,98,179,Tl,179Tl,1/2+,-8269.632,,0.426,chart,False,False,ALPHA,"a = 60 2,EC+B+ = 40 2",1.2098765432098766
81,99,180,Tl,180Tl,(4-),-9390.438,,1.09,chart,False,False,EC_BP,"ECf = 0.0032 0.0002,EC+B+ = 94 4,a = 6 4",1.2222222222222223
81,100,181,Tl,181Tl,1/2+,-12798.749,,2.9,chart,False,False,EC_BP,"a = 8.6 0.6,EC+B+ = 91.4 0.6",1.2345679012345678
81,101,182,Tl,182Tl,(4-),-13327.213,,1.9,chart,False,False,EC_BP,"a = 0.5 ,EC+B+ = 99.5 ",1.2469135802469136
81,102,183,Tl,183Tl,1/2+,-16587.261,,6.9,chart,False,False,ALPHA,"a?,EC+B+ = 0 ",1.2592592592592593
81,103,184,Tl,184Tl,(2-),-16883.355,,9.5,chart,False,False,EC_BP,"a = 1.22 0.3,EC+B+ = 98.78 0.3",1.271604938271605
81,104,185,Tl,185Tl,1/2+,-19757.745,,19.5,chart,False,False,EC_BP,EC+B+ ~ 100 ,1.2839506172839505
81,105,186,Tl,186Tl,(2-),-19882.94,,3.4,chart,False,False,EC_BP,"a = 0 ,EC+B+?",1.2962962962962963
81,106,187,Tl,187Tl,(1/2+),-22444.592,,51.0,chart,False,False,EC_BP,EC+B+ = 100,1.308641975308642
81,107,188,Tl,188Tl,(2-),-22336.403,,71.0,chart,False,False,EC_BP,EC+B+ = 100 ,1.3209876543209877
81,108,189,Tl,189Tl,(1/2+),-24616.105,,138.0,chart,False,False,EC_BP,EC+B+ = 100 ,1.3333333333333333
81,109,190,Tl,190Tl,2-,-24366.236,,168.0,chart,False,False,EC_BP,EC+B+ = 100 ,1.345679012345679
81,110,191,Tl,191Tl,(1/2+),-26282.951,,318.0,chart,False,False,EC_BP,EC+B+?,1.3580246913580247
81,111,192,Tl,192Tl,2-,-25872.249,,576.0,chart,False,False,EC_BP,EC+B+ = 100 ,1.3703703703703705
81,112,193,Tl,193Tl,1/2(+),-27477.218,,1296.0,chart,False,False,EC_BP,EC+B+ = 100 ,1.382716049382716
81,113,194,Tl,194Tl,2-,-26937.498,,1998.0,chart,False,False,EC_BP,EC+B+ = 100 ,1.3950617283950617
81,114,195,Tl,195Tl,1/2+,-28155.292,,4140.0,chart,False,False,EC_BP,EC+B+ = 100 ,1.4074074074074074
81,115,196,Tl,196Tl,2-,-27496.598,,6624.0,chart,False,False,EC_BP,EC+B+ = 100 ,1.4197530864197532
81,116,197,Tl,197Tl,1/2+,-28354.222,,10188.0,chart,False,False,EC_BP,EC+B+ = 100,1.4320987654320987
81,117,198,Tl,198Tl,2-,-27528.753,,19080.0,chart,False,False,EC_BP,EC+B+ = 100 ,1.4444444444444444
81,118,199,Tl,199Tl,1/2+,-28059.397,,26712.0,chart,False,False,EC_BP,EC+B+ = 100 ,1.4567901234567902
81,119,200,Tl,200Tl,2-,-27047.227,,93960.0,chart,False,False,EC_BP,EC+B+ = 100 ,1.4691358024691359
81,120,201,Tl,201Tl,1/2+,-27180.778,,262837.44,chart,False,False,EC_BP,EC = 100 ,1.4814814814814814
81,121,202,Tl,202Tl,2-,-25980.419,,1077459.84,chart,False,False,EC_BP,EC = 100,1.4938271604938271
81,122,203,Tl,203Tl,1/2+,-25761.309,29.515,,none,True,False,STABLE,,1.5061728395061729
81,123,204,Tl,204Tl,2-,-24346.07,,119391868.08,chart,False,False,B-,"B- = 97.08 0.07,EC+B+ = 2.92 0.07",1.5185185185185186
81,124,205,Tl,205Tl,1/2+,-23820.802,70.485,,none,True,False,STABLE,,1.5308641975308641
81,125,206,Tl,206Tl,0-,-22253.293,,252.12,chart,False,False,B-,B- = 100,1.5432098765432098
81,126,207,Tl,207Tl,1/2+,-21034.436,,286.2,chart,False,False,B-,B- = 100,1.5555555555555556
81,127,208,Tl,208Tl,5+,-16750.121,,183.18,chart,False,False,B-,B- = 100 ,1.5679012345679013
81,128,209,Tl,209Tl,1/2+,-13644.793,,129.72,chart,False,False,B-,B- = 100,1.5802469135802468
81,129,210,Tl,210Tl,(5+),-9246.996,,78.0,chart,False,False,B-,"B- = 100,B-n = 0.007 +0.007-0.004",1.5925925925925926
81,130,211,Tl,211Tl,(1/2+),-6077.999,,79.6,chart,False,False,B-,"B- = 100,B-n = 2.2 2.2",1.6049382716049383
81,131,212,Tl,212Tl,(5+),-1551.0,,30.9,chart,False,False,B-,"B- = 100,B-n = 1.8 1.8",1.617283950617284
81,132,213,Tl,213Tl,(1/2+),1783.811,,23.8,chart,False,False,B-,"B- = 100,B-n = 7.6 3.4",1.6296296296296295
81,133,214,Tl,214Tl,,6465.0,,11.0,chart,False,False,B-,"B- = 100,B-n = 34 12",1.6419753086419753
81,134,215,Tl,215Tl,,10030.0,,9.7,chart,False,False,B-,"B- = 100,B-n = 4.6 4.6",1.654320987654321
81,135,216,Tl,216Tl,,14870.0,,5.9,chart,False,False,B-,"B- = 100,B-n = 11.5 ",1.6666666666666667
81,136,217,Tl,217Tl,,18660.0,,,none,False,False,B-,"B- = 100 ,B-n?",1.6790123456790123
82,96,178,Pb,178Pb,0+,3573.371,,0.0002,chart,False,False,ALPHA,a ~ 100 ,1.170731707317073
82,97,179,Pb,179Pb,(9/2-),2051.608,,0.0027,chart,False,False,ALPHA,a ~ 100 ,1.1829268292682926
82,98,180,Pb,180Pb,0+,-1941.069,,0.0040999999999999,chart,False,False,ALPHA,a ~ 100 ,1.1951219512195121
82,99,181,Pb,181Pb,(9/2-),-3110.631,,0.036,chart,False,False,ALPHA,a ~ 100 ,1.2073170731707317
82,100,182,Pb,182Pb,0+,-6824.556,,0.055,chart,False,False,ALPHA,a ~ 100 ,1.2195121951219512
82,101,183,Pb,183Pb,3/2-,-7580.008,,0.535,chart,False,False,ALPHA,a ~ 100 ,1.2317073170731707
82,102,184,Pb,184Pb,0+,-11051.586,,0.49,chart,False,False,ALPHA,"a = 80 15,EC+B+ = 20 15",1.2439024390243902
82,103,185,Pb,185Pb,3/2-,-11541.211,,6.3,chart,False,False,EC_BP,"a = 34 25,EC+B+ = 66 25",1.2560975609756098
82,104,186,Pb,186Pb,0+,-14680.897,,4.82,chart,False,False,EC_BP,"a = 40 8,EC+B+ = 60 8",1.2682926829268293
82,105,187,Pb,187Pb,(3/2-),-14986.955,,15.2,chart,False,False,EC_BP,"a = 9.5 2,EC+B+ = 90.5 2",1.2804878048780488
82,106,188,Pb,188Pb,0+,-17811.024,,25.5,chart,False,False,EC_BP,"a = 8.5 0.5,EC+B+ = 91.5 0.5",1.2926829268292683
82,107,189,Pb,189Pb,(3/2-),-17844.019,,39.0,chart,False,False,EC_BP,"a = 0.4 ,EC+B+ ~ 100 ",1.3048780487804879
82,108,190,Pb,190Pb,0+,-20416.607,,71.0,chart,False,False,EC_BP,"a = 0.4 0.04,EC+B+ = 99.6 0.04",1.3170731707317074
82,109,191,Pb,191Pb,(3/2-),-20291.243,,79.80000000000001,chart,False,False,EC_BP,"a = 0.051 0.005,EC+B+ = 99.949 0.005",1.329268292682927
82,110,192,Pb,192Pb,0+,-22551.846,,210.0,chart,False,False,EC_BP,"a = 0.0059 0.0007,EC+B+ = 99.9941 0.0007",1.3414634146341464
82,111,193,Pb,193Pb,(3/2-),-22229.255,,348.0,chart,False,False,EC_BP,EC+B+?,1.353658536585366
82,112,194,Pb,194Pb,0+,-24207.866,,642.0,chart,False,False,EC_BP,"a = 0.0000073 0.0000029,EC+B+ ~ 100 ",1.3658536585365855
82,113,195,Pb,195Pb,3/2-,-23738.039,,900.0,chart,False,False,EC_BP,EC+B+ = 100 ,1.3780487804878048
82,114,196,Pb,196Pb,0+,-25348.234,,2220.0,chart,False,False,EC_BP,"a = 0.00003 ,EC+B+ ~ 100 ",1.3902439024390243
82,115,197,Pb,197Pb,3/2-,-24745.385,,486.0,chart,False,False,EC_BP,EC+B+ = 100,1.4024390243902438
82,116,198,Pb,198Pb,0+,-26067.443,,8640.0,chart,False,False,EC_BP,EC+B+ = 100 ,1.4146341463414633
82,117,199,Pb,199Pb,3/2-,-25231.734,,5400.0,chart,False,False,EC_BP,EC+B+ = 100 ,1.4268292682926829
82,118,200,Pb,200Pb,0+,-26250.858,,77400.0,chart,False,False,EC_BP,EC = 100 ,1.4390243902439024
82,119,201,Pb,201Pb,5/2-,-25271.033,,33588.0,chart,False,False,EC_BP,EC+B+ = 100,1.451219512195122
82,120,202,Pb,202Pb,0+,-25940.608,,1656774000000.0,chart,False,False,EC_BP,EC = 100,1.4634146341463414
82,121,203,Pb,203Pb,5/2-,-24786.483,,186948.0,chart,False,False,EC_BP,EC = 100,1.475609756097561
82,122,204,Pb,204Pb,0+,-25109.815,1.4,,none,True,False,STABLE,,1.4878048780487805
82,123,205,Pb,205Pb,5/2-,-23770.162,,536479200000000.0,chart,False,False,EC_BP,EC = 100,1.5
82,124,206,Pb,206Pb,0+,-23785.506,24.1,,none,True,False,STABLE,,1.5121951219512195
82,125,207,Pb,207Pb,1/2-,-22451.968,22.1,,none,True,False,STABLE,,1.524390243902439
82,126,208,Pb,208Pb,0+,-21748.519,52.4,,none,True,False,STABLE,,1.5365853658536586
82,127,209,Pb,209Pb,9/2+,-17614.574,,11646.0,chart,False,False,B-,B- = 100,1.548780487804878
82,128,210,Pb,210Pb,0+,-14728.429,,700578720.0,chart,False,False,B-,"B- ~ 100 ,a = 0.0000019 4e-7",1.5609756097560976
82,129,211,Pb,211Pb,9/2+,-10493.012,,2169.9,chart,False,False,B-,B- = 100,1.5731707317073171
82,130,212,Pb,212Pb,0+,-7548.929,,38260.8,chart,False,False,B-,B- = 100 ,1.5853658536585367
82,131,213,Pb,213Pb,(9/2+),-3203.598,,612.0,chart,False,False,B-,B- = 100,1.5975609756097562
82,132,214,Pb,214Pb,0+,-183.019,,1623.6,chart,False,False,B-,B- = 100,1.6097560975609757
82,133,215,Pb,215Pb,,4342.245,,142.0,chart,False,False,B-,B- = 100 ,1.6219512195121952
82,134,216,Pb,216Pb,0+,7510.0,,99.4,chart,False,False,B-,B- = 100,1.6341463414634145
82,135,217,Pb,217Pb,,12260.0,,19.9,chart,False,False,B-,B- = 100 ,1.646341463414634
82,136,218,Pb,218Pb,0+,15630.0,,15.0,chart,False,False,B-,B- = 100 ,1.6585365853658536
82,137,219,Pb,219Pb,,20620.0,,,none,False,False,B-,B- = 100,1.670731707317073
82,138,220,Pb,220Pb,0+,24130.0,,,none,False,False,B-,B- = 100,1.6829268292682926
83,101,184,Bi,184Bi,(10-),1254.0,,0.013,chart,False,False,ALPHA,a ~ 100 ,1.216867469879518
83,102,185,Bi,185Bi,1/2+,-2236.0,,2.8e-06,chart,False,False,OTHER,"p = 92 2,a = 8 2",1.2289156626506024
83,103,186,Bi,186Bi,(3+),-3145.497,,0.0148,chart,False,False,ALPHA,"ECf ~ 0.02 ,EC+B+?,a ~ 100 ",1.2409638554216869
83,104,187,Bi,187Bi,(9/2-),-6383.275,,0.037,chart,False,False,ALPHA,a = 100,1.2530120481927711
83,105,188,Bi,188Bi,(3+),-7194.8,,0.06,chart,False,False,ALPHA,"ECf = 0.14 0.07,a ~ 100 ",1.2650602409638554
83,106,189,Bi,189Bi,(9/2-),-10064.664,,0.685,chart,False,False,ALPHA,a ~ 100 ,1.2771084337349397
83,107,190,Bi,190Bi,(3+),-10595.906,,6.3,chart,False,False,EC_BP,"ECf = 0.000023 +0.000069-0.000019,EC+B+ = 10 +30-10,a = 90 +10-30",1.2891566265060241
83,108,191,Bi,191Bi,(9/2-),-13239.351,,12.4,chart,False,False,ALPHA,"a = 51 10,EC+B+ = 49 10",1.3012048192771084
83,109,192,Bi,192Bi,(3+),-13534.537,,34.6,chart,False,False,EC_BP,"a = 12 5,EC+B+ = 88 5",1.3132530120481927
83,110,193,Bi,193Bi,9/2-,-15884.563,,63.0,chart,False,False,EC_BP,"a = 3.5 1.5,EC+B+ = 96.5 1.5",1.3253012048192772
83,111,194,Bi,194Bi,(3+),-16023.02,,100.0,chart,False,False,EC_BP,"a = 0.46 0.25,EC+B+ = 99.54 0.25",1.3373493975903614
83,112,195,Bi,195Bi,9/2-,-18025.567,,183.0,chart,False,False,EC_BP,"a = 0.03 0.02,EC+B+ = 99.97 0.02",1.3493975903614457
83,113,196,Bi,196Bi,(3+),-18009.032,,307.8,chart,False,False,EC_BP,"a = 0.00115 0.00034,EC+B+ = 99.99885 0.00034",1.3614457831325302
83,114,197,Bi,197Bi,9/2-,-19687.196,,559.8,chart,False,False,EC_BP,"a?,EC+B+ = 100",1.3734939759036144
83,115,198,Bi,198Bi,3+,-19373.851,,618.0,chart,False,False,EC_BP,EC+B+ = 100 ,1.3855421686746987
83,116,199,Bi,199Bi,9/2-,-20797.616,,1620.0,chart,False,False,EC_BP,EC+B+ = 100 ,1.3975903614457832
83,117,200,Bi,200Bi,7+,-20370.574,,2184.0,chart,False,False,EC_BP,EC+B+ = 100 ,1.4096385542168675
83,118,201,Bi,201Bi,9/2-,-21429.006,,6660.0,chart,False,False,EC_BP,EC+B+ = 100 ,1.4216867469879517
83,119,202,Bi,202Bi,5+,-20750.854,,6156.0,chart,False,False,EC_BP,EC+B+ = 100,1.4337349397590362
83,120,203,Bi,203Bi,9/2-,-21524.893,,42336.0,chart,False,False,EC_BP,EC+B+ = 100,1.4457831325301205
83,121,204,Bi,204Bi,6+,-20645.927,,40608.0,chart,False,False,EC_BP,EC+B+ = 100,1.4578313253012047
83,122,205,Bi,205Bi,9/2-,-21065.569,,1288224.0,chart,False,False,EC_BP,EC+B+ = 100,1.4698795180722892
83,123,206,Bi,206Bi,6+,-20028.201,,539395.2000000001,chart,False,False,EC_BP,EC+B+ = 100,1.4819277108433735
83,124,207,Bi,207Bi,9/2-,-20054.554,,985228272.0,chart,False,False,EC_BP,EC+B+ = 100,1.4939759036144578
83,125,208,Bi,208Bi,5+,-18870.151,,11613196800000.0,chart,False,False,EC_BP,EC+B+ = 100 ,1.5060240963855422
83,126,209,Bi,209Bi,9/2-,-18258.589,100.0,6.3430776e+26,chart,False,False,ALPHA,a = 100,1.5180722891566265
83,127,210,Bi,210Bi,1-,-14791.905,,433036.8,chart,False,False,B-,"B- = 99.999868 0.00001,a = 0.000132 0.00001",1.5301204819277108
83,128,211,Bi,211Bi,9/2-,-11859.116,,128.4,chart,False,False,ALPHA,"B- = 0.276 0.004,a = 99.724 0.004",1.5421686746987953
83,129,212,Bi,212Bi,1(-),-8117.943,,3633.06,chart,False,False,B-,"B- = 64.06 0.06,a = 35.92 0.06",1.5542168674698795
83,130,213,Bi,213Bi,9/2-,-5231.671,,2736.42,chart,False,False,B-,"B- = 97.872 0.022,a = 2.128 0.022",1.5662650602409638
83,131,214,Bi,214Bi,1-,-1200.78,,1182.6,chart,False,False,B-,"B- = 99.979 0.0013,a = 0.021 0.0013",1.5783132530120483
83,132,215,Bi,215Bi,(9/2-),1629.272,,456.0,chart,False,False,B-,B- = 100 ,1.5903614457831325
83,133,216,Bi,216Bi,"(6-),(7-)",5873.988,,135.0,chart,False,False,B-,B- = 100,1.6024096385542168
83,134,217,Bi,217Bi,(9/2-),8729.963,,98.5,chart,False,False,B-,B- = 100 ,1.6144578313253013
83,135,218,Bi,218Bi,"(6-),(7-),(8-)",13216.038,,33.0,chart,False,False,B-,B- = 100 ,1.6265060240963856
83,136,219,Bi,219Bi,,16320.0,,8.7,chart,False,False,B-,B- = 100,1.6385542168674698
83,137,220,Bi,220Bi,,20960.0,,9.5,chart,False,False,B-,B- = 100,1.6506024096385543
83,138,221,Bi,221Bi,,24200.0,,,none,False,False,B-,"B- = 100,B-n?",1.6626506024096386
83,139,222,Bi,222Bi,,28950.0,,,none,False,False,B-,"B- = 100,B-n?",1.6746987951807228
83,140,223,Bi,223Bi,,32240.0,,,none,False,False,B-,"B- = 100,B-n?",1.6867469879518073
83,141,224,Bi,224Bi,,37070.0,,,none,False,False,B-,"B- = 100,B-n?",1.6987951807228916
84,102,186,Po,186Po,0+,4101.531,,2.8e-05,chart,False,False,ALPHA,a ~ 100 ,1.2142857142857142
84,103,187,Po,187Po,"(1/2-),(5/2-)",2823.808,,0.0014,chart,False,False,ALPHA,a ~ 100 ,1.2261904761904763
84,104,188,Po,188Po,0+,-544.378,,0.00027,chart,False,False,ALPHA,a ~ 100 ,1.2380952380952381
84,105,189,Po,189Po,(5/2-),-1421.996,,0.0035,chart,False,False,ALPHA,a = 100,1.25
84,106,190,Po,190Po,0+,-4562.708,,0.00245,chart,False,False,ALPHA,a = 100,1.2619047619047619
84,107,191,Po,191Po,(3/2-),-5068.731,,0.022,chart,False,False,ALPHA,"a ~ 100 ,EC+B+?",1.2738095238095237
84,108,192,Po,192Po,0+,-8066.483,,0.0322,chart,False,False,ALPHA,a ~ 100 ,1.2857142857142858
84,109,193,Po,193Po,3/2-,-8325.302,,0.407,chart,False,False,ALPHA,a ~ 100 ,1.2976190476190477
84,110,194,Po,194Po,0+,-11004.617,,0.392,chart,False,False,ALPHA,"a = 93 7,EC+B+ = 7 7",1.3095238095238095
84,111,195,Po,195Po,3/2-,-11116.655,,4.64,chart,False,False,ALPHA,"a = 94 4,EC+B+ = 6 4",1.3214285714285714
84,112,196,Po,196Po,0+,-13468.731,,5.63,chart,False,False,ALPHA,"a = 94 5,EC+B+ = 6 5",1.3333333333333333
84,113,197,Po,197Po,(3/2-),-13393.078,,54.0,chart,False,False,EC_BP,"a = 44 7,EC+B+ = 56 7",1.3452380952380953
84,114,198,Po,198Po,0+,-15473.278,,105.6,chart,False,False,ALPHA,"a = 57 2,EC+B+ = 43 2",1.3571428571428572
84,115,199,Po,199Po,3/2-,-15238.829,,330.0,chart,False,False,EC_BP,"a = 7.5 0.3,EC+B+ = 92.5 0.3",1.369047619047619
84,116,200,Po,200Po,0+,-16941.683,,690.0,chart,False,False,EC_BP,"a = 11.3 0.4,EC+B+ = 88.7 0.4",1.380952380952381
84,117,201,Po,201Po,3/2-,-16521.166,,930.0,chart,False,False,EC_BP,"a = 1.13 0.04,EC+B+ = 98.87 0.04",1.3928571428571428
84,118,202,Po,202Po,0+,-17941.569,,2676.0,chart,False,False,EC_BP,"a = 1.92 0.07,EC+B+ = 98.08 0.07",1.4047619047619047
84,119,203,Po,203Po,5/2-,-17310.819,,2202.0,chart,False,False,EC_BP,"a = 0.11 0.02,EC+B+ = 99.89 0.02",1.4166666666666667
84,120,204,Po,204Po,0+,-18341.045,,12664.8,chart,False,False,EC_BP,"a = 0.673 0.027,EC+B+ = 99.328 0.027",1.4285714285714286
84,121,205,Po,205Po,5/2-,-17521.398,,6444.0,chart,False,False,EC_BP,"a = 0.04 0.01,EC+B+ = 99.96 0.01",1.4404761904761905
84,122,206,Po,206Po,0+,-18188.668,,760320.0000000001,chart,False,False,EC_BP,"a = 5.45 0.05,EC+B+ = 94.55 0.05",1.4523809523809523
84,123,207,Po,207Po,5/2-,-17145.7,,20880.0,chart,False,False,EC_BP,"a = 0.021 0.002,EC+B+ = 99.979 0.002",1.4642857142857142
84,124,208,Po,208Po,0+,-17469.207,,91453924.8,chart,False,False,ALPHA,"a = 99.996 0.0004,EC+B+ = 0.004 0.0004",1.4761904761904763
84,125,209,Po,209Po,1/2-,-16366.015,,3913142400.0,chart,False,False,ALPHA,"a = 99.545 0.007,EC+B+ = 0.455 0.007",1.4880952380952381
84,126,210,Po,210Po,0+,-15953.06,,11955859.2,chart,False,False,ALPHA,a = 100,1.5
84,127,211,Po,211Po,9/2+,-12432.492,,0.516,chart,False,False,ALPHA,a = 100,1.5119047619047619
84,128,212,Po,212Po,0+,-10369.408,,2.950000000000001e-07,chart,False,False,ALPHA,a = 100,1.5238095238095237
84,129,213,Po,213Po,9/2+,-6653.519,,3.7059999999e-06,chart,False,False,ALPHA,a = 100,1.5357142857142858
84,130,214,Po,214Po,0+,-4469.972,,0.0001634799999999,chart,False,False,ALPHA,a = 100,1.5476190476190477
84,131,215,Po,215Po,9/2+,-541.771,,0.001781,chart,False,False,ALPHA,"B- = 0.00023 0.00002,a = 99.99977 0.00002",1.5595238095238095
84,132,216,Po,216Po,0+,1782.336,,0.144,chart,False,False,ALPHA,a = 100,1.5714285714285714
84,133,217,Po,217Po,(9/2+),5883.452,,1.53,chart,False,False,ALPHA,"B- = 2.5 2.5,a = 97.5 2.5",1.5833333333333333
84,134,218,Po,218Po,0+,8356.652,,185.82,chart,False,False,ALPHA,"B- = 0.022 0.003,a = 99.978 0.003",1.5952380952380953
84,135,219,Po,219Po,(9/2+),12681.361,,619.8,chart,False,False,B-,"B- = 71.8 2,a = 28.2 2",1.6071428571428572
84,136,220,Po,220Po,0+,15263.462,,,none,False,False,B-,B- = 100,1.619047619047619
84,137,221,Po,221Po,,19773.757,,112.2,chart,False,False,B-,B- = 100 ,1.630952380952381
84,138,222,Po,222Po,0+,22486.268,,145.2,chart,False,False,B-,B- = 100,1.6428571428571428
84,139,223,Po,223Po,,27079.0,,,none,False,False,B-,B- = 100,1.6547619047619047
84,140,224,Po,224Po,0+,29910.0,,,none,False,False,B-,B- = 100,1.6666666666666667
84,141,225,Po,225Po,,34580.0,,,none,False,False,B-,B- = 100,1.6785714285714286
84,142,226,Po,226Po,0+,37549.0,,,none,False,False,B-,B- = 100,1.6904761904761905
84,143,227,Po,227Po,,42281.0,,,none,False,False,B-,B- = 100,1.7023809523809523
85,106,191,At,191At,(1/2+),3863.913,,0.0017,chart,False,False,ALPHA,a ~ 100 ,1.2470588235294118
85,107,192,At,192At,"(9-),(10-)",2925.742,,0.088,chart,False,False,ALPHA,"ECf = 0.5 ,a = 100 ",1.2588235294117647
85,108,193,At,193At,(1/2+),-67.323,,0.028,chart,False,False,ALPHA,a ~ 100 ,1.2705882352941176
85,109,194,At,194At,"(9-),(10-)",-706.49,,0.323,chart,False,False,ALPHA,"EC+B+?,ECf ~ 0.8 ,a ~ 100 ,IT?",1.2823529411764707
85,110,195,At,195At,(1/2+),-3470.299,,0.309,chart,False,False,ALPHA,a = 100,1.2941176470588236
85,111,196,At,196At,(3+),-3913.175,,0.377,chart,False,False,ALPHA,"ECf = 0.009 0.001,EC+B+ = 2.5 0.3,a = 97.5 0.3",1.3058823529411765
85,112,197,At,197At,(9/2-),-6355.255,,0.388,chart,False,False,ALPHA,"a = 96.1 1.2,EC+B+ = 3.9 1.2",1.3176470588235294
85,113,198,At,198At,(3+),-6708.747,,4.47,chart,False,False,ALPHA,"a = 90 10,EC+B+ = 10 10",1.3294117647058823
85,114,199,At,199At,(9/2-),-8823.377,,6.97,chart,False,False,OTHER,"a = 92 +3-8,EC+B+ = 8 +8-3",1.3411764705882352
85,115,200,At,200At,(3+),-8987.894,,43.0,chart,False,False,ALPHA,"a = 53 4,EC+B+ = 47 4",1.3529411764705883
85,116,201,At,201At,(9/2-),-10789.441,,85.0,chart,False,False,ALPHA,"a = 71 7,EC+B+ = 29 7",1.3647058823529412
85,117,202,At,202At,3(+),-10595.106,,184.0,chart,False,False,EC_BP,"a = 12 7,EC+B+ = 88 7",1.3764705882352941
85,118,203,At,203At,9/2-,-12162.607,,444.0,chart,False,False,EC_BP,"a = 31 3,EC+B+ = 69 3",1.388235294117647
85,119,204,At,204At,7+,-11875.252,,552.0,chart,False,False,EC_BP,"a = 3.9 0.2,EC+B+ = 96.1 0.2",1.4
85,120,205,At,205At,9/2-,-12984.519,,1614.0,chart,False,False,EC_BP,"a = 10 2,EC+B+ = 90 2",1.411764705882353
85,121,206,At,206At,(6)+,-12439.388,,1830.0,chart,False,False,EC_BP,"a = 0.9 0.1,EC+B+ = 99.1 0.1",1.423529411764706
85,122,207,At,207At,9/2-,-13227.482,,6516.0,chart,False,False,EC_BP,"a ~ 10 ,EC+B+ ~ 90 ",1.4352941176470588
85,123,208,At,208At,6+,-12469.901,,5868.0,chart,False,False,EC_BP,"a = 0.55 0.06,EC+B+ = 99.45 0.06",1.4470588235294117
85,124,209,At,209At,9/2-,-12883.773,,19512.0,chart,False,False,EC_BP,"a = 4.1 0.5,EC+B+ = 95.9 0.5",1.4588235294117646
85,125,210,At,210At,(5)+,-11972.099,,29160.0,chart,False,False,EC_BP,"a = 0.175 0.02,EC+B+ = 99.825 0.02",1.4705882352941178
85,126,211,At,211At,9/2-,-11647.191,,25977.6,chart,False,False,EC_BP,"a = 41.78 0.08,EC = 58.22 0.08",1.4823529411764707
85,127,212,At,212At,(1-),-8628.149,,0.314,chart,False,False,ALPHA,a ~ 100 ,1.4941176470588236
85,128,213,At,213At,9/2-,-6579.522,,1.24e-07,chart,False,False,ALPHA,a = 100,1.5058823529411764
85,129,214,At,214At,1-,-3379.151,,5.58e-07,chart,False,False,ALPHA,a = 100,1.5176470588235293
85,130,215,At,215At,9/2-,-1256.583,,3.7e-05,chart,False,False,ALPHA,a = 100,1.5294117647058822
85,131,216,At,216At,1-,2256.678,,0.0003,chart,False,False,ALPHA,a ~ 100 ,1.5411764705882354
85,132,217,At,217At,9/2-,4394.598,,0.0326,chart,False,False,ALPHA,"B- = 0.007 0.003,a = 99.993 0.003",1.5529411764705883
85,133,218,At,218At,"(3-),(2-)",8100.218,,1.28,chart,False,False,ALPHA,"B- = 0.05 0.05,a = 99.95 0.05",1.5647058823529412
85,134,219,At,219At,(9/2-),10396.021,,56.0,chart,False,False,ALPHA,"B- = 6.4 1,a = 93.6 1",1.576470588235294
85,135,220,At,220At,3,14375.748,,222.6,chart,False,False,B-,"B- = 92 2,a = 8 2",1.588235294117647
85,136,221,At,221At,,16782.729,,138.0,chart,False,False,B-,B- = 100 ,1.6
85,137,222,At,222At,,20953.028,,54.0,chart,False,False,B-,B- = 100 ,1.611764705882353
85,138,223,At,223At,,23428.008,,50.0,chart,False,False,B-,B- = 100 ,1.6235294117647059
85,139,224,At,224At,,27711.018,,76.2,chart,False,False,B-,B- = 100,1.6352941176470588
85,140,225,At,225At,,30300.0,,,none,False,False,B-,B- = 100,1.6470588235294117
85,141,226,At,226At,,34660.0,,,none,False,False,B-,B- = 100,1.6588235294117648
85,142,227,At,227At,,37430.0,,,none,False,False,B-,"B- = 100,B-n?",1.6705882352941177
85,143,228,At,228At,,41880.0,,,none,False,False,B-,"B- = 100,B-n?",1.6823529411764706
85,144,229,At,229At,,44890.0,,,none,False,False,B-,"B- = 100,B-n?",1.6941176470588235
86,107,193,Rn,193Rn,,9042.92,,0.00115,chart,False,False,ALPHA,a ~ 100 ,1.244186046511628
86,108,194,Rn,194Rn,0+,5724.624,,0.00078,chart,False,False,ALPHA,a ~ 100 ,1.255813953488372
86,109,195,Rn,195Rn,3/2-,5050.285,,0.006,chart,False,False,ALPHA,a ~ 100 ,1.2674418604651163
86,110,196,Rn,196Rn,0+,1975.169,,0.0044,chart,False,False,ALPHA,"a ~ 100 ,EC+B+?",1.2790697674418605
86,111,197,Rn,197Rn,(3/2-),1510.368,,0.055,chart,False,False,ALPHA,a ~ 100 ,1.2906976744186047
86,112,198,Rn,198Rn,0+,-1230.32,,0.065,chart,False,False,ALPHA,"a = 90 10,EC+B+ = 10 10",1.302325581395349
86,113,199,Rn,199Rn,(3/2-),-1559.846,,0.6,chart,False,False,ALPHA,a ~ 100 ,1.313953488372093
86,114,200,Rn,200Rn,0+,-4000.454,,1.03,chart,False,False,OTHER,"a = 86 +14-4,EC+B+ = 14 +4-14",1.3255813953488371
86,115,201,Rn,201Rn,(3/2-),-4107.413,,7.0,chart,False,False,EC_BP,"a = 0 ,EC+B+?",1.3372093023255813
86,116,202,Rn,202Rn,0+,-6274.561,,9.75,chart,False,False,ALPHA,"a = 78 8,EC+B+ = 22 8",1.3488372093023255
86,117,203,Rn,203Rn,3/2-,-6184.045,,44.0,chart,False,False,ALPHA,"a = 66 9,EC+B+ = 34 9",1.3604651162790697
86,118,204,Rn,204Rn,0+,-7970.115,,74.0,chart,False,False,ALPHA,"a = 72 1,EC+B+ = 28 1",1.372093023255814
86,119,205,Rn,205Rn,5/2-,-7709.764,,170.0,chart,False,False,EC_BP,"a = 25 1,EC+B+ = 75 1",1.3837209302325582
86,120,206,Rn,206Rn,0+,-9132.918,,377.4,chart,False,False,ALPHA,"a = 62 3,EC+B+ = 38 3",1.3953488372093024
86,121,207,Rn,207Rn,5/2-,-8634.742,,555.0,chart,False,False,EC_BP,"a = 21 3,EC+B+ = 79 3",1.4069767441860466
86,122,208,Rn,208Rn,0+,-9655.389,,1456.8000000000002,chart,False,False,ALPHA,"a = 62 7,EC+B+ = 38 7",1.4186046511627908
86,123,209,Rn,209Rn,5/2-,-8941.049,,1722.0,chart,False,False,EC_BP,"a = 17 2,EC+B+ = 83 2",1.430232558139535
86,124,210,Rn,210Rn,0+,-9604.764,,8712.0,chart,False,False,ALPHA,"a = 96 1,EC+B+ = 4 1",1.441860465116279
86,125,211,Rn,211Rn,1/2-,-8755.33,,52920.0,chart,False,False,EC_BP,"a = 27.4 1.7,EC = 72.6 1.7",1.4534883720930232
86,126,212,Rn,212Rn,0+,-8659.219,,1434.0,chart,False,False,ALPHA,a = 100,1.4651162790697674
86,127,213,Rn,213Rn,(9/2+),-5695.949,,0.0193799999999999,chart,False,False,ALPHA,a = 100,1.4767441860465116
86,128,214,Rn,214Rn,0+,-4319.664,,2.590000000000001e-07,chart,False,False,ALPHA,a = 100,1.4883720930232558
86,129,215,Rn,215Rn,9/2+,-1168.99,,2.2999999999e-06,chart,False,False,ALPHA,a = 100,1.5
86,130,216,Rn,216Rn,0+,253.312,,2.9e-05,chart,False,False,ALPHA,a = 100,1.5116279069767442
86,131,217,Rn,217Rn,9/2+,3658.566,,0.00059,chart,False,False,ALPHA,a = 100,1.5232558139534884
86,132,218,Rn,218Rn,0+,5217.413,,0.03375,chart,False,False,ALPHA,a = 100,1.5348837209302326
86,133,219,Rn,219Rn,5/2+,8829.337,,3.96,chart,False,False,ALPHA,a = 100,1.5465116279069768
86,134,220,Rn,220Rn,0+,10611.994,,55.6,chart,False,False,ALPHA,a = 100,1.558139534883721
86,135,221,Rn,221Rn,7/2+,14471.354,,1542.0,chart,False,False,B-,"B- = 80 2,a = 20 2",1.569767441860465
86,136,222,Rn,222Rn,0+,16371.957,,330174.14400000003,chart,False,False,ALPHA,a = 100,1.5813953488372092
86,137,223,Rn,223Rn,7/2,20389.738,,1458.0,chart,False,False,B-,B- = 100 ,1.5930232558139534
86,138,224,Rn,224Rn,0+,22445.098,,6840.0,chart,False,False,B-,B- = 100 ,1.6046511627906976
86,139,225,Rn,225Rn,7/2-,26534.143,,279.6,chart,False,False,B-,B- = 100 ,1.6162790697674418
86,140,226,Rn,226Rn,0+,28747.194,,444.0,chart,False,False,B-,B- = 100 ,1.627906976744186
86,141,227,Rn,227Rn,(5/2),32885.835,,20.8,chart,False,False,B-,B- = 100 ,1.6395348837209303
86,142,228,Rn,228Rn,0+,35243.466,,65.0,chart,False,False,B-,B- = 100 ,1.6511627906976745
86,143,229,Rn,229Rn,,39362.4,,12.0,chart,False,False,B-,B- = 100 ,1.6627906976744187
86,144,230,Rn,230Rn,0+,42170.0,,,none,False,False,B-,B- = 100,1.6744186046511629
86,145,231,Rn,231Rn,,46550.0,,,none,False,False,B-,B- = 100,1.686046511627907
87,110,197,Fr,197Fr,(7/2-),10253.968,,0.0006,chart,False,False,ALPHA,a ~ 100 ,1.264367816091954
87,111,198,Fr,198Fr,,9577.698,,0.015,chart,False,False,ALPHA,a ~ 100 ,1.2758620689655173
87,112,199,Fr,199Fr,(1/2+),6771.388,,0.0045,chart,False,False,ALPHA,a ~ 100 ,1.2873563218390804
87,113,200,Fr,200Fr,(3+),6133.578,,0.05,chart,False,False,ALPHA,"ECf = 1.4 ,a ~ 100 ",1.2988505747126438
87,114,201,Fr,201Fr,(9/2-),3588.573,,0.063,chart,False,False,ALPHA,a ~ 100 ,1.3103448275862069
87,115,202,Fr,202Fr,(3+),3101.538,,0.364,chart,False,False,ALPHA,a ~ 100 ,1.3218390804597702
87,116,203,Fr,203Fr,9/2-,876.412,,0.55,chart,False,False,ALPHA,a ~ 100 ,1.3333333333333333
87,117,204,Fr,204Fr,3+,607.308,,1.8,chart,False,False,ALPHA,"a = 92 2,EC+B+ = 8 2",1.3448275862068966
87,118,205,Fr,205Fr,9/2-,-1309.816,,3.9,chart,False,False,ALPHA,"a = 98.5 0.4,EC+B+ = 1.5 0.4",1.3563218390804597
87,119,206,Fr,206Fr,3(+),-1246.859,,16.0,chart,False,False,ALPHA,"a = 88.4 3.3,EC+B+ = 11.6 3.3",1.367816091954023
87,120,207,Fr,207Fr,9/2-,-2849.021,,14.8,chart,False,False,ALPHA,"a = 95 2,EC+B+ = 5 2",1.3793103448275863
87,121,208,Fr,208Fr,7+,-2664.928,,58.6,chart,False,False,ALPHA,"a = 89 3,EC+B+ = 11 3",1.3908045977011494
87,122,209,Fr,209Fr,9/2-,-3782.144,,50.5,chart,False,False,ALPHA,"a = 89 3,EC+B+ = 11 3",1.4022988505747127
87,123,210,Fr,210Fr,6+,-3343.508,,190.8,chart,False,False,ALPHA,"a = 71 4,EC+B+ = 29 4",1.4137931034482758
87,124,211,Fr,211Fr,9/2-,-4140.314,,186.0,chart,False,False,ALPHA,"a = 87 3,EC = 13 3",1.4252873563218391
87,125,212,Fr,212Fr,5+,-3515.998,,1218.0,chart,False,False,EC_BP,"a = 43 2,EC+B+ = 57 2",1.4367816091954022
87,126,213,Fr,213Fr,9/2-,-3554.199,,34.17,chart,False,False,ALPHA,"a = 99.45 0.05,EC+B+ = 0.55 0.05",1.4482758620689655
87,127,214,Fr,214Fr,(1-),-958.327,,0.0055,chart,False,False,ALPHA,a = 100,1.4597701149425288
87,128,215,Fr,215Fr,9/2-,318.137,,8.9e-08,chart,False,False,ALPHA,a = 100,1.471264367816092
87,129,216,Fr,216Fr,(1-),2971.022,,7e-07,chart,False,False,ALPHA,a = 100,1.4827586206896552
87,130,217,Fr,217Fr,9/2-,4314.663,,2.2e-05,chart,False,False,ALPHA,a = 100,1.4942528735632183
87,131,218,Fr,218Fr,1-,7059.44,,0.0011,chart,False,False,ALPHA,a = 100,1.5057471264367817
87,132,219,Fr,219Fr,9/2-,8616.939,,0.022,chart,False,False,ALPHA,a = 100,1.5172413793103448
87,133,220,Fr,220Fr,1+,11482.332,,27.4,chart,False,False,ALPHA,"B- = 0.35 0.05,a = 99.65 0.05",1.528735632183908
87,134,221,Fr,221Fr,5/2-,13277.251,,288.06,chart,False,False,ALPHA,"14C = 8.8e-11 1.1e-11,a = 99.995 0.003,B- = 0.005 0.003",1.5402298850574712
87,135,222,Fr,222Fr,2-,16378.103,,852.0,chart,False,False,B-,B- = 100 ,1.5517241379310345
87,136,223,Fr,223Fr,3/2(-),18382.329,,1319.4,chart,False,False,B-,"B- = 99.994,a = 0.006",1.5632183908045978
87,137,224,Fr,224Fr,1(-),21748.614,,199.8,chart,False,False,B-,B- = 100 ,1.5747126436781609
87,138,225,Fr,225Fr,3/2-,23820.602,,240.0,chart,False,False,B-,B- = 100 ,1.5862068965517242
87,139,226,Fr,226Fr,1-,27520.539,,49.0,chart,False,False,B-,B- = 100 ,1.5977011494252873
87,140,227,Fr,227Fr,1/2+,29682.445,,148.20000000000002,chart,False,False,B-,B- = 100 ,1.6091954022988506
87,141,228,Fr,228Fr,2-,33384.221,,38.0,chart,False,False,B-,B- = 100,1.6206896551724137
87,142,229,Fr,229Fr,(1/2+),35668.253,,50.2,chart,False,False,B-,B- = 100 ,1.632183908045977
87,143,230,Fr,230Fr,,39486.769,,19.1,chart,False,False,B-,B- = 100,1.6436781609195403
87,144,231,Fr,231Fr,(1/2+),42080.575,,17.6,chart,False,False,B-,B- = 100,1.6551724137931034
87,145,232,Fr,232Fr,(5),46072.834,,5.5,chart,False,False,B-,B- = 100 ,1.6666666666666667
87,146,233,Fr,233Fr,,48920.052,,0.9,chart,False,False,B-,"B- = 100,B-n?",1.6781609195402298
88,113,201,Ra,201Ra,(3/2-),11936.817,,0.008,chart,False,False,ALPHA,a = 100,1.2840909090909092
88,114,202,Ra,202Ra,0+,9074.9,,0.0038,chart,False,False,ALPHA,a ~ 100 ,1.2954545454545454
88,115,203,Ra,203Ra,3/2-,8601.331,,0.031,chart,False,False,ALPHA,a ~ 100 ,1.3068181818181819
88,116,204,Ra,204Ra,0+,6061.097,,0.058,chart,False,False,ALPHA,a ~ 100 ,1.3181818181818181
88,117,205,Ra,205Ra,(3/2-),5803.853,,0.215,chart,False,False,ALPHA,a ~ 100 ,1.3295454545454546
88,118,206,Ra,206Ra,0+,3565.613,,0.24,chart,False,False,ALPHA,a ~ 100 ,1.3409090909090908
88,119,207,Ra,207Ra,"(3/2-),(5/2-)",3513.988,,1.4,chart,False,False,ALPHA,"a ~ 86 ,EC+B+ ~ 14 ",1.3522727272727273
88,120,208,Ra,208Ra,0+,1727.934,,1.11,chart,False,False,ALPHA,"a = 87 3,EC+B+ = 13 3",1.3636363636363635
88,121,209,Ra,209Ra,5/2-,1858.24,,4.8,chart,False,False,ALPHA,a ~ 100 ,1.375
88,122,210,Ra,210Ra,0+,442.839,,3.9,chart,False,False,ALPHA,a ~ 100 ,1.3863636363636365
88,123,211,Ra,211Ra,5/2(-),831.87,,13.0,chart,False,False,ALPHA,a ~ 100 ,1.3977272727272727
88,124,212,Ra,212Ra,0+,-198.763,,13.0,chart,False,False,ALPHA,a ~ 100 ,1.4090909090909092
88,125,213,Ra,213Ra,1/2-,345.557,,163.8,chart,False,False,ALPHA,"a = 86 2,EC+B+ = 14 2",1.4204545454545454
88,126,214,Ra,214Ra,0+,92.74,,2.438,chart,False,False,ALPHA,"a = 99.94 0.004,EC = 0.06 0.004",1.4318181818181819
88,127,215,Ra,215Ra,(9/2+),2531.995,,0.00168,chart,False,False,ALPHA,a = 100,1.4431818181818181
88,128,216,Ra,216Ra,0+,3291.466,,1.72e-07,chart,False,False,ALPHA,a = 100,1.4545454545454546
88,129,217,Ra,217Ra,(9/2+),5889.536,,1.59e-06,chart,False,False,ALPHA,a = 100,1.4659090909090908
88,130,218,Ra,218Ra,0+,6645.556,,2.59099999999e-05,chart,False,False,ALPHA,a = 100,1.4772727272727273
88,131,219,Ra,219Ra,(7/2+),9393.853,,0.009,chart,False,False,ALPHA,a = 100,1.4886363636363635
88,132,220,Ra,220Ra,0+,10272.091,,0.018,chart,False,False,ALPHA,a = 100,1.5
88,133,221,Ra,221Ra,5/2+,12963.877,,16.0,chart,False,False,ALPHA,"14C = 1.2e-10 9e-11,a = 100",1.5113636363636365
88,134,222,Ra,222Ra,0+,14320.205,,33.6,chart,False,False,ALPHA,"14C = 2.9e-8 6e-9,a = 100",1.5227272727272727
88,135,223,Ra,223Ra,3/2+,17233.245,,988001.28,chart,False,False,ALPHA,"14C = 8.9e-8 4e-9,a = 100",1.5340909090909092
88,136,224,Ra,224Ra,0+,18825.832,,313744.32,chart,False,False,ALPHA,"14C = 4e-9 1e-9,a = 100",1.5454545454545454
88,137,225,Ra,225Ra,1/2+,21993.044,,1278720.0,chart,False,False,B-,B- = 100 ,1.5568181818181819
88,138,226,Ra,226Ra,0+,23667.576,,50492160000.0,chart,False,False,ALPHA,"14C = 2.6e-9 6e-10,a = 100",1.5681818181818181
88,139,227,Ra,227Ra,3/2+,27177.464,,2532.0,chart,False,False,B-,B- = 100 ,1.5795454545454546
88,140,228,Ra,228Ra,0+,28940.194,,181456200.0,chart,False,False,B-,B- = 100 ,1.5909090909090908
88,141,229,Ra,229Ra,5/2+,32561.963,,240.0,chart,False,False,B-,B- = 100,1.6022727272727273
88,142,230,Ra,230Ra,0+,34516.306,,5580.0,chart,False,False,B-,B- = 100 ,1.6136363636363635
88,143,231,Ra,231Ra,(5/2+),38216.488,,103.9,chart,False,False,B-,B- = 100,1.625
88,144,232,Ra,232Ra,0+,40496.955,,252.0,chart,False,False,B-,B- = 100,1.6363636363636365
88,145,233,Ra,233Ra,(1/2+),44334.062,,30.0,chart,False,False,B-,B- = 100,1.6477272727272727
88,146,234,Ra,234Ra,0+,46930.629,,30.0,chart,False,False,B-,B- = 100,1.6590909090909092
89,115,204,Ac,204Ac,,,,0.0074,wallet,False,False,ALPHA,a ~ 100 ,1.2921348314606742
89,116,205,Ac,205Ac,(9/2-),14106.689,,0.0077,chart,False,False,ALPHA,a ~ 100 ,1.303370786516854
89,117,206,Ac,206Ac,(3+),13484.754,,0.027,chart,False,False,ALPHA,a ~ 100 ,1.3146067415730338
89,118,207,Ac,207Ac,(9/2-),11146.228,,0.027,chart,False,False,ALPHA,a ~ 100 ,1.3258426966292134
89,119,208,Ac,208Ac,(3+),10760.854,,0.093,chart,False,False,ALPHA,a ~ 100 ,1.3370786516853932
89,120,209,Ac,209Ac,(9/2-),8844.887,,0.091,chart,False,False,ALPHA,a ~ 100 ,1.348314606741573
89,121,210,Ac,210Ac,,8764.079,,0.344,chart,False,False,ALPHA,a ~ 100 ,1.3595505617977528
89,122,211,Ac,211Ac,9/2-,7143.485,,0.21,chart,False,False,ALPHA,a ~ 100 ,1.3707865168539326
89,123,212,Ac,212Ac,(7+),7299.6,,0.895,chart,False,False,ALPHA,a ~ 100 ,1.3820224719101124
89,124,213,Ac,213Ac,9/2-,6141.029,,0.738,chart,False,False,ALPHA,a ~ 100 ,1.3932584269662922
89,125,214,Ac,214Ac,5(+),6433.272,,8.2,chart,False,False,ALPHA,"a = 89 ,EC+B+ = 11 ",1.404494382022472
89,126,215,Ac,215Ac,9/2-,6030.55,,0.17,chart,False,False,ALPHA,"a = 99.91 0.02,EC+B+ = 0.09 0.02",1.4157303370786516
89,127,216,Ac,216Ac,(1-),8149.736,,0.0003599999999999,chart,False,False,ALPHA,a = 100,1.4269662921348314
89,128,217,Ac,217Ac,9/2-,8702.321,,6.900000000000002e-08,chart,False,False,ALPHA,a = 100,1.4382022471910112
89,129,218,Ac,218Ac,(1-),10850.845,,1.02e-06,chart,False,False,ALPHA,a = 100,1.449438202247191
89,130,219,Ac,219Ac,9/2-,11569.553,,9.4999999999e-06,chart,False,False,ALPHA,a = 100,1.4606741573033708
89,131,220,Ac,220Ac,(3-),13743.755,,0.0264,chart,False,False,ALPHA,a = 100,1.4719101123595506
89,132,221,Ac,221Ac,,14531.048,,0.052,chart,False,False,ALPHA,a = 100,1.4831460674157304
89,133,222,Ac,222Ac,1-,16621.797,,4.9,chart,False,False,ALPHA,"a = 99 1,EC+B+ = 1 1",1.4943820224719102
89,134,223,Ac,223Ac,(5/2-),17825.055,,127.2,chart,False,False,ALPHA,"a = 99,EC = 1",1.5056179775280898
89,135,224,Ac,224Ac,(0-),20234.148,,10008.0,chart,False,False,OTHER,"a = 9.1 +2-1.4,EC+B+ = 90.9 +1.4-2",1.5168539325842696
89,136,225,Ac,225Ac,(3/2-),21637.305,,857001.6000000001,chart,False,False,ALPHA,"14C = 5.3e-10 1.3e-10,a = 100",1.5280898876404494
89,137,226,Ac,226Ac,(1),24309.201,,105732.0,chart,False,False,B-,"EC = 17 3,a = 0.006 0.002,B- = 83 3",1.5393258426966292
89,138,227,Ac,227Ac,3/2-,25849.515,,687087846.0,chart,False,False,B-,"B- = 98.62 0.0036,a = 1.38 0.0036",1.550561797752809
89,139,228,Ac,228Ac,3+,28894.654,,22140.0,chart,False,False,B-,B- = 100 ,1.5617977528089888
89,140,229,Ac,229Ac,(3/2+),30689.936,,3762.0,chart,False,False,B-,B- = 100 ,1.5730337078651686
89,141,230,Ac,230Ac,(1+),33838.386,,122.0,chart,False,False,B-,"B- = 100,B-f = 0.0000012 4e-7",1.5842696629213484
89,142,231,Ac,231Ac,1/2+,35762.853,,450.0,chart,False,False,B-,B- = 100,1.595505617977528
89,143,232,Ac,232Ac,(1+),39154.423,,119.0,chart,False,False,B-,B- = 100,1.6067415730337078
89,144,233,Ac,233Ac,(1/2+),41308.037,,143.0,chart,False,False,B-,B- = 100,1.6179775280898876
89,145,234,Ac,234Ac,(1+),44841.195,,44.0,chart,False,False,B-,B- = 100,1.6292134831460674
89,146,235,Ac,235Ac,,47357.16,,62.0,chart,False,False,B-,B- = 100,1.6404494382022472
89,147,236,Ac,236Ac,,51220.998,,72.0,chart,False,False,B-,B- = 100,1.651685393258427
90,117,207,Th,207Th,,,,0.01,wallet,False,False,ALPHA,a ~ 100 ,1.3
90,118,208,Th,208Th,0+,16688.041,,0.0031,chart,False,False,ALPHA,a ~ 100 ,1.3111111111111111
90,119,209,Th,209Th,(13/2+),16395.0,,0.0025,chart,False,False,ALPHA,a ~ 100 ,1.3222222222222222
90,120,210,Th,210Th,0+,14059.521,,0.0157,chart,False,False,ALPHA,a ~ 100 ,1.3333333333333333
90,121,211,Th,211Th,(3/2-),13876.396,,0.037,chart,False,False,ALPHA,a ~ 100 ,1.3444444444444446
90,122,212,Th,212Th,0+,12110.886,,0.0317,chart,False,False,ALPHA,a ~ 100 ,1.3555555555555556
90,123,213,Th,213Th,5/2-,12120.108,,0.146,chart,False,False,ALPHA,a ~ 100 ,1.3666666666666667
90,124,214,Th,214Th,0+,10694.932,,0.1,chart,False,False,ALPHA,a = 100,1.3777777777777778
90,125,215,Th,215Th,(1/2-),10921.434,,1.4,chart,False,False,ALPHA,a = 100,1.3888888888888888
90,126,216,Th,216Th,0+,10298.537,,0.026,chart,False,False,ALPHA,a = 100,1.4
90,127,217,Th,217Th,(9/2+),12205.78,,0.000254,chart,False,False,ALPHA,a = 100,1.4111111111111112
90,128,218,Th,218Th,0+,12366.747,,1.21e-07,chart,False,False,ALPHA,a = 100,1.4222222222222223
90,129,219,Th,219Th,(9/2+),14462.78,,1.02e-06,chart,False,False,ALPHA,a = 100,1.4333333333333333
90,130,220,Th,220Th,0+,14689.538,,1.01999999999e-05,chart,False,False,ALPHA,a = 100,1.4444444444444444
90,131,221,Th,221Th,(7/2+),16939.926,,0.00173,chart,False,False,ALPHA,a = 100,1.4555555555555555
90,132,222,Th,222Th,0+,17203.039,,0.00197,chart,False,False,ALPHA,a = 100,1.4666666666666666
90,133,223,Th,223Th,(5/2)+,19385.402,,0.6,chart,False,False,ALPHA,a = 100,1.4777777777777779
90,134,224,Th,224Th,0+,19995.581,,1.041,chart,False,False,ALPHA,a = 100,1.488888888888889
90,135,225,Th,225Th,(3/2+),22310.193,,523.2,chart,False,False,ALPHA,"a ~ 90 ,EC ~ 10 ",1.5
90,136,226,Th,226Th,0+,23197.649,,1841.4,chart,False,False,ALPHA,a = 100,1.511111111111111
90,137,227,Th,227Th,1/2+,25804.759,,1615127.04,chart,False,False,ALPHA,a = 100,1.5222222222222221
90,138,228,Th,228Th,0+,26770.899,,60325508.16,chart,False,False,ALPHA,"20O = 1.13e-11 2.2e-12,a = 100",1.5333333333333334
90,139,229,Th,229Th,5/2+,29585.517,,249541722000.0,chart,False,False,ALPHA,a = 100,1.5444444444444445
90,140,230,Th,230Th,0+,30862.512,0.02,2379443040000.0,chart,False,False,ALPHA,"24Ne = 5.8e-11 1.3e-11,a = 100",1.5555555555555556
90,141,231,Th,231Th,5/2+,33815.811,,91872.0,chart,False,False,B-,B- = 100,1.5666666666666667
90,142,232,Th,232Th,0+,35446.71,99.98,4.439655659743416e+17,chart,False,False,ALPHA,"a = 100,f = 1.1e-9 4e-10",1.5777777777777777
90,143,233,Th,233Th,1/2+,38731.642,,1309.8,chart,False,False,B-,B- = 100,1.5888888888888888
90,144,234,Th,234Th,0+,40612.958,,2082844.8,chart,False,False,B-,B- = 100,1.6
90,145,235,Th,235Th,(1/2+),44017.754,,432.0,chart,False,False,B-,B- = 100,1.6111111111111112
90,146,236,Th,236Th,0+,46255.203,,2250.0,chart,False,False,B-,B- = 100,1.6222222222222222
90,147,237,Th,237Th,,49955.097,,287.4,chart,False,False,B-,B- = 100,1.6333333333333333
90,148,238,Th,238Th,0+,52525.0,,564.0,chart,False,False,B-,B- = 100,1.6444444444444444
91,120,211,Pa,211Pa,(9/2-),22052.226,,0.0038,chart,False,False,ALPHA,"p?,a ~ 100 ",1.3186813186813187
91,121,212,Pa,212Pa,(3+),21596.523,,0.005,chart,False,False,ALPHA,a ~ 100 ,1.3296703296703296
91,122,213,Pa,213Pa,9/2-,19654.194,,0.0053,chart,False,False,ALPHA,a = 100,1.3406593406593406
91,123,214,Pa,214Pa,,19459.895,,0.017,chart,False,False,ALPHA,a = 100,1.3516483516483517
91,124,215,Pa,215Pa,(9/2-),17804.537,,0.014,chart,False,False,ALPHA,a = 100,1.3626373626373627
91,125,216,Pa,216Pa,,17823.799,,0.118,chart,False,False,ALPHA,a ~ 100 ,1.3736263736263736
91,126,217,Pa,217Pa,(9/2-),17054.748,,0.0037,chart,False,False,ALPHA,a = 100,1.3846153846153846
91,127,218,Pa,218Pa,,18649.568,,0.0001089999999999,chart,False,False,ALPHA,a = 100,1.3956043956043955
91,128,219,Pa,219Pa,9/2-,18583.223,,5.5e-08,chart,False,False,ALPHA,a = 100,1.4065934065934067
91,129,220,Pa,220Pa,1-,20278.397,,8.9e-07,chart,False,False,ALPHA,a = 100,1.4175824175824177
91,130,221,Pa,221Pa,9/2-,20374.937,,5.9e-06,chart,False,False,ALPHA,a = 100,1.4285714285714286
91,131,222,Pa,222Pa,,22064.361,,0.00389,chart,False,False,ALPHA,a = 100,1.4395604395604396
91,132,223,Pa,223Pa,(9/2-),22337.614,,0.0053,chart,False,False,ALPHA,a = 100,1.4505494505494505
91,133,224,Pa,224Pa,(5-),23862.351,,0.85,chart,False,False,ALPHA,a = 100,1.4615384615384615
91,134,225,Pa,225Pa,,24356.64,,1.7,chart,False,False,ALPHA,a = 100,1.4725274725274726
91,135,226,Pa,226Pa,,26033.6,,108.0,chart,False,False,ALPHA,"a = 74 5,EC+B+ = 26 5",1.4835164835164836
91,136,227,Pa,227Pa,(5/2-),26830.371,,2298.0,chart,False,False,ALPHA,"a = 85 2,EC = 15 2",1.4945054945054945
91,137,228,Pa,228Pa,3+,28923.599,,71280.0,chart,False,False,EC_BP,"a = 1.85 0.17,EC+B+ = 98.15 0.17",1.5054945054945055
91,138,229,Pa,229Pa,5/2+,29896.848,,133920.0,chart,False,False,EC_BP,"a = 0.51 0.04,EC = 99.49 0.04",1.5164835164835164
91,139,230,Pa,230Pa,2-,32173.543,,1503359.9999999998,chart,False,False,EC_BP,"EC+B+ = 92.2 0.7,a = 0.0035 0.0004,B- = 7.8 0.7",1.5274725274725274
91,140,231,Pa,231Pa,3/2-,33424.338,100.0,1033164266400.0,chart,False,False,ALPHA,"24Ne = 1.34e-9 1.7e-10,a = 100",1.5384615384615385
91,141,232,Pa,232Pa,(2-),35946.549,,113184.0,chart,False,False,B-,B- = 100,1.5494505494505495
91,142,233,Pa,233Pa,3/2-,37489.41,,2330640.0,chart,False,False,B-,B- = 100,1.5604395604395604
91,143,234,Pa,234Pa,4+,40338.87,,24015.6,chart,False,False,B-,B- = 100,1.5714285714285714
91,144,235,Pa,235Pa,(3/2-),42288.901,,1464.0,chart,False,False,B-,B- = 100,1.5824175824175823
91,145,236,Pa,236Pa,1(+),45333.955,,546.0,chart,False,False,B-,B- = 100,1.5934065934065933
91,146,237,Pa,237Pa,(1/2+),47527.624,,522.0,chart,False,False,B-,B- = 100,1.6043956043956045
91,147,238,Pa,238Pa,(3-),50894.043,,138.0,chart,False,False,B-,B- = 100,1.6153846153846154
91,148,239,Pa,239Pa,(3/2),53337.0,,6480.0,chart,False,False,B-,B- = 100,1.6263736263736264
92,122,214,U,214U,0+,,,0.0005200000000000001,wallet,False,False,ALPHA,a = 100,1.326086956521739
92,123,215,U,215U,,24889.312,,0.0007,chart,False,False,ALPHA,a ~ 100 ,1.3369565217391304
92,124,216,U,216U,0+,23066.429,,0.0045,chart,False,False,ALPHA,a ~ 100 ,1.3478260869565217
92,125,217,U,217U,,22971.0,,0.016,chart,False,False,ALPHA,a ~ 100 ,1.358695652173913
92,126,218,U,218U,0+,21894.655,,0.00063,chart,False,False,ALPHA,a = 100,1.3695652173913044
92,127,219,U,219U,(9/2+),23295.953,,5.99999999999e-05,chart,False,False,ALPHA,a = 100,1.3804347826086956
92,129,221,U,221U,(9/2+),24519.996,,6.6e-07,chart,False,False,ALPHA,a ~ 100 ,1.4021739130434783
92,130,222,U,222U,0+,24272.834,,4.7e-06,chart,False,False,ALPHA,a ~ 100 ,1.4130434782608696
92,131,223,U,223U,,26045.278,,6.2e-05,chart,False,False,ALPHA,a = 100,1.423913043478261
92,132,224,U,224U,0+,25742.69,,0.000396,chart,False,False,ALPHA,a = 100,1.434782608695652
92,133,225,U,225U,,27372.001,,0.061,chart,False,False,ALPHA,a = 100,1.4456521739130435
92,134,226,U,226U,0+,27328.797,,0.267,chart,False,False,ALPHA,a = 100,1.4565217391304348
92,135,227,U,227U,(3/2+),29045.034,,66.0,chart,False,False,ALPHA,a = 100,1.4673913043478262
92,136,228,U,228U,0+,29220.001,,546.0,chart,False,False,ALPHA,"a = 95 ,EC = 5 ",1.4782608695652173
92,137,229,U,229U,(3/2+),31210.62,,3468.0,chart,False,False,EC_BP,"a ~ 20 ,EC ~ 80 ",1.4891304347826086
92,138,230,U,230U,0+,31615.017,,1747872.0,chart,False,False,ALPHA,"22Ne = 4.8e-12 2e-12,a = 100",1.5
92,139,231,U,231U,(5/2),33805.952,,362880.0,chart,False,False,EC_BP,"a = 0.004 0.001,EC = 99.996 0.001",1.5108695652173914
92,140,232,U,232U,0+,34609.445,,2174318640.0,chart,False,False,ALPHA,"24Ne = 8.9e-10 7e-11,f = 2.7e-12 6e-13,a = 100",1.5217391304347827
92,141,233,U,233U,5/2+,36919.111,,5023622786400.0,chart,False,False,ALPHA,"24Ne = 7.2e-11 9e-12,a = 100",1.5326086956521738
92,142,234,U,234U,0+,38144.959,0.0054,7747390800000.0,chart,False,False,ALPHA,"f = 1.64e-9 2.2e-10,Ne = 9e-12 7e-12,28Mg = 1.4e-11 3e-12,a = 100",1.5434782608695652
92,143,235,U,235U,7/2-,40918.782,0.7204,2.22157389594312e+16,chart,False,False,ALPHA,"20Ne = 8e-10 4e-10,a = 100,f = 7e-9 2e-9,25Ne = 8e-10,28Mg = 8e-10",1.5543478260869565
92,144,236,U,236U,0+,42444.582,,739394568000000.0,chart,False,False,ALPHA,"a = 100,f = 9.4e-8 ",1.565217391304348
92,145,237,U,237U,1/2+,45390.133,,583372.7999999999,chart,False,False,B-,B- = 100,1.576086956521739
92,146,238,U,238U,0+,47307.732,99.2742,1.4084883020376e+17,chart,False,False,ALPHA,"2B- = 2.2e-10 3e-11,f = 0.0000544 7e-7,a = 100",1.5869565217391304
92,147,239,U,239U,5/2+,50572.668,,1407.0,chart,False,False,B-,B- = 100,1.5978260869565217
92,148,240,U,240U,0+,52715.497,,50760.0,chart,False,False,B-,B- = 100,1.608695652173913
92,149,241,U,241U,,56197.0,,,none,False,False,B-,B- = 100,1.6195652173913044
92,150,242,U,242U,0+,58620.0,,1008.0,chart,False,False,B-,B- = 100 ,1.6304347826086956
93,126,219,Np,219Np,,29436.951,,0.00015,chart,False,False,ALPHA,a ~ 100 ,1.3548387096774193
93,127,220,Np,220Np,,30475.022,,2.49999999999e-05,chart,False,False,ALPHA,a ~ 100 ,1.3655913978494623
93,129,222,Np,222Np,,31274.641,,3.8e-07,chart,False,False,ALPHA,a = 100,1.3870967741935485
93,130,223,Np,223Np,(9/2-),30658.583,,2.1499999999e-06,chart,False,False,ALPHA,a ~ 100 ,1.3978494623655915
93,131,224,Np,224Np,,32032.248,,3.79999999999e-05,chart,False,False,ALPHA,a ~ 100 ,1.4086021505376345
93,132,225,Np,225Np,,31618.098,,0.0037,chart,False,False,ALPHA,a ~ 100 ,1.4193548387096775
93,133,226,Np,226Np,,32816.877,,0.037,chart,False,False,ALPHA,a = 100,1.4301075268817205
93,134,227,Np,227Np,,32579.018,,0.51,chart,False,False,ALPHA,a = 100,1.4408602150537635
93,135,228,Np,228Np,,33825.0,,61.4,chart,False,False,EC_BP,"a = 40 7,EC+B+ = 60 7",1.4516129032258065
93,136,229,Np,229Np,,33801.378,,240.0,chart,False,False,ALPHA,"a = 68 11,EC+B+ = 32 11",1.4623655913978495
93,137,230,Np,230Np,,35236.615,,277.8,chart,False,False,EC_BP,"a = 3 ,EC+B+ = 97 ",1.4731182795698925
93,138,231,Np,231Np,(5/2-),35623.686,,2928.0,chart,False,False,EC_BP,"a = 2 1,EC+B+ = 98 1",1.4838709677419355
93,139,232,Np,232Np,(4+),37359.0,,882.0,chart,False,False,EC_BP,EC+B+ = 100,1.4946236559139785
93,140,233,Np,233Np,(5/2+),37948.531,,2172.0,chart,False,False,EC_BP,"a = 0.0007 ,EC = 100",1.5053763440860215
93,141,234,Np,234Np,(0+),39954.806,,380160.00000000006,chart,False,False,EC_BP,EC+B+ = 100 ,1.5161290322580645
93,142,235,Np,235Np,5/2+,41043.044,,34223040.0,chart,False,False,EC_BP,"a = 0.0026 0.00013,EC = 99.9974 0.00013",1.5268817204301075
93,143,236,Np,236Np,6(-),43378.094,,4891428000000.0,chart,False,False,EC_BP,"EC = 87.84 0.2,a = 0.16 0.04,B- = 12 0.1",1.5376344086021505
93,144,237,Np,237Np,5/2+,44871.599,,67659494400000.0,chart,False,False,ALPHA,a = 100,1.5483870967741935
93,145,238,Np,238Np,2+,47454.597,,181379.52,chart,False,False,B-,B- = 100,1.5591397849462365
93,146,239,Np,239Np,5/2+,49311.005,,203541.12,chart,False,False,B-,B- = 100,1.5698924731182795
93,147,240,Np,240Np,(5+),52316.229,,3714.0,chart,False,False,B-,B- = 100,1.5806451612903225
93,148,241,Np,241Np,5/2+,54315.115,,834.0,chart,False,False,B-,B- = 100 ,1.5913978494623655
93,149,242,Np,242Np,(1+),57416.876,,132.0,chart,False,False,B-,B- = 100 ,1.6021505376344085
93,150,243,Np,243Np,(5/2),59806.0,,111.0,chart,False,False,B-,B- = 100,1.6129032258064515
93,151,244,Np,244Np,(7-),63240.0,,137.4,chart,False,False,B-,B- = 100,1.6236559139784945
94,134,228,Pu,228Pu,0+,36107.809,,1.1,chart,False,False,ALPHA,a = 100,1.425531914893617
94,135,229,Pu,229Pu,(3/2+),37394.924,,83.0,chart,False,False,ALPHA,"a = 50 20,EC+B+ = 50 20",1.4361702127659575
94,136,230,Pu,230Pu,0+,36932.17,,107.0,chart,False,False,ALPHA,a = 100,1.446808510638298
94,137,231,Pu,231Pu,(3/2+),38308.577,,516.0,chart,False,False,OTHER,"a = 10 +7-3,EC+B+ = 90 +3-7",1.4574468085106382
94,138,232,Pu,232Pu,0+,38360.915,,1986.0,chart,False,False,EC_BP,"a ~ 10 ,EC ~ 90 ",1.4680851063829787
94,139,233,Pu,233Pu,(5/2),40051.836,,1254.0,chart,False,False,EC_BP,"a = 0.12 0.05,EC+B+ = 99.88 0.05",1.4787234042553192
94,140,234,Pu,234Pu,0+,40349.986,,31680.000000000004,chart,False,False,EC_BP,"a ~ 6 ,EC ~ 94 ",1.4893617021276595
94,141,235,Pu,235Pu,(5/2+),42182.346,,1518.0,chart,False,False,EC_BP,"a = 0.0028 0.0007,EC+B+ = 99.9972 0.0007",1.5
94,142,236,Pu,236Pu,0+,42901.508,,90191620.8,chart,False,False,ALPHA,"28Mg = 2.7e-12,f = 1.9e-7 4e-8,a = 100",1.5106382978723405
94,143,237,Pu,237Pu,7/2-,45091.662,,3943296.0,chart,False,False,EC_BP,"a = 0.0032 0.0006,EC = 99.9968 0.0006",1.5212765957446808
94,144,238,Pu,238Pu,0+,46163.148,,2767601520.0,chart,False,False,ALPHA,"Si = 1.4e-14,f = 1.9e-7 1e-8,a = 100,Mg = 6e-15",1.5319148936170213
94,145,239,Pu,239Pu,1/2+,48588.22,,760822178400.0,chart,False,False,ALPHA,"a = 100,f = 3.01e-10 7.5e-11",1.5425531914893618
94,146,240,Pu,240Pu,0+,50125.319,,207087282720.0,chart,False,False,ALPHA,"a = 100,f = 0.000005796 3.9e-8",1.553191489361702
94,147,241,Pu,241Pu,5/2+,52955.115,,452188850.4,chart,False,False,B-,"B- = 99.99755 0.00008,a = 0.00245 0.00008",1.5638297872340425
94,148,242,Pu,242Pu,0+,54716.876,,11834100000000.0,chart,False,False,ALPHA,"a = 100,f = 0.00055 0.000006",1.574468085106383
94,149,243,Pu,243Pu,7/2+,57754.561,,17838.0,chart,False,False,B-,B- = 100 ,1.5851063829787233
94,150,244,Pu,244Pu,0+,59806.021,,2565632880000000.0,chart,False,False,ALPHA,"a = 99.877 0.006,f = 0.123 0.006",1.5957446808510638
94,151,245,Pu,245Pu,(9/2-),63178.173,,37944.0,chart,False,False,B-,B- = 100,1.6063829787234043
94,152,246,Pu,246Pu,0+,65394.772,,936576.0,chart,False,False,B-,B- = 100,1.6170212765957446
94,153,247,Pu,247Pu,(1/2+),69210.0,,196128.0,chart,False,False,B-,B- = 100 ,1.627659574468085
95,128,223,Am,223Am,,42700.0,,0.0052,chart,False,False,ALPHA,a ~ 100 ,1.3473684210526315
95,134,229,Am,229Am,,42180.414,,0.9,chart,False,False,ALPHA,a ~ 100 ,1.4105263157894736
95,135,230,Am,230Am,,42872.0,,36.0,chart,False,False,EC_BP,"ECf = 30 ,EC+B+ = 100",1.4210526315789473
95,137,232,Am,232Am,,43420.0,,78.60000000000001,chart,False,False,EC_BP,"ECf = 0.069 0.01,EC+B+ ~ 100 ",1.4421052631578948
95,138,233,Am,233Am,,43285.0,,192.0,chart,False,False,EC_BP,"a = 4.5 1.5,EC+B+ = 95.5 1.5",1.4526315789473685
95,139,234,Am,234Am,,44462.0,,139.2,chart,False,False,EC_BP,"ECf = 0.0066 0.0018,EC+B+ = 100,a = 0.04 ",1.4631578947368422
95,140,235,Am,235Am,(5/2-),44624.602,,618.0,chart,False,False,EC_BP,"a = 0.4 0.05,EC+B+ = 99.6 0.05",1.4736842105263157
95,141,236,Am,236Am,5-,46041.0,,216.0,chart,False,False,EC_BP,"a = 0.004 ,EC+B+ = 100",1.4842105263157894
95,142,237,Am,237Am,5/2(-),46570.0,,4380.0,chart,False,False,EC_BP,"a = 0.025 0.003,EC+B+ = 99.975 0.003",1.4947368421052631
95,143,238,Am,238Am,1+,48421.421,,5844.0,chart,False,False,EC_BP,"a = 0.0001 0.00004,EC+B+ = 100",1.5052631578947369
95,144,239,Am,239Am,(5/2)-,49390.36,,42840.0,chart,False,False,EC_BP,"a = 0.01 0.001,EC = 99.99 0.001",1.5157894736842106
95,145,240,Am,240Am,(3-),51510.11,,183240.0,chart,False,False,EC_BP,"a ~ 0.00019 ,EC+B+ = 100",1.5263157894736843
95,146,241,Am,241Am,5/2-,52934.335,,13651817760.0,chart,False,False,ALPHA,"a = 100,f = 3.6e-10 9e-11",1.5368421052631578
95,147,242,Am,242Am,1-,55468.014,,57672.0,chart,False,False,B-,"B- = 83 0.3,EC = 17 0.3",1.5473684210526315
95,148,243,Am,243Am,5/2-,57175.005,,231790572000.0,chart,False,False,ALPHA,"a = 100,f = 3.8e-9 7e-10",1.5578947368421052
95,149,244,Am,244Am,(6-),59879.135,,36072.0,chart,False,False,B-,B- = 100,1.568421052631579
95,150,245,Am,245Am,(5/2+),61900.417,,7369.200000000001,chart,False,False,B-,B- = 100,1.5789473684210527
95,151,246,Am,246Am,(7-),64994.0,,2340.0,chart,False,False,B-,B- = 100,1.5894736842105264
95,152,247,Am,247Am,(5/2),67153.0,,1380.0,chart,False,False,B-,B- = 100 ,1.6
96,137,233,Cm,233Cm,,47293.34,,23.0,chart,False,False,EC_BP,"a = 20 10,EC+B+ = 80 10",1.4270833333333333
96,138,234,Cm,234Cm,0+,46722.411,,50.0,chart,False,False,EC_BP,"f ~ 2 ,EC+B+ ~ 71 ,a ~ 27 ",1.4375
96,139,235,Cm,235Cm,,48013.0,,300.0,chart,False,False,OTHER,"a = 1 +0.7-0.5,EC+B+ = 99 +0.5-0.7",1.4479166666666667
96,140,236,Cm,236Cm,0+,47852.82,,408.0,chart,False,False,EC_BP,"a = 18 2,EC+B+ = 82 2",1.4583333333333333
96,141,237,Cm,237Cm,,49247.151,,,none,False,False,EC_BP,"a?,EC+B+ ~ 100 ",1.46875
96,142,238,Cm,238Cm,0+,49445.203,,7920.000000000001,chart,False,False,EC_BP,"EC = 96.16 0.18,f = 0.048 0.002,a = 3.84 0.18",1.4791666666666667
96,143,239,Cm,239Cm,(7/2-),51146.962,,9000.0,chart,False,False,EC_BP,"a = 0.001 ,EC+B+ ~ 100 ",1.4895833333333333
96,144,240,Cm,240Cm,0+,51724.222,,2626560.0,chart,False,False,ALPHA,"EC = 0.5 ,f = 0.0000039 8e-7,a = 99.5 ",1.5
96,145,241,Cm,241Cm,1/2+,53701.77,,2833919.9999999995,chart,False,False,EC_BP,"a = 1 0.1,EC = 99 0.1",1.5104166666666667
96,146,242,Cm,242Cm,0+,54803.699,,14072832.0,chart,False,False,ALPHA,"f = 0.0000062 3e-7,a = 100,34Si = 1e-14",1.5208333333333333
96,147,243,Cm,243Cm,5/2+,57181.936,,920850768.0,chart,False,False,ALPHA,"EC = 0.29 0.03,f = 5.3e-9 9e-10,a = 99.71 0.03",1.53125
96,148,244,Cm,244Cm,0+,58451.835,,571571251.1999999,chart,False,False,ALPHA,"a ~ 100 ,f = 0.00013779 0.00000235",1.5416666666666667
96,149,245,Cm,245Cm,7/2+,61004.524,,260192412000.0,chart,False,False,ALPHA,"a = 100,f = 6.1e-7 9e-8",1.5520833333333333
96,150,246,Cm,246Cm,0+,62616.912,,150119503200.0,chart,False,False,ALPHA,"a = 99.97385 0.00007,f = 0.02615 0.00007",1.5625
96,151,247,Cm,247Cm,9/2-,65533.105,,492298560000000.0,chart,False,False,ALPHA,a = 100,1.5729166666666667
96,152,248,Cm,248Cm,0+,67392.748,,10996908429600.0,chart,False,False,ALPHA,"a = 91.61 0.16,f = 8.39 0.16",1.5833333333333333
96,153,249,Cm,249Cm,1/2+,70750.696,,3849.000000000001,chart,False,False,B-,B- = 100,1.59375
96,154,250,Cm,250Cm,0+,72989.588,,261928080000.0,chart,False,False,OTHER,"f ~ 74 ,a?,B-?",1.6041666666666667
96,155,251,Cm,251Cm,"(1/2+),(3/2+)",76647.981,,1008.0,chart,False,False,B-,B- = 100,1.6145833333333333
97,136,233,Bk,233Bk,,52771.0,,21.0,chart,False,False,EC_BP,"a = 0 ,EC+B+?",1.402061855670103
97,137,234,Bk,234Bk,,53395.0,,19.0,chart,False,False,ALPHA,"a = 83 ,EC+B+ = 20 ",1.4123711340206186
97,139,236,Bk,236Bk,"(4+),(6-)",53542.0,,22.0,chart,False,False,EC_BP,"ECf = 4 2,EC+B+ ~ 83 ,a ~ 17 ",1.4329896907216495
97,140,237,Bk,237Bk,,53210.0,,,none,False,False,ALPHA,"a?,EC+B+?",1.443298969072165
97,141,238,Bk,238Bk,,54216.0,,144.0,chart,False,False,EC_BP,"ECf = 0.048 0.02,EC+B+ = 100",1.4536082474226804
97,142,239,Bk,239Bk,"(3/2-),(7/2+)",54250.0,,,none,False,False,EC_BP,"f = 1 ,EC+B+ = 100,a = 1 ",1.4639175257731958
97,143,240,Bk,240Bk,,55664.0,,288.0,chart,False,False,EC_BP,"ECf = 0.002 0.0013,EC+B+ = 100",1.4742268041237114
97,144,241,Bk,241Bk,(7/2+),55981.0,,276.0,chart,False,False,ALPHA,"a?,EC+B+ = 0 ",1.4845360824742269
97,145,242,Bk,242Bk,,57752.0,,420.0,chart,False,False,EC_BP,"f = 0.03 ,EC+B+ ~ 100 ,a = 1 ",1.4948453608247423
97,146,243,Bk,243Bk,(3/2-),58689.629,,16560.0,chart,False,False,EC_BP,"a ~ 0.15 ,EC+B+ ~ 99.85 ",1.5051546391752577
97,147,244,Bk,244Bk,(4-),60713.825,,18072.0,chart,False,False,EC_BP,"a = 0.006 0.003,EC+B+ = 99.994 0.003",1.5154639175257731
97,148,245,Bk,245Bk,3/2-,61813.776,,428544.0,chart,False,False,EC_BP,"a = 0.12 0.01,EC = 99.88 0.01",1.5257731958762886
97,149,246,Bk,246Bk,2(-),63966.912,,155520.0,chart,False,False,EC_BP,EC+B+ = 100,1.5360824742268042
97,150,247,Bk,247Bk,3/2-,65489.521,,43549488000.0,chart,False,False,ALPHA,a ~ 100 ,1.5463917525773196
97,151,248,Bk,248Bk,"(6+),(8-)",68131.053,,284018400.0,chart,False,False,ALPHA,"a?,EC?",1.556701030927835
97,152,249,Bk,249Bk,7/2+,69846.333,,28270080.0,chart,False,False,B-,"f = 4.7e-8 2e-9,a = 0.00137 0.0001,B- = 99.99863 0.0001",1.5670103092783505
97,153,250,Bk,250Bk,2-,72952.006,,11563.2,chart,False,False,B-,B- = 100 ,1.577319587628866
97,154,251,Bk,251Bk,(3/2-),75227.981,,3360.0,chart,False,False,B-,B- = 100 ,1.5876288659793814
97,155,252,Bk,252Bk,,78535.0,,108.0,chart,False,False,B-,B- = 100,1.597938144329897
97,156,253,Bk,253Bk,,80929.0,,600.0,chart,False,False,B-,B- = 100,1.6082474226804124
98,139,237,Cf,237Cf,,57938.255,,0.8,chart,False,False,ALPHA,"a = 70 10,f = 30 10",1.4183673469387754
98,140,238,Cf,238Cf,0+,57278.0,,0.0211,chart,False,False,OTHER,"a = 5 ,f = 95 ",1.4285714285714286
98,141,239,Cf,239Cf,,58202.0,,28.0,chart,False,False,ALPHA,"a = 65 3,EC+B+ = 35 3",1.4387755102040816
98,142,240,Cf,240Cf,0+,57988.719,,41.2,chart,False,False,ALPHA,"a = 98.5 0.2,f = 1.5 0.2",1.4489795918367347
98,143,241,Cf,241Cf,,59327.0,,226.8,chart,False,False,EC_BP,"a = 15 1,EC+B+ = 85 1",1.4591836734693877
98,144,242,Cf,242Cf,0+,59386.982,,209.4,chart,False,False,ALPHA,"f = 0.014 ,EC+B+ = 39 3,a = 61 3",1.469387755102041
98,145,243,Cf,243Cf,(1/2+),60990.0,,636.0,chart,False,False,EC_BP,"a ~ 14 ,EC+B+ ~ 86 ",1.4795918367346939
98,146,244,Cf,244Cf,0+,61478.096,,1164.0,chart,False,False,ALPHA,"a = 75 6,EC = 25 6",1.489795918367347
98,147,245,Cf,245Cf,1/2+,63385.151,,2700.0,chart,False,False,EC_BP,"a = 35.3 2.5,EC+B+ = 64.7 2.5",1.5
98,148,246,Cf,246Cf,0+,64090.228,,128520.0,chart,False,False,ALPHA,"a = 99.9946 0.0007,f = 0.0054 0.0007",1.510204081632653
98,149,247,Cf,247Cf,(7/2+),66109.392,,11196.0,chart,False,False,EC_BP,"a = 0.035 0.005,EC = 99.965 0.005",1.5204081632653061
98,150,248,Cf,248Cf,0+,67237.951,,28814400.0,chart,False,False,ALPHA,"a = 99.9971 0.0003,f = 0.0029 0.0003",1.530612244897959
98,151,249,Cf,249Cf,9/2-,69722.733,,11067250320.0,chart,False,False,ALPHA,"a = 100,f = 5e-7",1.5408163265306123
98,152,250,Cf,250Cf,0+,71170.336,,412773408.0,chart,False,False,ALPHA,"a = 99.923 0.003,f = 0.077 0.003",1.5510204081632653
98,153,251,Cf,251Cf,1/2+,74134.981,,28338724800.0,chart,False,False,ALPHA,"a ~ 100 ,f?",1.5612244897959184
98,154,252,Cf,252Cf,0+,76034.61,,83532967.19999999,chart,False,False,ALPHA,"a = 96.898 0.003,f = 3.102 0.003",1.5714285714285714
98,155,253,Cf,253Cf,(7/2+),79301.562,,1536192.0,chart,False,False,B-,"B- = 99.69 0.04,a = 0.31 0.04",1.5816326530612246
98,156,254,Cf,254Cf,0+,81341.395,,5227200.0,chart,False,False,OTHER,"a = 0.31 0.02,f = 99.69 0.02",1.5918367346938775
98,157,255,Cf,255Cf,(7/2+),84809.0,,5100.0,chart,False,False,B-,B- = 100,1.6020408163265305
98,158,256,Cf,256Cf,0+,87041.0,,738.0,chart,False,False,OTHER,f = 100,1.6122448979591837
99,141,240,Es,240Es,(1+),64225.0,,6.7,chart,False,False,ALPHA,"ECf = 16 6,EC+B+ = 30 10,a = 70 10",1.4242424242424243
99,142,241,Es,241Es,,63893.0,,4.3,chart,False,False,ALPHA,"a?,EC+B+?",1.4343434343434343
99,143,242,Es,242Es,,64801.0,,17.8,chart,False,False,ALPHA,"ECf = 0.7 0.2,EC+B+ = 43 3,a = 57 3",1.4444444444444444
99,144,243,Es,243Es,(3/2-),64747.0,,22.0,chart,False,False,ALPHA,"f = 1 ,EC+B+ = 39 6,a = 61 6",1.4545454545454546
99,145,244,Es,244Es,,66026.0,,37.0,chart,False,False,EC_BP,"ECf = 0.011 0.004,EC+B+ = 96 +2-3,a = 4 +3-2",1.4646464646464648
99,146,245,Es,245Es,(3/2-),66315.0,,67.2,chart,False,False,ALPHA,"a = 54 7,EC+B+ = 46 7",1.4747474747474747
99,147,246,Es,246Es,,67818.802,,450.0,chart,False,False,EC_BP,"ECf ~ 0.003 ,EC+B+ = 90.1 1.8,a = 9.9 1.8",1.4848484848484849
99,148,247,Es,247Es,(7/2+),68578.393,,273.0,chart,False,False,EC_BP,"a ~ 7 ,EC+B+ ~ 93 ",1.494949494949495
99,149,248,Es,248Es,"(2-),(0+)",70299.0,,1440.0,chart,False,False,EC_BP,"ECf = 0.00035 0.00018,EC+B+ ~ 99.7 ,a ~ 0.3 ",1.505050505050505
99,150,249,Es,249Es,7/2+,71175.0,,6132.0,chart,False,False,EC_BP,"a = 0.57 0.08,EC+B+ = 99.43 0.08",1.5151515151515151
99,151,250,Es,250Es,(6+),73225.0,,30600.0,chart,False,False,EC_BP,"a = 3 ,EC+B+ = 97 ",1.5252525252525253
99,152,251,Es,251Es,3/2-,74511.547,,118800.0,chart,False,False,EC_BP,"a = 0.5 0.2,EC = 99.5 0.2",1.5353535353535352
99,153,252,Es,252Es,(5-),77294.61,,40754880.0,chart,False,False,ALPHA,"a = 78 2,EC = 22 2",1.5454545454545454
99,154,253,Es,253Es,7/2+,79010.486,,1768262.4,chart,False,False,ALPHA,"a = 100,f = 0.0000088 3e-7",1.5555555555555556
99,155,254,Es,254Es,7(+),81994.151,,23820480.0,chart,False,False,ALPHA,"f = 0.000003 ,a ~ 100 ,B- = 0.000174 0.000008",1.5656565656565657
99,156,255,Es,255Es,(7/2+),84089.237,,3438719.9999999995,chart,False,False,B-,"f = 0.0041 0.0002,a = 8 0.4,B- = 92 0.4",1.5757575757575757
99,157,256,Es,256Es,"(1+),(0-)",87185.0,,1524.0,chart,False,False,B-,B- = 100,1.5858585858585859
99,158,257,Es,257Es,,89403.0,,665280.0,chart,False,False,B-,"f?,a?,B- ~ 100 ",1.595959595959596
100,141,241,Fm,241Fm,,69220.0,,0.00073,chart,False,False,OTHER,"f = 78 ,EC+B+ = 12 ,a = 14 ",1.41
100,142,242,Fm,242Fm,0+,68400.0,,0.0008,chart,False,False,OTHER,f = 100,1.42
100,143,243,Fm,243Fm,(7/2-),69316.0,,0.231,chart,False,False,ALPHA,"f = 9 3,EC+B+ = 10 ,a = 91 3",1.43
100,144,244,Fm,244Fm,0+,68964.0,,0.00312,chart,False,False,OTHER,"f = 97 ,EC+B+ = 2 ,a = 1 ",1.44
100,145,245,Fm,245Fm,,70192.0,,5.4,chart,False,False,EC_BP,"f = 0.3 ,EC+B+ = 11.5 +6.8-5,a = 88.5 +5-6",1.45
100,146,246,Fm,246Fm,0+,70191.187,,1.53,chart,False,False,ALPHA,"f = 6.4 0.4,EC+B+ = 1.3 ,a = 93.6 0.4",1.46
100,147,247,Fm,247Fm,(7/2+),71672.0,,31.0,chart,False,False,ALPHA,"a ~ 64 ,EC+B+ ~ 36 ",1.47
100,148,248,Fm,248Fm,0+,71897.793,,34.5,chart,False,False,ALPHA,"f = 0.1 0.05,EC+B+?,a ~ 99.9 ",1.48
100,149,249,Fm,249Fm,(7/2-),73519.143,,96.0,chart,False,False,EC_BP,"a = 15.6 1,EC+B+ = 84.4 1",1.49
100,150,250,Fm,250Fm,0+,74072.193,,1854.0,chart,False,False,ALPHA,"EC?,f = 0.0069 0.001,a ~ 100 ",1.5
100,151,251,Fm,251Fm,(9/2-),75958.808,,19080.0,chart,False,False,EC_BP,"a = 1.8 0.13,EC+B+ = 98.2 0.13",1.51
100,152,252,Fm,252Fm,0+,76816.611,,91368.0,chart,False,False,ALPHA,"a = 99.9977 0.0002,f = 0.0023 0.0002",1.52
100,153,253,Fm,253Fm,1/2+,79345.549,,259200.0,chart,False,False,EC_BP,"a = 12 1,EC = 88 1",1.53
100,154,254,Fm,254Fm,0+,80902.521,,11664.0,chart,False,False,ALPHA,"a = 99.9408 0.0003,f = 0.0592 0.0003",1.54
100,155,255,Fm,255Fm,7/2+,83800.465,,72252.0,chart,False,False,ALPHA,"a ~ 100 ,f = 0.000024 0.00001",1.55
100,156,256,Fm,256Fm,0+,85484.796,,9426.0,chart,False,False,OTHER,"a = 8.1 0.3,f = 91.9 0.3",1.56
100,157,257,Fm,257Fm,(9/2+),88590.137,,8683200.0,chart,False,False,ALPHA,"a = 99.79 0.004,f = 0.21 0.004",1.57
100,158,258,Fm,258Fm,0+,90426.0,,0.00037,chart,False,False,OTHER,f ~ 100 ,1.58
100,159,259,Fm,259Fm,,93704.0,,1.5,chart,False,False,OTHER,f = 100,1.59
101,143,244,Md,244Md,,75597.0,,0.39,chart,False,False,ALPHA,"a ~ 100 ,EC+B+ = 14 ",1.4158415841584158
101,144,245,Md,245Md,(7/2-),75325.0,,0.33,chart,False,False,ALPHA,a ~ 100 ,1.4257425742574257
101,145,246,Md,246Md,,76115.0,,0.9,chart,False,False,ALPHA,"f?,EC+B+?,a = 100 ",1.4356435643564356
101,146,247,Md,247Md,(7/2-),75936.0,,1.2,chart,False,False,ALPHA,"a = 99.14 0.1,f = 0.86 0.1",1.4455445544554455
101,147,248,Md,248Md,,76948.0,,7.0,chart,False,False,EC_BP,"a = 20 10,EC+B+ = 80 10",1.4554455445544554
101,148,249,Md,249Md,(7/2-),77180.952,,25.6,chart,False,False,ALPHA,"a = 75 5,EC+B+ = 25 5",1.4653465346534653
101,149,250,Md,250Md,,78399.14,,53.4,chart,False,False,EC_BP,"ECf = 0.02 +0.02-0.01,EC+B+ = 93 1,a = 7 1",1.4752475247524752
101,150,251,Md,251Md,(7/2-),78966.749,,256.2,chart,False,False,EC_BP,"a = 10 1,EC+B+ = 90 1",1.4851485148514851
101,151,252,Md,252Md,(1+),80467.118,,138.0,chart,False,False,EC_BP,"a?,EC+B+ ~ 100 ",1.495049504950495
101,152,253,Md,253Md,(7/2-),81173.0,,387.0,chart,False,False,EC_BP,"a ~ 0.7 ,EC+B+ ~ 99.3 ",1.504950495049505
101,153,254,Md,254Md,,83453.0,,600.0,chart,False,False,EC_BP,EC+B+ ~ 100 ,1.5148514851485149
101,154,255,Md,255Md,(7/2-),84842.069,,1620.0,chart,False,False,EC_BP,"EC = 93 1,f = 0.15 ,a = 7 1",1.5247524752475248
101,155,256,Md,256Md,(1-),87456.0,,4662.0,chart,False,False,EC_BP,"f = 3 ,EC+B+ = 90.5 0.5,a = 9.5 0.5",1.5346534653465347
101,156,257,Md,257Md,(7/2-),88992.472,,19872.0,chart,False,False,EC_BP,"EC = 85 3,f = 1 ,a = 15 3",1.5445544554455446
101,157,258,Md,258Md,(8-),91690.35,,4451328.0,chart,False,False,ALPHA,a ~ 100 ,1.5544554455445545
101,158,259,Md,259Md,,93564.0,,5796.0,chart,False,False,OTHER,"a = 1.3 ,f ~ 100 ",1.5643564356435644
101,159,260,Md,260Md,,96550.0,,2747520.0,chart,False,False,OTHER,"EC = 23 ,f = 42 ,a = 25 ,B- = 10 ",1.5742574257425743
102,147,249,No,249No,(7/2+),81787.0,,0.0378,chart,False,False,ALPHA,"a ~ 100 ,f = 0.23 ",1.4411764705882353
102,148,250,No,250No,0+,81566.0,,4.5999999999e-06,chart,False,False,OTHER,f ~ 100 ,1.4509803921568627
102,149,251,No,251No,(7/2+),82849.0,,0.8,chart,False,False,OTHER,"f = 0.0014 +0.0031-0.0012,EC+B+ = 0 ,a = 91 +9-22",1.4607843137254901
102,150,252,No,252No,0+,82871.37,,2.45,chart,False,False,ALPHA,"f = 33 0.8,EC+B+ = 1.7 0.9,a = 65.3 0.5",1.4705882352941178
102,151,253,No,253No,9/2-,84358.696,,96.6,chart,False,False,ALPHA,"a = 55 3,EC+B+ = 45 3",1.4803921568627452
102,152,254,No,254No,0+,84723.312,,51.2,chart,False,False,ALPHA,"EC = 10 1,f = 0.17 0.02,a = 90 1",1.4901960784313726
102,153,255,No,255No,(1/2+),86811.934,,211.2,chart,False,False,EC_BP,"a = 30 5,EC+B+ = 70 5",1.5
102,154,256,No,256No,0+,87823.046,,2.93,chart,False,False,ALPHA,"a = 99.47 0.06,f = 0.53 0.06",1.5098039215686274
102,155,257,No,257No,(3/2+),90247.064,,24.5,chart,False,False,ALPHA,"EC = 15 15,f = 1.5 ,a = 85 15",1.5196078431372548
102,156,258,No,258No,0+,91477.0,,0.00123,chart,False,False,OTHER,f ~ 100 ,1.5294117647058822
102,157,259,No,259No,(9/2+),94079.381,,3480.0,chart,False,False,ALPHA,"EC = 25 4,f = 10 ,a = 75 4",1.5392156862745099
102,158,260,No,260No,0+,95610.0,,0.107,chart,False,False,OTHER,f = 100,1.5490196078431373
102,160,262,No,262No,0+,100101.0,,0.005,chart,False,False,OTHER,f = 100,1.5686274509803921
103,148,251,Lr,251Lr,(7/2-),87830.0,,0.0243999999999999,chart,False,False,ALPHA,a ~ 100 ,1.4368932038834952
103,149,252,Lr,252Lr,(7-),88537.0,,0.35,chart,False,False,OTHER,"f = 2 ,EC+B+?,a = 0 ",1.4466019417475728
103,150,253,Lr,253Lr,(7/2-),88523.471,,0.65,chart,False,False,ALPHA,"a ~ 99 ,f = 1 0.6",1.4563106796116505
103,151,254,Lr,254Lr,(4+),89645.887,,11.9,chart,False,False,ALPHA,"f = 0.1 ,EC+B+ = 28.3 1.9,a = 71.7 1.9",1.4660194174757282
103,152,255,Lr,255Lr,(1/2-),89947.305,,31.1,chart,False,False,ALPHA,"f = 0.1 ,EC+B+ = 0.3 0.1,a = 99.7 0.1",1.4757281553398058
103,153,256,Lr,256Lr,"(0-),(3-)",91746.603,,27.9,chart,False,False,ALPHA,"a ~ 85 ,EC+B+ ~ 15 ",1.4854368932038835
103,154,257,Lr,257Lr,,92665.0,,5.9,chart,False,False,ALPHA,"f = 0.033 ,EC+B+ = 15 ,a ~ 100 ",1.4951456310679612
103,155,258,Lr,258Lr,,94782.0,,3.86,chart,False,False,ALPHA,"a = 97.4 1.8,EC+B+ = 2.6 1.8",1.5048543689320388
103,156,259,Lr,259Lr,,95851.0,,6.22,chart,False,False,ALPHA,"a = 78 2,f = 22 2",1.5145631067961165
103,157,260,Lr,260Lr,,98277.0,,180.0,chart,False,False,ALPHA,"a = 60 ,EC+B+ = 40 ",1.5242718446601942
103,158,261,Lr,261Lr,,99557.0,,2520.0,chart,False,False,OTHER,"a?,f ~ 100 ",1.5339805825242718
103,159,262,Lr,262Lr,,102105.0,,14400.0,chart,False,False,OTHER,"f = 10 ,EC+B+?,a?",1.5436893203883495
103,161,264,Lr,264Lr,,106375.0,,17640.0,chart,False,False,OTHER,f ~ 100 ,1.5631067961165048
103,163,266,Lr,266Lr,,111662.0,,39600.0,chart,False,False,OTHER,f = 100,1.5825242718446602
104,149,253,Rf,253Rf,(1/2+),93642.0,,0.0103,chart,False,False,OTHER,"a ~ 13 ,f ~ 87 ",1.4326923076923077
104,150,254,Rf,254Rf,0+,93201.0,,2.28e-05,chart,False,False,OTHER,"a = 1.5 ,f ~ 100 ",1.4423076923076923
104,151,255,Rf,255Rf,(9/2-),94329.0,,1.67,chart,False,False,OTHER,"f = 51 1.1,EC+B+ = 0.08 ,a = 49 1.1",1.4519230769230769
104,152,256,Rf,256Rf,0+,94221.992,,0.0067599999999999,chart,False,False,OTHER,"a = 0.31 0.1,f = 99.69 0.17",1.4615384615384615
104,153,257,Rf,257Rf,(1/2+),95866.389,,4.5,chart,False,False,ALPHA,"f = 1.3 0.3,EC+B+ = 9.4 1.4,a = 89.3 1.4",1.4711538461538463
104,154,258,Rf,258Rf,0+,96344.338,,0.00981,chart,False,False,OTHER,"a = 4.9 1.6,f = 95.1 1.6",1.4807692307692308
104,155,259,Rf,259Rf,,98367.0,,2.5,chart,False,False,ALPHA,"f = 3 ,EC+B+ = 15 4,a = 85 4",1.4903846153846154
104,156,260,Rf,260Rf,0+,99148.0,,0.0217,chart,False,False,OTHER,"a = 35 ,f = 65 ",1.5
104,157,261,Rf,261Rf,,101318.233,,70.0,chart,False,False,ALPHA,a = 100,1.5096153846153846
104,158,262,Rf,262Rf,0+,102392.0,,0.047,chart,False,False,OTHER,f ~ 100 ,1.5192307692307692
104,159,263,Rf,263Rf,,104757.0,,817.8000000000001,chart,False,False,OTHER,"a?,f ~ 100 ",1.5288461538461537
104,161,265,Rf,265Rf,,108690.0,,60.0,chart,False,False,OTHER,"a?,f ~ 100 ",1.5480769230769231
104,163,267,Rf,267Rf,,113444.0,,4680.0,chart,False,False,OTHER,f ~ 100 ,1.5673076923076923
105,150,255,Db,255Db,,99595.0,,0.054,chart,False,False,OTHER,"a?,f ~ 77 ",1.4285714285714286
105,151,256,Db,256Db,,100298.0,,1.9,chart,False,False,ALPHA,"f?,EC+B+ = 30 8,a = 70 8",1.438095238095238
105,152,257,Db,257Db,(9/2+),100154.285,,2.3,chart,False,False,ALPHA,"a = 94 ,f = 6 ",1.4476190476190476
105,153,258,Db,258Db,(0-),101507.703,,2.08,chart,False,False,ALPHA,"a = 64 10,EC+B+ = 36 10",1.457142857142857
105,154,259,Db,259Db,,101991.021,,0.51,chart,False,False,ALPHA,a = 100,1.4666666666666666
105,155,260,Db,260Db,,103673.0,,1.51,chart,False,False,ALPHA,"a = 90 6,f = 10 6",1.4761904761904763
105,156,261,Db,261Db,,104308.0,,4.1,chart,False,False,OTHER,"a = 27 27,f = 73 27",1.4857142857142858
105,157,262,Db,262Db,,106253.0,,34.4,chart,False,False,OTHER,"f = 53 7,EC+B+ = 5 ,a = 47 7",1.4952380952380953
105,158,263,Db,263Db,,107110.0,,27.0,chart,False,False,OTHER,"f = 55 4,EC+B+ = 3 +4-1,a = 42 4",1.5047619047619047
105,161,266,Db,266Db,,112740.0,,1440.0,chart,False,False,OTHER,"f ~ 100 ,EC+B+?,a?",1.5333333333333334
105,162,267,Db,267Db,,114014.0,,4740.0,chart,False,False,OTHER,f ~ 100 ,1.542857142857143
105,163,268,Db,268Db,,117060.0,,95040.0,chart,False,False,OTHER,"a = 55 +20-15,f = 45 +15-20",1.5523809523809524
105,165,270,Db,270Db,,122397.0,,54000.0,chart,False,False,OTHER,"a?,f ~ 100 ",1.5714285714285714
106,152,258,Sg,258Sg,0+,105296.0,,0.0027,chart,False,False,OTHER,"a = 20 ,f ~ 100 ",1.4339622641509433
106,153,259,Sg,259Sg,(11/2-),106519.0,,0.4,chart,False,False,ALPHA,"f = 3 1,EC+B+ = 13 ,a = 97 1",1.4433962264150944
106,154,260,Sg,260Sg,0+,106547.495,,0.00483,chart,False,False,ALPHA,"a = 71 3,f = 29 3",1.4528301886792452
106,155,261,Sg,261Sg,,108005.004,,0.183,chart,False,False,ALPHA,"f = 0.6 0.2,EC+B+ = 1.3 0.3,a = 98.1 0.4",1.4622641509433962
106,156,262,Sg,262Sg,0+,108369.072,,0.0114,chart,False,False,OTHER,"a = 6 6,f = 94 6",1.471698113207547
106,157,263,Sg,263Sg,,110195.0,,0.9,chart,False,False,ALPHA,"a = 87 8,f = 13 8",1.4811320754716981
106,158,264,Sg,264Sg,0+,110783.0,,0.06,chart,False,False,OTHER,"a = 20 ,f = 80 ",1.490566037735849
106,159,265,Sg,265Sg,,112794.0,,16.0,chart,False,False,ALPHA,"a = 50 ,f = 50 ",1.5
106,160,266,Sg,266Sg,0+,113617.0,,0.34,chart,False,False,OTHER,f = 100,1.509433962264151
106,161,267,Sg,267Sg,,115806.0,,84.0,chart,False,False,OTHER,"a ~ 17 ,f ~ 83 ",1.5188679245283019
106,163,269,Sg,269Sg,,119692.0,,136.2,chart,False,False,ALPHA,a ~ 100 ,1.5377358490566038
106,165,271,Sg,271Sg,,124617.0,,96.0,chart,False,False,ALPHA,"a ~ 50 ,f ~ 50 ",1.5566037735849056
107,153,260,Bh,260Bh,,113123.0,,0.035,chart,False,False,ALPHA,"f = 18 ,EC+B+ = 18 ,a ~ 100 ",1.4299065420560748
107,154,261,Bh,261Bh,(5/2-),113079.41,,0.0117,chart,False,False,ALPHA,"a ~ 100 ,f = 10 ",1.439252336448598
107,155,262,Bh,262Bh,,114252.119,,0.088,chart,False,False,ALPHA,a ~ 100 ,1.4485981308411215
107,157,264,Bh,264Bh,,115958.0,,0.99,chart,False,False,ALPHA,"a ~ 85 ,f ~ 15 ",1.4672897196261683
107,158,265,Bh,265Bh,,116395.0,,0.94,chart,False,False,ALPHA,a ~ 100 ,1.4766355140186915
107,159,266,Bh,266Bh,,118104.0,,10.0,chart,False,False,ALPHA,"a ~ 100 ,f?",1.485981308411215
107,160,267,Bh,267Bh,,118765.0,,16.0,chart,False,False,ALPHA,a ~ 100 ,1.4953271028037383
107,163,270,Bh,270Bh,,124230.0,,60.0,chart,False,False,ALPHA,"a ~ 100 ,f?",1.5233644859813085
107,164,271,Bh,271Bh,,125859.0,,1.5,chart,False,False,ALPHA,a ~ 100 ,1.5327102803738317
107,165,272,Bh,272Bh,,128787.0,,9.4,chart,False,False,ALPHA,a ~ 100 ,1.5420560747663552
107,167,274,Bh,274Bh,,133762.0,,44.0,chart,False,False,ALPHA,"a ~ 100 ,f?",1.560747663551402
107,171,278,Bh,278Bh,,144370.0,,1140.0,chart,False,False,OTHER,"a = 50 ,f ~ 100 ",1.5981308411214954
108,155,263,Hs,263Hs,,119678.0,,0.00074,chart,False,False,ALPHA,"a ~ 100 ,f?",1.4351851851851851
108,156,264,Hs,264Hs,0+,119563.165,,0.00063,chart,False,False,OTHER,"a = 80 +20-40,f = 20 +40-20",1.4444444444444444
108,157,265,Hs,265Hs,,120900.245,,0.0019,chart,False,False,ALPHA,"a ~ 100 ,f = 1 ",1.4537037037037037
108,158,266,Hs,266Hs,0+,121139.675,,0.00297,chart,False,False,ALPHA,"a = 76 9,f = 24 9",1.462962962962963
108,159,267,Hs,267Hs,,122658.0,,0.053,chart,False,False,ALPHA,a ~ 100 ,1.4722222222222223
108,160,268,Hs,268Hs,0+,122968.0,,0.4,chart,False,False,ALPHA,a ~ 100 ,1.4814814814814814
108,161,269,Hs,269Hs,,124493.0,,13.0,chart,False,False,ALPHA,a ~ 100 ,1.4907407407407407
108,162,270,Hs,270Hs,0+,125112.0,,7.6,chart,False,False,ALPHA,"a = 50 ,f = 50 ",1.5
108,163,271,Hs,271Hs,,127691.0,,,none,False,False,ALPHA,a ~ 100 ,1.5092592592592593
108,165,273,Hs,273Hs,,131767.0,,0.51,chart,False,False,ALPHA,a ~ 100 ,1.5277777777777777
108,167,275,Hs,275Hs,,136492.0,,0.2,chart,False,False,ALPHA,a ~ 100 ,1.5462962962962963
108,169,277,Hs,277Hs,,141375.0,,0.003,chart,False,False,OTHER,f ~ 100 ,1.5648148148148149
109,157,266,Mt,266Mt,,127672.681,,0.0021,chart,False,False,ALPHA,"a = 75 ,f = 25 ",1.4403669724770642
109,159,268,Mt,268Mt,,129151.0,,0.021,chart,False,False,ALPHA,a ~ 100 ,1.4587155963302751
109,161,270,Mt,270Mt,,130709.0,,0.48,chart,False,False,ALPHA,a ~ 100 ,1.4770642201834863
109,165,274,Mt,274Mt,,137249.0,,0.44,chart,False,False,ALPHA,"a ~ 100 ,f?",1.5137614678899083
109,166,275,Mt,275Mt,,138767.0,,0.02,chart,False,False,ALPHA,a ~ 100 ,1.5229357798165137
109,167,276,Mt,276Mt,,141312.0,,0.62,chart,False,False,ALPHA,a ~ 100 ,1.5321100917431192
109,168,277,Mt,277Mt,,143008.0,,0.0039,chart,False,False,OTHER,f ~ 100 ,1.5412844036697249
109,169,278,Mt,278Mt,,145767.0,,4.5,chart,False,False,ALPHA,"a ~ 100 ,f?",1.5504587155963303
110,157,267,Ds,267Ds,,133880.0,,3e-06,chart,False,False,ALPHA,a ~ 100 ,1.4272727272727272
110,159,269,Ds,269Ds,,134834.671,,0.0001799999999999,chart,False,False,ALPHA,a ~ 100 ,1.4454545454545455
110,160,270,Ds,270Ds,0+,134681.584,,0.00019,chart,False,False,ALPHA,"a ~ 100 ,f?",1.4545454545454546
110,161,271,Ds,271Ds,,135952.0,,0.0016,chart,False,False,ALPHA,a ~ 100 ,1.4636363636363636
110,163,273,Ds,273Ds,,138285.0,,0.0001899999999999,chart,False,False,ALPHA,a ~ 100 ,1.481818181818182
110,167,277,Ds,277Ds,,145092.0,,0.0035,chart,False,False,ALPHA,a ~ 100 ,1.518181818181818
110,169,279,Ds,279Ds,,149024.0,,0.216,chart,False,False,OTHER,"a ~ 12.5 ,f ~ 88.5 ",1.5363636363636364
110,170,280,Ds,280Ds,0+,150320.0,,0.0003599999999999,chart,False,False,OTHER,f ~ 100 ,1.5454545454545454
110,171,281,Ds,281Ds,,153273.0,,12.0,chart,False,False,OTHER,"a ~ 6 ,f ~ 94 ",1.5545454545454545
110,172,282,Ds,282Ds,0+,154790.0,,66.0,chart,False,False,ALPHA,"a ~ 100 ,f = 50 ",1.5636363636363637
111,161,272,Rg,272Rg,,142773.0,,0.0038,chart,False,False,ALPHA,a ~ 100 ,1.4504504504504505
111,163,274,Rg,274Rg,,144612.0,,0.012,chart,False,False,ALPHA,a ~ 100 ,1.4684684684684686
111,167,278,Rg,278Rg,,150521.0,,0.0042,chart,False,False,ALPHA,"a ~ 100 ,f?",1.5045045045045045
111,168,279,Rg,279Rg,,151721.0,,0.09,chart,False,False,ALPHA,a ~ 100 ,1.5135135135135136
111,169,280,Rg,280Rg,,153886.0,,3.87,chart,False,False,ALPHA,a ~ 100 ,1.5225225225225225
111,170,281,Rg,281Rg,,155333.0,,11.0,chart,False,False,OTHER,"a = 12 +9-7,f = 88 +7-9",1.5315315315315314
111,171,282,Rg,282Rg,,157742.0,,100.0,chart,False,False,ALPHA,"a ~ 100 ,f?",1.5405405405405406
111,175,286,Rg,286Rg,,166510.0,,,none,False,False,ALPHA,"a ~ 100 ,f = 54 ",1.5765765765765767
112,165,277,Cn,277Cn,,152332.0,,0.00061,chart,False,False,ALPHA,a ~ 100 ,1.4732142857142858
112,169,281,Cn,281Cn,,157947.0,,0.18,chart,False,False,ALPHA,a ~ 100 ,1.5089285714285714
112,170,282,Cn,282Cn,0+,158826.0,,0.00098,chart,False,False,OTHER,"a = 7 ,f ~ 100 ",1.5178571428571428
112,171,283,Cn,283Cn,,161337.0,,4.6,chart,False,False,ALPHA,"a ~ 85 ,f ~ 15 ",1.5267857142857142
112,172,284,Cn,284Cn,0+,162415.0,,0.121,chart,False,False,OTHER,"a ~ 2 ,f ~ 98 ",1.5357142857142858
112,173,285,Cn,285Cn,,165086.0,,33.0,chart,False,False,ALPHA,a ~ 100 ,1.5446428571428572
112,174,286,Cn,286Cn,0+,166450.0,,660.0,chart,False,False,ALPHA,"a ~ 100 ,f = 50 ",1.5535714285714286
113,165,278,Nh,278Nh,,159030.0,,1.4,chart,False,False,ALPHA,a ~ 100 ,1.4601769911504425
113,169,282,Nh,282Nh,,163729.0,,0.073,chart,False,False,ALPHA,"a ~ 100 ,f?",1.4955752212389382
113,170,283,Nh,283Nh,,164563.0,,0.07,chart,False,False,ALPHA,a ~ 100 ,1.5044247787610618
113,171,284,Nh,284Nh,,166591.0,,0.82,chart,False,False,ALPHA,a ~ 100 ,1.5132743362831858
113,172,285,Nh,285Nh,,167768.0,,2.1,chart,False,False,ALPHA,a ~ 100 ,1.5221238938053097
113,173,286,Nh,286Nh,,169957.0,,9.5,chart,False,False,ALPHA,"a ~ 100 ,f?",1.5309734513274336
113,177,290,Nh,290Nh,,178315.0,,2.0,chart,False,False,ALPHA,"a ~ 100 ,f = 50 ",1.5663716814159292
114,170,284,Fl,284Fl,0+,168779.0,,0.0025,chart,False,False,OTHER,"a = 25 ,f ~ 100 ",1.4912280701754386
114,171,285,Fl,285Fl,,170932.0,,0.1,chart,False,False,ALPHA,"a ~ 100 ,f = 12.5 ",1.5
114,172,286,Fl,286Fl,0+,171606.0,,0.121,chart,False,False,OTHER,"a = 60 +10-11,f = 40 +11-10",1.5087719298245614
114,173,287,Fl,287Fl,,173929.0,,0.4,chart,False,False,ALPHA,a ~ 100 ,1.5175438596491229
114,174,288,Fl,288Fl,0+,174917.0,,0.64,chart,False,False,ALPHA,"a ~ 100 ,f = 3 ",1.5263157894736843
114,175,289,Fl,289Fl,,177465.0,,2.4,chart,False,False,ALPHA,a ~ 100 ,1.5350877192982457
114,176,290,Fl,290Fl,0+,178731.0,,19.0,chart,False,False,EC_BP,"f = 50 ,EC+B+ ~ 100 ,a = 50 ",1.543859649122807
115,172,287,Mc,287Mc,,177748.0,,0.037,chart,False,False,ALPHA,a ~ 100 ,1.4956521739130435
115,173,288,Mc,288Mc,,179666.0,,0.199,chart,False,False,ALPHA,a ~ 100 ,1.5043478260869565
115,174,289,Mc,289Mc,,180683.0,,0.277,chart,False,False,ALPHA,a ~ 100 ,1.5130434782608695
115,175,290,Mc,290Mc,,182792.0,,0.65,chart,False,False,ALPHA,"a ~ 100 ,f?",1.5217391304347827
116,174,290,Lv,290Lv,0+,185028.0,,0.0083,chart,False,False,ALPHA,"a ~ 100 ,f = 8 ",1.5
116,175,291,Lv,291Lv,,187244.0,,0.019,chart,False,False,ALPHA,a ~ 100 ,1.5086206896551724
116,176,292,Lv,292Lv,0+,188133.0,,0.0128,chart,False,False,ALPHA,"a ~ 100 ,f = 9 ",1.5172413793103448
116,177,293,Lv,293Lv,,190568.0,,0.095,chart,False,False,ALPHA,a ~ 100 ,1.5258620689655173
117,176,293,Ts,293Ts,,194428.0,,0.021,chart,False,False,ALPHA,a ~ 100 ,1.5042735042735043
117,177,294,Ts,294Ts,,196397.0,,0.051,chart,False,False,ALPHA,a ~ 100 ,1.5128205128205128
118,176,294,Og,294Og,0+,199320.0,,0.00058,chart,False,False,ALPHA,"a ~ 100 ,f = 20 ",1.4915254237288136
