Z,N,A,element,level_index,level_energy_keV,spin_parity,mass_excess_keV,abundance,half_life_s,half_life_source,is_stable,is_resonance,dominant_mode,decay_modes_raw
0,1,1,NN,0,0.0,1/2+,8071.31806,,608.9,wallet,False,False,B-,B- = 100 
1,0,1,H,0,0.0,1/2+,7288.971064,99.9855,,none,True,False,STABLE,
1,1,2,H,0,0.0,1+,13135.722895,0.0145,,none,True,False,STABLE,
1,2,3,H,0,0.0,1/2+,14949.8109,,388855902.96,chart,False,False,B-,B- = 100 
1,3,4,H,0,0.0,2-,24621.129,,1.3809090909090908e-22,chart,False,True,OTHER,n = 100
1,4,5,H,0,0.0,(1/2+),32892.447,,8.59811320754717e-23,chart,False,True,OTHER,2n ~ 100 
1,5,6,H,0,0.0,,41875.725,,3.0379999999999995e-22,chart,False,True,OTHER,3n = 100
1,6,7,H,0,0.0,1/2+,49135.0,,2.531666666666667e-21,chart,False,True,OTHER,"2n?,4n?"
2,1,3,He,0,0.0,1/2+,14931.21888,0.0002,,none,True,False,STABLE,
2,2,4,He,0,0.0,0+,2424.91587,99.9998,,none,True,False,STABLE,
2,3,5,He,0,0.0,3/2-,11231.234,,6.337969401947149e-22,chart,False,True,OTHER,n = 100
2,4,6,He,0,0.0,0+,17592.095,,0.8071200000000001,chart,False,False,B-,B- = 100 
2,5,7,He,0,0.0,(3/2)-,26073.128,,2.336923076923077e-21,chart,False,True,OTHER,n = 100
2,6,8,He,0,0.0,0+,31609.683,,0.119,chart,False,False,B-,"B- = 100,B-n = 16 1"
2,7,9,He,0,0.0,1/2+,40935.826,,2.531666666666667e-21,chart,False,True,OTHER,n = 100 
2,8,10,He,0,0.0,0+,49197.147,,2.5316666666666666e-22,chart,False,True,OTHER,2n = 100
3,1,4,Li,0,0.0,2-,25323.19,,9.114e-23,chart,False,True,OTHER,p = 100 
3,2,5,Li,0,0.0,3/2-,11678.887,,3.704878048780488e-22,chart,False,True,OTHER,p = 100
3,3,6,Li,0,0.0,1+,14086.88044,4.85,,none,True,False,STABLE,
3,4,7,Li,0,0.0,3/2-,14907.10463,95.15,,none,True,False,STABLE,
3,5,8,Li,0,0.0,2+,20945.805,,0.83879,chart,False,False,B-,"B- = 100 ,B-a = 100"
3,6,9,Li,0,0.0,3/2-,24954.905,,0.178,chart,False,False,B-,"B-a = 12.3 0.9,B-n = 51 0.9,B- = 100"
3,7,10,Li,0,0.0,"(1-),(2-)",33052.628,,1.981304347826087e-21,chart,False,True,OTHER,n = 100 
3,8,11,Li,0,0.0,3/2-,40728.259,,0.00875,chart,False,False,B-,"B-a = 1.7 0.3,B-n = 84.3 1.3,B-3n = 1.9 0.2,B- = 100,B-2n = 4.2 0.3"
3,9,12,Li,0,0.0,"(1-),(2-)",49009.577,,,none,False,False,OTHER,n = 100 
3,10,13,Li,0,0.0,,56980.895,,3.6456e-21,chart,False,True,OTHER,2n = 100
4,2,6,Be,0,0.0,0+,18375.034,,4.953260869565218e-21,chart,False,True,OTHER,2p = 100 
4,3,7,Be,0,0.0,3/2-,15768.998,,4605120.0,chart,False,False,EC_BP,EC = 100 
4,4,8,Be,0,0.0,0+,4941.672,,8.181328545780969e-17,chart,False,True,ALPHA,a = 100 
4,5,9,Be,0,0.0,3/2-,11348.451,100.0,,none,True,False,STABLE,
4,6,10,Be,0,0.0,0+,12607.487,,43725800311200.0,chart,False,False,B-,B- = 100 
4,7,11,Be,0,0.0,1/2+,20177.169,,13.77,chart,False,False,B-,"B-a = 3.3 0.1,B-p = 0.000013 0.000003,B- = 100"
4,8,12,Be,0,0.0,0+,25077.761,,0.02146,chart,False,False,B-,"B- = 100,B-n = 0.5 0.03"
4,9,13,Be,0,0.0,(1/2-),33659.08,,1.0126666666666666e-21,chart,False,True,OTHER,n?
4,10,14,Be,0,0.0,0+,39954.502,,0.00465,chart,False,False,B-,"B-a = 0.004 ,B-2n = 5 2,B- = 100,B-n = 86 6"
4,11,15,Be,0,0.0,(5/2+),49825.821,,7.856896551724138e-22,chart,False,True,OTHER,n = 100
4,12,16,Be,0,0.0,0+,57447.139,,5.696249999999999e-22,chart,False,True,OTHER,2n = 100
5,2,7,B,0,0.0,(3/2-),27676.553,,5.689138576779026e-22,chart,False,True,OTHER,p ~ 100 
5,3,8,B,0,0.0,2+,22921.569,,0.7721,chart,False,False,EC_BP,"ECa = 100,EC+B+ = 100 "
5,4,9,B,0,0.0,3/2-,12416.486,,8.43888888888889e-19,chart,False,True,OTHER,p = 100 
5,5,10,B,0,0.0,3+,12050.611,19.65,,none,True,False,STABLE,
5,6,11,B,0,0.0,3/2-,8667.708,80.35,,none,True,False,STABLE,
5,7,12,B,0,0.0,1+,13369.398,,0.02022,chart,False,False,B-,"B- = 100 ,B-a = 0.6 0.02"
5,8,13,B,0,0.0,3/2-,16561.948,,0.01716,chart,False,False,B-,"B- = 100,B-n = 0.266 0.025"
5,9,14,B,0,0.0,2-,23663.686,,0.01234,chart,False,False,B-,"B- = 100,B-n = 6.04 0.23"
5,10,15,B,0,0.0,3/2-,28957.379,,0.01018,chart,False,False,B-,"B-n = 99.68 +0.08-1.6,B-2n = 1.5 ,B- = 100"
5,11,16,B,0,0.0,,37111.699,,4.557e-21,chart,False,True,OTHER,n = 100 
5,12,17,B,0,0.0,(3/2-),43716.322,,0.00507,chart,False,False,B-,"B-n = 63 1,B-3n = 3.5 0.7,B-4n = 0.4 0.3,B- = 100,B-2n = 12 2"
5,13,18,B,0,0.0,(2-),51792.64,,,none,False,False,OTHER,n = 100 
5,14,19,B,0,0.0,(3/2-),59770.251,,0.00292,chart,False,False,B-,"B-3n = 9.1 ,B-2n = 16 +5.6-4.8,B- = 100,B-n = 71.8 +8.3-9.1"
5,15,20,B,0,0.0,"(1-),(2-)",69401.569,,9.114e-22,chart,False,True,OTHER,n = 100 
5,16,21,B,0,0.0,(3/2-),78382.887,,7.594999999999999e-22,chart,False,True,OTHER,2n = 100
6,2,8,C,0,0.0,0+,35064.269,,3.505384615384616e-21,chart,False,True,OTHER,2p = 100 
6,3,9,C,0,0.0,3/2-,28910.971,,0.1265,chart,False,False,EC_BP,"ECa = 37.9 5.8,EC+B+ = 100 ,ECp = 62 1.9"
6,4,10,C,0,0.0,0+,15698.673,,19.3015,chart,False,False,EC_BP,EC+B+ = 100 
6,5,11,C,0,0.0,3/2-,10649.397,,1220.406,chart,False,False,EC_BP,EC+B+ = 100 
6,6,12,C,0,0.0,0+,0.0,98.94,,none,True,False,STABLE,
6,7,13,C,0,0.0,1/2-,3125.00933,1.06,,none,True,False,STABLE,
6,8,14,C,0,0.0,0+,3019.89328,,179436513600.0,chart,False,False,B-,B- = 100 
6,9,15,C,0,0.0,1/2+,9873.145,,2.451,chart,False,False,B-,B- = 100 
6,10,16,C,0,0.0,0+,13694.133,,0.75,chart,False,False,B-,"B- = 100,B-n = 99.28 0.12"
6,11,17,C,0,0.0,3/2+,21031.88,,0.193,chart,False,False,B-,"B-n = 28.4 1.3,B-2n?,B- = 100"
6,12,18,C,0,0.0,0+,24919.266,,0.092,chart,False,False,B-,"B-n = 31.5 1.5,B-2n?,B- = 100"
6,13,19,C,0,0.0,(1/2+),32413.754,,0.0463,chart,False,False,B-,"B-n = 47 3,B-2n = 7 3,B- = 100"
6,14,20,C,0,0.0,0+,37503.567,,0.016,chart,False,False,B-,"B-n = 66 10,B-2n = 18.6 ,B- = 100"
6,16,22,C,0,0.0,0+,53611.203,,0.0060999999999999,chart,False,False,B-,"B-n = 61 +14-13,B-2n = 37 ,B- = 100"
7,3,10,N,0,0.0,(1-),38800.027,,1.8228e-22,chart,False,True,OTHER,p = 100 
7,4,11,N,0,0.0,1/2+,24365.644,,5.842307692307694e-22,chart,False,True,OTHER,p = 100 
7,5,12,N,0,0.0,1+,17338.068,,0.010996,chart,False,False,EC_BP,"ECa = 1.93 0.04,EC+B+ = 100 "
7,6,13,N,0,0.0,1/2-,5345.481,,598.02,chart,False,False,EC_BP,EC+B+ = 100 
7,7,14,N,0,0.0,1+,2863.41683,99.6205,,none,True,False,STABLE,
7,8,15,N,0,0.0,1/2-,101.43809,0.3795,,none,True,False,STABLE,
7,9,16,N,0,0.0,2-,5683.907,,7.13,chart,False,False,B-,"B- = 100 ,B-a = 0.00154 0.00005"
7,10,17,N,0,0.0,1/2-,7870.079,,4.171,chart,False,False,B-,"B-a = 0.0025 0.0004,B-n = 95.1 0.7,B- = 100"
7,11,18,N,0,0.0,1-,13113.167,,0.619,chart,False,False,B-,"B-a = 12.2 0.6,B-2n?,B- = 100,B-n = 8.3 1.3"
7,12,19,N,0,0.0,1/2-,15856.255,,0.336,chart,False,False,B-,"B- = 100,B-n = 41.8 0.9"
7,13,20,N,0,0.0,(2-),21766.498,,0.136,chart,False,False,B-,"B-n = 42.9 1.4,B-2n ~ 4.5 ,B- = 100"
7,14,21,N,0,0.0,(1/2-),25231.915,,0.0853,chart,False,False,B-,"B-n = 86.5 3.7,B-2n?,B- = 100"
7,15,22,N,0,0.0,(0-),31764.805,,0.0209,chart,False,False,B-,"B-n = 34 2,B-2n = 12 3,B- = 100"
7,16,23,N,0,0.0,,36720.429,,0.0141,chart,False,False,B-,"B-3n = 3.4 ,B-2n = 8 4,B- = 100,B-n = 42 6"
7,17,24,N,0,0.0,,46938.0,,5.2e-08,chart,False,False,OTHER,n?
8,3,11,O,0,0.0,(3/2-),47738.913,,1.9727272727272728e-22,chart,False,True,OTHER,2p = 100
8,4,12,O,0,0.0,0+,32013.335,,8.935294117647059e-21,chart,False,True,OTHER,2p = 100 
8,5,13,O,0,0.0,(3/2-),23115.432,,0.00858,chart,False,False,EC_BP,"ECp = 10.8 2,EC+B+ = 100 "
8,6,14,O,0,0.0,0+,8007.781,,70.6183,chart,False,False,EC_BP,EC+B+ = 100 
8,7,15,O,0,0.0,1/2-,2855.622,,122.268,chart,False,False,EC_BP,EC+B+ = 100 
8,8,16,O,0,0.0,0+,-4737.00217,99.757,,none,True,False,STABLE,
8,9,17,O,0,0.0,5/2+,-808.76421,0.03835,,none,True,False,STABLE,
8,10,18,O,0,0.0,0+,-782.81634,0.2045,,none,True,False,STABLE,
8,11,19,O,0,0.0,5/2+,3332.858,,26.47,chart,False,False,B-,B- = 100 
8,12,20,O,0,0.0,0+,3796.172,,13.51,chart,False,False,B-,B- = 100 
8,13,21,O,0,0.0,(5/2+),8062.034,,3.42,chart,False,False,B-,B- = 100 
8,14,22,O,0,0.0,0+,9283.032,,2.19,chart,False,False,B-,"B- = 100,B-n = 22 "
8,15,23,O,0,0.0,1/2+,14621.371,,0.096,chart,False,False,B-,"B- = 100,B-n = 7 2"
8,16,24,O,0,0.0,0+,18500.404,,0.072,chart,False,False,B-,"B- = 100,B-n = 41 3"
8,17,25,O,0,0.0,(3/2+),27329.03,,5.178409090909091e-21,chart,False,True,OTHER,n = 100
8,18,26,O,0,0.0,0+,34661.041,,4.5e-12,chart,False,False,OTHER,2n = 100
8,20,28,O,0,0.0,0+,52080.0,,1.0000000000000001e-07,chart,False,False,OTHER,2n?
9,5,14,F,0,0.0,2-,31964.403,,5.0076923076923085e-22,chart,False,True,OTHER,p = 100
9,6,15,F,0,0.0,1/2+,16566.752,,1.1992105263157893e-21,chart,False,True,OTHER,p = 100 
9,7,16,F,0,0.0,0-,10675.182,,1.9727272727272722e-20,chart,False,True,OTHER,p = 100 
9,8,17,F,0,0.0,5/2+,1951.701,,64.368,chart,False,False,EC_BP,EC+B+ = 100 
9,9,18,F,0,0.0,1+,873.112,,6584.04,chart,False,False,EC_BP,EC+B+ = 100
9,10,19,F,0,0.0,1/2+,-1487.44512,100.0,,none,True,False,STABLE,
9,11,20,F,0,0.0,2+,-17.463,,11.0064,chart,False,False,B-,B- = 100 
9,12,21,F,0,0.0,5/2+,-47.605,,4.158,chart,False,False,B-,B- = 100 
9,13,22,F,0,0.0,4+,2793.376,,4.23,chart,False,False,B-,"B- = 100,B-n = 11 "
9,14,23,F,0,0.0,(5/2+),3285.263,,2.23,chart,False,False,B-,"B- = 100,B-n = 14 "
9,15,24,F,0,0.0,(3+),7544.516,,0.384,chart,False,False,B-,"B- = 100,B-n = 5.9 "
9,16,25,F,0,0.0,(5/2+),11334.167,,0.081,chart,False,False,B-,"B-n = 23.6 3.2,B-2n?,B- = 100"
9,17,26,F,0,0.0,1+,18674.655,,0.0086,chart,False,False,B-,"B-n = 14 3,B-2n?,B- = 100"
9,17,26,F,1,643.4,(4+),19318.055,,0.0022,wallet,False,False,IT,"B-n = 12 8,IT = 82 11,B- = 18 11"
9,18,27,F,0,0.0,(5/2+),25133.478,,0.0053,chart,False,False,B-,"B-n = 90 +10-30,B-2n?,B- = 100"
9,19,28,F,0,0.0,(4-),33403.796,,2.531666666666667e-21,chart,False,True,OTHER,n = 100
9,20,29,F,0,0.0,,40150.19,,0.0033,chart,False,False,B-,"B-n = 60 40,B-2n?,B- = 100"
9,21,30,F,0,0.0,,48960.0,,2.5000000000000004e-07,chart,False,False,OTHER,n?
9,22,31,F,0,0.0,,56843.0,,,none,False,False,B-,"B-n?,B-2n?,B- = 100"
10,5,15,Ne,0,0.0,(3/2-),40215.374,,7.723728813559322e-22,chart,False,True,OTHER,2p = 100 
10,6,16,Ne,0,0.0,0+,23986.775,,5.69625e-21,chart,False,True,OTHER,2p = 100
10,7,17,Ne,0,0.0,1/2-,16500.452,,0.1091,chart,False,False,EC_BP,"ECa = 3.51 0.16,EC+B+ = 100,ECp = 94.4 2.9"
10,8,18,Ne,0,0.0,0+,5317.617,,1.66432,chart,False,False,EC_BP,EC+B+ = 100 
10,9,19,Ne,0,0.0,1/2+,1752.054,,17.2569,chart,False,False,EC_BP,EC+B+ = 100 
10,10,20,Ne,0,0.0,0+,-7041.93217,90.48,,none,True,False,STABLE,
10,11,21,Ne,0,0.0,3/2+,-5731.776,0.27,,none,True,False,STABLE,
10,12,22,Ne,0,0.0,0+,-8024.716,9.25,,none,True,False,STABLE,
10,13,23,Ne,0,0.0,5/2+,-5154.045,,37.148,chart,False,False,B-,B- = 100 
10,14,24,Ne,0,0.0,0+,-5951.642,,202.8,chart,False,False,B-,B- = 100 
10,15,25,Ne,0,0.0,1/2+,-2035.503,,0.602,chart,False,False,B-,B- = 100 
10,16,26,Ne,0,0.0,0+,481.114,,0.196,chart,False,False,B-,"B- = 100,B-n = 0.13 0.03"
10,17,27,Ne,0,0.0,(3/2+),7050.91,,0.0309,chart,False,False,B-,"B-n = 2 0.5,B-2n?,B- = 100"
10,18,28,Ne,0,0.0,0+,11299.738,,0.0187,chart,False,False,B-,"B-n = 12 1,B-2n = 3.7 0.5,B- = 100"
10,19,29,Ne,0,0.0,(3/2-),18399.803,,0.014,chart,False,False,B-,"B-n = 28 6,B-2n = 4 1,B- = 100"
10,20,30,Ne,0,0.0,0+,23280.12,,0.0073,chart,False,False,B-,"B-n = 13 4,B-2n = 8.9 2.3,B- = 100"
10,21,31,Ne,0,0.0,(3/2-),31181.594,,0.0034,chart,False,False,B-,"B-n?,B-2n?,B- = 100 "
10,22,32,Ne,0,0.0,0+,36999.0,,0.0045,chart,False,False,B-,"B-n?,B-2n?,B- = 100"
10,23,33,Ne,0,0.0,,46130.0,,1.8000000000000002e-07,chart,False,False,OTHER,n?
10,24,34,Ne,0,0.0,0+,52842.0,,,none,False,False,B-,"B-n?,B-2n?,B-?"
11,6,17,Na,0,0.0,(1/2+),34719.58,,,none,False,False,OTHER,p = 100
11,7,18,Na,0,0.0,(1)-,25037.992,,2.2785e-21,chart,False,True,OTHER,p ~ 100 
11,8,19,Na,0,0.0,(5/2+),12929.384,,1.1392499999999998e-20,chart,False,True,OTHER,p ~ 100 
11,9,20,Na,0,0.0,2+,6850.489,,0.448,chart,False,False,EC_BP,"ECa = 19.9 0.2,EC+B+ = 100"
11,10,21,Na,0,0.0,3/2+,-2184.857,,22.4548,chart,False,False,EC_BP,EC+B+ = 100 
11,11,22,Na,0,0.0,3+,-5181.391,,82109719.44,chart,False,False,EC_BP,EC+B+ = 100 
11,12,23,Na,0,0.0,3/2+,-9529.85352,100.0,,none,True,False,STABLE,
11,13,24,Na,0,0.0,4+,-8417.901,,53848.08,chart,False,False,B-,B- = 100 
11,14,25,Na,0,0.0,5/2+,-9357.814,,58.9,chart,False,False,B-,B- = 100 
11,15,26,Na,0,0.0,3+,-6860.78,,1.07128,chart,False,False,B-,B- = 100 
11,16,27,Na,0,0.0,5/2+,-5517.791,,0.301,chart,False,False,B-,"B- = 100,B-n = 0.13 0.03"
11,17,28,Na,0,0.0,1+,-988.315,,0.0346,chart,False,False,B-,"B- = 100,B-n = 0.58 0.12"
11,18,29,Na,0,0.0,3/2+,2679.994,,0.0432,chart,False,False,B-,"B-n = 24.7 2.5,B-2n?,B- = 100"
11,19,30,Na,0,0.0,2+,8474.67,,0.0448,chart,False,False,B-,"B-a = 0.000055 0.000002,B-2n = 1.15 0.25,B- = 100,B-n = 30 4"
11,20,31,Na,0,0.0,3/2+,12246.031,,0.017,chart,False,False,B-,"B-n = 38.8 3.8,B-2n = 0.87 0.24,B- = 100"
11,21,32,Na,0,0.0,"(3-),(4-)",18640.152,,0.0132,chart,False,False,B-,"B-n = 24 7,B-2n = 8.3 2.1,B- = 100"
11,22,33,Na,0,0.0,3/2+,23780.113,,0.0081999999999999,chart,False,False,B-,"B-n = 47 6,B-2n = 13 3,B- = 100"
11,23,34,Na,0,0.0,,31680.114,,0.0055,chart,False,False,B-,"B-n ~ 15 ,B-2n ~ 50 ,B- = 100"
11,24,35,Na,0,0.0,,37831.0,,0.0024,chart,False,False,B-,"B-n?,B-2n?,B- = 100"
11,26,37,Na,0,0.0,,53134.0,,,none,False,False,B-,"B-n?,B-2n?,B- = 100"
12,6,18,Mg,0,0.0,0+,,,3.962608695652174e-21,chart,False,True,OTHER,2p ~ 100 
12,7,19,Mg,0,0.0,1/2-,31838.394,,3.5000000000000004e-12,chart,False,False,OTHER,2p ~ 100 
12,8,20,Mg,0,0.0,0+,17477.694,,0.0904,chart,False,False,EC_BP,"ECp = 29.9 1.1,EC+B+ = 100"
12,9,21,Mg,0,0.0,5/2+,10903.851,,0.12,chart,False,False,EC_BP,"ECa = 0.115 0.019,EC+B+ = 100 ,ECp = 20.9 1.3"
12,10,22,Mg,0,0.0,0+,-399.986,,3.87445,chart,False,False,EC_BP,EC+B+ = 100 
12,11,23,Mg,0,0.0,3/2+,-5473.675,,11.3042,chart,False,False,EC_BP,EC+B+ = 100 
12,12,24,Mg,0,0.0,0+,-13933.578,78.965,,none,True,False,STABLE,
12,13,25,Mg,0,0.0,5/2+,-13192.782,10.011,,none,True,False,STABLE,
12,14,26,Mg,0,0.0,0+,-16214.544,11.025,,none,True,False,STABLE,
12,15,27,Mg,0,0.0,1/2+,-14586.594,,566.1,chart,False,False,B-,B- = 100 
12,16,28,Mg,0,0.0,0+,-15019.946,,75294.0,chart,False,False,B-,B- = 100 
12,17,29,Mg,0,0.0,3/2+,-10612.36,,1.31,chart,False,False,B-,B- = 100 
12,18,30,Mg,0,0.0,0+,-8881.373,,0.314,chart,False,False,B-,"B- = 100,B-n = 0.06 "
12,19,31,Mg,0,0.0,1/2+,-3122.152,,0.27,chart,False,False,B-,"B- = 100,B-n = 6.2 1.9"
12,20,32,Mg,0,0.0,0+,-828.901,,0.0804,chart,False,False,B-,"B- = 100,B-n = 5.5 0.5"
12,21,33,Mg,0,0.0,3/2-,4962.873,,0.0902,chart,False,False,B-,"B-n = 14 2,B-2n?,B- = 100"
12,22,34,Mg,0,0.0,0+,8323.324,,0.0449,chart,False,False,B-,"B-n = 21 7,B-2n?,B- = 100"
12,23,35,Mg,0,0.0,(5/2-),15639.786,,0.0113,chart,False,False,B-,"B-n = 52 46,B-2n?,B- = 100"
12,24,36,Mg,0,0.0,0+,20380.159,,0.0072,chart,False,False,B-,"B-n = 48 12,B-2n?,B- = 100"
12,25,37,Mg,0,0.0,(3/2-),28211.478,,0.0064,chart,False,False,B-,"B-n?,B-2n?,B- = 100"
12,26,38,Mg,0,0.0,0+,34074.0,,0.0031,chart,False,False,B-,"B-n?,B-2n?,B- = 100 "
12,28,40,Mg,0,0.0,0+,49550.0,,,none,False,False,B-,"B-n?,B-2n?,B- = 100"
13,8,21,Al,0,0.0,(5/2+),27090.0,,3.5e-08,chart,False,False,OTHER,p?
13,9,22,Al,0,0.0,(4)+,18201.0,,0.0886,chart,False,False,EC_BP,"EC+B+ = 100,ECp = 57.7 0.6,ECa = 0.079 0.041,EC2p = 1.17 0.07"
13,10,23,Al,0,0.0,5/2+,6748.071,,0.447,chart,False,False,EC_BP,"ECp = 1.04 0.03,EC+B+ = 100 "
13,11,24,Al,0,0.0,4+,-48.812,,2.053,chart,False,False,EC_BP,"ECa = 0.035 0.006,EC+B+ = 100 ,ECp = 0.0016 0.0003"
13,11,24,Al,1,425.8,1+,376.988,,0.13069999999999998,wallet,False,False,IT,"ECa = 0.028 0.006,EC+B+ = 29.4 2.3,IT = 70.6 2.3"
13,12,25,Al,0,0.0,5/2+,-8915.974,,7.1666,chart,False,False,EC_BP,EC+B+ = 100 
13,13,26,Al,0,0.0,5+,-12210.139,,22613986814400.0,chart,False,False,EC_BP,EC+B+ = 100 
13,13,26,Al,1,228.305,0+,-11981.834,,6.34603,wallet,False,False,EC_BP,EC+B+ = 100 
13,14,27,Al,0,0.0,5/2+,-17196.864,100.0,,none,True,False,STABLE,
13,15,28,Al,0,0.0,3+,-16850.719,,134.898,chart,False,False,B-,B- = 100 
13,16,29,Al,0,0.0,5/2+,-18207.762,,393.6,chart,False,False,B-,B- = 100 
13,17,30,Al,0,0.0,3+,-15864.116,,3.61,chart,False,False,B-,B- = 100 
13,18,31,Al,0,0.0,5/2(+),-14950.709,,0.644,chart,False,False,B-,"B- = 100,B-n = 1.6 "
13,19,32,Al,0,0.0,1+,-11099.368,,0.0317,chart,False,False,B-,"B- = 100,B-n = 0.7 0.5"
13,20,33,Al,0,0.0,5/2+,-8497.382,,0.0415,chart,False,False,B-,"B- = 100,B-n = 8.5 0.7"
13,21,34,Al,0,0.0,4-,-2997.619,,0.05373,chart,False,False,B-,"B-n = 25 3,B-2n?,B- = 100"
13,21,34,Al,1,46.47,1+,-2951.1490000000003,,0.0221,wallet,False,False,B-,"B-n = 11 4,B-2n?,B- = 100"
13,22,35,Al,0,0.0,(5/2+),-223.73,,0.0384,chart,False,False,B-,"B-n = 38 2,B-2n?,B- = 100"
13,23,36,Al,0,0.0,,5950.384,,0.09,chart,False,False,B-,"B-n = 31 ,B-2n?,B- = 100"
13,24,37,Al,0,0.0,(5/2+),9809.564,,0.0114,chart,False,False,B-,"B-n = 52 5,B-2n = 1 ,B- = 100"
13,25,38,Al,0,0.0,(0-),16470.0,,0.009,chart,False,False,B-,"B-n = 84 19,B-2n?,B- = 100"
13,26,39,Al,0,0.0,,21490.0,,0.00723,chart,False,False,B-,"B-n = 97 +3-22,B-2n?,B- = 100"
13,27,40,Al,0,0.0,,28820.0,,0.0057,chart,False,False,B-,"B-n?,B-2n?,B- = 100"
13,28,41,Al,0,0.0,,34590.0,,0.0035,chart,False,False,B-,"B-n?,B-2n?,B- = 100 "
13,29,42,Al,0,0.0,,41990.0,,,none,False,False,B-,"B-n?,B-2n?,B- = 100"
13,30,43,Al,0,0.0,,48270.0,,,none,False,False,B-,"B-n?,B-2n?,B- = 100"
14,8,22,Si,0,0.0,0+,33640.0,,0.0283999999999999,chart,False,False,EC_BP,"EC2p = 0.8 0.3,EC+B+ = 100,ECp = 67 12"
14,9,23,Si,0,0.0,(5/2)+,23950.0,,0.047,chart,False,False,EC_BP,"EC+B+ = 100,ECp = 81.8 1.1,EC3p = 0.029 +0.038-0.019,EC2p = 7.73 0.35"
14,10,24,Si,0,0.0,0+,10745.186,,0.1414,chart,False,False,EC_BP,"ECp = 32.4 1.1,EC+B+ = 100 "
14,11,25,Si,0,0.0,5/2+,3827.322,,0.2192,chart,False,False,EC_BP,"ECp = 35 2,EC+B+ = 100 "
14,12,26,Si,0,0.0,0+,-7141.003,,2.2452,chart,False,False,EC_BP,EC+B+ = 100 
14,13,27,Si,0,0.0,5/2+,-12384.505,,4.111,chart,False,False,EC_BP,EC+B+ = 100 
14,14,28,Si,0,0.0,0+,-21492.79711,92.2545,,none,True,False,STABLE,
14,15,29,Si,0,0.0,1/2+,-21895.08154,4.672,,none,True,False,STABLE,
14,16,30,Si,0,0.0,0+,-24432.962,3.0735,,none,True,False,STABLE,
14,17,31,Si,0,0.0,3/2+,-22949.037,,9434.4,chart,False,False,B-,B- = 100 
14,18,32,Si,0,0.0,0+,-24077.689,,5153356080.0,chart,False,False,B-,B- = 100 
14,19,33,Si,0,0.0,3/2+,-20514.328,,6.17,chart,False,False,B-,B- = 100 
14,20,34,Si,0,0.0,0+,-19991.684,,2.77,chart,False,False,B-,B- = 100
14,21,35,Si,0,0.0,7/2-,-14391.48,,0.78,chart,False,False,B-,"B- = 100,B-n = 5.3 "
14,22,36,Si,0,0.0,0+,-12436.125,,0.503,chart,False,False,B-,"B- = 100,B-n = 12.4 4.6"
14,23,37,Si,0,0.0,(5/2-),-6571.512,,0.141,chart,False,False,B-,"B-n = 17 13,B-2n?,B- = 100"
14,24,38,Si,0,0.0,0+,-4170.299,,0.063,chart,False,False,B-,"B- = 100,B-n = 25 10"
14,25,39,Si,0,0.0,(5/2-),2320.352,,0.0387,chart,False,False,B-,"B-n = 33 5,B-2n?,B- = 100"
14,26,40,Si,0,0.0,0+,5666.876,,0.0303,chart,False,False,B-,"B-n = 38 5,B-2n?,B- = 100"
14,27,41,Si,0,0.0,,13200.0,,0.02,chart,False,False,B-,"B-n = 0 ,B-2n?,B- = 100"
14,28,42,Si,0,0.0,0+,16840.0,,0.015,chart,False,False,B-,"B-n?,B-2n?,B- = 100"
14,29,43,Si,0,0.0,,24330.0,,0.013,chart,False,False,B-,"B-n?,B-2n?,B- = 100"
14,30,44,Si,0,0.0,0+,29310.0,,,none,False,False,B-,"B-n?,B-2n?,B- = 100"
15,10,25,P,0,0.0,(1/2+),20190.0,,3.8e-08,chart,False,False,OTHER,p = 100 
15,11,26,P,0,0.0,(3)+,10973.0,,0.0436,chart,False,False,EC_BP,"EC2p = 1.99 0.29,EC+B+ = 100,ECp = 35.2 1.6"
15,12,27,P,0,0.0,1/2+,-659.032,,0.26,chart,False,False,EC_BP,"ECp ~ 0.07 ,EC+B+ = 100"
15,13,28,P,0,0.0,3+,-7147.856,,0.2703,chart,False,False,EC_BP,"ECa = 0.00086 0.00025,EC+B+ = 100,ECp = 0.0013 0.0004"
15,14,29,P,0,0.0,1/2+,-16952.849,,4.1022,chart,False,False,EC_BP,EC+B+ = 100 
15,15,30,P,0,0.0,1+,-20200.856,,150.0,chart,False,False,EC_BP,EC+B+ = 100 
15,16,31,P,0,0.0,1/2+,-24440.54442,100.0,,none,True,False,STABLE,
15,17,32,P,0,0.0,1+,-24304.876,,1232668.8,chart,False,False,B-,B- = 100 
15,18,33,P,0,0.0,1/2+,-26337.35,,2190240.0,chart,False,False,B-,B- = 100 
15,19,34,P,0,0.0,1+,-24548.702,,12.43,chart,False,False,B-,B- = 100 
15,20,35,P,0,0.0,1/2+,-24857.809,,47.3,chart,False,False,B-,B- = 100 
15,21,36,P,0,0.0,4-,-20251.045,,5.6,chart,False,False,B-,"B- = 100,B-n?"
15,22,37,P,0,0.0,(1/2+),-18996.012,,2.31,chart,False,False,B-,"B- = 100,B-n?"
15,23,38,P,0,0.0,(2-),-14621.565,,0.64,chart,False,False,B-,"B- = 100,B-n = 12 5"
15,24,39,P,0,0.0,(1/2+),-12774.636,,0.204,chart,False,False,B-,"B- = 100,B-n = 26 8"
15,25,40,P,0,0.0,(2-),-8139.189,,0.15,chart,False,False,B-,"B-n = 15.8 2.1,B-2n?,B- = 100"
15,26,41,P,0,0.0,(1/2+),-4979.767,,0.101,chart,False,False,B-,"B-n = 30 10,B-2n?,B- = 100"
15,27,42,P,0,0.0,,1091.842,,0.0485,chart,False,False,B-,"B-n = 50 20,B-2n?,B- = 100"
15,28,43,P,0,0.0,1/2+,5040.0,,0.0365,chart,False,False,B-,"B-n = 100,B-2n?,B- = 100"
15,29,44,P,0,0.0,,11110.0,,0.0182,chart,False,False,B-,"B-n = 75 8,B-2n?,B- = 100"
15,30,45,P,0,0.0,,15960.0,,0.024,chart,False,False,B-,"B-n?,B-2n?,B- = 100"
15,31,46,P,0,0.0,,22840.0,,,none,False,False,B-,"B-n?,B-2n?,B- = 100 "
15,32,47,P,0,0.0,,28810.0,,,none,False,False,B-,"B-n?,B-2n?,B- = 100"
16,10,26,S,0,0.0,0+,27680.0,,7.9e-08,chart,False,False,OTHER,p?
16,11,27,S,0,0.0,(5/2+),17491.0,,0.0163,chart,False,False,EC_BP,"EC2p = 3 0.6,EC+B+ = 100 ,ECp = 61 3"
16,12,28,S,0,0.0,0+,4073.203,,0.125,chart,False,False,EC_BP,"ECp = 20.7 2,EC+B+ = 100 "
16,13,29,S,0,0.0,(5/2+),-3094.423,,0.188,chart,False,False,EC_BP,"ECp = 47 5,EC+B+ = 100"
16,14,30,S,0,0.0,0+,-14059.254,,1.17976,chart,False,False,EC_BP,EC+B+ = 100 
16,15,31,S,0,0.0,1/2+,-19042.531,,2.5534,chart,False,False,EC_BP,EC+B+ = 100 
16,16,32,S,0,0.0,0+,-26015.53714,94.85,,none,True,False,STABLE,
16,17,33,S,0,0.0,3/2+,-26585.8583,0.763,,none,True,False,STABLE,
16,18,34,S,0,0.0,0+,-29931.689,4.365,,none,True,False,STABLE,
16,19,35,S,0,0.0,3/2+,-28846.21,,7547039.999999999,chart,False,False,B-,B- = 100 
16,20,36,S,0,0.0,0+,-30664.141,0.0158,,none,True,False,STABLE,
16,21,37,S,0,0.0,7/2-,-26896.426,,303.0,chart,False,False,B-,B- = 100 
16,22,38,S,0,0.0,0+,-26861.216,,10218.0,chart,False,False,B-,B- = 100 
16,23,39,S,0,0.0,(7/2)-,-23162.672,,11.5,chart,False,False,B-,B- = 100 
16,24,40,S,0,0.0,0+,-22837.85,,8.8,chart,False,False,B-,B- = 100 
16,25,41,S,0,0.0,"(5/2-),(7/2-)",-19008.58,,2.6,chart,False,False,B-,"B- = 100,B-n?"
16,26,42,S,0,0.0,0+,-17637.748,,1.016,chart,False,False,B-,"B- = 100,B-n = 1 "
16,27,43,S,0,0.0,3/2-,-12195.461,,0.265,chart,False,False,B-,"B- = 100,B-n = 40 10"
16,28,44,S,0,0.0,0+,-9204.236,,0.1245,chart,False,False,B-,"B- = 100,B-n = 29 6"
16,29,45,S,0,0.0,(3/2-),-3340.0,,0.068,chart,False,False,B-,"B-n = 54 10,B-2n?,B- = 100"
16,30,46,S,0,0.0,0+,640.0,,0.05,chart,False,False,B-,"B-n?,B-2n?,B- = 100"
16,31,47,S,0,0.0,,7200.0,,,none,False,False,B-,"B-n?,B-2n?,B- = 100"
16,32,48,S,0,0.0,0+,12390.0,,,none,False,False,B-,"B-n?,B-2n?,B- = 100"
16,33,49,S,0,0.0,,20391.0,,,none,False,False,B-,"B-n?,B-2n?,B- = 100"
17,11,28,Cl,0,0.0,,28270.0,,,none,False,False,OTHER,p = 100
17,12,29,Cl,0,0.0,(1/2+),14022.0,,2e-08,chart,False,False,OTHER,p = 100
17,13,30,Cl,0,0.0,(3+),4674.548,,3.0000000000000004e-08,chart,False,False,OTHER,p = 100
17,14,31,Cl,0,0.0,3/2+,-7034.552,,0.19,chart,False,False,EC_BP,"ECp = 2.4 0.2,EC+B+ = 100 "
17,15,32,Cl,0,0.0,1+,-13334.706,,0.2991,chart,False,False,EC_BP,"ECa = 0.054 0.008,EC+B+ = 100 ,ECp = 0.026 0.005"
17,16,33,Cl,0,0.0,3/2+,-21003.34,,2.506,chart,False,False,EC_BP,EC+B+ = 100 
17,17,34,Cl,0,0.0,0+,-24440.086,,1.5265,chart,False,False,EC_BP,EC+B+ = 100 
17,17,34,Cl,1,146.36,3+,-24293.726,,1919.3999999999999,wallet,False,False,EC_BP,"IT = 44.6 0.6,EC+B+ = 55.4 0.6"
17,18,35,Cl,0,0.0,3/2+,-29013.532,75.8,,none,True,False,STABLE,
17,19,36,Cl,0,0.0,2+,-29522.008,,9691812324000.0,chart,False,False,B-,"B- = 98.1 0.1,EC+B+ = 1.9 0.1"
17,20,37,Cl,0,0.0,3/2+,-31761.552,24.2,,none,True,False,STABLE,
17,21,38,Cl,0,0.0,2-,-29798.116,,2234.16,chart,False,False,B-,B- = 100 
17,21,38,Cl,1,671.365,5-,-29126.751,,0.715,wallet,False,False,IT,IT = 100 
17,22,39,Cl,0,0.0,3/2+,-29800.218,,3372.0,chart,False,False,B-,B- = 100 
17,23,40,Cl,0,0.0,2-,-27557.818,,79.80000000000001,chart,False,False,B-,B- = 100 
17,24,41,Cl,0,0.0,(1/2+),-27307.192,,38.4,chart,False,False,B-,B- = 100 
17,25,42,Cl,0,0.0,(2-),-24831.77,,6.8,chart,False,False,B-,"B- = 100 ,B-n?"
17,26,43,Cl,0,0.0,(3/2+),-24159.51,,3.13,chart,False,False,B-,"B- = 100,B-n?"
17,27,44,Cl,0,0.0,(2-),-20478.973,,0.542,chart,False,False,B-,"B- = 100,B-n = 8 "
17,28,45,Cl,0,0.0,(3/2+),-18262.544,,0.413,chart,False,False,B-,"B- = 100,B-n = 24 4"
17,29,46,Cl,0,0.0,,-13734.949,,0.232,chart,False,False,B-,"B-n = 60 9,B-2n?,B- = 100"
17,30,47,Cl,0,0.0,"(1/2+),(3/2+)",-9580.0,,0.101,chart,False,False,B-,"B-n = 3 ,B-2n?,B- = 100"
17,31,48,Cl,0,0.0,,-4280.0,,,none,False,False,B-,"B-n?,B-2n?,B- = 100"
17,32,49,Cl,0,0.0,,740.0,,,none,False,False,B-,"B-n?,B-2n?,B- = 100"
17,33,50,Cl,0,0.0,,7700.0,,,none,False,False,B-,"B-n?,B-2n?,B- = 100"
17,34,51,Cl,0,0.0,,14290.0,,,none,False,False,B-,"B-n?,B-2n?,B- = 100"
17,35,52,Cl,0,0.0,,22360.0,,,none,False,False,B-,"B-n?,B-2n?,B- = 100"
18,11,29,Ar,0,0.0,,37969.0,,,none,False,False,OTHER,2p = 100
18,12,30,Ar,0,0.0,0+,22071.0,,1e-11,chart,False,False,OTHER,2p = 100
18,13,31,Ar,0,0.0,5/2+,11325.0,,0.015,chart,False,False,EC_BP,"ECa = 0.03 ,2p = 0.0006 ,ECp = 68.3 0.3,EC2p = 8.9 0.2,ECap = 0.38 ,EC3p = 0.07 0.02,EC+B+ = 100"
18,14,32,Ar,0,0.0,0+,-2200.352,,0.098,chart,False,False,EC_BP,"ECp = 35.58 0.22,EC+B+ = 100"
18,15,33,Ar,0,0.0,1/2+,-9384.295,,0.173,chart,False,False,EC_BP,"ECp = 38.7 1,EC+B+ = 100 "
18,16,34,Ar,0,0.0,0+,-18378.293,,0.8464600000000001,chart,False,False,EC_BP,EC+B+ = 100 
18,17,35,Ar,0,0.0,3/2+,-23047.289,,1.7754,chart,False,False,EC_BP,EC+B+ = 100 
18,18,36,Ar,0,0.0,0+,-30231.542,0.3336,,none,True,False,STABLE,
18,19,37,Ar,0,0.0,3/2+,-30947.679,,3024864.0,chart,False,False,EC_BP,EC = 100 
18,20,38,Ar,0,0.0,0+,-34714.827,0.0629,,none,True,False,STABLE,
18,21,39,Ar,0,0.0,7/2-,-33242.195,,8457436800.0,chart,False,False,B-,B- = 100 
18,22,40,Ar,0,0.0,0+,-35039.89997,99.6035,,none,True,False,STABLE,
18,23,41,Ar,0,0.0,7/2-,-33067.51,,6576.6,chart,False,False,B-,B- = 100 
18,24,42,Ar,0,0.0,0+,-34422.678,,1038245040.0,chart,False,False,B-,B- = 100 
18,25,43,Ar,0,0.0,5/2(-),-32009.811,,322.2,chart,False,False,B-,B- = 100 
18,26,44,Ar,0,0.0,0+,-32673.26,,712.1999999999999,chart,False,False,B-,B- = 100 
18,27,45,Ar,0,0.0,7/2-,-29770.801,,21.48,chart,False,False,B-,B- = 100 
18,28,46,Ar,0,0.0,0+,-29771.255,,8.4,chart,False,False,B-,B- = 100 
18,29,47,Ar,0,0.0,3/2-,-25367.274,,1.23,chart,False,False,B-,"B- = 100,B-n = 0.2 "
18,30,48,Ar,0,0.0,0+,-22354.927,,0.416,chart,False,False,B-,"B- = 100,B-n = 38 6"
18,31,49,Ar,0,0.0,,-17060.0,,0.236,chart,False,False,B-,"B-n = 29 6,B-2n?,B- = 100"
18,32,50,Ar,0,0.0,0+,-13230.0,,0.105,chart,False,False,B-,"B-n = 37 7,B-2n?,B- = 100"
18,33,51,Ar,0,0.0,,-6490.0,,,none,False,False,B-,"B-n?,B-2n?,B- = 100"
18,34,52,Ar,0,0.0,0+,-1380.0,,,none,False,False,B-,"B-n?,B-2n?,B- = 100"
18,35,53,Ar,0,0.0,,6791.0,,,none,False,False,B-,"B-n?,B-2n?,B- = 100"
18,36,54,Ar,0,0.0,0+,12560.0,,,none,False,False,B-,"B-n?,B-2n?,B- = 100"
19,12,31,K,0,0.0,,34260.0,,1e-11,chart,False,False,OTHER,3p = 100
19,16,35,K,0,0.0,(3/2)+,-11172.893,,0.178,chart,False,False,EC_BP,"ECp = 0.37 0.15,EC+B+ = 100 "
19,17,36,K,0,0.0,2+,-17417.182,,0.341,chart,False,False,EC_BP,"ECa = 0.0034 0.0013,EC+B+ = 100 ,ECp = 0.048 0.014"
19,18,37,K,0,0.0,3/2+,-24800.201,,1.23647,chart,False,False,EC_BP,EC+B+ = 100 
19,19,38,K,0,0.0,3+,-28800.76,,458.7,chart,False,False,EC_BP,EC+B+ = 100 
19,19,38,K,1,130.22,0+,-28670.54,,0.9244,wallet,False,False,EC_BP,"IT = 0.033 0.0043,EC+B+ = 99.967 0.0043"
19,20,39,K,0,0.0,3/2+,-33807.19535,93.2581,,none,True,False,STABLE,
19,21,40,K,0,0.0,4-,-33535.497,0.0117,3.93838848e+16,chart,False,False,B-,"B- = 89.28 0.11,EC+B+ = 10.72 0.11"
19,22,41,K,0,0.0,3/2+,-35559.5488,6.7302,,none,True,False,STABLE,
19,23,42,K,0,0.0,2-,-35022.031,,44492.4,chart,False,False,B-,B- = 100 
19,24,43,K,0,0.0,3/2+,-36575.394,,80208.0,chart,False,False,B-,B- = 100 
19,25,44,K,0,0.0,2-,-35781.498,,1327.8,chart,False,False,B-,B- = 100 
19,26,45,K,0,0.0,3/2+,-36615.643,,1067.4,chart,False,False,B-,B- = 100 
19,27,46,K,0,0.0,2-,-35413.929,,96.31,chart,False,False,B-,B- = 100 
19,28,47,K,0,0.0,1/2+,-35711.982,,17.38,chart,False,False,B-,B- = 100 
19,29,48,K,0,0.0,1(-),-32284.482,,6.8,chart,False,False,B-,"B- = 100,B-n = 1.14 0.15"
19,30,49,K,0,0.0,1/2+,-29611.496,,1.26,chart,False,False,B-,"B- = 100,B-n = 86 9"
19,31,50,K,0,0.0,0(-),-25727.853,,0.472,chart,False,False,B-,"B-n = 29 3,B-2n?,B- = 100"
19,32,51,K,0,0.0,3/2+,-22515.457,,0.365,chart,False,False,B-,"B-n = 65 6,B-2n?,B- = 100"
19,33,52,K,0,0.0,2-,-17137.628,,0.11,chart,False,False,B-,"B-n = 74 9,B-2n = 2.3 0.3,B- = 100"
19,34,53,K,0,0.0,(3/2+),-12295.722,,0.03,chart,False,False,B-,"B-n = 75 10,B-2n = 10 ,B- = 100"
19,35,54,K,0,0.0,,-5150.0,,0.01,chart,False,False,B-,"B-n?,B-2n?,B- = 100"
19,36,55,K,0,0.0,,470.0,,,none,False,False,B-,"B-n?,B-2n?,B- = 100"
19,37,56,K,0,0.0,,7980.0,,,none,False,False,B-,"B-n?,B-2n?,B- = 100"
19,38,57,K,0,0.0,,14130.0,,,none,False,False,B-,"B-n?,B-2n?,B- = 100"
19,40,59,K,0,0.0,,28750.0,,,none,False,False,B-,"B-n?,B-2n?,B- = 100"
20,15,35,Ca,0,0.0,(1/2+),5190.0,,0.0257,chart,False,False,EC_BP,"EC2p = 4.1 0.6,EC+B+ = 100 ,ECp = 95.9 1.4"
20,16,36,Ca,0,0.0,0+,-6451.166,,0.1008,chart,False,False,EC_BP,"ECp = 51.2 1,EC+B+ = 100 "
20,17,37,Ca,0,0.0,(3/2+),-13136.07,,0.181,chart,False,False,EC_BP,"ECp = 72 1.6,EC+B+ = 100"
20,18,38,Ca,0,0.0,0+,-22058.503,,0.44377,chart,False,False,EC_BP,EC+B+ = 100 
20,19,39,Ca,0,0.0,3/2+,-27282.707,,0.8603,chart,False,False,EC_BP,EC+B+ = 100 
20,20,40,Ca,0,0.0,0+,-34846.402,96.941,,none,True,False,STABLE,
20,21,41,Ca,0,0.0,7/2-,-35137.908,,3136825440000.0,chart,False,False,EC_BP,EC = 100 
20,22,42,Ca,0,0.0,0+,-38547.293,0.647,,none,True,False,STABLE,
20,23,43,Ca,0,0.0,7/2-,-38408.873,0.135,,none,True,False,STABLE,
20,24,44,Ca,0,0.0,0+,-41468.73,2.086,,none,True,False,STABLE,
20,25,45,Ca,0,0.0,7/2-,-40812.23,,14049504.000000002,chart,False,False,B-,B- = 100 
20,26,46,Ca,0,0.0,0+,-43139.61,0.004,,none,True,False,STABLE,
20,27,47,Ca,0,0.0,7/2-,-42344.665,,391910.4,chart,False,False,B-,B- = 100 
20,28,48,Ca,0,0.0,0+,-44224.868,0.187,1.7672256e+27,chart,False,False,OTHER,"B-?,2B- = 0 "
20,29,49,Ca,0,0.0,3/2-,-41300.003,,523.08,chart,False,False,B-,B- = 100 
20,30,50,Ca,0,0.0,0+,-39589.23,,13.45,chart,False,False,B-,B- = 100 
20,31,51,Ca,0,0.0,3/2(-),-36332.31,,10.0,chart,False,False,B-,"B- = 100,B-n?"
20,32,52,Ca,0,0.0,0+,-34266.272,,4.6,chart,False,False,B-,"B- = 100,B-n = 2 "
20,33,53,Ca,0,0.0,(1/2-),-29387.707,,0.461,chart,False,False,B-,"B- = 100,B-n = 40 10"
20,34,54,Ca,0,0.0,0+,-25160.587,,0.09,chart,False,False,B-,"B- = 100,B-n?"
20,35,55,Ca,0,0.0,,-18650.375,,0.022,chart,False,False,B-,"B-n?,B-2n?,B- = 100"
20,36,56,Ca,0,0.0,0+,-13510.39,,0.011,chart,False,False,B-,"B-n?,B-2n?,B- = 100"
20,37,57,Ca,0,0.0,,-6560.0,,,none,False,False,B-,"B-n?,B-2n?,B- = 100"
20,38,58,Ca,0,0.0,0+,-1530.0,,,none,False,False,B-,"B-n?,B-2n?,B- = 100"
20,39,59,Ca,0,0.0,,5810.0,,,none,False,False,B-,"B-n?,B-2n?,B- = 100"
20,40,60,Ca,0,0.0,0+,11000.0,,,none,False,False,B-,"B-n?,B-2n?,B- = 100"
21,18,39,Sc,0,0.0,,-14172.726,,,none,False,False,OTHER,p = 100
21,19,40,Sc,0,0.0,4-,-20523.353,,0.1824,chart,False,False,EC_BP,"ECa = 0.017 0.005,EC+B+ = 100 ,ECp = 0.44 0.07"
21,20,41,Sc,0,0.0,7/2-,-28642.36,,0.5962999999999999,chart,False,False,EC_BP,EC+B+ = 100 
21,21,42,Sc,0,0.0,0+,-32121.003,,0.68079,chart,False,False,EC_BP,EC+B+ = 100 
21,21,42,Sc,1,616.771,7+,-31504.232,,61.7,wallet,False,False,EC_BP,EC+B+ = 100 
21,22,43,Sc,0,0.0,7/2-,-36188.15,,14007.6,chart,False,False,EC_BP,EC+B+ = 100 
21,23,44,Sc,0,0.0,2+,-37816.035,,14551.2,chart,False,False,EC_BP,EC+B+ = 100 
21,23,44,Sc,1,271.24,6+,-37544.795000000006,,211032.0,wallet,False,False,IT,"IT = 98.77 0.01,EC+B+ = 1.23 0.01"
21,24,45,Sc,0,0.0,7/2-,-41072.321,100.0,,none,True,False,STABLE,
21,24,45,Sc,1,12.4,3/2+,-41059.921,,0.32580000000000003,wallet,False,False,IT,IT = 100 
21,25,46,Sc,0,0.0,4+,-41761.643,,7241011.2,chart,False,False,B-,B- = 100 
21,25,46,Sc,1,142.528,1-,-41619.115,,18.746,wallet,False,False,IT,IT = 100 
21,26,47,Sc,0,0.0,7/2-,-44336.842,,289362.24,chart,False,False,B-,B- = 100 
21,27,48,Sc,0,0.0,6+,-44504.083,,157356.0,chart,False,False,B-,B- = 100 
21,28,49,Sc,0,0.0,7/2-,-46562.447,,3432.0,chart,False,False,B-,B- = 100 
21,29,50,Sc,0,0.0,5+,-44537.12,,102.5,chart,False,False,B-,B- = 100
21,29,50,Sc,1,256.895,2+,-44280.225000000006,,0.35,wallet,False,False,IT,"B- = 1 ,IT = 99 "
21,30,51,Sc,0,0.0,(7/2)-,-43250.353,,12.5,chart,False,False,B-,"B- = 100,B-n?"
21,31,52,Sc,0,0.0,3(+),-40523.56,,8.2,chart,False,False,B-,"B- = 100,B-n?"
21,32,53,Sc,0,0.0,(7/2-),-38769.555,,2.4,chart,False,False,B-,"B- = 100,B-n?"
21,33,54,Sc,0,0.0,(3)+,-34437.934,,0.526,chart,False,False,B-,"B- = 100,B-n = 16 9"
21,34,55,Sc,0,0.0,(7/2-),-30842.108,,0.092,chart,False,False,B-,"B- = 100,B-n = 17 7"
21,35,56,Sc,0,0.0,(1+),-25515.848,,0.026,chart,False,False,B-,"B-n?,B-2n?,B- = 100"
21,36,57,Sc,0,0.0,,-21379.653,,0.02,chart,False,False,B-,"B-n?,B-2n?,B- = 100"
21,37,58,Sc,0,0.0,,-15479.569,,0.012,chart,False,False,B-,"B-n?,B-2n?,B- = 100"
21,38,59,Sc,0,0.0,,-10829.55,,,none,False,False,B-,"B-n?,B-2n?,B- = 100"
21,39,60,Sc,0,0.0,,-4550.0,,,none,False,False,B-,"B-n?,B-2n?,B- = 100"
21,40,61,Sc,0,0.0,,500.0,,,none,False,False,B-,"B-n?,B-2n?,B- = 100"
21,41,62,Sc,0,0.0,,7310.0,,,none,False,False,B-,"B-n?,B-2n?,B- = 100"
22,17,39,Ti,0,0.0,,2500.0,,0.0285,chart,False,False,EC_BP,"EC2p = 0 ,EC+B+ = 100,ECp = 93.7 2.8"
22,18,40,Ti,0,0.0,0+,-8993.439,,0.0524,chart,False,False,EC_BP,"ECp = 95.8 1.3,EC+B+ = 100 "
22,19,41,Ti,0,0.0,3/2+,-15697.539,,0.0819,chart,False,False,EC_BP,"ECp ~ 100 ,EC+B+ = 100"
22,20,42,Ti,0,0.0,0+,-25104.353,,0.20834,chart,False,False,EC_BP,EC+B+ = 100 
22,21,43,Ti,0,0.0,7/2-,-29315.591,,0.509,chart,False,False,EC_BP,"ECp?,EC+B+ = 100 "
22,22,44,Ti,0,0.0,0+,-37548.586,,1865054160.0,chart,False,False,EC_BP,EC = 100 
22,23,45,Ti,0,0.0,7/2-,-39010.266,,11088.0,chart,False,False,EC_BP,EC+B+ = 100 
22,24,46,Ti,0,0.0,0+,-44128.269,8.25,,none,True,False,STABLE,
22,25,47,Ti,0,0.0,5/2-,-44937.612,7.44,,none,True,False,STABLE,
22,26,48,Ti,0,0.0,0+,-48492.952,73.72,,none,True,False,STABLE,
22,27,49,Ti,0,0.0,7/2-,-48564.012,5.41,,none,True,False,STABLE,
22,28,50,Ti,0,0.0,0+,-51431.867,5.18,,none,True,False,STABLE,
22,29,51,Ti,0,0.0,3/2-,-49732.965,,345.36,chart,False,False,B-,B- = 100
22,30,52,Ti,0,0.0,0+,-49477.698,,102.0,chart,False,False,B-,B- = 100
22,31,53,Ti,0,0.0,3/2-,-46881.433,,32.7,chart,False,False,B-,B- = 100
22,32,54,Ti,0,0.0,0+,-45743.812,,1.6,chart,False,False,B-,B- = 100
22,33,55,Ti,0,0.0,(1/2)-,-41832.469,,1.3,chart,False,False,B-,B- = 100
22,34,56,Ti,0,0.0,0+,-39422.995,,0.199,chart,False,False,B-,"B- = 100,B-n?"
22,35,57,Ti,0,0.0,,-34401.848,,0.094,chart,False,False,B-,"B- = 100,B-n?"
22,36,58,Ti,0,0.0,0+,-30917.668,,0.055,chart,False,False,B-,"B- = 100,B-n?"
22,37,59,Ti,0,0.0,,-25880.0,,0.0285,chart,False,False,B-,"B-n?,B-2n?,B- = 100"
22,38,60,Ti,0,0.0,0+,-22099.698,,0.0222,chart,False,False,B-,"B-n?,B-2n?,B- = 100"
22,39,61,Ti,0,0.0,,-16370.0,,0.015,chart,False,False,B-,"B-n?,B-2n?,B- = 100"
22,40,62,Ti,0,0.0,0+,-12200.0,,,none,False,False,B-,"B-n?,B-2n?,B- = 100"
22,41,63,Ti,0,0.0,,-5860.0,,,none,False,False,B-,"B-n?,B-2n?,B- = 100"
22,42,64,Ti,0,0.0,0+,-1480.0,,,none,False,False,B-,"B-n?,B-2n?,B- = 100"
23,19,42,V,0,0.0,,-7620.0,,,none,False,False,OTHER,p?
23,20,43,V,0,0.0,,-17916.358,,0.0793,chart,False,False,EC_BP,"ECp?,EC+B+ = 100 "
23,21,44,V,0,0.0,2+,-23808.079,,0.111,chart,False,False,EC_BP,"ECa?,EC+B+ = 100,ECp?"
23,21,44,V,1,267.0,6+,-23541.079,,0.15,wallet,False,False,EC_BP,EC+B+ = 100 
23,22,45,V,0,0.0,7/2-,-31886.441,,0.546,chart,False,False,EC_BP,EC+B+ = 100 
23,23,46,V,0,0.0,0+,-37075.897,,0.42262,chart,False,False,EC_BP,EC+B+ = 100 
23,24,47,V,0,0.0,3/2-,-42007.07,,1956.0,chart,False,False,EC_BP,EC+B+ = 100 
23,25,48,V,0,0.0,4+,-44478.005,,1380153.6,chart,False,False,EC_BP,EC+B+ = 100 
23,26,49,V,0,0.0,7/2-,-47962.157,,28512000.0,chart,False,False,EC_BP,EC = 100 
23,27,50,V,0,0.0,6+,-49223.24,0.25,8.465611560835857e+24,chart,False,False,EC_BP,"B- = 1.4 ,EC+B+ = 98.6 "
23,28,51,V,0,0.0,7/2-,-52203.105,99.75,,none,True,False,STABLE,
23,29,52,V,0,0.0,3+,-51443.032,,224.58,chart,False,False,B-,B- = 100
23,30,53,V,0,0.0,7/2-,-51851.675,,92.22,chart,False,False,B-,B- = 100
23,31,54,V,0,0.0,3+,-49898.267,,49.8,chart,False,False,B-,B- = 100
23,32,55,V,0,0.0,(7/2-),-49125.136,,6.54,chart,False,False,B-,B- = 100
23,33,56,V,0,0.0,1+,-46183.401,,0.218,chart,False,False,B-,"B- = 100,B-n?"
23,34,57,V,0,0.0,,-44435.063,,0.347,chart,False,False,B-,"B- = 100,B-n?"
23,35,58,V,0,0.0,,-40430.584,,0.192,chart,False,False,B-,"B- = 100,B-n?"
23,36,59,V,0,0.0,,-37610.617,,0.096,chart,False,False,B-,"B- = 100,B-n = 3 "
23,37,60,V,0,0.0,,-33087.402,,0.122,chart,False,False,B-,"B-n?,B-2n?,B- = 100"
23,37,60,V,1,0.0,,-33087.402,,0.04,wallet,False,False,B-,"IT?,B-2n?,B- = 100,B-n?"
23,38,61,V,0,0.0,(3/2-),-30177.121,,0.0482,chart,False,False,B-,"B-n = 14.5 2,B-2n?,B- = 100"
23,39,62,V,0,0.0,,-25213.164,,0.0336,chart,False,False,B-,"B-n?,B-2n?,B- = 100"
23,40,63,V,0,0.0,"(3/2-),(5/2-)",-21740.141,,0.0196,chart,False,False,B-,"B- = 100,B-n = 35 "
23,41,64,V,0,0.0,"(1),(2)",-16320.0,,0.015,chart,False,False,B-,"B-n?,B-2n?,B- = 100"
23,42,65,V,0,0.0,,-12110.0,,,none,False,False,B-,"B-n?,B-2n?,B- = 100"
23,43,66,V,0,0.0,,-6300.0,,,none,False,False,B-,"B-n?,B-2n?,B- = 100"
23,44,67,V,0,0.0,,-1744.0,,,none,False,False,B-,"B-n?,B-2n?,B- = 100"
24,18,42,Cr,0,0.0,0+,7060.0,,0.0133,chart,False,False,EC_BP,"2p?,EC+B+ = 100,ECp = 94.4 5"
24,19,43,Cr,0,0.0,(3/2+),-1970.0,,0.0211,chart,False,False,EC_BP,"EC+B+ = 100,ECp = 79.3 3,EC3p = 0.13 +0.18-0.08,EC2p = 11.6 1"
24,20,44,Cr,0,0.0,0+,-13421.899,,0.0428,chart,False,False,EC_BP,"ECp = 12 2,EC+B+ = 100"
24,21,45,Cr,0,0.0,(7/2-),-19514.801,,0.0609,chart,False,False,EC_BP,"ECp = 34.4 0.8,EC+B+ = 100"
24,22,46,Cr,0,0.0,0+,-29471.57,,0.2443,chart,False,False,EC_BP,EC+B+ = 100 
24,23,47,Cr,0,0.0,3/2-,-34563.093,,0.4606,chart,False,False,EC_BP,EC+B+ = 100 
24,24,48,Cr,0,0.0,0+,-42821.313,,77616.0,chart,False,False,EC_BP,EC+B+ = 100 
24,25,49,Cr,0,0.0,5/2-,-45332.352,,2538.0,chart,False,False,EC_BP,EC+B+ = 100 
24,26,50,Cr,0,0.0,0+,-50261.364,4.345,,none,True,False,STABLE,
24,27,51,Cr,0,0.0,7/2-,-51450.715,,2393314.56,chart,False,False,EC_BP,EC = 100
24,28,52,Cr,0,0.0,0+,-55419.508,83.789,,none,True,False,STABLE,
24,29,53,Cr,0,0.0,3/2-,-55287.618,9.501,,none,True,False,STABLE,
24,30,54,Cr,0,0.0,0+,-56935.379,2.365,,none,True,False,STABLE,
24,31,55,Cr,0,0.0,3/2-,-55110.324,,209.88,chart,False,False,B-,B- = 100
24,32,56,Cr,0,0.0,0+,-55285.128,,356.40000000000003,chart,False,False,B-,B- = 100
24,33,57,Cr,0,0.0,3/2-,-52524.985,,21.1,chart,False,False,B-,B- = 100
24,34,58,Cr,0,0.0,0+,-51991.808,,7.0,chart,False,False,B-,B- = 100
24,35,59,Cr,0,0.0,(1/2-),-48115.931,,1.05,chart,False,False,B-,B- = 100
24,36,60,Cr,0,0.0,0+,-46908.5,,0.49,chart,False,False,B-,"B- = 100,B-n?"
24,37,61,Cr,0,0.0,(3/2-),-42496.502,,0.243,chart,False,False,B-,"B- = 100,B-n?"
24,38,62,Cr,0,0.0,0+,-40852.611,,0.206,chart,False,False,B-,"B- = 100,B-n?"
24,39,63,Cr,0,0.0,,-36178.299,,0.129,chart,False,False,B-,"B- = 100,B-n?"
24,40,64,Cr,0,0.0,0+,-33639.978,,0.043,chart,False,False,B-,"B- = 100,B-n?"
24,41,65,Cr,0,0.0,,-28310.0,,0.028,chart,False,False,B-,"B-n?,B-2n?,B- = 100"
24,42,66,Cr,0,0.0,0+,-25140.0,,0.024,chart,False,False,B-,"B-n?,B-2n?,B- = 100"
24,43,67,Cr,0,0.0,,-19270.0,,,none,False,False,B-,"B-n?,B-2n?,B- = 100"
24,44,68,Cr,0,0.0,0+,-15690.0,,,none,False,False,B-,"B-n?,B-2n?,B- = 100"
24,45,69,Cr,0,0.0,,-9630.0,,,none,False,False,B-,"B-n?,B-2n?,B- = 100"
24,46,70,Cr,0,0.0,0+,-5640.0,,,none,False,False,B-,"B-n?,B-2n?,B- = 100"
25,19,44,Mn,0,0.0,,7460.0,,1.05e-07,chart,False,False,OTHER,p?
25,21,46,Mn,0,0.0,(4+),-12417.748,,0.0362,chart,False,False,EC_BP,"ECp = 57 0.8,EC+B+ = 100"
25,22,47,Mn,0,0.0,(5/2-),-22566.376,,0.088,chart,False,False,EC_BP,"ECp = 1.7 ,EC+B+ = 100"
25,23,48,Mn,0,0.0,4+,-29296.644,,0.1576999999999999,chart,False,False,EC_BP,"ECa = 0.0006 ,EC+B+ = 100,ECp = 0.28 0.04"
25,24,49,Mn,0,0.0,5/2-,-37619.925,,0.3821,chart,False,False,EC_BP,EC+B+ = 100 
25,25,50,Mn,0,0.0,0+,-42626.886,,0.28319,chart,False,False,EC_BP,EC+B+ = 100
25,25,50,Mn,1,225.28,5+,-42401.606,,105.0,wallet,False,False,EC_BP,EC+B+ = 100 
25,26,51,Mn,0,0.0,5/2-,-48243.225,,2750.4,chart,False,False,EC_BP,EC+B+ = 100
25,27,52,Mn,0,0.0,6+,-50711.387,,483062.4,chart,False,False,EC_BP,EC+B+ = 100
25,27,52,Mn,1,377.749,2+,-50333.638,,1284.0,wallet,False,False,EC_BP,"IT = 1.78 0.05,EC+B+ = 98.22 0.05"
25,28,53,Mn,0,0.0,7/2-,-54690.35,,114238512000000.0,chart,False,False,EC_BP,EC = 100
25,29,54,Mn,0,0.0,3+,-55558.247,,26965440.000000004,chart,False,False,EC_BP,"B- = 0.000093,EC+B+ = 99.999907"
25,30,55,Mn,0,0.0,5/2-,-57712.542,100.0,,none,True,False,STABLE,
25,31,56,Mn,0,0.0,3+,-56911.666,,9283.68,chart,False,False,B-,B- = 100
25,32,57,Mn,0,0.0,5/2-,-57486.279,,85.4,chart,False,False,B-,B- = 100
25,33,58,Mn,0,0.0,1+,-55827.568,,3.0,chart,False,False,B-,B- = 100
25,33,58,Mn,1,71.77,4+,-55755.798,,65.4,wallet,False,False,B-,"B- ~ 90 ,IT ~ 10 "
25,34,59,Mn,0,0.0,5/2-,-55525.328,,4.59,chart,False,False,B-,B- = 100
25,35,60,Mn,0,0.0,1+,-52967.946,,0.28,chart,False,False,B-,B- = 100
25,35,60,Mn,1,271.8,4+,-52696.146,,1.77,wallet,False,False,B-,"B- = 88.5 0.8,IT = 11.5 0.8"
25,36,61,Mn,0,0.0,(5/2-),-51742.13,,0.709,chart,False,False,B-,"B- = 100,B-n = 0.2 "
25,37,62,Mn,0,0.0,1+,-48523.965,,0.092,chart,False,False,B-,"B- = 100,B-n?"
25,37,62,Mn,1,348.0,4+,-48175.965,,0.671,wallet,False,False,B-,"B-n?,IT?,B- = 100"
25,38,63,Mn,0,0.0,5/2(-),-46887.061,,0.277,chart,False,False,B-,"B- = 100,B-n?"
25,39,64,Mn,0,0.0,1(+),-42989.04,,0.09,chart,False,False,B-,"B- = 100,B-n = 2.7 0.6"
25,40,65,Mn,0,0.0,(5/2-),-40967.344,,0.0917,chart,False,False,B-,"B- = 100,B-n = 7.9 1.2"
25,41,66,Mn,0,0.0,"(1+),(2+)",-36750.392,,0.0639,chart,False,False,B-,"B-n = 7.3 +1.4-1.1,B-2n?,B- = 100"
25,42,67,Mn,0,0.0,,-33580.0,,0.047,chart,False,False,B-,"B-n = 5 ,B-2n?,B- = 100"
25,43,68,Mn,0,0.0,,-28920.0,,0.0339,chart,False,False,B-,"B-n = 18 10,B-2n?,B- = 100"
25,44,69,Mn,0,0.0,,-25360.0,,0.0221,chart,False,False,B-,"B-n = 40 20,B-2n?,B- = 100"
25,45,70,Mn,0,0.0,,-20450.0,,0.0198999999999999,chart,False,False,B-,"B-n?,B-2n?,B- = 100"
25,46,71,Mn,0,0.0,,-16620.0,,,none,False,False,B-,"B-n?,B-2n?,B- = 100"
25,47,72,Mn,0,0.0,,-11170.0,,,none,False,False,B-,"B-n?,B-2n?,B- = 100"
25,48,73,Mn,0,0.0,,-6700.0,,,none,False,False,B-,"B-n?,B-2n?,B- = 100"
26,19,45,Fe,0,0.0,(3/2+),14408.0,,0.0026,chart,False,False,OTHER,"EC+B+ = 30 4,EC2p = 8 2,EC3p = 3 2,ECp = 19 5,2p = 70 4"
26,20,46,Fe,0,0.0,0+,1210.0,,0.0139,chart,False,False,EC_BP,"EC2p = 1 ,EC+B+ = 100,ECp = 72.4 6.4"
26,21,47,Fe,0,0.0,(7/2-),-7130.0,,0.0219,chart,False,False,EC_BP,"ECp = 88.4 0.9,EC+B+ = 100"
26,22,48,Fe,0,0.0,0+,-18008.575,,0.0455,chart,False,False,EC_BP,"ECp = 15.3 0.7,EC+B+ = 100"
26,23,49,Fe,0,0.0,(7/2-),-24750.73,,0.0647,chart,False,False,EC_BP,"ECp = 56.7 0.4,EC+B+ = 100"
26,24,50,Fe,0,0.0,0+,-34476.46,,0.152,chart,False,False,EC_BP,"ECp ~ 0 ,EC+B+ = 100"
26,25,51,Fe,0,0.0,5/2-,-40189.185,,0.305,chart,False,False,EC_BP,EC+B+ = 100
26,26,52,Fe,0,0.0,0+,-48332.095,,29782.8,chart,False,False,EC_BP,EC+B+ = 100
26,26,52,Fe,1,6958.4,12+,-41373.695,,45.9,wallet,False,False,EC_BP,"IT = 0.021 0.005,EC+B+ = 99.979 0.005"
26,27,53,Fe,0,0.0,7/2-,-50947.483,,510.6,chart,False,False,EC_BP,EC+B+ = 100 
26,27,53,Fe,1,3040.4,19/2-,-47907.083,,152.4,wallet,False,False,IT,IT = 100
26,28,54,Fe,0,0.0,0+,-56254.615,5.845,,none,True,False,STABLE,
26,29,55,Fe,0,0.0,3/2-,-57481.422,,86972745.6,chart,False,False,EC_BP,EC = 100
26,30,56,Fe,0,0.0,0+,-60607.163,91.754,,none,True,False,STABLE,
26,31,57,Fe,0,0.0,1/2-,-60182.017,2.119,,none,True,False,STABLE,
26,32,58,Fe,0,0.0,0+,-62155.271,0.282,,none,True,False,STABLE,
26,33,59,Fe,0,0.0,3/2-,-60664.957,,3844368.0,chart,False,False,B-,B- = 100
26,34,60,Fe,0,0.0,0+,-61413.174,,82348894490400.0,chart,False,False,B-,B- = 100
26,35,61,Fe,0,0.0,(3/2-),-58920.503,,361.8,chart,False,False,B-,B- = 100
26,36,62,Fe,0,0.0,0+,-58878.057,,68.0,chart,False,False,B-,B- = 100
26,37,63,Fe,0,0.0,(5/2-),-55635.629,,6.1,chart,False,False,B-,B- = 100
26,38,64,Fe,0,0.0,0+,-54969.552,,2.0,chart,False,False,B-,B- = 100
26,39,65,Fe,0,0.0,(1/2-),-51217.902,,0.803,chart,False,False,B-,"B- = 100,B-n?"
26,39,65,Fe,1,393.7,(9/2+),-50824.202000000005,,1.15,wallet,False,False,B-,"B- = 100,B-n?"
26,40,66,Fe,0,0.0,0+,-50067.847,,0.472,chart,False,False,B-,"B- = 100,B-n?"
26,41,67,Fe,0,0.0,,-45708.416,,0.398,chart,False,False,B-,"B- = 100,B-n?"
26,42,68,Fe,0,0.0,0+,-43897.0,,0.186,chart,False,False,B-,"B- = 100,B-n?"
26,43,69,Fe,0,0.0,(1/2-),-39199.0,,0.162,chart,False,False,B-,"B- = 100,B-n?"
26,44,70,Fe,0,0.0,0+,-36890.0,,0.0615,chart,False,False,B-,"B- = 100,B-n?"
26,45,71,Fe,0,0.0,,-31930.0,,0.034,chart,False,False,B-,"B-n?,B-2n?,B- = 100"
26,46,72,Fe,0,0.0,0+,-29250.0,,0.019,chart,False,False,B-,"B-n?,B-2n?,B- = 100"
26,47,73,Fe,0,0.0,,-23990.0,,0.0129,chart,False,False,B-,"B-n?,B-2n?,B- = 100"
26,48,74,Fe,0,0.0,0+,-20660.0,,0.0081999999999999,chart,False,False,B-,"B-n?,B-2n?,B- = 100"
26,49,75,Fe,0,0.0,,-14700.0,,,none,False,False,B-,"B-n?,B-2n?,B- = 100"
26,50,76,Fe,0,0.0,0+,-10590.0,,,none,False,False,B-,"B-n?,B-2n?,B- = 100"
27,23,50,Co,0,0.0,(6+),-17589.403,,0.0388,chart,False,False,EC_BP,"ECp = 70.5 0.7,EC+B+ = 100"
27,24,51,Co,0,0.0,7/2-,-27342.146,,0.0688,chart,False,False,EC_BP,"ECp = 3.8 ,EC+B+ = 100"
27,25,52,Co,0,0.0,(6+),-34343.979,,0.111,chart,False,False,EC_BP,"ECp?,EC+B+ = 100"
27,25,52,Co,1,380.0,2+,-33963.979,,0.10200000000000001,wallet,False,False,EC_BP,EC+B+ ~ 100 
27,26,53,Co,0,0.0,(7/2-),-42659.376,,0.244,chart,False,False,EC_BP,EC+B+ = 100 
27,26,53,Co,1,3174.4,(19/2-),-39484.976,,0.248,wallet,False,False,EC_BP,"p ~ 1.5 ,EC+B+ ~ 98.5 "
27,27,54,Co,0,0.0,0+,-48010.068,,0.19327,chart,False,False,EC_BP,EC+B+ = 100
27,27,54,Co,1,197.1,7+,-47812.968,,88.8,wallet,False,False,EC_BP,EC+B+ = 100
27,28,55,Co,0,0.0,7/2-,-54029.996,,63108.00000000001,chart,False,False,EC_BP,EC+B+ = 100
27,29,56,Co,0,0.0,4+,-56040.518,,6673190.4,chart,False,False,EC_BP,EC+B+ = 100
27,30,57,Co,0,0.0,7/2-,-59345.658,,23483520.0,chart,False,False,EC_BP,EC = 100
27,31,58,Co,0,0.0,2+,-59847.292,,6124291.199999999,chart,False,False,EC_BP,EC+B+ = 100
27,31,58,Co,1,24.95,5+,-59822.342,,31881.6,wallet,False,False,IT,"IT = 99.9988 0.00005,EC = 0.0012 0.00005"
27,32,59,Co,0,0.0,7/2-,-62229.838,100.0,,none,True,False,STABLE,
27,33,60,Co,0,0.0,5+,-61650.437,,166340109.6,chart,False,False,B-,B- = 100
27,33,60,Co,1,58.59,2+,-61591.847,,628.02,wallet,False,False,IT,"B- = 0.25 0.03,IT = 99.75 0.03"
27,34,61,Co,0,0.0,7/2-,-62898.179,,5940.0,chart,False,False,B-,B- = 100
27,35,62,Co,0,0.0,(2)+,-61424.399,,90.6,chart,False,False,B-,B- = 100
27,35,62,Co,1,22.0,(5)+,-61402.399,,834.0,wallet,False,False,B-,"B- = 99 ,IT = 1 "
27,36,63,Co,0,0.0,7/2-,-61851.553,,26.9,chart,False,False,B-,B- = 100
27,37,64,Co,0,0.0,1+,-59792.442,,0.3,chart,False,False,B-,B- = 100
27,37,64,Co,1,107.0,,-59685.442,,0.28,wallet,False,False,B-,"B-?,IT?"
27,38,65,Co,0,0.0,(7/2)-,-59185.205,,1.16,chart,False,False,B-,B- = 100
27,39,66,Co,0,0.0,(1+),-56408.541,,0.2,chart,False,False,B-,"B- = 100,B-n?"
27,40,67,Co,0,0.0,(7/2-),-55321.783,,0.329,chart,False,False,B-,"B- = 100,B-n?"
27,40,67,Co,1,491.54,(1/2-),-54830.243,,0.496,wallet,False,False,IT,"B-n?,IT = 80 ,B- = 20 "
27,41,68,Co,0,0.0,(7-),-51642.591,,0.222,chart,False,False,B-,"B- = 100,B-n?"
27,41,68,Co,1,0.0,(2-),-51642.591,,1.6,wallet,False,False,B-,"B- = 100,B-n = 2.6 "
27,42,69,Co,0,0.0,(7/2-),-50385.447,,0.21,chart,False,False,B-,"B- = 100,B-n?"
27,42,69,Co,1,176.0,(1/2-),-50209.447,,0.75,wallet,False,False,B-,"B- = 100,B-n?"
27,43,70,Co,0,0.0,"(6-),(7-)",-46524.963,,0.114,chart,False,False,B-,"B-n?,B-2n?,B- = 100"
27,43,70,Co,1,0.0,"(1+),(2+)",-46524.963,,0.507,wallet,False,False,B-,"B-n?,B-2n?,B- = 100"
27,44,71,Co,0,0.0,(7/2-),-44369.93,,0.08,chart,False,False,B-,"B- = 100,B-n ~ 16 "
27,45,72,Co,0,0.0,"(6-),(7-)",-40300.0,,0.0519,chart,False,False,B-,"B-n = 6 ,B-2n?,B- = 100"
27,45,72,Co,1,0.0,"(0+),(1+)",-40300.0,,0.047799999999999995,wallet,False,False,B-,"B-n = 6 ,B-2n?,B- = 100"
27,45,72,Co,2,0.0,(3+),-40300.0,,0.18,wallet,False,False,B-,"B- = 100,B-n?"
27,46,73,Co,0,0.0,(7/2-),-37970.0,,0.042,chart,False,False,B-,"B-n = 6 3,B-2n?,B- = 100"
27,47,74,Co,0,0.0,,-33540.0,,0.0313,chart,False,False,B-,"B-n = 18 15,B-2n?,B- = 100"
27,48,75,Co,0,0.0,,-30560.0,,0.0265,chart,False,False,B-,"B-n = 15 ,B-2n?,B- = 100"
27,49,76,Co,0,0.0,(1-),-25660.0,,0.016,chart,False,False,B-,"B-n?,B-2n?,B- = 100"
27,49,76,Co,1,0.0,(8-),-25660.0,,0.0217,wallet,False,False,B-,"B-n?,B-2n?,B- = 100"
27,50,77,Co,0,0.0,,-21910.0,,0.013,chart,False,False,B-,"B-n?,B-2n?,B- = 100"
27,51,78,Co,0,0.0,,-15320.0,,,none,False,False,B-,"B-n?,B-2n?,B- = 100"
28,20,48,Ni,0,0.0,0+,18178.0,,0.0021,chart,False,False,OTHER,"ECp = 30 20,2p = 70 20"
28,21,49,Ni,0,0.0,,8530.0,,0.0075,chart,False,False,EC_BP,"ECp = 83 13,EC+B+ = 100"
28,22,50,Ni,0,0.0,0+,-3460.0,,0.0176,chart,False,False,EC_BP,"EC2p = 14 5,EC+B+ = 100,ECp = 73 6"
28,23,51,Ni,0,0.0,,-11650.0,,0.0238,chart,False,False,EC_BP,"EC2p = 0.5 0.2,EC+B+ = 100,ECp = 87.2 0.8"
28,24,52,Ni,0,0.0,0+,-22559.856,,0.0414,chart,False,False,EC_BP,"ECp = 31.4 1.5,EC+B+ = 100"
28,25,53,Ni,0,0.0,(7/2-),-29630.827,,0.0552,chart,False,False,EC_BP,"ECp = 22.7 0.7,EC+B+ = 100"
28,26,54,Ni,0,0.0,0+,-39278.312,,0.1141,chart,False,False,EC_BP,"ECp?,EC+B+ = 100"
28,27,55,Ni,0,0.0,7/2-,-45335.961,,0.2039,chart,False,False,EC_BP,EC+B+ = 100
28,28,56,Ni,0,0.0,0+,-53907.649,,525398.4,chart,False,False,EC_BP,EC+B+ = 100
28,29,57,Ni,0,0.0,3/2-,-56083.961,,128160.0,chart,False,False,EC_BP,EC+B+ = 100
28,30,58,Ni,0,0.0,0+,-60228.871,68.0769,,none,True,False,STABLE,
28,31,59,Ni,0,0.0,3/2-,-61156.833,,2554682392800.0,chart,False,False,EC_BP,EC+B+ = 100 
28,32,60,Ni,0,0.0,0+,-64473.243,26.2231,,none,True,False,STABLE,
28,33,61,Ni,0,0.0,3/2-,-64222.029,1.1399,,none,True,False,STABLE,
28,34,62,Ni,0,0.0,0+,-66746.44,3.6345,,none,True,False,STABLE,
28,35,63,Ni,0,0.0,1/2-,-65512.891,,3181006080.0,chart,False,False,B-,B- = 100
28,36,64,Ni,0,0.0,0+,-67099.034,0.9256,,none,True,False,STABLE,
28,37,65,Ni,0,0.0,5/2-,-65125.796,,9063.0,chart,False,False,B-,B- = 100
28,38,66,Ni,0,0.0,0+,-66006.293,,196560.0,chart,False,False,B-,B- = 100
28,39,67,Ni,0,0.0,(1/2)-,-63742.688,,21.0,chart,False,False,B-,B- = 100
28,40,68,Ni,0,0.0,0+,-63463.822,,29.0,chart,False,False,B-,B- = 100 
28,41,69,Ni,0,0.0,(9/2+),-59978.656,,11.4,chart,False,False,B-,B- = 100
28,41,69,Ni,1,321.0,(1/2-),-59657.656,,3.5,wallet,False,False,B-,"B- ~ 100 ,IT = 0.01 "
28,42,70,Ni,0,0.0,0+,-59213.868,,6.0,chart,False,False,B-,B- = 100
28,43,71,Ni,0,0.0,(9/2+),-55406.236,,2.55,chart,False,False,B-,B- = 100
28,43,71,Ni,1,499.0,(1/2-),-54907.236,,2.3,wallet,False,False,B-,B- = 100
28,44,72,Ni,0,0.0,0+,-54226.068,,1.57,chart,False,False,B-,"B- = 100,B-n?"
28,45,73,Ni,0,0.0,(9/2+),-50108.159,,0.838,chart,False,False,B-,"B- = 100,B-n?"
28,46,74,Ni,0,0.0,0+,-48700.0,,0.5077,chart,False,False,B-,"B- = 100,B-n?"
28,47,75,Ni,0,0.0,,-44240.0,,0.3322,chart,False,False,B-,"B- = 100,B-n = 10 2.8"
28,48,76,Ni,0,0.0,0+,-42190.0,,0.2347,chart,False,False,B-,"B- = 100,B-n = 14 3.6"
28,49,77,Ni,0,0.0,,-37350.0,,0.1585,chart,False,False,B-,"B-n = 26 13,B-2n?,B- = 100"
28,50,78,Ni,0,0.0,0+,-34880.0,,0.1222,chart,False,False,B-,"B- = 100,B-n?"
28,51,79,Ni,0,0.0,,-28160.0,,0.043,chart,False,False,B-,"B-n?,B-2n?,B- = 100"
28,52,80,Ni,0,0.0,0+,-23240.0,,0.024,chart,False,False,B-,"B-n?,B-2n?,B- = 100"
28,53,81,Ni,0,0.0,,-16090.0,,,none,False,False,B-,"B-n?,B-2n?,B- = 100"
28,54,82,Ni,0,0.0,0+,-10720.0,,,none,False,False,B-,"B-n?,B-2n?,B- = 100"
29,24,53,Cu,0,0.0,,-13140.0,,1.3e-07,chart,False,False,OTHER,p?
29,25,54,Cu,0,0.0,,-21240.0,,7.500000000000001e-08,chart,False,False,OTHER,p?
29,26,55,Cu,0,0.0,(3/2-),-31635.403,,0.0559,chart,False,False,EC_BP,"ECp?,EC+B+ = 100"
29,27,56,Cu,0,0.0,4+,-38629.733,,0.0808,chart,False,False,EC_BP,"ECp = 0.4 0.12,EC+B+ = 100"
29,28,57,Cu,0,0.0,3/2-,-47309.014,,0.1964,chart,False,False,EC_BP,EC+B+ = 100
29,29,58,Cu,0,0.0,1+,-51667.851,,3.205,chart,False,False,EC_BP,EC+B+ = 100
29,30,59,Cu,0,0.0,3/2-,-56358.454,,82.0,chart,False,False,EC_BP,EC+B+ = 100
29,31,60,Cu,0,0.0,2+,-58345.262,,1424.4,chart,False,False,EC_BP,EC+B+ = 100
29,32,61,Cu,0,0.0,3/2-,-61984.063,,12020.4,chart,False,False,EC_BP,EC+B+ = 100
29,33,62,Cu,0,0.0,1+,-62787.543,,580.32,chart,False,False,EC_BP,EC+B+ = 100 
29,34,63,Cu,0,0.0,3/2-,-65579.868,69.15,,none,True,False,STABLE,
29,35,64,Cu,0,0.0,1+,-65424.418,,45722.52,chart,False,False,EC_BP,"B- = 38.5 0.3,EC+B+ = 61.5 0.3"
29,36,65,Cu,0,0.0,3/2-,-67263.677,30.85,,none,True,False,STABLE,
29,37,66,Cu,0,0.0,1+,-66258.289,,305.4,chart,False,False,B-,B- = 100
29,38,67,Cu,0,0.0,3/2-,-67319.553,,222516.0,chart,False,False,B-,B- = 100
29,39,68,Cu,0,0.0,1+,-65567.043,,30.8,chart,False,False,B-,B- = 100
29,39,68,Cu,1,721.26,6-,-64845.783,,226.2,wallet,False,False,IT,"B- = 14 2,IT = 86 2"
29,40,69,Cu,0,0.0,3/2-,-65736.221,,174.0,chart,False,False,B-,B- = 100
29,41,70,Cu,0,0.0,6-,-62976.381,,44.5,chart,False,False,B-,B- = 100
29,41,70,Cu,1,101.1,3-,-62875.281,,33.0,wallet,False,False,B-,"B- = 52 9,IT = 48 9"
29,41,70,Cu,2,246.6,1+,-62729.781,,6.4,wallet,False,False,B-,"B- = 93.2 0.9,IT = 6.8 0.9"
29,42,71,Cu,0,0.0,3/2-,-62711.134,,19.4,chart,False,False,B-,B- = 100
29,43,72,Cu,0,0.0,2-,-59783.006,,6.63,chart,False,False,B-,B- = 100
29,44,73,Cu,0,0.0,3/2-,-58987.445,,4.2,chart,False,False,B-,"B- = 100 ,B-n = 0.029 0.006"
29,45,74,Cu,0,0.0,2-,-56006.213,,1.606,chart,False,False,B-,"B- = 100,B-n = 0.075 0.016"
29,46,75,Cu,0,0.0,5/2(-),-54470.219,,1.224,chart,False,False,B-,"B- = 100,B-n = 2.7 0.6"
29,47,76,Cu,0,0.0,3-,-50981.627,,0.637,chart,False,False,B-,"B- = 100 ,B-n = 7.2 0.5"
29,48,77,Cu,0,0.0,5/2-,-48862.828,,0.4698,chart,False,False,B-,"B- = 100,B-n = 30.1 1.5"
29,49,78,Cu,0,0.0,(6-),-44789.474,,0.3313,chart,False,False,B-,"B-n = 50.6 9.7,B-2n?,B- = 100"
29,50,79,Cu,0,0.0,,-42408.039,,0.241,chart,False,False,B-,"B-n = 66 10,B-2n?,B- = 100"
29,51,80,Cu,0,0.0,,-36679.0,,0.1133,chart,False,False,B-,"B-n = 58 9,B-2n?,B- = 100 "
29,52,81,Cu,0,0.0,,-31910.0,,0.0732,chart,False,False,B-,"B-n = 81 20,B-2n?,B- = 100 "
29,53,82,Cu,0,0.0,,-25730.0,,0.033,chart,False,False,B-,"B-n?,B-2n?,B- = 100 "
29,54,83,Cu,0,0.0,,-20390.0,,,none,False,False,B-,"B-n?,B-2n?,B- = 100"
30,24,54,Zn,0,0.0,0+,-5702.0,,0.00159,chart,False,False,EC_BP,"EC+B+?,2p = 92 +6-13"
30,25,55,Zn,0,0.0,,-14270.0,,0.0198,chart,False,False,EC_BP,"ECp = 91 5.1,EC+B+ = 100"
30,26,56,Zn,0,0.0,0+,-25390.0,,0.032,chart,False,False,EC_BP,"ECp = 86 4.9,EC+B+ = 100"
30,27,57,Zn,0,0.0,,-32550.0,,0.0456,chart,False,False,EC_BP,"ECp = 87 9,EC+B+ = 100"
30,28,58,Zn,0,0.0,0+,-42298.871,,0.086,chart,False,False,EC_BP,"ECp = 0.7 0.1,EC+B+ = 100"
30,29,59,Zn,0,0.0,3/2-,-47215.678,,0.1821,chart,False,False,EC_BP,"ECp = 0.1 0.03,EC+B+ = 100"
30,30,60,Zn,0,0.0,0+,-54174.47,,144.60000000000002,chart,False,False,EC_BP,EC+B+ = 100
30,31,61,Zn,0,0.0,3/2-,-56348.906,,88.8,chart,False,False,EC_BP,EC+B+ = 100
30,32,62,Zn,0,0.0,0+,-61168.088,,33094.8,chart,False,False,EC_BP,EC+B+ = 100
30,33,63,Zn,0,0.0,3/2-,-62213.429,,2302.8,chart,False,False,EC_BP,EC+B+ = 100
30,34,64,Zn,0,0.0,0+,-66004.018,49.17,,none,True,False,STABLE,
30,35,65,Zn,0,0.0,5/2-,-65912.024,,21075552.0,chart,False,False,EC_BP,EC+B+ = 100
30,36,66,Zn,0,0.0,0+,-68899.229,27.73,,none,True,False,STABLE,
30,37,67,Zn,0,0.0,5/2-,-67880.376,4.04,,none,True,False,STABLE,
30,38,68,Zn,0,0.0,0+,-70007.154,18.45,,none,True,False,STABLE,
30,39,69,Zn,0,0.0,1/2-,-68417.906,,3384.0,chart,False,False,B-,B- = 100
30,39,69,Zn,1,438.636,9/2+,-67979.27,,49492.799999999996,wallet,False,False,IT,"B- = 0.033 0.003,IT = 99.967 0.003"
30,40,70,Zn,0,0.0,0+,-69564.748,0.61,,none,True,False,STABLE,
30,41,71,Zn,0,0.0,1/2-,-67328.786,,145.2,chart,False,False,B-,B- = 100
30,41,71,Zn,1,157.7,9/2+,-67171.086,,14893.199999999999,wallet,False,False,B-,"B- = 100,IT = 0.05 "
30,42,72,Zn,0,0.0,0+,-68145.495,,167400.0,chart,False,False,B-,B- = 100
30,43,73,Zn,0,0.0,1/2-,-65593.411,,24.5,chart,False,False,B-,B- = 100 
30,44,74,Zn,0,0.0,0+,-65756.72,,96.0,chart,False,False,B-,B- = 100
30,45,75,Zn,0,0.0,7/2+,-62558.916,,10.2,chart,False,False,B-,B- = 100
30,46,76,Zn,0,0.0,0+,-62303.024,,5.3,chart,False,False,B-,B- = 100
30,47,77,Zn,0,0.0,7/2+,-58789.203,,2.09,chart,False,False,B-,B- = 100
30,47,77,Zn,1,772.44,1/2-,-58016.763,,1.05,wallet,False,False,B-,"B- = 66 7,IT = 34 7"
30,48,78,Zn,0,0.0,0+,-57483.242,,1.47,chart,False,False,B-,"B- = 100,B-n = 55 "
30,49,79,Zn,0,0.0,9/2+,-53432.302,,0.746,chart,False,False,B-,"B- = 100,B-n = 1.8 0.5"
30,49,79,Zn,1,1100.0,1/2+,-52332.302,,0.2,wallet,False,False,B-,"B-?,IT?"
30,50,80,Zn,0,0.0,0+,-51648.619,,0.5619,chart,False,False,B-,"B- = 100 ,B-n = 1.36 0.12"
30,51,81,Zn,0,0.0,(5/2+),-46199.669,,0.2994,chart,False,False,B-,"B-n = 22 5,B-2n?,B- = 100"
30,52,82,Zn,0,0.0,0+,-42313.96,,0.1777,chart,False,False,B-,"B-n = 69 7,B-2n?,B- = 100"
30,53,83,Zn,0,0.0,,-36290.0,,0.119,chart,False,False,B-,"B-n ~ 71 ,B-2n?,B- = 100"
30,54,84,Zn,0,0.0,0+,-31830.0,,0.0536,chart,False,False,B-,"B-n = 73 26,B-2n?,B- = 100"
30,55,85,Zn,0,0.0,,-25100.0,,,none,False,False,B-,"B-n?,B-2n?,B- = 100"
31,28,59,Ga,0,0.0,,-33760.0,,4.3e-08,chart,False,False,OTHER,p?
31,29,60,Ga,0,0.0,(2+),-39590.0,,0.0694,chart,False,False,EC_BP,"ECa = 0.023 ,EC+B+ = 100,ECp = 1.6 0.7"
31,30,61,Ga,0,0.0,3/2-,-47134.662,,0.166,chart,False,False,EC_BP,"ECp = 0.25 ,EC+B+ = 100"
31,31,62,Ga,0,0.0,0+,-51987.022,,0.116123,chart,False,False,EC_BP,EC+B+ = 100
31,32,63,Ga,0,0.0,3/2-,-56547.1,,32.1,chart,False,False,EC_BP,EC+B+ = 100
31,33,64,Ga,0,0.0,0+,-58832.827,,157.61999999999998,chart,False,False,EC_BP,EC+B+ = 100
31,34,65,Ga,0,0.0,3/2-,-62657.486,,908.04,chart,False,False,EC_BP,EC+B+ = 100
31,35,66,Ga,0,0.0,0+,-63723.729,,33494.4,chart,False,False,EC_BP,EC+B+ = 100
31,36,67,Ga,0,0.0,3/2-,-66879.156,,281793.6,chart,False,False,EC_BP,EC = 100
31,37,68,Ga,0,0.0,1+,-67086.054,,4070.58,chart,False,False,EC_BP,EC+B+ = 100
31,38,69,Ga,0,0.0,3/2-,-69327.82,60.108,,none,True,False,STABLE,
31,39,70,Ga,0,0.0,1+,-68910.15,,1268.4,chart,False,False,B-,"B- = 99.59 0.05,EC = 0.41 0.05"
31,40,71,Ga,0,0.0,3/2-,-70139.127,39.892,,none,True,False,STABLE,
31,41,72,Ga,0,0.0,3-,-68588.284,,50490.0,chart,False,False,B-,B- = 100
31,42,73,Ga,0,0.0,1/2-,-69699.343,,17532.0,chart,False,False,B-,B- = 100
31,43,74,Ga,0,0.0,(3-),-68049.626,,486.0,chart,False,False,B-,B- = 100
31,43,74,Ga,1,59.571,(0+),-67990.05500000001,,9.5,wallet,False,False,IT,"B- = 25 25,IT = 75 25"
31,44,75,Ga,0,0.0,3/2-,-68460.639,,126.0,chart,False,False,B-,B- = 100
31,45,76,Ga,0,0.0,2(-),-66296.648,,31.0,chart,False,False,B-,B- = 100
31,46,77,Ga,0,0.0,3/2(-),-65992.352,,13.2,chart,False,False,B-,B- = 100
31,47,78,Ga,0,0.0,2(-),-63704.085,,5.09,chart,False,False,B-,B- = 100
31,48,79,Ga,0,0.0,3/2(-),-62548.355,,2.848,chart,False,False,B-,"B- = 100,B-n = 0.089 0.017"
31,49,80,Ga,0,0.0,6-,-59223.675,,1.9,chart,False,False,B-,"B- = 100,B-n = 0.86 0.07"
31,49,80,Ga,1,22.45,3-,-59201.225000000006,,1.3,wallet,False,False,B-,"B- = 100,B-n?"
31,50,81,Ga,0,0.0,5/2-,-57627.962,,1.217,chart,False,False,B-,"B- = 100,B-n = 12.7 0.6"
31,51,82,Ga,0,0.0,(2-),-52930.725,,0.6,chart,False,False,B-,"B-n = 20.6 0.7,B-2n?,B- = 100"
31,52,83,Ga,0,0.0,,-49257.129,,0.31,chart,False,False,B-,"B-n = 67.9 7.2,B-2n?,B- = 100"
31,53,84,Ga,0,0.0,(0-),-44094.136,,0.0975999999999999,chart,False,False,B-,"B-n = 43 3,B-2n = 1.6 0.2,B- = 100"
31,54,85,Ga,0,0.0,(5/2-),-39744.059,,0.0950999999999999,chart,False,False,B-,"B-n = 77 9,B-2n = 1.3 0.2,B- = 100"
31,55,86,Ga,0,0.0,,-33760.0,,0.049,chart,False,False,B-,"B-n = 67 7,B-2n = 16.2 1.1,B- = 100"
31,56,87,Ga,0,0.0,,-28870.0,,0.029,chart,False,False,B-,"B-n = 81 12,B-2n = 10.2 2.8,B- = 100"
32,27,59,Ge,0,0.0,,-16370.0,,0.0133,chart,False,False,EC_BP,"2p = 0.2 ,EC+B+ = 100,ECp = 93 7"
32,28,60,Ge,0,0.0,0+,-27530.0,,0.025,chart,False,False,EC_BP,"EC2p = 14 ,EC+B+ = 100,ECp = 67 3"
32,29,61,Ge,0,0.0,(3/2-),-33790.0,,0.0407,chart,False,False,EC_BP,"ECp = 87 3,EC+B+ = 100"
32,30,62,Ge,0,0.0,0+,-42140.0,,0.0735,chart,False,False,EC_BP,"ECp?,EC+B+ = 100"
32,31,63,Ge,0,0.0,,-46921.221,,0.1533,chart,False,False,EC_BP,"ECp?,EC+B+ = 100"
32,32,64,Ge,0,0.0,0+,-54315.503,,63.7,chart,False,False,EC_BP,"ECp?,EC+B+ = 100"
32,33,65,Ge,0,0.0,3/2-,-56478.223,,30.8,chart,False,False,EC_BP,"ECp = 0.011 0.003,EC+B+ = 100"
32,34,66,Ge,0,0.0,0+,-61607.041,,8135.999999999999,chart,False,False,EC_BP,EC+B+ = 100
32,35,67,Ge,0,0.0,1/2-,-62673.718,,1134.0,chart,False,False,EC_BP,EC+B+ = 100
32,36,68,Ge,0,0.0,0+,-66978.799,,23417856.0,chart,False,False,EC_BP,EC = 100
32,37,69,Ge,0,0.0,5/2-,-67100.674,,140040.0,chart,False,False,EC_BP,EC+B+ = 100
32,38,70,Ge,0,0.0,0+,-70562.036,20.52,,none,True,False,STABLE,
32,39,71,Ge,0,0.0,1/2-,-69906.657,,986688.0,chart,False,False,EC_BP,EC = 100
32,40,72,Ge,0,0.0,0+,-72585.91,27.45,,none,True,False,STABLE,
32,41,73,Ge,0,0.0,9/2+,-71297.532,7.76,,none,True,False,STABLE,
32,41,73,Ge,1,66.725,1/2-,-71230.807,,0.449,wallet,False,False,IT,IT = 100
32,42,74,Ge,0,0.0,0+,-73422.451,36.52,,none,True,False,STABLE,
32,43,75,Ge,0,0.0,1/2-,-71856.973,,4966.8,chart,False,False,B-,B- = 100
32,43,75,Ge,1,139.69,7/2+,-71717.283,,48.1,wallet,False,False,IT,"B- = 0.03 0.006,IT = 99.97 0.006"
32,44,76,Ge,0,0.0,0+,-73212.898,7.75,5.9643864e+28,chart,False,False,OTHER,2B- = 100
32,45,77,Ge,0,0.0,7/2+,-71212.87,,40359.6,chart,False,False,B-,B- = 100
32,45,77,Ge,1,159.71,1/2-,-71053.15999999999,,53.7,wallet,False,False,B-,"B- = 81 2,IT = 19 2"
32,46,78,Ge,0,0.0,0+,-71862.058,,5220.0,chart,False,False,B-,B- = 100
32,47,79,Ge,0,0.0,(1/2)-,-69527.18,,18.97,chart,False,False,B-,B- = 100
32,47,79,Ge,1,185.95,(7/2+),-69341.23,,39.7,wallet,False,False,B-,"B- = 96 1,IT = 4 1"
32,48,80,Ge,0,0.0,0+,-69535.314,,29.5,chart,False,False,B-,B- = 100 
32,49,81,Ge,0,0.0,(9/2+),-66291.695,,6.4,chart,False,False,B-,B- = 100 
32,49,81,Ge,1,679.14,(1/2+),-65612.55500000001,,8.6,wallet,False,False,B-,B- = 100 
32,50,82,Ge,0,0.0,0+,-65415.075,,4.48,chart,False,False,B-,B- = 100 
32,51,83,Ge,0,0.0,(5/2+),-60976.442,,1.85,chart,False,False,B-,"B- = 100,B-n?"
32,52,84,Ge,0,0.0,0+,-58148.435,,0.952,chart,False,False,B-,"B- = 100,B-n = 10.6 0.6"
32,53,85,Ge,0,0.0,"(3/2+),(5/2+)",-53123.427,,0.514,chart,False,False,B-,"B-n = 16.2 1.5,B-2n?,B- = 100"
32,54,86,Ge,0,0.0,0+,-49399.927,,0.226,chart,False,False,B-,"B- = 100,B-n = 45 15"
32,55,87,Ge,0,0.0,,-43590.0,,0.103,chart,False,False,B-,"B-n?,B-2n?,B- = 100"
32,56,88,Ge,0,0.0,0+,-39520.0,,0.061,chart,False,False,B-,"B-n?,B-2n?,B- = 100"
32,57,89,Ge,0,0.0,,-33040.0,,,none,False,False,B-,"B-n?,B-2n?,B- = 100"
32,58,90,Ge,0,0.0,0+,-28470.0,,,none,False,False,B-,"B-n?,B-2n?,B- = 100"
33,30,63,As,0,0.0,,-33500.0,,4.3e-08,chart,False,False,OTHER,p?
33,31,64,As,0,0.0,,-39532.0,,0.0692,chart,False,False,EC_BP,"ECp?,EC+B+ = 100"
33,32,65,As,0,0.0,,-46937.056,,0.1303,chart,False,False,EC_BP,"ECp?,EC+B+ = 100"
33,33,66,As,0,0.0,(0+),-52025.084,,0.09577,chart,False,False,EC_BP,"ECp?,EC+B+ = 100"
33,34,67,As,0,0.0,(5/2-),-56587.232,,42.5,chart,False,False,EC_BP,EC+B+ = 100
33,35,68,As,0,0.0,3+,-58894.527,,151.6,chart,False,False,EC_BP,EC+B+ = 100
33,36,69,As,0,0.0,5/2-,-63112.181,,912.0,chart,False,False,EC_BP,EC+B+ = 100
33,37,70,As,0,0.0,4+,-64333.973,,3156.0,chart,False,False,EC_BP,EC+B+ = 100
33,38,71,As,0,0.0,5/2-,-67893.257,,235080.0,chart,False,False,EC_BP,EC+B+ = 100
33,39,72,As,0,0.0,2-,-68229.808,,93600.0,chart,False,False,EC_BP,EC+B+ = 100
33,40,73,As,0,0.0,3/2-,-70952.757,,6937920.0,chart,False,False,EC_BP,EC = 100
33,41,74,As,0,0.0,2-,-70860.064,,1536192.0,chart,False,False,EC_BP,"B- = 34 2,EC+B+ = 66 2"
33,42,75,As,0,0.0,3/2-,-73034.203,100.0,,none,True,False,STABLE,
33,43,76,As,0,0.0,2-,-72291.384,,94464.0,chart,False,False,B-,B- = 100
33,44,77,As,0,0.0,3/2-,-73916.334,,139644.0,chart,False,False,B-,B- = 100
33,45,78,As,0,0.0,2-,-72816.97,,5442.0,chart,False,False,B-,B- = 100 
33,46,79,As,0,0.0,3/2-,-73636.081,,540.6,chart,False,False,B-,B- = 100
33,47,80,As,0,0.0,1+,-72214.601,,15.2,chart,False,False,B-,B- = 100 
33,48,81,As,0,0.0,3/2-,-72533.314,,33.3,chart,False,False,B-,B- = 100 
33,49,82,As,0,0.0,(2-),-70105.427,,19.1,chart,False,False,B-,B- = 100 
33,49,82,As,1,131.6,(5-),-69973.82699999999,,13.6,wallet,False,False,B-,B- = 100 
33,50,83,As,0,0.0,(5/2-),-69669.331,,14.1,chart,False,False,B-,B- = 100 
33,51,84,As,0,0.0,(2-),-65853.568,,3.16,chart,False,False,B-,"B- = 100,B-n = 0.28 0.04"
33,52,85,As,0,0.0,(5/2-),-63189.152,,2.023,chart,False,False,B-,"B- = 100,B-n = 62.2 1.6"
33,53,86,As,0,0.0,"(1-),(2-)",-58962.15,,0.944,chart,False,False,B-,"B-n = 35.5 0.6,B-2n?,B- = 100"
33,54,87,As,0,0.0,"(3/2-),(5/2-)",-55617.914,,0.484,chart,False,False,B-,"B-n = 15.4 2.2,B-2n?,B- = 100"
33,55,88,As,0,0.0,,-50450.0,,0.2,chart,False,False,B-,"B-n?,B-2n?,B- = 100"
33,56,89,As,0,0.0,,-46530.0,,,none,False,False,B-,"B-n?,B-2n?,B- = 100"
33,57,90,As,0,0.0,,-40990.0,,,none,False,False,B-,"B-n?,B-2n?,B- = 100"
33,58,91,As,0,0.0,,-36500.0,,,none,False,False,B-,"B-n?,B-2n?,B- = 100"
33,59,92,As,0,0.0,,-30380.0,,,none,False,False,B-,"B-n?,B-2n?,B- = 100 "
34,29,63,Se,0,0.0,,-16850.0,,0.0132,chart,False,False,EC_BP,"2p = 0.5 ,EC+B+ ~ 100 ,ECp = 89 11"
34,30,64,Se,0,0.0,0+,-26860.0,,0.0226,chart,False,False,EC_BP,"ECp?,EC+B+ = 100"
34,31,65,Se,0,0.0,(3/2-),-33020.0,,0.0342,chart,False,False,EC_BP,"ECp = 88 +12-13,EC+B+ = 100"
34,32,66,Se,0,0.0,0+,-41660.0,,0.051,chart,False,False,EC_BP,"ECp?,EC+B+ = 100"
34,33,67,Se,0,0.0,,-46580.294,,0.133,chart,False,False,EC_BP,"ECp = 0.5 0.1,EC+B+ = 100"
34,34,68,Se,0,0.0,0+,-54189.449,,35.5,chart,False,False,EC_BP,EC+B+ = 100
34,35,69,Se,0,0.0,1/2-,-56434.714,,27.4,chart,False,False,EC_BP,"ECp = 0.052 0.008,EC+B+ = 100"
34,36,70,Se,0,0.0,0+,-61929.9,,2466.0,chart,False,False,EC_BP,EC+B+ = 100
34,37,71,Se,0,0.0,(5/2-),-63146.515,,286.8,chart,False,False,EC_BP,EC+B+ = 100
34,38,72,Se,0,0.0,0+,-67868.189,,725760.0,chart,False,False,EC_BP,EC = 100
34,39,73,Se,0,0.0,9/2+,-68227.396,,25848.0,chart,False,False,EC_BP,EC+B+ = 100
34,39,73,Se,1,25.71,3/2-,-68201.68599999999,,2388.0,wallet,False,False,IT,"IT = 72.6 0.3,EC+B+ = 27.4 0.3"
34,40,74,Se,0,0.0,0+,-72213.21,0.86,,none,True,False,STABLE,
34,41,75,Se,0,0.0,5/2+,-72169.489,,10348905.6,chart,False,False,EC_BP,EC = 100
34,42,76,Se,0,0.0,0+,-75251.959,9.23,,none,True,False,STABLE,
34,43,77,Se,0,0.0,1/2-,-74599.497,7.6,,none,True,False,STABLE,
34,43,77,Se,1,161.9223,7/2+,-74437.5747,,17.38,wallet,False,False,IT,IT = 100
34,44,78,Se,0,0.0,0+,-77025.952,23.69,,none,True,False,STABLE,
34,45,79,Se,0,0.0,7/2+,-75917.466,,10329843880800.0,chart,False,False,B-,B- = 100
34,45,79,Se,1,95.77,1/2-,-75821.696,,235.2,wallet,False,False,IT,"B- = 0.056 0.011,IT = 99.944 0.011"
34,46,80,Se,0,0.0,0+,-77759.487,49.8,,none,True,False,STABLE,
34,47,81,Se,0,0.0,1/2-,-76389.019,,1110.0,chart,False,False,B-,B- = 100 
34,47,81,Se,1,103.0,7/2+,-76286.019,,3436.8,wallet,False,False,IT,"B- = 0.051 0.014,IT = 99.949 0.014"
34,48,82,Se,0,0.0,0+,-77593.895,8.82,2.7665798252107494e+27,chart,False,False,OTHER,2B- = 100 
34,49,83,Se,0,0.0,9/2+,-75340.543,,1335.0,chart,False,False,B-,B- = 100 
34,49,83,Se,1,228.92,1/2-,-75111.623,,70.2,wallet,False,False,B-,B- = 100 
34,50,84,Se,0,0.0,0+,-75947.731,,198.0,chart,False,False,B-,B- = 100 
34,51,85,Se,0,0.0,(5/2)+,-72413.645,,32.9,chart,False,False,B-,B- = 100 
34,52,86,Se,0,0.0,0+,-70503.175,,14.3,chart,False,False,B-,B- = 100
34,53,87,Se,0,0.0,(3/2+),-66426.133,,5.51,chart,False,False,B-,"B- = 100,B-n = 0.36 0.08"
34,54,88,Se,0,0.0,0+,-63884.203,,1.51,chart,False,False,B-,"B- = 100,B-n = 0.99 0.1"
34,55,89,Se,0,0.0,(3/2)+,-58992.398,,0.41,chart,False,False,B-,"B- = 100,B-n = 6.7 1.6"
34,56,90,Se,0,0.0,0+,-55800.223,,0.195,chart,False,False,B-,"B- = 100,B-n?"
34,57,91,Se,0,0.0,,-50580.13,,0.27,chart,False,False,B-,"B-n = 21 10,B-2n?,B- = 100"
34,58,92,Se,0,0.0,0+,-46724.0,,,none,False,False,B-,"B-n?,B-2n?,B- = 100 "
34,59,93,Se,0,0.0,,-40860.0,,,none,False,False,B-,"B-n?,B-2n?,B- = 100 "
34,60,94,Se,0,0.0,0+,-36803.0,,,none,False,False,B-,"B-n?,B-2n?,B- = 100 "
34,61,95,Se,0,0.0,,-30460.0,,,none,False,False,B-,"B-n?,B-2n?,B- = 100"
35,33,68,Br,0,0.0,,-38791.0,,3.5e-08,chart,False,False,OTHER,p?
35,34,69,Br,0,0.0,(5/2-),-46259.478,,2.4000000000000003e-08,chart,False,False,OTHER,p = 100
35,35,70,Br,0,0.0,0+,-51425.627,,0.0788799999999999,chart,False,False,EC_BP,"ECp?,EC+B+ = 100"
35,35,70,Br,1,2292.3,9+,-49133.327,,2.162,wallet,False,False,EC_BP,"ECp?,EC+B+ = 100"
35,36,71,Br,0,0.0,(5/2-),-56502.426,,21.4,chart,False,False,EC_BP,EC+B+ = 100
35,37,72,Br,0,0.0,1+,-59061.75,,78.6,chart,False,False,EC_BP,EC+B+ = 100
35,37,72,Br,1,101.2,3-,-58960.55,,10.3,wallet,False,False,IT,"IT ~ 100 ,EC+B+?"
35,38,73,Br,0,0.0,1/2-,-63645.787,,204.0,chart,False,False,EC_BP,EC+B+ = 100
35,39,74,Br,0,0.0,(0-),-65288.161,,1524.0,chart,False,False,EC_BP,EC+B+ = 100 
35,39,74,Br,1,13.58,4(+),-65274.581,,2640.0,wallet,False,False,EC_BP,EC+B+ = 100
35,40,75,Br,0,0.0,3/2-,-69107.02,,5802.0,chart,False,False,EC_BP,EC+B+ = 100
35,41,76,Br,0,0.0,1-,-70289.078,,58176.0,chart,False,False,EC_BP,EC+B+ = 100
35,41,76,Br,1,102.58,4+,-70186.49799999999,,1.4,wallet,False,False,IT,"IT = 99.4 ,EC+B+ = 0.6 "
35,42,77,Br,0,0.0,3/2-,-73234.818,,205344.0,chart,False,False,EC_BP,EC+B+ = 100
35,42,77,Br,1,105.86,9/2+,-73128.958,,255.0,wallet,False,False,IT,IT = 100
35,43,78,Br,0,0.0,1+,-73452.168,,387.0,chart,False,False,EC_BP,"B- = 0.01 ,EC+B+ = 99.99 "
35,44,79,Br,0,0.0,3/2-,-76068.067,50.65,,none,True,False,STABLE,
35,44,79,Br,1,207.61,9/2+,-75860.457,,4.85,wallet,False,False,IT,IT = 100
35,45,80,Br,0,0.0,1+,-75889.025,,1060.8,chart,False,False,B-,"B- = 91.7 0.2,EC+B+ = 8.3 0.2"
35,45,80,Br,1,85.843,5-,-75803.182,,15913.439999999999,wallet,False,False,IT,IT = 100 
35,46,81,Br,0,0.0,3/2-,-77977.051,49.35,,none,True,False,STABLE,
35,47,82,Br,0,0.0,5-,-77498.677,,127022.4,chart,False,False,B-,B- = 100 
35,47,82,Br,1,45.9492,2-,-77452.7278,,367.8,wallet,False,False,IT,"B- = 2.4 0.3,IT = 97.6 0.3"
35,48,83,Br,0,0.0,3/2-,-79013.721,,8546.4,chart,False,False,B-,B- = 100 
35,49,84,Br,0,0.0,2-,-77783.094,,1905.6,chart,False,False,B-,B- = 100 
35,49,84,Br,1,320.0,(6)-,-77463.094,,360.0,wallet,False,False,B-,B- = 100 
35,50,85,Br,0,0.0,3/2-,-78575.478,,176.4,chart,False,False,B-,B- = 100 
35,51,86,Br,0,0.0,1-,-75632.261,,55.1,chart,False,False,B-,B- = 100 
35,52,87,Br,0,0.0,5/2-,-73891.685,,55.68,chart,False,False,B-,"B- = 100,B-n = 2.6 0.04"
35,53,88,Br,0,0.0,(1-),-70715.967,,16.34,chart,False,False,B-,"B- = 100,B-n = 6.62 0.2"
35,54,89,Br,0,0.0,(5/2-),-68274.271,,4.348,chart,False,False,B-,"B- = 100 ,B-n = 13.5 0.5"
35,55,90,Br,0,0.0,,-64000.306,,1.91,chart,False,False,B-,"B- = 100,B-n = 25.3 0.9"
35,56,91,Br,0,0.0,,-61107.301,,0.544,chart,False,False,B-,"B- = 100,B-n = 29.8 0.8"
35,57,92,Br,0,0.0,,-56232.812,,0.344,chart,False,False,B-,"B-n = 33.1 2.5,B-2n?,B- = 100 "
35,58,93,Br,0,0.0,,-52890.235,,0.152,chart,False,False,B-,"B-n = 64 7,B-2n?,B- = 100 "
35,59,94,Br,0,0.0,,-47650.0,,0.07,chart,False,False,B-,"B-n = 30 10,B-2n?,B- = 100 "
35,60,95,Br,0,0.0,,-43850.0,,,none,False,False,B-,"B-n?,B-2n?,B- = 100"
35,61,96,Br,0,0.0,,-38210.0,,,none,False,False,B-,"B-n?,B-2n?,B- = 100"
35,62,97,Br,0,0.0,,-34000.0,,,none,False,False,B-,"B-n?,B-2n?,B- = 100 "
35,63,98,Br,0,0.0,,-28050.0,,,none,False,False,B-,"B-n?,B-2n?,B- = 100"
35,66,101,Br,0,0.0,,,,,none,False,False,B-,"B-n?,B-2n?,B- = 100"
36,31,67,Kr,0,0.0,,-15552.0,,0.0074,chart,False,False,OTHER,"EC+B+?,2p = 37 14"
36,32,68,Kr,0,0.0,0+,-25626.0,,0.0216,chart,False,False,EC_BP,"ECp = 89 +11-10,EC+B+ = 100"
36,33,69,Kr,0,0.0,(5/2-),-32140.0,,0.0278999999999999,chart,False,False,EC_BP,"ECp = 95 +5-6,EC+B+ = 100"
36,34,70,Kr,0,0.0,0+,-41100.0,,0.04519,chart,False,False,EC_BP,"ECp = 0.545 0.023,EC+B+ = 100"
36,35,71,Kr,0,0.0,(5/2-),-46327.211,,0.095,chart,False,False,EC_BP,"ECp = 3.06 0.27,EC+B+ = 100"
36,36,72,Kr,0,0.0,0+,-53940.582,,17.1,chart,False,False,EC_BP,EC+B+ = 100
36,37,73,Kr,0,0.0,(3/2)-,-56551.758,,27.3,chart,False,False,EC_BP,"ECp = 0.25 0.03,EC+B+ = 100"
36,38,74,Kr,0,0.0,0+,-62331.844,,690.0,chart,False,False,EC_BP,EC+B+ = 100
36,39,75,Kr,0,0.0,5/2+,-64323.632,,273.0,chart,False,False,EC_BP,EC+B+ = 100
36,40,76,Kr,0,0.0,0+,-69013.706,,53280.0,chart,False,False,EC_BP,EC+B+ = 100
36,41,77,Kr,0,0.0,5/2+,-70169.451,,4275.0,chart,False,False,EC_BP,EC+B+ = 100
36,42,78,Kr,0,0.0,0+,-74178.283,0.355,,none,True,False,STABLE,
36,43,79,Kr,0,0.0,1/2-,-74442.29,,125856.0,chart,False,False,EC_BP,EC+B+ = 100
36,43,79,Kr,1,129.77,7/2+,-74312.51999999999,,50.0,wallet,False,False,IT,IT = 100
36,44,80,Kr,0,0.0,0+,-77893.455,2.286,,none,True,False,STABLE,
36,45,81,Kr,0,0.0,7/2+,-77696.199,,7226690400000.0,chart,False,False,EC_BP,EC = 100 
36,45,81,Kr,1,190.64,1/2-,-77505.559,,13.21,wallet,False,False,IT,"IT = 99.99753 0.00037,EC = 0.00247 0.00037"
36,46,82,Kr,0,0.0,0+,-80591.79509,11.593,,none,True,False,STABLE,
36,47,83,Kr,0,0.0,9/2+,-79990.643,11.5,,none,True,False,STABLE,
36,47,83,Kr,1,41.5575,1/2-,-79949.0855,,6588.0,wallet,False,False,IT,IT = 100 
36,48,84,Kr,0,0.0,0+,-82439.34527,56.987,,none,True,False,STABLE,
36,49,85,Kr,0,0.0,9/2+,-81480.341,,338613048.0,chart,False,False,B-,B- = 100 
36,49,85,Kr,1,304.871,1/2-,-81175.47,,16128.000000000002,wallet,False,False,B-,"B- = 78.8 0.5,IT = 21.2 0.5"
36,50,86,Kr,0,0.0,0+,-83265.67593,17.279,,none,True,False,STABLE,
36,51,87,Kr,0,0.0,5/2+,-80709.531,,4565.400000000001,chart,False,False,B-,B- = 100 
36,52,88,Kr,0,0.0,0+,-79691.295,,10090.8,chart,False,False,B-,B- = 100 
36,53,89,Kr,0,0.0,3/2(+),-76535.795,,188.82,chart,False,False,B-,B- = 100 
36,54,90,Kr,0,0.0,0+,-74959.259,,32.32,chart,False,False,B-,B- = 100 
36,55,91,Kr,0,0.0,5/2(+),-70973.974,,8.57,chart,False,False,B-,"B- = 100 ,B-n?"
36,56,92,Kr,0,0.0,0+,-68769.329,,1.841,chart,False,False,B-,"B- = 100 ,B-n = 0.0332 0.0025"
36,57,93,Kr,0,0.0,1/2+,-64136.002,,1.284,chart,False,False,B-,"B- = 100 ,B-n = 2 0.2"
36,58,94,Kr,0,0.0,0+,-61347.78,,0.212,chart,False,False,B-,"B- = 100 ,B-n = 1.11 0.07"
36,59,95,Kr,0,0.0,1/2(+),-56158.92,,0.114,chart,False,False,B-,"B-n = 2.87 0.18,B-2n?,B- = 100 "
36,60,96,Kr,0,0.0,0+,-53081.682,,0.08,chart,False,False,B-,"B- = 100 ,B-n = 3.7 0.4"
36,61,97,Kr,0,0.0,,-47423.499,,0.062,chart,False,False,B-,"B-n = 6.7 0.6,B-2n?,B- = 100 "
36,62,98,Kr,0,0.0,0+,-44120.0,,0.043,chart,False,False,B-,"B-n = 7 1,B-2n?,B- = 100 "
36,63,99,Kr,0,0.0,,-38400.0,,0.013,chart,False,False,B-,"B-n = 11 7,B-2n?,B- = 100"
36,64,100,Kr,0,0.0,0+,-34470.0,,0.007,chart,False,False,B-,"B-n?,B-2n?,B- = 100 "
36,65,101,Kr,0,0.0,,-28580.0,,,none,False,False,B-,"B-n?,B-2n?,B- = 100"
36,66,102,Kr,0,0.0,0+,,,,none,False,False,B-,"B-n?,B-2n?,B- = 100"
37,35,72,Rb,0,0.0,,-38330.0,,1.0300000000000001e-07,chart,False,False,OTHER,p?
37,36,73,Rb,0,0.0,(3/2-),-46011.611,,8.100000000000001e-08,chart,False,False,OTHER,"p ~ 100 ,EC+B+?"
37,37,74,Rb,0,0.0,0+,-51916.016,,0.064777,chart,False,False,EC_BP,"ECp?,EC+B+ = 100"
37,38,75,Rb,0,0.0,3/2(-),-57218.702,,19.0,chart,False,False,EC_BP,EC+B+ = 100
37,39,76,Rb,0,0.0,1-,-60479.089,,36.5,chart,False,False,EC_BP,"ECa = 3.8e-7 1e-7,EC+B+ = 100"
37,40,77,Rb,0,0.0,3/2-,-64830.5,,226.8,chart,False,False,EC_BP,EC+B+ = 100
37,41,78,Rb,0,0.0,0+,-66935.427,,1059.6,chart,False,False,EC_BP,EC+B+ = 100
37,41,78,Rb,1,111.19,4(-),-66824.237,,345.0,wallet,False,False,EC_BP,"IT = 9 2,EC+B+ = 91 2"
37,42,79,Rb,0,0.0,5/2+,-70802.778,,1368.0,chart,False,False,EC_BP,EC+B+ = 100
37,43,80,Rb,0,0.0,1+,-72175.476,,33.4,chart,False,False,EC_BP,EC+B+ = 100 
37,44,81,Rb,0,0.0,3/2-,-75456.704,,16455.6,chart,False,False,EC_BP,EC+B+ = 100 
37,44,81,Rb,1,86.31,9/2+,-75370.394,,1824.6,wallet,False,False,IT,"IT = 97.6 0.6,EC+B+ = 2.4 0.6"
37,45,82,Rb,0,0.0,1+,-76187.813,,75.462,chart,False,False,EC_BP,EC+B+ = 100 
37,45,82,Rb,1,69.0,5-,-76118.813,,23299.2,wallet,False,False,EC_BP,"IT = 0.33 ,EC+B+ = 100 "
37,46,83,Rb,0,0.0,5/2-,-79070.639,,7447680.0,chart,False,False,EC_BP,EC = 100 
37,47,84,Rb,0,0.0,2-,-79758.975,,2835648.0,chart,False,False,EC_BP,"B- = 3.9 2,EC+B+ = 96.1 2"
37,47,84,Rb,1,463.616,6-,-79295.35900000001,,1215.6000000000001,wallet,False,False,IT,IT = 100 
37,48,85,Rb,0,0.0,5/2-,-82167.34065,72.17,,none,True,False,STABLE,
37,49,86,Rb,0,0.0,2-,-82747.003,,1613174.4,chart,False,False,B-,"B- = 99.9948 0.0005,EC = 0.0052 0.0005"
37,49,86,Rb,1,556.05,6-,-82190.953,,61.019999999999996,wallet,False,False,IT,"B- = 0.3 ,IT = 99.7 "
37,50,87,Rb,0,0.0,3/2-,-84597.802,27.83,1.567465992e+18,chart,False,False,B-,B- = 100 
37,51,88,Rb,0,0.0,2-,-82609.004,,1066.5,chart,False,False,B-,B- = 100 
37,52,89,Rb,0,0.0,3/2-,-81712.399,,923.4,chart,False,False,B-,B- = 100 
37,53,90,Rb,0,0.0,0-,-79365.573,,158.0,chart,False,False,B-,B- = 100 
37,53,90,Rb,1,106.9,3-,-79258.67300000001,,258.0,wallet,False,False,B-,"B- = 97.5 0.4,IT = 2.5 0.4"
37,54,91,Rb,0,0.0,3/2(-),-77745.049,,58.0,chart,False,False,B-,"B- = 100 ,B-n?"
37,55,92,Rb,0,0.0,0-,-74772.45,,4.48,chart,False,False,B-,"B- = 100 ,B-n = 0.0109 0.0006"
37,56,93,Rb,0,0.0,5/2-,-72619.9,,5.85,chart,False,False,B-,"B- = 100 ,B-n = 1.46 0.09"
37,57,94,Rb,0,0.0,3-,-68562.791,,2.704,chart,False,False,B-,"B- = 100 ,B-n = 10.29 0.22"
37,58,95,Rb,0,0.0,5/2-,-65890.307,,0.3798999999999999,chart,False,False,B-,"B- = 100 ,B-n = 8.75 0.29"
37,59,96,Rb,0,0.0,2(-),-61354.351,,0.2016,chart,False,False,B-,"B-n = 13.8 0.5,B-2n?,B- = 100 "
37,60,97,Rb,0,0.0,3/2+,-58519.145,,0.1691,chart,False,False,B-,"B-n = 25.5 0.9,B-2n?,B- = 100 "
37,61,98,Rb,0,0.0,0(-),-54369.152,,0.115,chart,False,False,B-,"B-n = 14.3 0.8,B-2n = 0.054 0.008,B- = 100"
37,61,98,Rb,1,70.0,(3+),-54299.152,,0.096,wallet,False,False,B-,"B-n?,IT?,B- = 100"
37,62,99,Rb,0,0.0,(3/2+),-51121.15,,0.0538,chart,False,False,B-,"B-n = 19.8 2,B-2n?,B- = 100"
37,63,100,Rb,0,0.0,(4-),-46265.884,,0.052,chart,False,False,B-,"B-n = 6 1,B-2n = 0.15 0.05,B- = 100 "
37,64,101,Rb,0,0.0,(3/2+),-42567.417,,0.032,chart,False,False,B-,"B-n = 27 4,B-2n?,B- = 100 "
37,65,102,Rb,0,0.0,(4+),-37252.312,,0.037,chart,False,False,B-,"B-n = 65 22,B-2n?,B- = 100"
37,66,103,Rb,0,0.0,,-33160.0,,0.023,chart,False,False,B-,"B-n?,B-2n?,B- = 100 "
37,67,104,Rb,0,0.0,,-27450.0,,,none,False,False,B-,"B-n?,B-2n?,B- = 100"
37,68,105,Rb,0,0.0,,,,,none,False,False,B-,"B-n?,B-2n?,B- = 100"
37,69,106,Rb,0,0.0,,,,,none,False,False,B-,"B-n?,B-2n?,B- = 100"
38,35,73,Sr,0,0.0,(5/2-),-31950.0,,0.0233,chart,False,False,EC_BP,"ECp ~ 100 ,EC+B+ ~ 100 "
38,36,74,Sr,0,0.0,0+,-40827.0,,0.0276,chart,False,False,EC_BP,"ECp?,EC+B+ = 100"
38,37,75,Sr,0,0.0,(3/2-),-46618.702,,0.0852,chart,False,False,EC_BP,"ECp = 5.2 0.9,EC+B+ = 100"
38,38,76,Sr,0,0.0,0+,-54247.645,,7.89,chart,False,False,EC_BP,"ECp = 0.000034 0.000008,EC+B+ = 100"
38,39,77,Sr,0,0.0,5/2(+),-57803.443,,9.0,chart,False,False,EC_BP,"ECp = 0.08 0.03,EC+B+ = 100"
38,40,78,Sr,0,0.0,0+,-63173.949,,156.0,chart,False,False,EC_BP,EC+B+ = 100
38,41,79,Sr,0,0.0,3/2(-),-65479.664,,133.8,chart,False,False,EC_BP,EC+B+ = 100
38,42,80,Sr,0,0.0,0+,-70311.467,,6378.0,chart,False,False,EC_BP,EC+B+ = 100 
38,43,81,Sr,0,0.0,1/2-,-71528.134,,1337.4,chart,False,False,EC_BP,EC+B+ = 100 
38,44,82,Sr,0,0.0,0+,-76010.062,,2190240.0,chart,False,False,EC_BP,EC = 100 
38,45,83,Sr,0,0.0,7/2+,-76797.616,,116676.0,chart,False,False,EC_BP,EC+B+ = 100 
38,45,83,Sr,1,259.15,1/2-,-76538.466,,4.95,wallet,False,False,IT,IT = 100 
38,46,84,Sr,0,0.0,0+,-80649.58,0.56,,none,True,False,STABLE,
38,47,85,Sr,0,0.0,9/2+,-81103.29,,5602953.600000001,chart,False,False,EC_BP,EC = 100 
38,47,85,Sr,1,238.79,1/2-,-80864.5,,4057.7999999999997,wallet,False,False,IT,"IT = 86.6 0.4,EC = 13.4 0.4"
38,48,86,Sr,0,0.0,0+,-84523.09977,9.86,,none,True,False,STABLE,
38,49,87,Sr,0,0.0,9/2+,-84880.07643,7.0,,none,True,False,STABLE,
38,49,87,Sr,1,388.5287,1/2-,-84491.54773,,10134.0,wallet,False,False,IT,"IT = 99.7 0.08,EC = 0.3 0.08"
38,50,88,Sr,0,0.0,0+,-87921.62876,82.58,,none,True,False,STABLE,
38,51,89,Sr,0,0.0,5/2+,-86209.026,,4368384.0,chart,False,False,B-,B- = 100 
38,52,90,Sr,0,0.0,0+,-85950.945,,912330216.0,chart,False,False,B-,B- = 100
38,53,91,Sr,0,0.0,5/2+,-83651.95,,34848.0,chart,False,False,B-,B- = 100 
38,54,92,Sr,0,0.0,0+,-82867.371,,9396.0,chart,False,False,B-,B- = 100 
38,55,93,Sr,0,0.0,5/2+,-80085.844,,445.8,chart,False,False,B-,B- = 100 
38,56,94,Sr,0,0.0,0+,-78845.721,,75.3,chart,False,False,B-,B- = 100 
38,57,95,Sr,0,0.0,1/2+,-75117.284,,23.9,chart,False,False,B-,B- = 100 
38,58,96,Sr,0,0.0,0+,-72918.248,,1.065,chart,False,False,B-,"B- = 100 ,B-n?"
38,59,97,Sr,0,0.0,1/2+,-68580.674,,0.431,chart,False,False,B-,"B- = 100,B-n = 0.03 0.02"
38,60,98,Sr,0,0.0,0+,-66422.389,,0.653,chart,False,False,B-,"B- = 100,B-n = 0.23 0.03"
38,61,99,Sr,0,0.0,3/2+,-62518.527,,0.269,chart,False,False,B-,"B- = 100,B-n = 0.1 0.019"
38,62,100,Sr,0,0.0,0+,-59817.505,,0.201,chart,False,False,B-,"B- = 100,B-n = 1.09 0.25"
38,63,101,Sr,0,0.0,(5/2-),-55324.914,,0.114,chart,False,False,B-,"B- = 100,B-n = 2.75 0.25"
38,64,102,Sr,0,0.0,0+,-52159.311,,0.072,chart,False,False,B-,"B- = 100,B-n = 5.5 1.5"
38,65,103,Sr,0,0.0,,-47280.0,,0.056,chart,False,False,B-,"B-n?,B-2n?,B- = 100 "
38,66,104,Sr,0,0.0,0+,-43760.0,,0.051,chart,False,False,B-,"B-n?,B-2n?,B- = 100"
38,67,105,Sr,0,0.0,,-38190.0,,0.039,chart,False,False,B-,"B-n?,B-2n?,B- = 100"
38,68,106,Sr,0,0.0,0+,-34300.0,,0.02,chart,False,False,B-,"B-n?,B-2n?,B- = 100"
38,69,107,Sr,0,0.0,,-28250.0,,,none,False,False,B-,"B-n?,B-2n?,B- = 100"
38,70,108,Sr,0,0.0,0+,,,,none,False,False,B-,"B-n?,B-2n?,B- = 100"
39,37,76,Y,0,0.0,,-38250.0,,0.024,chart,False,False,OTHER,"p?,EC+B+?,ECp?"
39,38,77,Y,0,0.0,,-46439.0,,0.057,chart,False,False,OTHER,"p?,EC+B+?,ECp?"
39,39,78,Y,0,0.0,(0+),-52173.0,,0.05,chart,False,False,EC_BP,"ECp?,EC+B+ = 100"
39,39,78,Y,1,0.0,(5+),-52173.0,,5.8,wallet,False,False,EC_BP,"ECp?,EC+B+ = 100"
39,40,79,Y,0,0.0,(5/2+),-57802.935,,14.8,chart,False,False,EC_BP,"ECp?,EC+B+ = 100"
39,41,80,Y,0,0.0,(4-),-61148.162,,30.1,chart,False,False,EC_BP,"ECp?,EC+B+ = 100 "
39,41,80,Y,1,228.5,(1-),-60919.662,,4.8,wallet,False,False,IT,"EC+B+ = 19 2,IT = 81 2,ECp?"
39,42,81,Y,0,0.0,(5/2+),-65712.919,,70.4,chart,False,False,EC_BP,EC+B+ = 100 
39,43,82,Y,0,0.0,1+,-68064.097,,8.3,chart,False,False,EC_BP,EC+B+ = 100 
39,44,83,Y,0,0.0,(9/2+),-72205.672,,424.8,chart,False,False,EC_BP,EC+B+ = 100 
39,44,83,Y,1,62.04,(3/2-),-72143.63200000001,,171.0,wallet,False,False,EC_BP,"IT = 40 5,EC+B+ = 60 5"
39,45,84,Y,0,0.0,(6+),-73894.439,,2406.0,chart,False,False,EC_BP,EC+B+ = 100 
39,45,84,Y,1,67.0,1+,-73827.439,,4.6,wallet,False,False,EC_BP,EC+B+ = 100 
39,46,85,Y,0,0.0,(1/2)-,-77842.131,,9612.0,chart,False,False,EC_BP,EC+B+ = 100 
39,46,85,Y,1,19.68,(9/2)+,-77822.451,,17640.0,wallet,False,False,EC_BP,EC+B+ ~ 100 
39,47,86,Y,0,0.0,4-,-79283.1,,53064.0,chart,False,False,EC_BP,EC+B+ = 100
39,47,86,Y,1,218.21,(8+),-79064.89,,2844.0,wallet,False,False,IT,"IT = 99.31 0.04,EC+B+ = 0.69 0.04"
39,48,87,Y,0,0.0,1/2-,-83018.387,,287604.0,chart,False,False,EC_BP,EC+B+ = 100 
39,48,87,Y,1,380.82,9/2+,-82637.567,,48168.0,wallet,False,False,IT,"IT = 98.43 0.11,EC+B+ = 1.57 0.11"
39,49,88,Y,0,0.0,4-,-84299.029,,9212486.4,chart,False,False,EC_BP,EC+B+ = 100 
39,50,89,Y,0,0.0,1/2-,-87711.202,100.0,,none,True,False,STABLE,
39,50,89,Y,1,908.97,9/2+,-86802.232,,15.663,wallet,False,False,IT,IT = 100 
39,51,90,Y,0,0.0,2-,-86496.912,,230565.60000000003,chart,False,False,B-,B- = 100 
39,51,90,Y,1,682.01,7+,-85814.902,,11635.2,wallet,False,False,IT,"B- = 0.0018 0.0002,IT = 99.9982 0.0002"
39,52,91,Y,0,0.0,1/2-,-86351.321,,5059584.0,chart,False,False,B-,B- = 100 
39,52,91,Y,1,555.58,9/2+,-85795.741,,2983.2,wallet,False,False,IT,"B- = 1.5 ,IT = 98.5 "
39,53,92,Y,0,0.0,2-,-84816.494,,12744.0,chart,False,False,B-,B- = 100 
39,54,93,Y,0,0.0,1/2-,-84227.155,,36612.0,chart,False,False,B-,B- = 100 
39,54,93,Y,1,758.719,9/2+,-83468.436,,0.82,wallet,False,False,IT,IT = 100 
39,55,94,Y,0,0.0,2-,-82351.473,,1122.0,chart,False,False,B-,B- = 100 
39,56,95,Y,0,0.0,1/2-,-81207.937,,624.0,chart,False,False,B-,B- = 100 
39,57,96,Y,0,0.0,0-,-78329.986,,5.35,chart,False,False,B-,B- = 100 
39,57,96,Y,1,1540.5,8+,-76789.486,,9.7,wallet,False,False,B-,B- = 100 
39,58,97,Y,0,0.0,(1/2-),-76115.455,,3.75,chart,False,False,B-,"B- = 100,B-n = 0.057 0.004"
39,58,97,Y,1,667.52,(9/2)+,-75447.935,,1.17,wallet,False,False,B-,"B-n = 0.08 ,IT = 0.7 ,B- = 99.3 "
39,58,97,Y,2,3522.6,(27/2-),-72592.855,,0.14200000000000002,wallet,False,False,IT,"B- = 5.2 0.9,IT = 94.8 0.9"
39,59,98,Y,0,0.0,0-,-72288.748,,0.548,chart,False,False,B-,"B- = 100,B-n = 0.33 0.03"
39,59,98,Y,1,465.7,"(7+),(6+)",-71823.04800000001,,2.32,wallet,False,False,B-,"B-n = 3.44 0.95,IT?,B- = 100"
39,60,99,Y,0,0.0,(5/2+),-70643.73,,1.483,chart,False,False,B-,"B- = 100,B-n = 1.77 0.19"
39,61,100,Y,0,0.0,(1-),-67321.241,,0.729,chart,False,False,B-,"B- = 100,B-n = 1.11 0.18"
39,61,100,Y,1,145.0,4+,-67176.241,,0.94,wallet,False,False,B-,"B- = 100 ,B-n?"
39,62,101,Y,0,0.0,(5/2+),-65054.787,,0.429,chart,False,False,B-,"B- = 100,B-n = 1.88 0.16"
39,63,102,Y,0,0.0,,-61172.641,,0.396,chart,False,False,B-,"B- = 100,B-n = 6 1.3"
39,63,102,Y,1,0.0,"(0),(1),(2)",-61172.641,,0.3,wallet,False,False,B-,"B- = 100,B-n = 4 1.5"
39,64,103,Y,0,0.0,(5/2+),-58457.034,,0.236,chart,False,False,B-,"B- = 100,B-n = 8 2"
39,65,104,Y,0,0.0,,-54080.0,,0.197,chart,False,False,B-,"B-n = 34 10,B-2n?,B- = 100"
39,66,105,Y,0,0.0,,-50570.0,,0.107,chart,False,False,B-,"B-n = 82 ,B-2n?,B- = 100"
39,67,106,Y,0,0.0,,-45790.0,,0.081,chart,False,False,B-,"B-n?,B-2n?,B- = 100"
39,68,107,Y,0,0.0,,-41970.0,,0.0335,chart,False,False,B-,"B-n?,B-2n?,B- = 100"
39,69,108,Y,0,0.0,,-36780.0,,0.03,chart,False,False,B-,"B-n?,B-2n?,B- = 100 "
39,70,109,Y,0,0.0,,-32480.0,,0.025,chart,False,False,B-,"B-n?,B-2n?,B- = 100"
39,71,110,Y,0,0.0,,,,,none,False,False,B-,"B-n?,B-2n?,B- = 100"
39,72,111,Y,0,0.0,,,,,none,False,False,B-,"B-n?,B-2n?,B- = 100"
40,37,77,Zr,0,0.0,,-31600.0,,,none,False,False,OTHER,"p?,EC+B+?,ECp?"
40,38,78,Zr,0,0.0,0+,-40850.0,,,none,False,False,EC_BP,"ECp?,EC+B+?"
40,39,79,Zr,0,0.0,,-46770.0,,0.056,chart,False,False,EC_BP,"ECp?,EC+B+ = 100"
40,40,80,Zr,0,0.0,0+,-54760.0,,4.6,chart,False,False,EC_BP,"ECp?,EC+B+ = 100 "
40,41,81,Zr,0,0.0,(3/2-),-57524.418,,5.0,chart,False,False,EC_BP,"ECp = 0.12 0.02,EC+B+ = 100"
40,42,82,Zr,0,0.0,0+,-63614.063,,32.0,chart,False,False,EC_BP,"ECp?,EC+B+ = 100 "
40,43,83,Zr,0,0.0,(1/2-),-65911.659,,41.5,chart,False,False,EC_BP,"ECp?,EC+B+ = 100 "
40,44,84,Zr,0,0.0,0+,-71421.692,,1560.0,chart,False,False,EC_BP,EC+B+ = 100 
40,45,85,Zr,0,0.0,(7/2+),-73175.196,,471.6,chart,False,False,EC_BP,EC+B+ = 100 
40,45,85,Zr,1,292.2,(1/2-),-72882.996,,10.9,wallet,False,False,IT,"IT = 100 ,EC+B+ = 0 "
40,46,86,Zr,0,0.0,0+,-77969.023,,59400.0,chart,False,False,EC_BP,EC+B+ = 100 
40,47,87,Zr,0,0.0,9/2+,-79347.147,,6048.0,chart,False,False,EC_BP,EC+B+ = 100 
40,47,87,Zr,1,335.84,1/2-,-79011.307,,14.0,wallet,False,False,IT,IT = 100 
40,48,88,Zr,0,0.0,0+,-83628.874,,7205760.000000001,chart,False,False,EC_BP,EC = 100 
40,49,89,Zr,0,0.0,9/2+,-84877.974,,282110.4,chart,False,False,EC_BP,EC+B+ = 100 
40,49,89,Zr,1,587.82,1/2-,-84290.154,,249.65999999999997,wallet,False,False,IT,"IT = 93.77 0.12,EC+B+ = 6.23 0.12"
40,50,90,Zr,0,0.0,0+,-88772.547,51.45,,none,True,False,STABLE,
40,50,90,Zr,1,2319.0,5-,-86453.547,,0.8092,wallet,False,False,IT,IT = 100 
40,51,91,Zr,0,0.0,5/2+,-87895.592,11.22,,none,True,False,STABLE,
40,52,92,Zr,0,0.0,0+,-88459.024,17.15,,none,True,False,STABLE,
40,53,93,Zr,0,0.0,5/2+,-87122.028,,50835569803200.0,chart,False,False,B-,B- = 100 
40,54,94,Zr,0,0.0,0+,-87269.332,17.38,,none,True,False,STABLE,
40,55,95,Zr,0,0.0,5/2+,-85659.94,,5532364.8,chart,False,False,B-,B- = 100 
40,56,96,Zr,0,0.0,0+,-85438.86,2.8,7.241870629956983e+26,chart,False,False,OTHER,2B- = 100
40,57,97,Zr,0,0.0,1/2+,-82936.693,,60296.4,chart,False,False,B-,B- = 100 
40,58,98,Zr,0,0.0,0+,-81281.757,,30.7,chart,False,False,B-,B- = 100 
40,59,99,Zr,0,0.0,(1/2+),-77616.67,,2.1,chart,False,False,B-,B- = 100 
40,60,100,Zr,0,0.0,0+,-76372.736,,7.1,chart,False,False,B-,B- = 100 
40,61,101,Zr,0,0.0,3/2+,-73160.987,,2.32,chart,False,False,B-,B- = 100 
40,62,102,Zr,0,0.0,0+,-71581.427,,2.01,chart,False,False,B-,B- = 100 
40,63,103,Zr,0,0.0,(5/2-),-67808.993,,1.38,chart,False,False,B-,"B- = 100,B-n = 1 "
40,64,104,Zr,0,0.0,0+,-65717.66,,0.922,chart,False,False,B-,"B- = 100,B-n = 1 "
40,65,105,Zr,0,0.0,,-61458.274,,0.67,chart,False,False,B-,"B- = 100,B-n = 2 "
40,66,106,Zr,0,0.0,0+,-58749.0,,0.178,chart,False,False,B-,"B- = 100,B-n = 7 "
40,67,107,Zr,0,0.0,,-54020.0,,0.146,chart,False,False,B-,"B- = 100,B-n = 23 "
40,68,108,Zr,0,0.0,0+,-50950.0,,0.0774,chart,False,False,B-,"B- = 100 ,B-n?"
40,69,109,Zr,0,0.0,,-45730.0,,0.056,chart,False,False,B-,"B-n?,B-2n?,B- = 100 "
40,70,110,Zr,0,0.0,0+,-42220.0,,0.0376,chart,False,False,B-,"B-n?,B-2n?,B- = 100 "
40,71,111,Zr,0,0.0,,-36480.0,,0.024,chart,False,False,B-,"B-n?,B-2n?,B- = 100 "
40,72,112,Zr,0,0.0,0+,-32420.0,,0.03,chart,False,False,B-,"B-n?,B-2n?,B- = 100 "
40,73,113,Zr,0,0.0,,-26340.0,,,none,False,False,B-,"B-n?,B-2n?,B- = 100"
41,40,81,Nb,0,0.0,,-46360.0,,4e-08,chart,False,False,OTHER,"p?,EC+B+?,ECp?"
41,41,82,Nb,0,0.0,(0+),-51810.0,,0.05,chart,False,False,EC_BP,"ECp?,EC+B+ = 100 "
41,42,83,Nb,0,0.0,(5/2+),-57612.91,,3.9,chart,False,False,EC_BP,"ECp?,EC+B+ = 100 "
41,43,84,Nb,0,0.0,(1+),-61193.842,,9.8,chart,False,False,EC_BP,"ECp?,EC+B+ = 100 "
41,44,85,Nb,0,0.0,(9/2+),-66279.684,,20.5,chart,False,False,EC_BP,EC+B+ = 100 
41,44,85,Nb,1,0.0,"(1/2-),(3/2-)",-66279.684,,3.3,wallet,False,False,IT,"IT?,EC+B+?"
41,45,86,Nb,0,0.0,(6+),-69134.061,,88.0,chart,False,False,EC_BP,EC+B+ = 100 
41,46,87,Nb,0,0.0,(1/2)-,-73874.493,,222.0,chart,False,False,EC_BP,EC+B+ = 100 
41,46,87,Nb,1,3.9,(9/2)+,-73870.59300000001,,156.0,wallet,False,False,EC_BP,EC+B+ = 100 
41,47,88,Nb,0,0.0,(8+),-76171.555,,870.0,chart,False,False,EC_BP,EC+B+ = 100 
41,47,88,Nb,1,0.0,(4-),-76171.555,,462.0,wallet,False,False,EC_BP,EC+B+ = 100 
41,48,89,Nb,0,0.0,(9/2+),-80625.755,,7307.999999999999,chart,False,False,EC_BP,EC+B+ = 100 
41,48,89,Nb,1,15.0,(1/2)-,-80610.755,,3960.0,wallet,False,False,EC_BP,EC+B+ = 100 
41,49,90,Nb,0,0.0,8+,-82661.531,,52560.0,chart,False,False,EC_BP,EC+B+ = 100 
41,49,90,Nb,1,124.67,4-,-82536.861,,18.91,wallet,False,False,IT,IT = 100 
41,50,91,Nb,0,0.0,9/2+,-86638.028,,21459168000.0,chart,False,False,EC_BP,EC+B+ = 100 
41,50,91,Nb,1,104.6,1/2-,-86533.428,,5258304.0,wallet,False,False,IT,"IT = 96.6 0.5,EC+B+ = 3.4 0.5"
41,51,92,Nb,0,0.0,7+,-86453.29,,1095303547620000.0,chart,False,False,EC_BP,EC+B+ = 100 
41,51,92,Nb,1,135.5,(2)+,-86317.79,,874367.9999999999,wallet,False,False,EC_BP,EC+B+ = 100 
41,52,93,Nb,0,0.0,9/2+,-87212.84,100.0,,none,True,False,STABLE,
41,52,93,Nb,1,30.76,1/2-,-87182.08,,508708512.00000006,wallet,False,False,IT,IT = 100 
41,53,94,Nb,0,0.0,6+,-86369.063,,643175445600.0,chart,False,False,B-,B- = 100 
41,53,94,Nb,1,40.892,3+,-86328.17099999999,,375.78,wallet,False,False,IT,"B- = 0.5 0.06,IT = 99.5 0.06"
41,54,95,Nb,0,0.0,9/2+,-86786.272,,3023222.4,chart,False,False,B-,B- = 100 
41,54,95,Nb,1,235.69,1/2-,-86550.582,,311904.0,wallet,False,False,IT,"B- = 5.6 0.6,IT = 94.4 0.6"
41,55,96,Nb,0,0.0,6+,-85602.83,,84060.0,chart,False,False,B-,B- = 100 
41,56,97,Nb,0,0.0,9/2+,-85602.797,,4326.0,chart,False,False,B-,B- = 100 
41,56,97,Nb,1,743.35,1/2-,-84859.447,,58.7,wallet,False,False,IT,IT = 100 
41,57,98,Nb,0,0.0,1+,-83524.612,,2.86,chart,False,False,B-,B- = 100 
41,57,98,Nb,1,84.0,(5)+,-83440.612,,3066.0,wallet,False,False,B-,"B- = 99.8 ,IT = 0.2 "
41,58,99,Nb,0,0.0,9/2+,-82335.344,,15.0,chart,False,False,B-,B- = 100 
41,58,99,Nb,1,365.27,1/2-,-81970.074,,150.0,wallet,False,False,B-,"B- = 96.2 ,IT = 3.8 "
41,59,100,Nb,0,0.0,1+,-79791.246,,1.4,chart,False,False,B-,B- = 100 
41,59,100,Nb,1,314.0,(5)+,-79477.246,,2.99,wallet,False,False,B-,B- = 100 
41,60,101,Nb,0,0.0,5/2+,-78891.488,,7.2,chart,False,False,B-,B- = 100 
41,61,102,Nb,0,0.0,(4+),-76298.265,,4.3,chart,False,False,B-,B- = 100 
41,61,102,Nb,1,93.0,1+,-76205.265,,1.31,wallet,False,False,B-,B- = 100 
41,62,103,Nb,0,0.0,(5/2+),-75028.667,,1.36,chart,False,False,B-,"B- = 100,B-n?"
41,63,104,Nb,0,0.0,(1+),-71810.997,,4.9,chart,False,False,B-,"B- = 100,B-n = 0.06 0.03"
41,63,104,Nb,1,215.0,,-71595.997,,0.98,wallet,False,False,B-,"B- = 100,B-n = 0.05 0.03"
41,64,105,Nb,0,0.0,(5/2+),-69915.547,,2.92,chart,False,False,B-,"B- = 100,B-n = 1.7 0.9"
41,65,106,Nb,0,0.0,(1-),-66202.678,,1.097,chart,False,False,B-,"B- = 100,B-n = 4.8 0.3"
41,66,107,Nb,0,0.0,(5/2+),-63723.805,,0.287,chart,False,False,B-,"B- = 100,B-n = 7.4 0.9"
41,67,108,Nb,0,0.0,(2+),-59545.198,,0.194,chart,False,False,B-,"B-n = 6.3 0.5,B-2n?,B- = 100"
41,68,109,Nb,0,0.0,,-56689.8,,0.107,chart,False,False,B-,"B- = 100,B-n = 31 5"
41,69,110,Nb,0,0.0,(6-),-52309.914,,0.075,chart,False,False,B-,"B-n = 40 8,B-2n?,B- = 100"
41,69,110,Nb,1,0.0,(2-),-52309.914,,0.094,wallet,False,False,B-,"B-n = 40 8,B-2n?,B- = 100"
41,70,111,Nb,0,0.0,,-48960.0,,0.054,chart,False,False,B-,"B-n?,B-2n?,B- = 100"
41,71,112,Nb,0,0.0,,-44070.0,,0.038,chart,False,False,B-,"B-n?,B-2n?,B- = 100"
41,72,113,Nb,0,0.0,,-40210.0,,0.032,chart,False,False,B-,"B-n?,B-2n?,B- = 100 "
41,73,114,Nb,0,0.0,,-34960.0,,0.017,chart,False,False,B-,"B-n?,B-2n?,B- = 100"
41,74,115,Nb,0,0.0,,-30880.0,,0.023,chart,False,False,B-,"B-n?,B-2n?,B- = 100"
41,75,116,Nb,0,0.0,,-25230.0,,,none,False,False,B-,"B-n?,B-2n?,B- = 100"
41,76,117,Nb,0,0.0,,,,,none,False,False,B-,"B-n?,B-2n?,B- = 100"
42,39,81,Mo,0,0.0,,-31460.0,,,none,False,False,EC_BP,"ECp?,EC+B+?"
42,40,82,Mo,0,0.0,0+,-40370.0,,,none,False,False,EC_BP,"ECp?,EC+B+ = 100 "
42,41,83,Mo,0,0.0,,-46340.0,,0.006,chart,False,False,EC_BP,"ECp?,EC+B+ = 100 "
42,42,84,Mo,0,0.0,0+,-54170.0,,2.3,chart,False,False,EC_BP,"ECp?,EC+B+ = 100 "
42,43,85,Mo,0,0.0,(1/2+),-57509.76,,3.2,chart,False,False,EC_BP,"ECp ~ 0.14 ,EC+B+ = 100"
42,44,86,Mo,0,0.0,0+,-64110.927,,19.1,chart,False,False,EC_BP,EC+B+ = 100 
42,45,87,Mo,0,0.0,(7/2+),-66884.817,,14.1,chart,False,False,EC_BP,"ECp = 15 8,EC+B+ = 100"
42,45,87,Mo,1,310.0,(1/2+),-66574.817,,,none,False,False,EC_BP,"ECp?,EC+B+?"
42,46,88,Mo,0,0.0,0+,-72686.553,,480.0,chart,False,False,EC_BP,EC+B+ = 100 
42,47,89,Mo,0,0.0,(9/2+),-75014.944,,122.4,chart,False,False,EC_BP,EC+B+ = 100 
42,47,89,Mo,1,387.5,(1/2-),-74627.444,,0.19,wallet,False,False,IT,IT = 100 
42,48,90,Mo,0,0.0,0+,-80172.514,,20016.0,chart,False,False,EC_BP,EC+B+ = 100 
42,49,91,Mo,0,0.0,9/2+,-82208.834,,929.4,chart,False,False,EC_BP,EC+B+ = 100 
42,49,91,Mo,1,653.01,1/2-,-81555.82400000001,,65.0,wallet,False,False,IT,"IT = 50 1.6,EC+B+ = 50 1.6"
42,50,92,Mo,0,0.0,0+,-86808.587,14.649,,none,True,False,STABLE,
42,51,93,Mo,0,0.0,5/2+,-86807.079,,126230400000.0,chart,False,False,EC_BP,EC = 100 
42,51,93,Mo,1,2424.95,21/2+,-84382.129,,24660.0,wallet,False,False,IT,"IT = 99.88 0.01,EC+B+ = 0.12 0.01"
42,52,94,Mo,0,0.0,0+,-88414.079,9.187,,none,True,False,STABLE,
42,53,95,Mo,0,0.0,5/2+,-87711.872,15.873,,none,True,False,STABLE,
42,54,96,Mo,0,0.0,0+,-88794.889,16.673,,none,True,False,STABLE,
42,55,97,Mo,0,0.0,5/2+,-87544.7,9.582,,none,True,False,STABLE,
42,56,98,Mo,0,0.0,0+,-88115.98,24.292,,none,True,False,STABLE,
42,57,99,Mo,0,0.0,1/2+,-85970.106,,237369.60000000003,chart,False,False,B-,B- = 100 
42,58,100,Mo,0,0.0,0+,-86193.029,9.744,2.2300070473645057e+26,chart,False,False,OTHER,2B- = 100
42,59,101,Mo,0,0.0,1/2+,-83519.952,,876.5999999999999,chart,False,False,B-,B- = 100 
42,60,102,Mo,0,0.0,0+,-83560.866,,678.0,chart,False,False,B-,B- = 100 
42,61,103,Mo,0,0.0,(3/2+),-80954.331,,67.5,chart,False,False,B-,B- = 100 
42,62,104,Mo,0,0.0,0+,-80343.748,,59.4,chart,False,False,B-,B- = 100 
42,63,105,Mo,0,0.0,(5/2-),-77330.788,,36.3,chart,False,False,B-,B- = 100 
42,64,106,Mo,0,0.0,0+,-76128.003,,8.73,chart,False,False,B-,B- = 100 
42,65,107,Mo,0,0.0,1/2+,-72544.975,,3.5,chart,False,False,B-,B- = 100 
42,66,108,Mo,0,0.0,0+,-70749.297,,1.106,chart,False,False,B-,B- = 100 
42,67,109,Mo,0,0.0,1/2+,-66659.285,,0.7000000000000001,chart,False,False,B-,"B- = 100,B-n = 1.3 0.6"
42,68,110,Mo,0,0.0,0+,-64535.814,,0.287,chart,False,False,B-,"B- = 100,B-n = 2 0.7"
42,69,111,Mo,0,0.0,"(1/2+),(3/2+)",-59939.813,,0.186,chart,False,False,B-,"B- = 100,B-n = 12 "
42,69,111,Mo,1,0.0,"(7/2-),(9/2-)",-59939.813,,0.2,wallet,False,False,B-,"B- = 100 ,B-n?"
42,70,112,Mo,0,0.0,0+,-57480.0,,0.125,chart,False,False,B-,"B- = 100 ,B-n?"
42,71,113,Mo,0,0.0,,-52650.0,,0.08,chart,False,False,B-,"B- = 100 ,B-n?"
42,72,114,Mo,0,0.0,0+,-49680.0,,0.058,chart,False,False,B-,"B- = 100 ,B-n?"
42,73,115,Mo,0,0.0,,-44550.0,,0.0456,chart,False,False,B-,"B-n?,B-2n?,B- = 100"
42,74,116,Mo,0,0.0,0+,-41210.0,,0.032,chart,False,False,B-,"B-n?,B-2n?,B- = 100"
42,75,117,Mo,0,0.0,,-35689.0,,0.022,chart,False,False,B-,"B-n?,B-2n?,B- = 100"
42,76,118,Mo,0,0.0,0+,-32370.0,,0.019,chart,False,False,B-,"B-n?,B-2n?,B- = 100"
42,77,119,Mo,0,0.0,,-26580.0,,,none,False,False,B-,"B-n?,B-2n?,B- = 100"
43,42,85,Tc,0,0.0,,-45850.0,,1.0000000000000001e-07,chart,False,False,OTHER,p?
43,43,86,Tc,0,0.0,(0+),-51570.0,,0.055,chart,False,False,EC_BP,"ECp?,EC+B+ = 100 "
43,44,87,Tc,0,0.0,,-57690.052,,2.1,chart,False,False,EC_BP,"ECp = 0.7 ,EC+B+ = 100"
43,45,88,Tc,0,0.0,(2+),-61670.301,,6.4,chart,False,False,EC_BP,"ECp?,EC+B+ = 100 "
43,45,88,Tc,1,70.4,(6+),-61599.901,,5.8,wallet,False,False,EC_BP,"ECp?,EC+B+ = 100"
43,46,89,Tc,0,0.0,(9/2+),-67394.857,,12.8,chart,False,False,EC_BP,EC+B+ = 100 
43,46,89,Tc,1,62.6,(1/2-),-67332.257,,12.9,wallet,False,False,EC_BP,EC+B+ ~ 100 
43,47,90,Tc,0,0.0,(8+),-70724.696,,49.2,chart,False,False,EC_BP,EC+B+ = 100
43,47,90,Tc,1,144.1,1+,-70580.59599999999,,8.7,wallet,False,False,EC_BP,EC+B+ = 100
43,48,91,Tc,0,0.0,(9/2)+,-75986.657,,188.4,chart,False,False,EC_BP,EC+B+ = 100 
43,48,91,Tc,1,139.3,(1/2)-,-75847.357,,198.0,wallet,False,False,EC_BP,EC+B+ = 100 
43,49,92,Tc,0,0.0,(8)+,-78925.703,,253.8,chart,False,False,EC_BP,EC+B+ = 100 
43,50,93,Tc,0,0.0,9/2+,-83606.116,,10008.0,chart,False,False,EC_BP,EC+B+ = 100 
43,50,93,Tc,1,391.84,1/2-,-83214.276,,2604.0,wallet,False,False,IT,"IT = 77.4 0.6,EC+B+ = 22.6 0.6"
43,51,94,Tc,0,0.0,7+,-84158.332,,17580.0,chart,False,False,EC_BP,EC+B+ = 100 
43,51,94,Tc,1,76.0,(2)+,-84082.332,,3060.0,wallet,False,False,EC_BP,"IT = 0.18 ,EC+B+ ~ 100 "
43,52,95,Tc,0,0.0,9/2+,-86021.355,,69328.8,chart,False,False,EC_BP,EC+B+ = 100 
43,52,95,Tc,1,38.91,1/2-,-85982.44499999999,,5351616.0,wallet,False,False,EC_BP,"IT = 3.88 0.32,EC+B+ = 96.12 0.32"
43,53,96,Tc,0,0.0,7+,-85821.648,,368928.0,chart,False,False,EC_BP,EC+B+ = 100 
43,53,96,Tc,1,34.23,4+,-85787.418,,3096.0,wallet,False,False,IT,"IT = 95.9 +0.34-0.39,EC+B+ = 4.1 +0.39-0.34"
43,54,97,Tc,0,0.0,9/2+,-87224.436,,132857496000000.0,chart,False,False,EC_BP,EC = 100 
43,54,97,Tc,1,96.57,1/2-,-87127.866,,7862400.0,wallet,False,False,IT,"IT = 96.06 0.18,EC = 3.94 0.18"
43,55,98,Tc,0,0.0,(6)+,-86432.214,,132541920000000.0,chart,False,False,B-,B- = 100 
43,56,99,Tc,0,0.0,9/2+,-87327.869,,6661809360000.0,chart,False,False,B-,B- = 100 
43,56,99,Tc,1,142.6836,1/2-,-87185.1854,,21626.28,wallet,False,False,B-,"B- = 0.0037 0.0006,IT = 0"
43,57,100,Tc,0,0.0,1+,-86020.951,,15.65,chart,False,False,B-,"B- = 99.9974 0.0004,EC = 0.0026 0.0004"
43,58,101,Tc,0,0.0,9/2+,-86344.593,,847.38,chart,False,False,B-,B- = 100 
43,59,102,Tc,0,0.0,1+,-84572.921,,5.28,chart,False,False,B-,B- = 100 
43,59,102,Tc,1,0.0,"(4),(5)",-84572.921,,261.0,wallet,False,False,B-,"B- ~ 100 ,IT?"
43,60,103,Tc,0,0.0,5/2+,-84603.92,,54.2,chart,False,False,B-,B- = 100 
43,61,104,Tc,0,0.0,(3+),-82498.969,,1092.0,chart,False,False,B-,B- = 100 
43,62,105,Tc,0,0.0,(3/2-),-82286.303,,458.4,chart,False,False,B-,B- = 100 
43,63,106,Tc,0,0.0,"(1),(2)",-79776.253,,35.7,chart,False,False,B-,B- = 100 
43,64,107,Tc,0,0.0,(3/2-),-78749.967,,21.2,chart,False,False,B-,B- = 100 
43,65,108,Tc,0,0.0,(2)+,-75922.831,,5.15,chart,False,False,B-,B- = 100 
43,66,109,Tc,0,0.0,(5/2+),-74282.828,,0.88,chart,False,False,B-,"B- = 100,B-n = 0.08 0.02"
43,67,110,Tc,0,0.0,"(2),(3+)",-71034.564,,0.911,chart,False,False,B-,"B- = 100,B-n = 0.04 0.02"
43,68,111,Tc,0,0.0,(5/2+),-69024.675,,0.35,chart,False,False,B-,"B- = 100,B-n = 0.85 0.2"
43,69,112,Tc,0,0.0,(2+),-65258.932,,0.323,chart,False,False,B-,"B- = 100,B-n = 1.5 0.2"
43,70,113,Tc,0,0.0,(5/2+),-62811.549,,0.152,chart,False,False,B-,"B- = 100,B-n = 2.1 0.3"
43,71,114,Tc,0,0.0,,-58600.294,,0.118,chart,False,False,B-,"B- = 100,B-n = 1.3 0.4"
43,71,114,Tc,1,0.0,(1+),-58600.294,,0.09,wallet,False,False,B-,"B- = 100,B-n = 1.3 0.4"
43,72,115,Tc,0,0.0,,-55796.0,,0.078,chart,False,False,B-,"B- = 100,B-n = 19 5"
43,73,116,Tc,0,0.0,,-51214.0,,0.057,chart,False,False,B-,"B-n = 17 7,B-2n?,B- = 100"
43,74,117,Tc,0,0.0,,-48140.0,,0.0445,chart,False,False,B-,"B-n?,B-2n?,B- = 100 "
43,75,118,Tc,0,0.0,,-43290.0,,0.03,chart,False,False,B-,"B-n?,B-2n?,B- = 100"
43,76,119,Tc,0,0.0,,-40170.0,,0.022,chart,False,False,B-,"B-n?,B-2n?,B- = 100 "
43,77,120,Tc,0,0.0,,-35000.0,,0.021,chart,False,False,B-,"B-n?,B-2n?,B- = 100 "
43,78,121,Tc,0,0.0,,-31540.0,,0.022,chart,False,False,B-,"B-n?,B-2n?,B- = 100 "
43,79,122,Tc,0,0.0,,-26305.0,,,none,False,False,B-,"B-n?,B-2n?,B- = 100"
44,41,85,Ru,0,0.0,,-30630.0,,,none,False,False,OTHER,"p?,EC+B+?,ECp?"
44,42,86,Ru,0,0.0,0+,-39770.0,,,none,False,False,EC_BP,"ECp?,EC+B+?"
44,43,87,Ru,0,0.0,,-45730.0,,,none,False,False,EC_BP,"ECp?,EC+B+?"
44,44,88,Ru,0,0.0,0+,-54340.0,,1.4,chart,False,False,EC_BP,"ECp = 3.6 ,EC+B+ = 100"
44,45,89,Ru,0,0.0,(9/2+),-58369.424,,1.33,chart,False,False,EC_BP,"ECp = 3.1 0.2,EC+B+ = 100"
44,46,90,Ru,0,0.0,0+,-64883.801,,11.7,chart,False,False,EC_BP,"ECp?,EC+B+ = 100 "
44,47,91,Ru,0,0.0,(9/2+),-68239.833,,8.0,chart,False,False,EC_BP,"ECp?,EC+B+ = 100 "
44,47,91,Ru,1,432.0,(1/2-),-67807.833,,7.6,wallet,False,False,EC_BP,"EC+B+ ~ 100 ,IT?,ECp?"
44,48,92,Ru,0,0.0,0+,-74301.211,,219.0,chart,False,False,EC_BP,EC+B+ = 100 
44,49,93,Ru,0,0.0,(9/2)+,-77216.723,,59.7,chart,False,False,EC_BP,EC+B+ = 100 
44,49,93,Ru,1,734.4,(1/2)-,-76482.323,,10.8,wallet,False,False,EC_BP,"EC+B+ = 78 2.3,IT = 22 2.3,ECp = 0.027 0.005"
44,50,94,Ru,0,0.0,0+,-82583.602,,3126.0,chart,False,False,EC_BP,EC+B+ = 100
44,51,95,Ru,0,0.0,5/2+,-83457.759,,5786.28,chart,False,False,EC_BP,EC+B+ = 100 
44,52,96,Ru,0,0.0,0+,-86080.385,5.54,,none,True,False,STABLE,
44,53,97,Ru,0,0.0,5/2+,-86120.564,,245168.64,chart,False,False,EC_BP,EC+B+ = 100 
44,54,98,Ru,0,0.0,0+,-88224.871,1.87,,none,True,False,STABLE,
44,55,99,Ru,0,0.0,5/2+,-87625.385,12.76,,none,True,False,STABLE,
44,56,100,Ru,0,0.0,0+,-89227.391,12.6,,none,True,False,STABLE,
44,57,101,Ru,0,0.0,5/2+,-87958.113,17.06,,none,True,False,STABLE,
44,58,102,Ru,0,0.0,0+,-89106.435,31.55,,none,True,False,STABLE,
44,59,103,Ru,0,0.0,3/2+,-87267.168,,3390940.8,chart,False,False,B-,B- = 100 
44,60,104,Ru,0,0.0,0+,-88095.763,18.62,,none,True,False,STABLE,
44,61,105,Ru,0,0.0,3/2+,-85934.543,,15984.000000000002,chart,False,False,B-,B- = 100 
44,62,106,Ru,0,0.0,0+,-86323.253,,32123520.0,chart,False,False,B-,B- = 100 
44,63,107,Ru,0,0.0,(5/2)+,-83862.565,,223.8,chart,False,False,B-,B- = 100 
44,64,108,Ru,0,0.0,0+,-83661.404,,273.0,chart,False,False,B-,B- = 100 
44,65,109,Ru,0,0.0,(5/2+),-80738.455,,34.4,chart,False,False,B-,B- = 100 
44,66,110,Ru,0,0.0,0+,-80072.629,,12.04,chart,False,False,B-,B- = 100 
44,67,111,Ru,0,0.0,(5/2+),-76785.325,,2.12,chart,False,False,B-,B- = 100 
44,68,112,Ru,0,0.0,0+,-75630.873,,1.75,chart,False,False,B-,B- = 100 
44,69,113,Ru,0,0.0,(1/2+),-71867.816,,0.8,chart,False,False,B-,B- = 100 
44,69,113,Ru,1,130.0,(7/2-),-71737.816,,0.51,wallet,False,False,B-,"B- = 100,IT?"
44,70,114,Ru,0,0.0,0+,-70221.213,,0.543,chart,False,False,B-,"B- = 100 ,B-n?"
44,71,115,Ru,0,0.0,"(1/2+),(3/2+)",-66105.296,,0.318,chart,False,False,B-,"B- = 100 ,B-n?"
44,72,116,Ru,0,0.0,0+,-64068.917,,0.203,chart,False,False,B-,"B- = 100,B-n = 0.8 "
44,73,117,Ru,0,0.0,,-59489.871,,0.152,chart,False,False,B-,"B- = 100,B-n = 2.4 1"
44,74,118,Ru,0,0.0,0+,-57000.0,,0.099,chart,False,False,B-,"B- = 100,B-n = 4.6 "
44,75,119,Ru,0,0.0,,-52080.0,,0.0692,chart,False,False,B-,"B- = 100,B-n = 6 5"
44,76,120,Ru,0,0.0,0+,-49720.0,,0.045,chart,False,False,B-,"B- = 100,B-n = 6 3"
44,77,121,Ru,0,0.0,,-44620.0,,0.03,chart,False,False,B-,"B-n = 13 4,B-2n?,B- = 100"
44,78,122,Ru,0,0.0,0+,-41780.0,,0.025,chart,False,False,B-,"B-n?,B-2n?,B- = 100 "
44,79,123,Ru,0,0.0,,-36550.0,,0.019,chart,False,False,B-,"B-n?,B-2n?,B- = 100 "
44,80,124,Ru,0,0.0,0+,-33590.0,,0.015,chart,False,False,B-,"B-n?,B-2n?,B- = 100 "
44,81,125,Ru,0,0.0,,-28370.0,,,none,False,False,B-,"B-n?,B-2n?,B- = 100"
45,44,89,Rh,0,0.0,,-45651.0,,1.2000000000000004e-07,chart,False,False,OTHER,"p?,EC+B+?,ECp?"
45,45,90,Rh,0,0.0,(0+),-51634.0,,0.029,chart,False,False,EC_BP,"ECp = 0.7 ,EC+B+ = 100"
45,45,90,Rh,1,0.0,"(6),(7),(8)",-51634.0,,0.56,wallet,False,False,EC_BP,"ECp = 9.6 1,EC+B+ = 100"
45,46,91,Rh,0,0.0,(9/2+),-58570.0,,1.47,chart,False,False,EC_BP,"ECp = 1.3 0.5,EC+B+ = 100"
45,46,91,Rh,1,172.9,(1/2-),-58397.1,,1.5,wallet,False,False,EC_BP,"EC+B+?,IT?,ECp?"
45,47,92,Rh,0,0.0,(6+),-62999.095,,5.64,chart,False,False,EC_BP,"ECp = 2.1 0.2,EC+B+ = 100"
45,47,92,Rh,1,0.0,(2+),-62999.095,,3.18,wallet,False,False,EC_BP,"ECp = 1.7 0.3,EC+B+ = 100 "
45,48,93,Rh,0,0.0,(9/2+),-69011.81,,12.2,chart,False,False,EC_BP,EC+B+ = 100 
45,48,93,Rh,1,267.0,(1/2-),-68744.81,,,none,False,False,EC_BP,EC+B+?
45,49,94,Rh,0,0.0,(4+),-72907.623,,70.6,chart,False,False,EC_BP,"ECp = 1.8 0.5,EC+B+ = 100"
45,49,94,Rh,1,0.0,(8+),-72907.623,,25.8,wallet,False,False,EC_BP,EC+B+ = 100 
45,50,95,Rh,0,0.0,9/2+,-78340.616,,301.2,chart,False,False,EC_BP,EC+B+ = 100 
45,50,95,Rh,1,543.3,(1/2)-,-77797.31599999999,,117.6,wallet,False,False,IT,"IT = 88 5,EC+B+ = 12 5"
45,51,96,Rh,0,0.0,6+,-79687.732,,574.2,chart,False,False,EC_BP,EC+B+ = 100 
45,51,96,Rh,1,51.98,3+,-79635.75200000001,,90.6,wallet,False,False,IT,"IT = 60 5,EC+B+ = 40 5"
45,52,97,Rh,0,0.0,9/2+,-82597.564,,1848.0,chart,False,False,EC_BP,EC+B+ = 100 
45,52,97,Rh,1,258.76,1/2-,-82338.804,,2748.0,wallet,False,False,EC_BP,"IT = 5.6 0.6,EC+B+ = 94.4 0.6"
45,53,98,Rh,0,0.0,(2)+,-83175.219,,524.4,chart,False,False,EC_BP,EC+B+ = 100 
45,53,98,Rh,1,56.3,(5+),-83118.919,,216.0,wallet,False,False,IT,"IT = 89 5,EC+B+ = 11 5"
45,54,99,Rh,0,0.0,1/2-,-85584.522,,1391040.0000000002,chart,False,False,EC_BP,EC+B+ = 100 
45,54,99,Rh,1,64.4,9/2+,-85520.122,,16920.0,wallet,False,False,EC_BP,"IT = 0.16 ,EC+B+ = 99.84 "
45,55,100,Rh,0,0.0,1-,-85591.13,,73800.0,chart,False,False,EC_BP,EC+B+ = 100 
45,55,100,Rh,1,107.6,(5+),-85483.53,,276.0,wallet,False,False,IT,"IT ~ 98.3 ,EC+B+ ~ 1.7 "
45,56,101,Rh,0,0.0,1/2-,-87412.428,,128439432.0,chart,False,False,EC_BP,EC = 100 
45,56,101,Rh,1,157.32,9/2+,-87255.108,,374976.0,wallet,False,False,EC_BP,"IT = 7.2 0.25,EC = 92.8 0.25"
45,57,102,Rh,0,0.0,(2-),-86783.316,,17910720.0,chart,False,False,EC_BP,"B- = 22 5,EC+B+ = 78 5"
45,57,102,Rh,1,140.73,6(+),-86642.58600000001,,109504872.0,wallet,False,False,EC_BP,"IT = 0.233 0.024,EC+B+ = 99.767 0.024"
45,58,103,Rh,0,0.0,1/2-,-88031.705,100.0,,none,True,False,STABLE,
45,58,103,Rh,1,39.753,7/2+,-87991.952,,3367.08,wallet,False,False,IT,IT = 100 
45,59,104,Rh,0,0.0,1+,-86959.344,,42.3,chart,False,False,B-,"B- = 99.55 0.1,EC+B+ = 0.45 0.1"
45,59,104,Rh,1,128.9679,5+,-86830.3761,,261.6,wallet,False,False,IT,"B- = 0.13 0.01,IT = 99.87 0.01"
45,60,105,Rh,0,0.0,7/2+,-87851.27,,127227.6,chart,False,False,B-,B- = 100 
45,60,105,Rh,1,129.742,1/2-,-87721.528,,42.8,wallet,False,False,IT,IT = 100 
45,61,106,Rh,0,0.0,1+,-86362.656,,30.07,chart,False,False,B-,B- = 100 
45,61,106,Rh,1,137.0,(6)+,-86225.656,,7860.0,wallet,False,False,B-,B- = 100 
45,62,107,Rh,0,0.0,7/2+,-86863.711,,1302.0,chart,False,False,B-,B- = 100 
45,63,108,Rh,0,0.0,1+,-85031.156,,17.0,chart,False,False,B-,B- = 100 
45,63,108,Rh,1,0.0,(5+),-85031.156,,354.0,wallet,False,False,B-,"B- = 100 ,IT?"
45,64,109,Rh,0,0.0,7/2+,-84999.251,,80.8,chart,False,False,B-,B- = 100 
45,65,110,Rh,0,0.0,(1+),-82828.693,,3.3,chart,False,False,B-,B- = 100 
45,65,110,Rh,1,38.0,(6+),-82790.693,,28.5,wallet,False,False,B-,B- = 100 
45,66,111,Rh,0,0.0,(7/2+),-82303.871,,11.0,chart,False,False,B-,B- = 100 
45,67,112,Rh,0,0.0,(1+),-79731.052,,3.5,chart,False,False,B-,B- = 100 
45,67,112,Rh,1,38.4,(6+),-79692.652,,6.9,wallet,False,False,B-,B- = 100 
45,68,113,Rh,0,0.0,(7/2+),-78766.944,,2.8,chart,False,False,B-,B- = 100 
45,69,114,Rh,0,0.0,1+,-75710.275,,1.82,chart,False,False,B-,B- = 100 
45,69,114,Rh,1,110.9,(7-),-75599.375,,1.85,wallet,False,False,B-,B- = 100
45,70,115,Rh,0,0.0,(7/2+),-74229.228,,0.99,chart,False,False,B-,"B- = 100 ,B-n?"
45,71,116,Rh,0,0.0,1+,-70735.742,,0.685,chart,False,False,B-,"B- = 100 ,B-n = 2.1 "
45,71,116,Rh,1,120.8,(6-),-70614.942,,0.57,wallet,False,False,B-,"B- = 100,B-n = 2.1 "
45,72,117,Rh,0,0.0,(7/2+),-68896.758,,0.421,chart,False,False,B-,"B- = 100,B-n = 7.6 "
45,73,118,Rh,0,0.0,(1+),-64886.84,,0.286,chart,False,False,B-,"B- = 100,B-n = 2.6 0.8"
45,73,118,Rh,1,189.0,"(6),(7),(8)",-64697.84,,0.31,wallet,False,False,B-,"B- = 100,B-n = 2.4 0.8"
45,74,119,Rh,0,0.0,(7/2+),-62822.802,,0.189,chart,False,False,B-,"B- = 100,B-n = 4.9 1.5"
45,75,120,Rh,0,0.0,,-58620.0,,0.133,chart,False,False,B-,"B- = 100,B-n = 7.2 1.6"
45,76,121,Rh,0,0.0,,-56250.134,,0.073,chart,False,False,B-,"B- = 100,B-n = 13.4 0.8"
45,77,122,Rh,0,0.0,,-51880.0,,0.0523,chart,False,False,B-,"B-n = 11.3 0.7,B-2n?,B- = 100"
45,78,123,Rh,0,0.0,,-49190.0,,0.0422,chart,False,False,B-,"B-n = 24.2 1.4,B-2n?,B- = 100"
45,79,124,Rh,0,0.0,,-44710.0,,0.032,chart,False,False,B-,"B-n = 28 5,B-2n?,B- = 100 "
45,80,125,Rh,0,0.0,,-41830.0,,0.0265,chart,False,False,B-,"B-n?,B-2n?,B- = 100 "
45,81,126,Rh,0,0.0,,-37200.0,,0.019,chart,False,False,B-,"B-n?,B-2n?,B- = 100 "
45,82,127,Rh,0,0.0,,-33730.0,,0.02,chart,False,False,B-,"B-n?,B-2n?,B- = 100 "
45,83,128,Rh,0,0.0,,-27340.0,,,none,False,False,B-,"B-n?,B-2n?,B- = 100"
46,44,90,Pd,0,0.0,0+,-39710.0,,,none,False,False,OTHER,"2p?,EC+B+?,ECp?"
46,45,91,Pd,0,0.0,,-46170.0,,0.032,chart,False,False,EC_BP,"EC+B+ = 100 ,ECp = 3 +1.1-0.9,B- = 100"
46,46,92,Pd,0,0.0,0+,-54779.095,,1.06,chart,False,False,EC_BP,"ECp = 1.6 0.2,EC+B+ = 100"
46,47,93,Pd,0,0.0,(9/2+),-58981.81,,1.17,chart,False,False,EC_BP,"ECp = 7.4 0.2,EC+B+ = 100"
46,48,94,Pd,0,0.0,0+,-66102.281,,9.4,chart,False,False,EC_BP,"ECp = 0.13 ,EC+B+ = 100"
46,49,95,Pd,0,0.0,(9/2+),-69965.913,,7.4,chart,False,False,EC_BP,"ECp = 0.23 0.05,EC+B+ = 100"
46,49,95,Pd,1,804.0,(1/2-),-69161.913,,,none,False,False,EC_BP,EC+B+?
46,49,95,Pd,2,1875.13,(21/2+),-68090.783,,13.3,wallet,False,False,EC_BP,"EC+B+ = 89 3,IT = 11 3,ECp = 0.71 0.07"
46,50,96,Pd,0,0.0,0+,-76183.42,,122.0,chart,False,False,EC_BP,EC+B+ = 100 
46,51,97,Pd,0,0.0,(5/2+),-77805.852,,186.0,chart,False,False,EC_BP,EC+B+ = 100 
46,52,98,Pd,0,0.0,0+,-81320.985,,1062.0,chart,False,False,EC_BP,EC+B+ = 100 
46,53,99,Pd,0,0.0,(5/2)+,-82182.861,,1284.0,chart,False,False,EC_BP,EC+B+ = 100 
46,54,100,Pd,0,0.0,0+,-85212.672,,313632.0,chart,False,False,EC_BP,EC = 100 
46,55,101,Pd,0,0.0,5/2+,-85432.145,,30492.000000000004,chart,False,False,EC_BP,EC+B+ = 100 
46,56,102,Pd,0,0.0,0+,-87902.963,1.02,,none,True,False,STABLE,
46,57,103,Pd,0,0.0,5/2+,-87456.98,,1468800.0,chart,False,False,EC_BP,EC = 100 
46,58,104,Pd,0,0.0,0+,-89395.123,11.14,,none,True,False,STABLE,
46,59,105,Pd,0,0.0,5/2+,-88417.905,22.33,,none,True,False,STABLE,
46,60,106,Pd,0,0.0,0+,-89907.543,27.33,,none,True,False,STABLE,
46,61,107,Pd,0,0.0,5/2+,-88372.654,,205124400000000.0,chart,False,False,B-,B- = 100 
46,61,107,Pd,1,214.6,11/2-,-88158.05399999999,,21.4,wallet,False,False,IT,IT = 100 
46,62,108,Pd,0,0.0,0+,-89524.215,26.46,,none,True,False,STABLE,
46,63,109,Pd,0,0.0,5/2+,-87606.484,,48373.2,chart,False,False,B-,B- = 100 
46,63,109,Pd,1,188.9903,11/2-,-87417.49369999999,,281.64,wallet,False,False,IT,IT = 100 
46,64,110,Pd,0,0.0,0+,-88330.904,11.72,,none,True,False,STABLE,
46,65,111,Pd,0,0.0,5/2+,-85985.886,,1416.0,chart,False,False,B-,B- = 100 
46,65,111,Pd,1,172.18,11/2-,-85813.706,,20034.0,wallet,False,False,IT,"B- = 23.2 1,IT = 76.8 1"
46,66,112,Pd,0,0.0,0+,-86321.039,,75697.2,chart,False,False,B-,B- = 100 
46,67,113,Pd,0,0.0,(5/2+),-83590.5,,89.0,chart,False,False,B-,B- = 100 
46,67,113,Pd,1,81.1,(9/2-),-83509.4,,0.3,wallet,False,False,IT,IT = 100 
46,68,114,Pd,0,0.0,0+,-83490.346,,145.2,chart,False,False,B-,B- = 100 
46,69,115,Pd,0,0.0,(1/2)+,-80425.822,,25.0,chart,False,False,B-,B- = 100 
46,69,115,Pd,1,89.21,(7/2-),-80336.612,,50.0,wallet,False,False,B-,"B- = 92 2,IT = 8 2"
46,70,116,Pd,0,0.0,0+,-79831.026,,11.7,chart,False,False,B-,B- = 100 
46,71,117,Pd,0,0.0,(3/2+),-76423.89,,4.3,chart,False,False,B-,B- = 100 
46,72,118,Pd,0,0.0,0+,-75388.358,,1.9,chart,False,False,B-,B- = 100
46,73,119,Pd,0,0.0,"(1/2+),(3/2+)",-71407.277,,0.88,chart,False,False,B-,"B- = 100 ,B-n?"
46,73,119,Pd,1,450.0,(11/2-),-70957.277,,0.85,wallet,False,False,B-,"B-?,IT?"
46,74,120,Pd,0,0.0,0+,-70279.604,,0.492,chart,False,False,B-,"B- = 100,B-n = 0.7 "
46,75,121,Pd,0,0.0,,-66182.337,,0.29,chart,False,False,B-,"B- = 100,B-n = 0.8 "
46,76,122,Pd,0,0.0,0+,-64616.169,,0.195,chart,False,False,B-,"B- = 100,B-n = 2.2 "
46,77,123,Pd,0,0.0,,-60429.748,,0.109,chart,False,False,B-,"B- = 100,B-n = 1.4 0.3"
46,77,123,Pd,1,0.0,,-60429.748,,,none,False,False,B-,"B- = 100,IT?"
46,78,124,Pd,0,0.0,0+,-58400.0,,0.094,chart,False,False,B-,"B- = 100,B-n = 0.89 0.2"
46,79,125,Pd,0,0.0,(3/2+),-53960.0,,0.0642,chart,False,False,B-,"B- = 100,B-n = 3.7 0.4"
46,80,126,Pd,0,0.0,0+,-51790.0,,0.0486,chart,False,False,B-,"B- = 100,B-n = 4.9 0.9"
46,80,126,Pd,1,2406.4,(10+),-49383.6,,0.023,wallet,False,False,B-,"B- = 72 8,IT = 28 8"
46,81,127,Pd,0,0.0,,-47220.0,,0.038,chart,False,False,B-,"B-n = 9 3,B-2n?,B- = 100"
46,82,128,Pd,0,0.0,0+,-44390.0,,0.036,chart,False,False,B-,"B- = 100,B-n = 10 7"
46,83,129,Pd,0,0.0,,-37880.0,,0.031,chart,False,False,B-,"B-n?,B-2n?,B- = 100 "
46,84,130,Pd,0,0.0,0+,-32730.0,,,none,False,False,B-,"B-n?,B-2n?,B- = 100"
46,85,131,Pd,0,0.0,,-25740.0,,,none,False,False,B-,"B-n?,B-2n?,B- = 100"
47,45,92,Ag,0,0.0,,-37530.0,,,none,False,False,OTHER,"p?,EC+B+?,ECp?"
47,46,93,Ag,0,0.0,,-46400.0,,2.28e-07,chart,False,False,OTHER,"p?,EC+B+?,ECp?"
47,47,94,Ag,0,0.0,(0+),-52402.0,,0.027,chart,False,False,EC_BP,"ECp = 0.2 ,EC+B+ = 100"
47,47,94,Ag,1,6700.0,(21+),-45702.0,,0.4,wallet,False,False,EC_BP,"p = 4.1 0.6,EC+B+ = 95.9 0.6,ECp ~ 27 "
47,47,94,Ag,2,0.0,(7+),-52402.0,,0.47,wallet,False,False,EC_BP,"ECp = 17 1.6,EC+B+ = 100"
47,48,95,Ag,0,0.0,(9/2+),-59906.0,,1.81,chart,False,False,EC_BP,"ECp = 2.3 0.2,EC+B+ = 100"
47,49,96,Ag,0,0.0,(8)+,-64511.645,,4.435,chart,False,False,EC_BP,"ECp = 4.8 0.8,EC+B+ = 100 "
47,49,96,Ag,1,0.0,(2+),-64511.645,,6.9,wallet,False,False,EC_BP,"ECp = 14.9 1.8,EC+B+ = 100"
47,50,97,Ag,0,0.0,(9/2+),-70904.027,,25.5,chart,False,False,EC_BP,EC+B+ = 100
47,51,98,Ag,0,0.0,(6+),-73066.425,,47.5,chart,False,False,EC_BP,"ECp = 0.0011 0.0005,EC+B+ = 100"
47,52,99,Ag,0,0.0,(9/2)+,-76712.483,,124.0,chart,False,False,EC_BP,EC+B+ = 100 
47,52,99,Ag,1,506.2,(1/2-),-76206.283,,10.5,wallet,False,False,IT,IT = 100 
47,53,100,Ag,0,0.0,(5)+,-78137.969,,120.6,chart,False,False,EC_BP,EC+B+ = 100 
47,53,100,Ag,1,15.52,(2)+,-78122.449,,134.4,wallet,False,False,IT,"IT?,EC+B+?"
47,54,101,Ag,0,0.0,9/2+,-81334.384,,666.0,chart,False,False,EC_BP,EC+B+ = 100 
47,54,101,Ag,1,274.1,(1/2)-,-81060.284,,3.09,wallet,False,False,IT,IT = 100 
47,55,102,Ag,0,0.0,5(+),-82246.702,,774.0,chart,False,False,EC_BP,EC+B+ = 100 
47,55,102,Ag,1,9.4,2+,-82237.30200000001,,462.0,wallet,False,False,EC_BP,"IT = 49 5,EC+B+ = 51 5"
47,56,103,Ag,0,0.0,7/2+,-84802.702,,3948.0,chart,False,False,EC_BP,EC+B+ = 100 
47,56,103,Ag,1,134.45,1/2-,-84668.25200000001,,5.8,wallet,False,False,IT,IT = 100 
47,57,104,Ag,0,0.0,5+,-85116.47,,4158.0,chart,False,False,EC_BP,EC+B+ = 100 
47,57,104,Ag,1,6.9,2+,-85109.57,,2010.0,wallet,False,False,EC_BP,"IT = 0.07 ,EC+B+ ~ 100 "
47,58,105,Ag,0,0.0,1/2-,-87070.848,,3567456.0,chart,False,False,EC_BP,EC+B+ = 100 
47,58,105,Ag,1,25.468,7/2+,-87045.38,,433.8,wallet,False,False,IT,"IT = 99.66 0.07,EC+B+ = 0.34 0.07"
47,59,106,Ag,0,0.0,1+,-86942.399,,1437.6,chart,False,False,EC_BP,"B- = 1 ,EC+B+ = 99 "
47,59,106,Ag,1,89.66,6+,-86852.739,,715392.0,wallet,False,False,EC_BP,EC+B+ = 100 
47,60,107,Ag,0,0.0,1/2-,-88406.7,51.839,,none,True,False,STABLE,
47,60,107,Ag,1,93.125,7/2+,-88313.575,,44.2,wallet,False,False,IT,IT = 100 
47,61,108,Ag,0,0.0,1+,-87606.792,,143.4,chart,False,False,B-,"B- = 97.15 0.2,EC+B+ = 2.85 0.2"
47,61,108,Ag,1,109.466,6+,-87497.326,,13755957840.0,wallet,False,False,EC_BP,"IT = 7.45 0.2,EC+B+ = 92.55 0.2"
47,62,109,Ag,0,0.0,1/2-,-88719.431,48.161,,none,True,False,STABLE,
47,62,109,Ag,1,88.0337,7/2+,-88631.3973,,39.8,wallet,False,False,IT,IT = 100 
47,63,110,Ag,0,0.0,1+,-87457.306,,24.56,chart,False,False,B-,"B- = 99.7 0.06,EC = 0.3 0.06"
47,63,110,Ag,1,117.59,6+,-87339.716,,21587904.0,wallet,False,False,B-,"B- = 98.67 0.08,IT = 1.33 0.08"
47,64,111,Ag,0,0.0,1/2-,-88215.447,,641174.4,chart,False,False,B-,B- = 100 
47,64,111,Ag,1,59.82,7/2+,-88155.627,,64.8,wallet,False,False,IT,"B- = 0.7 0.2,IT = 99.3 0.2"
47,65,112,Ag,0,0.0,2(-),-86583.729,,11340.0,chart,False,False,B-,B- = 100 
47,66,113,Ag,0,0.0,1/2-,-87026.825,,19332.0,chart,False,False,B-,B- = 100 
47,66,113,Ag,1,43.5,7/2+,-86983.325,,67.8,wallet,False,False,IT,"B- = 36 7,IT = 64 7"
47,67,114,Ag,0,0.0,1+,-84930.811,,4.59,chart,False,False,B-,B- = 100 
47,68,115,Ag,0,0.0,1/2-,-84982.587,,1200.0,chart,False,False,B-,B- = 100 
47,68,115,Ag,1,41.16,7/2+,-84941.427,,18.0,wallet,False,False,B-,"B- = 79 0.3,IT = 21 0.3"
47,69,116,Ag,0,0.0,(0-),-82542.664,,229.8,chart,False,False,B-,B- = 100 
47,69,116,Ag,1,47.9,(3+),-82494.76400000001,,20.0,wallet,False,False,B-,"B- = 93 4,IT = 7 4"
47,69,116,Ag,2,129.8,(6-),-82412.864,,9.8,wallet,False,False,B-,"B- = 92 4,IT = 8 4"
47,70,117,Ag,0,0.0,(1/2-),-82181.918,,72.8,chart,False,False,B-,B- = 100
47,70,117,Ag,1,28.6,(7/2+),-82153.318,,5.34,wallet,False,False,B-,"B- = 94 1.5,IT = 6 1.5"
47,71,118,Ag,0,0.0,(2-),-79553.802,,3.87,chart,False,False,B-,B- = 100
47,71,118,Ag,1,127.63,(5+),-79426.17199999999,,2.0,wallet,False,False,B-,"B- = 59 5,IT = 41 5"
47,72,119,Ag,0,0.0,(1/2-),-78645.759,,6.0,chart,False,False,B-,B- = 100 
47,72,119,Ag,1,33.4,(7/2+),-78612.35900000001,,2.1,wallet,False,False,B-,B- = 100 
47,73,120,Ag,0,0.0,(4+),-75651.512,,1.52,chart,False,False,B-,"B- = 100,B-n = 0.003 "
47,73,120,Ag,1,203.1,(7-),-75448.412,,0.38,wallet,False,False,IT,"B- = 32 10,IT = 68 10"
47,73,120,Ag,2,0.0,"(0-),(1-)",-75651.512,,0.94,wallet,False,False,B-,"B-?,IT?"
47,74,121,Ag,0,0.0,(7/2+),-74402.831,,0.781,chart,False,False,B-,"B- = 100,B-n = 0.08 0.013"
47,75,122,Ag,0,80.0,(9-),-71026.118,,0.2,chart,False,False,B-,"B- = 100,B-n?"
47,75,122,Ag,1,0.0,(1-),-71106.118,,0.55,wallet,False,False,B-,"B- = 100,B-n = 0.186 0.006"
47,76,123,Ag,0,0.0,(7/2+),-69568.581,,0.3,chart,False,False,B-,"B- = 100,B-n = 0.79 0.12"
47,77,124,Ag,0,0.0,(2-),-66229.951,,0.182,chart,False,False,B-,"B- = 100 ,B-n = 1.7 0.7"
47,77,124,Ag,1,0.0,(8-),-66229.951,,0.14400000000000002,wallet,False,False,B-,"B- = 100 ,B-n?"
47,78,125,Ag,0,0.0,(9/2+),-64519.939,,0.176,chart,False,False,B-,"B- = 100,B-n = 1.1 0.2"
47,78,125,Ag,1,97.1,(1/2-),-64422.839,,0.159,wallet,False,False,B-,"B- = 100,B-n = 4.6 1"
47,79,126,Ag,0,0.0,(3+),-60720.0,,0.052,chart,False,False,B-,"B- = 100,B-n = 3.8 0.2"
47,79,126,Ag,1,0.0,"(8),(9)",-60720.0,,0.092,wallet,False,False,B-,"B- = 100,B-n = 3.8 0.2"
47,80,127,Ag,0,0.0,(9/2+),-58650.0,,0.0891,chart,False,False,B-,"B- = 100,B-n = 5.5 0.2"
47,80,127,Ag,1,1942.0,(27/2+),-56708.0,,67.5,wallet,False,False,B-,"B- = 91.2 0.8,IT = 8.8 0.8"
47,81,128,Ag,0,0.0,,-54710.0,,0.0665999999999999,chart,False,False,B-,"B-n = 9.3 0.5,B-2n?,B- = 100"
47,82,129,Ag,0,0.0,(9/2+),-51870.0,,0.052,chart,False,False,B-,"B- = 100 ,B-n = 17.9 1.4"
47,82,129,Ag,1,20.0,(1/2-),-51850.0,,0.13,wallet,False,False,B-,"B- ~ 100 ,B-n?"
47,83,130,Ag,0,0.0,,-45898.0,,0.041,chart,False,False,B-,"B-n?,B-2n?,B- = 100"
47,84,131,Ag,0,0.0,,-40750.0,,0.035,chart,False,False,B-,"B-n?,B-2n?,B- = 100 "
47,85,132,Ag,0,0.0,,-34400.0,,0.028,chart,False,False,B-,"B-n?,B-2n?,B- = 100 "
48,46,94,Cd,0,0.0,0+,-40440.0,,,none,False,False,EC_BP,"ECp?,EC+B+?"
48,47,95,Cd,0,0.0,,-47056.0,,0.032,chart,False,False,EC_BP,"ECp = 4.5 +1.2-1,EC+B+ = 100"
48,48,96,Cd,0,0.0,0+,-55572.0,,1.01,chart,False,False,EC_BP,"ECp = 1.6 0.3,EC+B+ = 100"
48,48,96,Cd,1,5800.0,16+,-49772.0,,0.51,wallet,False,False,EC_BP,"ECp = 15.2 +4.3-4.2,EC+B+ = 100"
48,49,97,Cd,0,0.0,(9/2+),-60734.027,,1.16,chart,False,False,EC_BP,"ECp = 9.7 2.3,EC+B+ = 100"
48,49,97,Cd,1,2620.0,(25/2+),-58114.027,,3.86,wallet,False,False,EC_BP,"ECp = 25.1 0.5,EC+B+ = 100"
48,49,97,Cd,2,0.0,(1/2-),-60734.027,,0.73,wallet,False,False,EC_BP,"EC+B+?,IT?,ECp?"
48,50,98,Cd,0,0.0,0+,-67636.425,,9.3,chart,False,False,EC_BP,"ECp = 0.029 ,EC+B+ = 100"
48,51,99,Cd,0,0.0,(5/2+),-69931.132,,17.0,chart,False,False,EC_BP,"ECp = 0.21 0.02,EC+B+ = 100"
48,52,100,Cd,0,0.0,0+,-74194.595,,49.1,chart,False,False,EC_BP,EC+B+ = 100 
48,53,101,Cd,0,0.0,5/2+,-75836.466,,81.60000000000001,chart,False,False,EC_BP,EC+B+ = 100 
48,54,102,Cd,0,0.0,0+,-79659.702,,330.0,chart,False,False,EC_BP,EC+B+ = 100 
48,55,103,Cd,0,0.0,(5/2)+,-80651.626,,450.0,chart,False,False,EC_BP,EC+B+ = 100 
48,56,104,Cd,0,0.0,0+,-83968.391,,3468.0,chart,False,False,EC_BP,EC+B+ = 100 
48,57,105,Cd,0,0.0,5/2+,-84333.849,,3324.0,chart,False,False,EC_BP,EC+B+ = 100 
48,58,106,Cd,0,0.0,0+,-87132.153,1.245,,none,True,False,STABLE,
48,59,107,Cd,0,0.0,5/2+,-86990.325,,23472.0,chart,False,False,EC_BP,EC+B+ = 100 
48,60,108,Cd,0,0.0,0+,-89252.423,0.888,,none,True,False,STABLE,
48,61,109,Cd,0,0.0,5/2+,-88504.33,,39915072.0,chart,False,False,EC_BP,EC = 100 
48,62,110,Cd,0,0.0,0+,-90347.969,12.47,,none,True,False,STABLE,
48,63,111,Cd,0,0.0,1/2+,-89252.247,12.795,,none,True,False,STABLE,
48,63,111,Cd,1,396.214,11/2-,-88856.033,,2910.0,wallet,False,False,IT,IT = 100 
48,64,112,Cd,0,0.0,0+,-90574.857,24.109,,none,True,False,STABLE,
48,65,113,Cd,0,0.0,1/2+,-89043.286,12.227,2.53723104e+23,chart,False,False,B-,B- = 100 
48,65,113,Cd,1,263.54,11/2-,-88779.746,,438335064.0,wallet,False,False,B-,"B- = 99.9036 0.0019,IT = 0.0964 0.0019"
48,66,114,Cd,0,0.0,0+,-90014.934,28.754,,none,True,False,STABLE,
48,67,115,Cd,0,0.0,1/2+,-88084.48,,192240.0,chart,False,False,B-,B- = 100 
48,67,115,Cd,1,181.0,11/2-,-87903.48,,3853440.0,wallet,False,False,B-,B- = 100 
48,68,116,Cd,0,0.0,0+,-88712.489,7.512,8.459074162302391e+26,chart,False,False,OTHER,2B- = 100
48,69,117,Cd,0,0.0,1/2+,-86418.397,,9010.8,chart,False,False,B-,B- = 100 
48,69,117,Cd,1,136.4,11/2-,-86281.997,,12373.199999999999,wallet,False,False,B-,B- = 100 
48,70,118,Cd,0,0.0,0+,-86701.649,,3018.0,chart,False,False,B-,B- = 100
48,71,119,Cd,0,0.0,1/2+,-83976.939,,161.4,chart,False,False,B-,B- = 100 
48,71,119,Cd,1,146.54,11/2-,-83830.399,,132.0,wallet,False,False,B-,B- = 100 
48,72,120,Cd,0,0.0,0+,-83957.365,,50.8,chart,False,False,B-,B- = 100 
48,73,121,Cd,0,0.0,3/2+,-81073.837,,13.5,chart,False,False,B-,B- = 100 
48,73,121,Cd,1,214.86,11/2-,-80858.977,,8.3,wallet,False,False,B-,B- = 100 
48,74,122,Cd,0,0.0,0+,-80612.384,,5.24,chart,False,False,B-,B- = 100 
48,75,123,Cd,0,0.0,3/2(+),-77414.183,,2.1,chart,False,False,B-,B- = 100 
48,75,123,Cd,1,144.0,11/2(-),-77270.183,,1.8,wallet,False,False,B-,B- = 100
48,76,124,Cd,0,0.0,0+,-76699.436,,1.25,chart,False,False,B-,B- = 100 
48,77,125,Cd,0,0.0,3/2+,-73348.09,,0.68,chart,False,False,B-,B- = 100 
48,77,125,Cd,1,188.6,11/2-,-73159.48999999999,,0.48,wallet,False,False,B-,B- = 100 
48,78,126,Cd,0,0.0,0+,-72255.727,,0.512,chart,False,False,B-,B- = 100 
48,79,127,Cd,0,0.0,3/2+,-68741.199,,0.45,chart,False,False,B-,"B- = 100,B-n = 1.2 "
48,79,127,Cd,1,283.3,11/2-,-68457.89899999999,,0.36,wallet,False,False,B-,"B- = 100,B-n = 1.2 "
48,80,128,Cd,0,0.0,0+,-67238.245,,0.2459,chart,False,False,B-,"B- = 100,B-n = 1.9"
48,81,129,Cd,0,0.0,11/2-,-63122.142,,0.151,chart,False,False,B-,"B- = 100 ,B-n = 1.84 0.15"
48,81,129,Cd,1,343.0,3/2+,-62779.142,,0.152,wallet,False,False,B-,"B- = 100,B-n = 0 "
48,82,130,Cd,0,0.0,0+,-61117.597,,0.129,chart,False,False,B-,"B- = 100,B-n = 3 0.2"
48,83,131,Cd,0,0.0,(7/2-),-55211.76,,0.098,chart,False,False,B-,"B-n = 3.5 1,B-2n?,B- = 100"
48,84,132,Cd,0,0.0,0+,-50465.429,,0.084,chart,False,False,B-,"B-n = 60 15,B-2n?,B- = 100"
48,85,133,Cd,0,0.0,,-44140.0,,0.061,chart,False,False,B-,"B-n?,B-2n?,B- = 100"
48,86,134,Cd,0,0.0,0+,-39460.0,,0.065,chart,False,False,B-,"B-n?,B-2n?,B- = 100"
49,47,96,In,0,0.0,,-38090.0,,,none,False,False,OTHER,"p?,EC+B+?,ECp?"
49,48,97,In,0,0.0,(9/2+),-47390.0,,0.036,chart,False,False,EC_BP,"ECp = 1.7 +1.7-0.8,EC+B+ = 100"
49,49,98,In,0,0.0,(0+),-53906.0,,0.03,chart,False,False,EC_BP,"ECp = 0.13 ,EC+B+ = 100"
49,49,98,In,1,820.0,(9+),-53086.0,,0.89,wallet,False,False,EC_BP,"ECp = 44 2,EC+B+ = 100"
49,50,99,In,0,0.0,(9/2+),-61376.0,,3.11,chart,False,False,EC_BP,"ECp = 0.29 0.03,EC+B+ = 100"
49,51,100,In,0,0.0,(6+),-64178.146,,5.66,chart,False,False,EC_BP,"ECp = 1.66 0.03,EC+B+ = 100"
49,52,101,In,0,0.0,(9/2+),-68544.901,,15.1,chart,False,False,EC_BP,"ECp = 1.7 ,EC+B+ = 100"
49,52,101,In,1,610.0,(1/2-),-67934.901,,,none,False,False,IT,"IT?,EC+B+?"
49,53,102,In,0,0.0,(6+),-70694.896,,23.3,chart,False,False,EC_BP,"ECp = 0.0093 0.0013,EC+B+ = 100"
49,54,103,In,0,0.0,(9/2)+,-74632.397,,65.0,chart,False,False,EC_BP,EC+B+ = 100 
49,54,103,In,1,631.7,(1/2-),-74000.697,,34.0,wallet,False,False,EC_BP,"IT ~ 33 ,EC+B+ ~ 67 "
49,55,104,In,0,0.0,"(5+),(6+)",-76182.675,,108.0,chart,False,False,EC_BP,EC+B+ = 100 
49,55,104,In,1,93.48,(3+),-76089.195,,15.7,wallet,False,False,IT,"IT = 80 5,EC+B+ = 20 5"
49,56,105,In,0,0.0,9/2+,-79640.582,,304.20000000000005,chart,False,False,EC_BP,EC+B+ = 100 
49,56,105,In,1,674.09,(1/2-),-78966.492,,48.0,wallet,False,False,IT,IT = 100 
49,57,106,In,0,0.0,7+,-80608.15,,373.8,chart,False,False,EC_BP,EC+B+ = 100 
49,57,106,In,1,28.6,(2)+,-80579.54999999999,,318.59999999999997,wallet,False,False,EC_BP,EC+B+ = 100 
49,58,107,In,0,0.0,9/2+,-83566.667,,1944.0,chart,False,False,EC_BP,EC+B+ = 100 
49,58,107,In,1,678.5,1/2-,-82888.167,,50.5,wallet,False,False,IT,IT = 100 
49,59,108,In,0,0.0,7+,-84119.828,,3480.0,chart,False,False,EC_BP,EC+B+ = 100 
49,59,108,In,1,29.75,2+,-84090.078,,2376.0,wallet,False,False,EC_BP,EC+B+ = 100 
49,60,109,In,0,0.0,9/2+,-86489.526,,14972.4,chart,False,False,EC_BP,EC+B+ = 100 
49,60,109,In,1,649.79,1/2-,-85839.736,,80.4,wallet,False,False,IT,IT = 100 
49,60,109,In,2,2101.86,19/2+,-84387.666,,0.21,wallet,False,False,IT,IT = 100 
49,61,110,In,0,0.0,7+,-86469.969,,17640.0,chart,False,False,EC_BP,EC+B+ = 100 
49,61,110,In,1,62.08,2+,-86407.889,,4140.0,wallet,False,False,EC_BP,EC+B+ = 100 
49,62,111,In,0,0.0,9/2+,-88392.05,,242334.72000000003,chart,False,False,EC_BP,EC = 100 
49,62,111,In,1,536.99,1/2-,-87855.06,,462.0,wallet,False,False,IT,IT = 100 
49,63,112,In,0,0.0,1+,-87990.127,,892.8000000000001,chart,False,False,EC_BP,"B- = 38 4,EC+B+ = 62 4"
49,63,112,In,1,156.592,4+,-87833.53499999999,,1240.2,wallet,False,False,IT,IT = 100 
49,64,113,In,0,0.0,9/2+,-89367.123,4.281,,none,True,False,STABLE,
49,64,113,In,1,391.699,1/2-,-88975.42400000001,,5968.8,wallet,False,False,IT,IT = 100 
49,65,114,In,0,0.0,1+,-88569.807,,71.9,chart,False,False,B-,"B- = 99.5 0.15,EC+B+ = 0.5 0.15"
49,65,114,In,1,190.2682,5+,-88379.5388,,4277664.0,wallet,False,False,IT,"IT = 96.75 0.24,EC+B+ = 3.25 0.24"
49,66,115,In,0,0.0,9/2+,-89536.357,95.719,1.39169016e+22,chart,False,False,B-,B- = 100 
49,66,115,In,1,336.244,1/2-,-89200.113,,16146.000000000002,wallet,False,False,IT,"B- = 5 0.7,IT = 95 0.7"
49,67,116,In,0,0.0,1+,-88249.758,,14.1,chart,False,False,B-,"B- = 99.9762 0.0042,EC = 0.0238 0.0042"
49,67,116,In,1,127.267,5+,-88122.491,,3248.4,wallet,False,False,B-,B- = 100 
49,67,116,In,2,289.66,8-,-87960.098,,2.18,wallet,False,False,IT,IT = 100 
49,68,117,In,0,0.0,9/2+,-88943.035,,2592.0,chart,False,False,B-,B- = 100 
49,68,117,In,1,315.303,1/2-,-88627.732,,6966.0,wallet,False,False,B-,"B- = 52.9 1.5,IT = 47.1 1.5"
49,69,118,In,0,0.0,1+,-87228.177,,5.4,chart,False,False,B-,B- = 100
49,69,118,In,1,60.0,5+,-87168.177,,264.0,wallet,False,False,B-,B- = 100
49,69,118,In,2,200.0,8-,-87028.177,,8.5,wallet,False,False,IT,"B- = 1.4 0.3,IT = 98.6 0.3"
49,70,119,In,0,0.0,9/2+,-87698.658,,144.0,chart,False,False,B-,B- = 100 
49,70,119,In,1,311.37,1/2-,-87387.288,,1080.0,wallet,False,False,B-,"B- = 97.5 +0.3-0.5,IT = 2.5 +0.5-0.3"
49,71,120,In,0,0.0,1+,-85727.741,,3.08,chart,False,False,B-,B- = 100 
49,71,120,In,1,0.0,(8-),-85727.741,,47.3,wallet,False,False,B-,B- = 100 
49,71,120,In,2,0.0,(5)+,-85727.741,,46.2,wallet,False,False,B-,B- = 100 
49,72,121,In,0,0.0,9/2+,-85834.593,,23.1,chart,False,False,B-,B- = 100 
49,72,121,In,1,313.68,1/2-,-85520.913,,232.79999999999998,wallet,False,False,B-,"B- = 98.8 0.2,IT = 1.2 0.2"
49,73,122,In,0,0.0,1+,-83571.361,,1.5,chart,False,False,B-,B- = 100 
49,73,122,In,1,40.0,5+,-83531.361,,10.3,wallet,False,False,B-,B- = 100 
49,73,122,In,2,290.0,8-,-83281.361,,10.8,wallet,False,False,B-,B- = 100 
49,74,123,In,0,0.0,9/2+,-83429.034,,6.15,chart,False,False,B-,B- = 100 
49,74,123,In,1,327.21,1/2-,-83101.824,,47.4,wallet,False,False,B-,B- = 100 
49,75,124,In,0,0.0,(3+),-80867.778,,3.12,chart,False,False,B-,B- = 100 
49,75,124,In,1,25.0,(8-),-80842.778,,3.67,wallet,False,False,B-,B- = 100 
49,76,125,In,0,0.0,9/2+,-80412.308,,2.36,chart,False,False,B-,B- = 100 
49,76,125,In,1,360.12,1/2-,-80052.18800000001,,12.2,wallet,False,False,B-,B- = 100 
49,77,126,In,0,0.0,3(+),-77809.377,,1.53,chart,False,False,B-,B- = 100 
49,77,126,In,1,90.0,(8-),-77719.377,,1.64,wallet,False,False,B-,B- = 100 
49,78,127,In,0,0.0,(9/2+),-76879.897,,1.087,chart,False,False,B-,"B- = 100,B-n = 0.03 "
49,78,127,In,1,408.9,(1/2-),-76470.997,,3.618,wallet,False,False,B-,"B- = 100,B-n = 0.63 0.09"
49,78,127,In,2,1744.0,(21/2-),-75135.897,,1.04,wallet,False,False,B-,"B- = 100 ,B-n?"
49,79,128,In,0,0.0,(3)+,-74190.117,,0.84,chart,False,False,B-,"B- = 100,B-n = 0.035 0.005"
49,79,128,In,1,285.1,(8-),-73905.01699999999,,0.72,wallet,False,False,B-,"B- = 100,B-n = 0.035 0.005"
49,79,128,In,2,1796.6,(16+),-72393.51699999999,,0.3,wallet,False,False,B-,"B-n?,IT?,B- ~ 100 "
49,80,129,In,0,0.0,(9/2+),-72834.889,,0.629,chart,False,False,B-,"B- = 100,B-n = 0.228 0.051"
49,80,129,In,1,456.0,(1/2-),-72378.889,,1.22,wallet,False,False,B-,"B-n = 2.98 0.47,IT = 0.3 ,B- = 99.7 "
49,80,129,In,2,1640.0,(23/2-),-71194.889,,0.651,wallet,False,False,B-,"B- ~ 100 ,IT?"
49,80,129,In,3,1911.0,(29/2+),-70923.889,,0.098,wallet,False,False,IT,"B-?,IT ~ 100 "
49,81,130,In,0,0.0,1(-),-69906.53,,0.277,chart,False,False,B-,"B- = 100,B-n = 0.93 0.13"
49,81,130,In,1,66.5,(10-),-69840.03,,0.541,wallet,False,False,B-,"B- = 100,B-n = 1.65 0.15"
49,81,130,In,2,384.5,(5+),-69522.03,,0.541,wallet,False,False,B-,"B- = 100 ,B-n = 1.65 0.15"
49,82,131,In,0,0.0,(9/2+),-68024.369,,0.261,chart,False,False,B-,"B- = 100,B-n = 2.3 0.3"
49,82,131,In,1,367.0,(1/2-),-67657.369,,0.328,wallet,False,False,B-,"B- = 100,B-n = 2.3 0.3"
49,82,131,In,2,3771.0,(21/2+),-64253.369000000006,,0.322,wallet,False,False,B-,"B- = 100,B-n = 12 7"
49,83,132,In,0,0.0,(7-),-62411.554,,0.2,chart,False,False,B-,"B-n = 12.3 0.4,B-2n?,B- = 100"
49,84,133,In,0,0.0,(9/2+),-57690.0,,0.162,chart,False,False,B-,"B-n = 90 3,B-2n?,B- = 100"
49,84,133,In,1,642.0,(1/2-),-57048.0,,0.167,wallet,False,False,B-,"B-n = 93 3,B-2n?,B- = 100"
49,85,134,In,0,0.0,"(6-),(7-)",-51970.0,,0.121,chart,False,False,B-,"B-n = 89 3,B-2n = 9 2,B- = 100"
49,86,135,In,0,0.0,,-47110.0,,0.097,chart,False,False,B-,"B-n = 0 ,B-2n = 0 ,B- = 100"
49,87,136,In,0,0.0,,-40970.0,,0.085,chart,False,False,B-,"B-n?,B-2n?,B- = 100 "
49,88,137,In,0,0.0,,-35830.0,,0.065,chart,False,False,B-,"B-n?,B-2n?,B- = 100 "
50,49,99,Sn,0,0.0,,-47976.0,,0.024,chart,False,False,EC_BP,"ECp = 3.9 +3.4-1.7,EC+B+ = 100"
50,50,100,Sn,0,0.0,0+,-57148.146,,1.18,chart,False,False,EC_BP,"ECp = 17 ,EC+B+ = 100"
50,51,101,Sn,0,0.0,(7/2+),-60305.624,,2.2,chart,False,False,EC_BP,"ECp = 22.8 0.8,EC+B+ = 100"
50,52,102,Sn,0,0.0,0+,-64934.896,,3.8,chart,False,False,EC_BP,"ECp?,EC+B+ = 100 "
50,53,103,Sn,0,0.0,(5/2+),-67092.0,,7.0,chart,False,False,EC_BP,"ECp = 1.2 0.1,EC+B+ = 100"
50,54,104,Sn,0,0.0,0+,-71627.057,,20.9,chart,False,False,EC_BP,EC+B+ = 100 
50,55,105,Sn,0,0.0,(5/2+),-73338.001,,32.7,chart,False,False,EC_BP,"ECp = 0.011 0.004,EC+B+ = 100"
50,56,106,Sn,0,0.0,0+,-77353.698,,115.2,chart,False,False,EC_BP,EC+B+ = 100 
50,57,107,Sn,0,0.0,(5/2+),-78512.239,,174.0,chart,False,False,EC_BP,EC+B+ = 100 
50,58,108,Sn,0,0.0,0+,-82069.949,,630.0,chart,False,False,EC_BP,EC+B+ = 100 
50,59,109,Sn,0,0.0,5/2+,-82630.18,,1086.0,chart,False,False,EC_BP,EC+B+ = 100 
50,60,110,Sn,0,0.0,0+,-85841.993,,14954.4,chart,False,False,EC_BP,EC = 100 
50,61,111,Sn,0,0.0,7/2+,-85938.581,,2118.0,chart,False,False,EC_BP,EC+B+ = 100 
50,62,112,Sn,0,0.0,0+,-88655.049,0.97,,none,True,False,STABLE,
50,63,113,Sn,0,0.0,1/2+,-88328.129,,9942912.0,chart,False,False,EC_BP,EC+B+ = 100 
50,63,113,Sn,1,77.389,7/2+,-88250.74,,1284.0,wallet,False,False,IT,"IT = 91.1 2.3,EC+B+ = 8.9 2.3"
50,64,114,Sn,0,0.0,0+,-90559.735,0.66,,none,True,False,STABLE,
50,65,115,Sn,0,0.0,1/2+,-90033.846,0.34,,none,True,False,STABLE,
50,66,116,Sn,0,0.0,0+,-91525.979,14.54,,none,True,False,STABLE,
50,67,117,Sn,0,0.0,1/2+,-90397.742,7.68,,none,True,False,STABLE,
50,67,117,Sn,1,314.58,11/2-,-90083.162,,1204416.0,wallet,False,False,IT,IT = 100 
50,68,118,Sn,0,0.0,0+,-91652.843,24.22,,none,True,False,STABLE,
50,69,119,Sn,0,0.0,1/2+,-90064.985,8.59,,none,True,False,STABLE,
50,69,119,Sn,1,89.531,11/2-,-89975.454,,25315200.0,wallet,False,False,IT,IT = 100 
50,70,120,Sn,0,0.0,0+,-91097.741,32.58,,none,True,False,STABLE,
50,71,121,Sn,0,0.0,3/2+,-89196.626,,97380.0,chart,False,False,B-,B- = 100 
50,71,121,Sn,1,6.31,11/2-,-89190.316,,1385378640.0,wallet,False,False,IT,"B- = 22.4 2,IT = 77.6 2"
50,72,122,Sn,0,0.0,0+,-89939.953,4.63,,none,True,False,STABLE,
50,73,123,Sn,0,0.0,11/2-,-87814.683,,11162879.999999998,chart,False,False,B-,B- = 100 
50,73,123,Sn,1,24.6,3/2+,-87790.083,,2403.6000000000004,wallet,False,False,B-,B- = 100 
50,74,124,Sn,0,0.0,0+,-88231.475,5.79,,none,True,False,STABLE,
50,75,125,Sn,0,0.0,11/2-,-85893.657,,832377.6,chart,False,False,B-,B- = 100 
50,75,125,Sn,1,27.5,3/2+,-85866.157,,600.6,wallet,False,False,B-,B- = 100 
50,76,126,Sn,0,0.0,0+,-86015.135,,6248404800000.0,chart,False,False,B-,B- = 100 
50,77,127,Sn,0,0.0,11/2-,-83469.578,,7560.0,chart,False,False,B-,B- = 100 
50,77,127,Sn,1,5.07,3/2+,-83464.50799999999,,247.79999999999998,wallet,False,False,B-,B- = 100 
50,78,128,Sn,0,0.0,0+,-83361.43,,3576.0,chart,False,False,B-,B- = 100 
50,78,128,Sn,1,2091.5,(7-),-81269.93,,6.5,wallet,False,False,IT,IT = 100 
50,79,129,Sn,0,0.0,3/2+,-80590.597,,133.8,chart,False,False,B-,B- = 100 
50,79,129,Sn,1,35.15,11/2-,-80555.447,,432.0,wallet,False,False,B-,B- = 100 
50,80,130,Sn,0,0.0,0+,-80132.217,,223.8,chart,False,False,B-,B- = 100
50,80,130,Sn,1,19466.88,(7-),-60665.337,,102.0,wallet,False,False,B-,B- = 100
50,81,131,Sn,0,0.0,3/2+,-77264.579,,56.0,chart,False,False,B-,B- = 100 
50,81,131,Sn,1,65.1,11/2-,-77199.47899999999,,58.4,wallet,False,False,B-,"B- ~ 100 ,IT?"
50,82,132,Sn,0,0.0,0+,-76546.554,,39.7,chart,False,False,B-,B- = 100 
50,83,133,Sn,0,0.0,7/2-,-70873.89,,1.38,chart,False,False,B-,"B- = 100,B-n = 0.0294 0.0024"
50,84,134,Sn,0,0.0,0+,-66433.759,,1.024,chart,False,False,B-,"B- = 100,B-n = 17 13"
50,85,135,Sn,0,0.0,,-60632.252,,0.515,chart,False,False,B-,"B-n = 21 3,B-2n?,B- = 100"
50,86,136,Sn,0,0.0,0+,-56170.0,,0.355,chart,False,False,B-,"B-n = 27 4,B-2n?,B- = 100"
50,87,137,Sn,0,0.0,,-50150.0,,0.228,chart,False,False,B-,"B-n = 41 9,B-2n?,B- = 100"
50,88,138,Sn,0,0.0,0+,-45510.0,,0.148,chart,False,False,B-,"B-n = 36 12,B-2n?,B- = 100"
50,89,139,Sn,0,0.0,,-39310.0,,0.12,chart,False,False,B-,"B-n?,B-2n?,B- = 100"
50,90,140,Sn,0,0.0,0+,-34490.0,,,none,False,False,B-,"B-n?,B-2n?,B- = 100"
51,53,104,Sb,0,0.0,,-59295.0,,0.49,chart,False,False,EC_BP,"p = 1 ,EC+B+ = 100,ECp = 7 "
51,54,105,Sb,0,0.0,,-64015.491,,1.12,chart,False,False,EC_BP,"p?,EC+B+ = 100 ,ECp?"
51,55,106,Sb,0,0.0,(2+),-66473.301,,0.6,chart,False,False,EC_BP,"ECp?,EC+B+ = 100"
51,56,107,Sb,0,0.0,,-70653.248,,4.0,chart,False,False,EC_BP,EC+B+ = 100 
51,57,108,Sb,0,0.0,(4+),-72445.341,,7.4,chart,False,False,EC_BP,EC+B+ = 100 
51,58,109,Sb,0,0.0,(5/2+),-76250.986,,17.24,chart,False,False,EC_BP,EC+B+ = 100 
51,59,110,Sb,0,0.0,(3+),-77449.745,,23.6,chart,False,False,EC_BP,EC+B+ = 100 
51,60,111,Sb,0,0.0,(5/2+),-80836.747,,74.9,chart,False,False,EC_BP,EC+B+ = 100 
51,61,112,Sb,0,0.0,(3+),-81598.973,,53.6,chart,False,False,EC_BP,EC+B+ = 100 
51,62,113,Sb,0,0.0,(5/2+),-84416.966,,400.2,chart,False,False,EC_BP,EC+B+ = 100 
51,63,114,Sb,0,0.0,3+,-84496.616,,209.4,chart,False,False,EC_BP,EC+B+ = 100 
51,64,115,Sb,0,0.0,5/2+,-87003.412,,1920.0,chart,False,False,EC_BP,EC+B+ = 100 
51,65,116,Sb,0,0.0,3+,-86822.02,,948.0,chart,False,False,EC_BP,EC+B+ = 100 
51,65,116,Sb,1,380.0,8-,-86442.02,,3621.0,wallet,False,False,EC_BP,EC+B+ = 100 
51,66,117,Sb,0,0.0,5/2+,-88639.564,,10080.0,chart,False,False,EC_BP,EC+B+ = 100 
51,67,118,Sb,0,0.0,1+,-87996.204,,216.0,chart,False,False,EC_BP,EC+B+ = 100
51,67,118,Sb,1,250.0,8-,-87746.204,,18036.0,wallet,False,False,EC_BP,EC+B+ = 100
51,68,119,Sb,0,0.0,5/2+,-89475.539,,137520.0,chart,False,False,EC_BP,EC = 100 
51,68,119,Sb,1,2799.0,(25/2+),-86676.539,,0.84,wallet,False,False,IT,IT = 100 
51,69,120,Sb,0,0.0,1+,-88417.133,,953.4,chart,False,False,EC_BP,EC+B+ = 100 
51,69,120,Sb,1,0.0,8-,-88417.133,,497664.0,wallet,False,False,EC_BP,EC+B+ = 100 
51,70,121,Sb,0,0.0,5/2+,-89599.157,57.21,,none,True,False,STABLE,
51,71,122,Sb,0,0.0,2-,-88334.205,,232772.832,chart,False,False,B-,"B- = 97.59 0.12,EC+B+ = 2.41 0.12"
51,71,122,Sb,1,163.5591,(8)-,-88170.6459,,251.45999999999998,wallet,False,False,IT,IT = 100 
51,72,123,Sb,0,0.0,7/2+,-89222.89,42.79,,none,True,False,STABLE,
51,73,124,Sb,0,0.0,3-,-87619.069,,5202057.600000001,chart,False,False,B-,B- = 100 
51,73,124,Sb,1,10.8627,5+,-87608.2063,,93.0,wallet,False,False,IT,"B- = 25 5,IT = 75 5"
51,73,124,Sb,2,36.844,(8)-,-87582.225,,1212.0,wallet,False,False,IT,IT = 100 
51,74,125,Sb,0,0.0,7/2+,-88255.094,,87026393.52,chart,False,False,B-,B- = 100 
51,75,126,Sb,0,0.0,(8-),-86393.135,,1062720.0,chart,False,False,B-,B- = 100 
51,75,126,Sb,1,17.7,(5+),-86375.435,,1146.0,wallet,False,False,B-,"B- = 81.4 0.6,IT = 18.6 0.6"
51,75,126,Sb,2,40.4,(3-),-86352.735,,11.0,wallet,False,False,IT,IT = 100 
51,76,127,Sb,0,0.0,7/2+,-86698.294,,331776.0,chart,False,False,B-,B- = 100 
51,77,128,Sb,0,0.0,8-,-84629.852,,32580.000000000004,chart,False,False,B-,B- = 100 
51,77,128,Sb,1,10.0,5+,-84619.852,,624.0,wallet,False,False,B-,"B- = 96.4 1,IT = 3.6 1"
51,78,129,Sb,0,0.0,7/2+,-84629.384,,15840.000000000002,chart,False,False,B-,B- = 100 
51,78,129,Sb,1,1851.31,(19/2-),-82778.07400000001,,1062.0,wallet,False,False,B-,"B- = 85,IT = 15"
51,79,130,Sb,0,0.0,(8-),-82285.687,,2430.0,chart,False,False,B-,B- = 100
51,79,130,Sb,1,4.8,"(4)+,(5)+",-82280.887,,386.40000000000003,wallet,False,False,B-,B- = 100
51,80,131,Sb,0,0.0,(7/2+),-81981.412,,1381.8000000000002,chart,False,False,B-,B- = 100 
51,81,132,Sb,0,0.0,(4)+,-79635.282,,167.4,chart,False,False,B-,B- = 100 
51,81,132,Sb,1,200.0,(8-),-79435.282,,245.99999999999997,wallet,False,False,B-,B- = 100 
51,82,133,Sb,0,0.0,7/2+,-78923.513,,144.60000000000002,chart,False,False,B-,B- = 100 
51,83,134,Sb,0,0.0,(0-),-74019.004,,0.675,chart,False,False,B-,"B- = 100 ,B-n?"
51,83,134,Sb,1,279.0,7-,-73740.004,,10.01,wallet,False,False,B-,"B- = 100 ,B-n = 0.088 0.004"
51,84,135,Sb,0,0.0,(7/2+),-69690.332,,1.668,chart,False,False,B-,"B- = 100,B-n = 16.8 1.6"
51,85,136,Sb,0,0.0,(1-),-64506.89,,0.924,chart,False,False,B-,"B-n = 22 5.1,B-2n = 0.14 0.03,B- = 100"
51,86,137,Sb,0,0.0,,-60060.392,,0.506,chart,False,False,B-,"B-n = 49 8,B-2n = 2.7 ,B- = 100"
51,87,138,Sb,0,0.0,(3-),-54650.0,,0.314,chart,False,False,B-,"B-n = 72 8,B-2n?,B- = 100"
51,88,139,Sb,0,0.0,,-50050.0,,0.182,chart,False,False,B-,"B-n = 90 10,B-2n?,B- = 100"
51,89,140,Sb,0,0.0,"(3-),(4-)",-44390.0,,0.171,chart,False,False,B-,"B-n = 23 4,B-2n = 7.6 2.5,B- = 100"
51,90,141,Sb,0,0.0,,-39540.0,,0.103,chart,False,False,B-,"B-n?,B-2n?,B- = 100 "
51,91,142,Sb,0,0.0,,-33610.0,,0.053,chart,False,False,B-,"B-n?,B-2n?,B- = 100"
52,52,104,Te,0,0.0,0+,-49626.831,,1.8000000000000002e-08,chart,False,False,ALPHA,a = 100
52,53,105,Te,0,0.0,(7/2+),-52811.509,,6.3e-07,chart,False,False,ALPHA,a ~ 100 
52,54,106,Te,0,0.0,0+,-58219.759,,6.9e-05,chart,False,False,ALPHA,a = 100
52,55,107,Te,0,0.0,,-60657.0,,0.0036,chart,False,False,ALPHA,"a = 70 30,EC+B+ = 30 30"
52,56,108,Te,0,0.0,0+,-65781.676,,2.1,chart,False,False,EC_BP,"EC+B+ = 51 4,a = 49 4,ECp = 2.4 1"
52,57,109,Te,0,0.0,(5/2+),-67715.399,,4.4,chart,False,False,EC_BP,"EC+B+ = 96.1 1.3,a = 3.9 1.3,ECp = 9.4 3.1,ECa = 0.0043"
52,58,110,Te,0,0.0,0+,-72229.821,,18.6,chart,False,False,EC_BP,"a?,EC+B+ ~ 100 "
52,59,111,Te,0,0.0,(5/2)+,-73587.487,,26.2,chart,False,False,EC_BP,"ECp?,EC+B+ = 100 "
52,60,112,Te,0,0.0,0+,-77567.518,,120.0,chart,False,False,EC_BP,EC+B+ = 100 
52,61,113,Te,0,0.0,(7/2+),-78347.037,,108.0,chart,False,False,EC_BP,EC+B+ = 100 
52,62,114,Te,0,0.0,0+,-81889.676,,984.0,chart,False,False,EC_BP,EC+B+ = 100 
52,63,115,Te,0,0.0,7/2+,-82062.767,,354.0,chart,False,False,EC_BP,EC+B+ = 100 
52,63,115,Te,1,10.0,(1/2)+,-82052.767,,432.0,wallet,False,False,EC_BP,"IT?,EC+B+ ~ 100 "
52,64,116,Te,0,0.0,0+,-85263.793,,8964.0,chart,False,False,EC_BP,EC+B+ = 100 
52,65,117,Te,0,0.0,1/2+,-85095.5,,3720.0,chart,False,False,EC_BP,EC+B+ = 100 
52,65,117,Te,1,296.1,(11/2-),-84799.4,,0.10300000000000001,wallet,False,False,IT,IT = 100 
52,66,118,Te,0,0.0,0+,-87690.758,,518400.0,chart,False,False,EC_BP,EC = 100
52,67,119,Te,0,0.0,1/2+,-87182.539,,57780.0,chart,False,False,EC_BP,EC+B+ = 100 
52,67,119,Te,1,260.96,11/2-,-86921.579,,405216.00000000006,wallet,False,False,EC_BP,EC+B+ = 100 
52,68,120,Te,0,0.0,0+,-89362.16,0.09,,none,True,False,STABLE,
52,69,121,Te,0,0.0,1/2+,-88543.111,,1664928.0,chart,False,False,EC_BP,EC+B+ = 100 
52,69,121,Te,1,293.974,11/2-,-88249.137,,14230079.999999998,wallet,False,False,IT,"IT = 83.1 2.3,EC+B+ = 16.9 2.3"
52,70,122,Te,0,0.0,0+,-90313.282,2.55,,none,True,False,STABLE,
52,71,123,Te,0,0.0,1/2+,-89170.978,0.89,,none,True,False,STABLE,
52,71,123,Te,1,247.45,11/2-,-88923.528,,10307520.0,wallet,False,False,IT,IT = 100 
52,72,124,Te,0,0.0,0+,-90524.142,4.74,,none,True,False,STABLE,
52,73,125,Te,0,0.0,1/2+,-89021.794,7.07,,none,True,False,STABLE,
52,73,125,Te,1,144.775,11/2-,-88877.019,,4959360.0,wallet,False,False,IT,IT = 100 
52,74,126,Te,0,0.0,0+,-90064.168,8.84,,none,True,False,STABLE,
52,75,127,Te,0,0.0,3/2+,-88280.497,,33660.0,chart,False,False,B-,B- = 100
52,75,127,Te,1,88.23,11/2-,-88192.267,,9167040.0,wallet,False,False,IT,"B- = 2.14 0.03,IT = 97.86 0.03"
52,76,128,Te,0,0.0,0+,-88993.794,31.74,7.3844783999999995e+31,chart,False,False,OTHER,2B- = 100
52,77,129,Te,0,0.0,3/2+,-87004.884,,4170.0,chart,False,False,B-,B- = 100 
52,77,129,Te,1,105.51,11/2-,-86899.37400000001,,2892671.9999999995,wallet,False,False,IT,"B- = 36 7,IT = 64 7"
52,78,130,Te,0,0.0,0+,-87352.96,34.08,2.4930504e+28,chart,False,False,OTHER,2B- = 100
52,79,131,Te,0,0.0,3/2+,-85211.022,,1500.0,chart,False,False,B-,B- = 100 
52,79,131,Te,1,182.258,11/2-,-85028.764,,118296.0,wallet,False,False,B-,"B- = 74.1 0.5,IT = 25.9 0.5"
52,79,131,Te,2,1940.0,(23/2+),-83271.022,,0.093,wallet,False,False,IT,IT = 100 
52,80,132,Te,0,0.0,0+,-85188.197,,276825.60000000003,chart,False,False,B-,B- = 100 
52,81,133,Te,0,0.0,(3/2+),-82937.133,,750.0,chart,False,False,B-,B- = 100 
52,81,133,Te,1,334.26,(11/2-),-82602.873,,3324.0,wallet,False,False,B-,"B- = 83.5 2,IT = 16.5 2"
52,82,134,Te,0,0.0,0+,-82533.752,,2508.0,chart,False,False,B-,B- = 100 
52,83,135,Te,0,0.0,(7/2-),-77728.79,,19.0,chart,False,False,B-,B- = 100 
52,84,136,Te,0,0.0,0+,-74425.279,,17.66,chart,False,False,B-,"B- = 100,B-n = 1.37 0.05"
52,85,137,Te,0,0.0,,-69303.762,,2.48,chart,False,False,B-,"B- = 100,B-n = 2.77 0.27"
52,86,138,Te,0,0.0,0+,-65695.995,,1.46,chart,False,False,B-,"B- = 100,B-n = 6.3 2.1"
52,87,139,Te,0,0.0,,-60205.08,,0.724,chart,False,False,B-,"B- = 100 ,B-n?"
52,88,140,Te,0,0.0,0+,-56367.449,,0.351,chart,False,False,B-,"B- = 100,B-n = 0 "
52,89,141,Te,0,0.0,,-50670.0,,0.193,chart,False,False,B-,"B-n?,B-2n?,B- = 100"
52,90,142,Te,0,0.0,0+,-46550.0,,0.147,chart,False,False,B-,"B-n?,B-2n?,B- = 100"
52,91,143,Te,0,0.0,,-40530.0,,0.12,chart,False,False,B-,"B-n?,B-2n?,B- = 100"
52,92,144,Te,0,0.0,0+,-36220.0,,0.093,chart,False,False,B-,"B-n?,B-2n?,B- = 100"
52,93,145,Te,0,0.0,,-30010.0,,,none,False,False,B-,"B-n?,B-2n?,B- = 100"
53,55,108,I,0,0.0,(1),-52771.0,,0.0264,chart,False,False,ALPHA,"p = 0.5 0.21,EC+B+?,a = 99.5 0.21"
53,56,109,I,0,0.0,"(1/2+),(3/2+)",-57672.505,,9.27e-05,chart,False,False,OTHER,"p = 99.986 0.004,a = 0.014 0.004"
53,57,110,I,0,0.0,(1+),-60467.844,,0.67,chart,False,False,EC_BP,"EC+B+ = 83 4,a = 17 4,ECp = 11 3,ECa = 1.1 0.3"
53,58,111,I,0,0.0,(5/2+),-64953.795,,2.5,chart,False,False,EC_BP,"EC+B+ ~ 99.9 ,a ~ 0.1 ,ECp?"
53,59,112,I,0,0.0,(1+),-67063.339,,3.34,chart,False,False,EC_BP,"EC+B+ ~ 99.9988 ,a ~ 0.0012 ,ECp = 0.88 0.1,ECa = 0.104 0.012"
53,60,113,I,0,0.0,(5/2+),-71119.517,,5.9,chart,False,False,EC_BP,EC+B+ = 100 
53,61,114,I,0,0.0,1+,-72638.935,,2.1,chart,False,False,EC_BP,"ECp?,EC+B+ = 100 "
53,61,114,I,1,265.9,(7),-72373.035,,6.2,wallet,False,False,EC_BP,"IT = 9 2,EC+B+ = 91 2"
53,62,115,I,0,0.0,(5/2+),-76337.805,,78.0,chart,False,False,EC_BP,EC+B+ = 100 
53,63,116,I,0,0.0,1+,-77420.654,,2.91,chart,False,False,EC_BP,EC+B+ = 100 
53,64,117,I,0,0.0,(5/2)+,-80438.568,,133.20000000000002,chart,False,False,EC_BP,EC+B+ = 100 
53,65,118,I,0,0.0,2-,-80971.056,,828.0,chart,False,False,EC_BP,EC+B+ = 100
53,65,118,I,1,188.8,(7-),-80782.256,,510.0,wallet,False,False,EC_BP,"IT = 0 ,EC+B+ ~ 100 "
53,66,119,I,0,0.0,5/2+,-83777.731,,1128.0,chart,False,False,EC_BP,EC+B+ = 100 
53,67,120,I,0,0.0,2-,-83747.16,,4902.0,chart,False,False,EC_BP,EC+B+ = 100 
53,67,120,I,1,320.0,(7-),-83427.16,,3060.0,wallet,False,False,EC_BP,EC+B+ = 100 
53,68,121,I,0,0.0,5/2+,-86245.649,,7632.0,chart,False,False,EC_BP,EC+B+ = 100 
53,69,122,I,0,0.0,1+,-86079.282,,217.8,chart,False,False,EC_BP,EC+B+ = 100 
53,70,123,I,0,0.0,5/2+,-87942.588,,47602.44,chart,False,False,EC_BP,EC+B+ = 100 
53,71,124,I,0,0.0,2-,-87364.555,,360806.4,chart,False,False,EC_BP,EC+B+ = 100 
53,72,125,I,0,0.0,5/2+,-88836.024,,5131987.2,chart,False,False,EC_BP,EC = 100 
53,73,126,I,0,0.0,2-,-87910.496,,1117152.0,chart,False,False,EC_BP,"B- = 47.3 0.5,EC+B+ = 52.7 0.5"
53,74,127,I,0,0.0,5/2+,-88983.217,100.0,,none,True,False,STABLE,
53,75,128,I,0,0.0,1+,-87738.03,,1500.0,chart,False,False,B-,"B- = 93.1 0.8,EC+B+ = 6.9 0.8"
53,76,129,I,0,0.0,7/2+,-88507.176,,508897068660000.0,chart,False,False,B-,B- = 100 
53,77,130,I,0,0.0,5+,-86936.188,,44496.0,chart,False,False,B-,B- = 100
53,77,130,I,1,39.9525,2+,-86896.2355,,529.8,wallet,False,False,IT,"B- = 16 2,IT = 84 2"
53,78,131,I,0,0.0,7/2+,-87442.727,,693334.08,chart,False,False,B-,B- = 100 
53,79,132,I,0,0.0,4+,-85703.502,,8222.04,chart,False,False,B-,B- = 100 
53,79,132,I,1,120.0,(8-),-85583.502,,4993.2,wallet,False,False,IT,"B- = 14 2,IT = 86 2"
53,80,133,I,0,0.0,7/2+,-85857.302,,74880.0,chart,False,False,B-,B- = 100 
53,80,133,I,1,1634.148,(19/2-),-84223.154,,9.0,wallet,False,False,IT,IT = 100 
53,81,134,I,0,0.0,(4)+,-84043.44,,3156.0,chart,False,False,B-,B- = 100 
53,81,134,I,1,316.49,(8)-,-83726.95,,211.79999999999998,wallet,False,False,IT,"B- = 2.3 1,IT = 97.7 1"
53,82,135,I,0,0.0,7/2+,-83779.18,,23580.0,chart,False,False,B-,B- = 100 
53,83,136,I,0,0.0,(1-),-79545.225,,83.4,chart,False,False,B-,B- = 100 
53,83,136,I,1,200.0,(6-),-79345.225,,46.6,wallet,False,False,B-,B- = 100 
53,84,137,I,0,0.0,(7/2+),-76356.268,,24.13,chart,False,False,B-,"B- = 100,B-n = 7.32 0.19"
53,85,138,I,0,0.0,(1-),-71979.91,,6.303,chart,False,False,B-,"B- = 100,B-n = 5.39 0.11"
53,86,139,I,0,0.0,(7/2+),-68470.964,,2.29,chart,False,False,B-,"B- = 100,B-n = 9.64 0.22"
53,87,140,I,0,0.0,"(2-),(3)",-63606.223,,0.38,chart,False,False,B-,"B-n = 8.79 0.75,B-2n?,B- = 100"
53,87,140,I,1,0.0,"(0-),(1)",-63606.223,,0.91,wallet,False,False,B-,"B- = 100,B-n?"
53,87,140,I,2,0.0,"(4-),(5)",-63606.223,,0.47000000000000003,wallet,False,False,B-,"B- = 100,B-n?"
53,88,141,I,0,0.0,,-59926.666,,0.418,chart,False,False,B-,"B- = 100,B-n = 21.2 2.2"
53,89,142,I,0,0.0,,-54802.969,,0.235,chart,False,False,B-,"B-n?,B-2n?,B- = 100"
53,90,143,I,0,0.0,,-50790.0,,0.182,chart,False,False,B-,"B-n?,B-2n?,B- = 100"
53,91,144,I,0,0.0,,-45330.0,,0.094,chart,False,False,B-,"B-n?,B-2n?,B- = 100"
53,92,145,I,0,0.0,,-41130.0,,0.0897,chart,False,False,B-,"B-n?,B-2n?,B- = 100"
53,93,146,I,0,0.0,,-35540.0,,0.094,chart,False,False,B-,"B-n?,B-2n?,B- = 100"
53,94,147,I,0,0.0,,-31200.0,,,none,False,False,B-,"B-n?,B-2n?,B- = 100"
54,54,108,Xe,0,0.0,0+,-42632.357,,5.8e-05,chart,False,False,ALPHA,a = 100
54,55,109,Xe,0,0.0,(7/2+),-46169.546,,0.013,chart,False,False,ALPHA,a = 100
54,56,110,Xe,0,0.0,0+,-51922.636,,0.093,chart,False,False,ALPHA,"EC+B+ = 36 35,a = 64 35,ECp?"
54,57,111,Xe,0,0.0,,-54520.0,,0.74,chart,False,False,EC_BP,"EC+B+ = 89.6 1.9,a = 10.4 1.9,ECp?"
54,58,112,Xe,0,0.0,0+,-60026.348,,2.7,chart,False,False,EC_BP,"EC+B+ = 99.2 +0.5-1.1,a = 0.8 +1.1-0.5,ECp?"
54,59,113,Xe,0,0.0,(5/2+),-62203.626,,2.74,chart,False,False,EC_BP,"EC+B+ ~ 100 ,a?,ECp = 7 4,ECa = 0.007 0.004"
54,60,114,Xe,0,0.0,0+,-67085.899,,10.0,chart,False,False,EC_BP,"ECp?,EC+B+ = 100 "
54,61,115,Xe,0,0.0,(5/2+),-68656.757,,18.0,chart,False,False,EC_BP,"ECa = 0.0003 0.0001,EC+B+ = 100,ECp = 0.34 0.06"
54,62,116,Xe,0,0.0,0+,-73046.877,,58.0,chart,False,False,EC_BP,EC+B+ = 100 
54,63,117,Xe,0,0.0,5/2+,-74185.347,,61.0,chart,False,False,EC_BP,"ECp = 0.0029 0.0006,EC+B+ = 100"
54,64,118,Xe,0,0.0,0+,-78079.067,,228.0,chart,False,False,EC_BP,EC+B+ = 100
54,65,119,Xe,0,0.0,(5/2+),-78794.488,,348.0,chart,False,False,EC_BP,EC+B+ = 100 
54,66,120,Xe,0,0.0,0+,-82172.434,,2760.0,chart,False,False,EC_BP,EC+B+ = 100 
54,67,121,Xe,0,0.0,5/2(+),-82480.997,,2346.0,chart,False,False,EC_BP,EC+B+ = 100 
54,68,122,Xe,0,0.0,0+,-85354.988,,72360.0,chart,False,False,EC_BP,EC = 100 
54,69,123,Xe,0,0.0,1/2(+),-85248.258,,7379.999999999999,chart,False,False,EC_BP,EC+B+ = 100 
54,70,124,Xe,0,0.0,0+,-87667.405,0.095,,none,True,False,STABLE,
54,71,125,Xe,0,0.0,1/2+,-87199.361,,61063.2,chart,False,False,EC_BP,EC+B+ = 100 
54,71,125,Xe,1,252.61,9/2-,-86946.751,,56.0,wallet,False,False,IT,IT = 100 
54,72,126,Xe,0,0.0,0+,-89146.38687,0.089,,none,True,False,STABLE,
54,73,127,Xe,0,0.0,1/2+,-88320.883,,3140121.6,chart,False,False,EC_BP,EC = 100 
54,73,127,Xe,1,297.1,9/2-,-88023.783,,69.5,wallet,False,False,IT,IT = 100 
54,74,128,Xe,0,0.0,0+,-89860.53427,1.91,,none,True,False,STABLE,
54,75,129,Xe,0,0.0,1/2+,-88696.06975,26.4,,none,True,False,STABLE,
54,75,129,Xe,1,236.14,11/2-,-88459.92975,,767232.0000000001,wallet,False,False,IT,IT = 100 
54,76,130,Xe,0,0.0,0+,-89880.474,4.071,,none,True,False,STABLE,
54,77,131,Xe,0,0.0,3/2+,-88413.57492,21.232,,none,True,False,STABLE,
54,77,131,Xe,1,163.93,11/2-,-88249.64492,,1030838.3999999999,wallet,False,False,IT,IT = 100 
54,78,132,Xe,0,0.0,0+,-89278.97451,26.909,,none,True,False,STABLE,
54,79,133,Xe,0,0.0,3/2+,-87643.583,,453375.36,chart,False,False,B-,B- = 100 
54,79,133,Xe,1,233.221,11/2-,-87410.362,,189302.4,wallet,False,False,IT,IT = 100 
54,80,134,Xe,0,0.0,0+,-88125.83443,10.436,,none,True,False,STABLE,
54,80,134,Xe,1,1965.5,7-,-86160.33443,,0.29,wallet,False,False,IT,IT = 100 
54,81,135,Xe,0,0.0,3/2+,-86413.365,,33004.8,chart,False,False,B-,B- = 100 
54,81,135,Xe,1,526.551,11/2-,-85886.814,,917.22,wallet,False,False,IT,"B- = 0.3 0.28,IT = 99.7 0.28"
54,82,136,Xe,0,0.0,0+,-86429.17,8.857,6.9111144e+28,chart,False,False,OTHER,2B- = 100
54,83,137,Xe,0,0.0,7/2-,-82383.414,,229.26,chart,False,False,B-,B- = 100 
54,84,138,Xe,0,0.0,0+,-79972.244,,848.4000000000001,chart,False,False,B-,B- = 100 
54,85,139,Xe,0,0.0,3/2-,-75644.586,,39.72,chart,False,False,B-,B- = 100 
54,86,140,Xe,0,0.0,0+,-72986.461,,13.6,chart,False,False,B-,B- = 100 
54,87,141,Xe,0,0.0,5/2(-),-68197.309,,1.72,chart,False,False,B-,"B- = 100,B-n = 0.044 0.005"
54,88,142,Xe,0,0.0,0+,-65229.648,,1.227,chart,False,False,B-,"B- = 100,B-n = 0.355 0.074"
54,89,143,Xe,0,0.0,5/2-,-60202.882,,0.511,chart,False,False,B-,"B- = 100,B-n = 1 0.15"
54,90,144,Xe,0,0.0,0+,-56872.301,,0.388,chart,False,False,B-,"B- = 100,B-n = 3 0.3"
54,91,145,Xe,0,0.0,,-51493.337,,0.188,chart,False,False,B-,"B-n = 5 0.6,B-2n?,B- = 100"
54,92,146,Xe,0,0.0,0+,-47954.95,,0.146,chart,False,False,B-,"B- = 100 ,B-n = 6.9 1.5"
54,93,147,Xe,0,0.0,,-42400.0,,0.088,chart,False,False,B-,"B-n = 8 ,B-2n?,B- = 100"
54,94,148,Xe,0,0.0,0+,-38650.0,,0.085,chart,False,False,B-,"B-n?,B-2n?,B- = 100"
54,95,149,Xe,0,0.0,,-33000.0,,,none,False,False,B-,"B-n?,B-2n?,B- = 100"
54,96,150,Xe,0,0.0,0+,-28990.0,,,none,False,False,B-,"B-n?,B-2n?,B- = 100"
55,57,112,Cs,0,0.0,(1+),-46415.0,,0.000488,chart,False,False,OTHER,"p = 100,a = 0.26"
55,58,113,Cs,0,0.0,(3/2+),-51764.539,,1.68999999999e-05,chart,False,False,OTHER,p = 100
55,59,114,Cs,0,0.0,(1+),-54685.928,,0.57,chart,False,False,EC_BP,"EC+B+ = 99.982 0.006,a = 0.018 0.006,ECp = 8.7 1.3,ECa = 0.19 0.03"
55,60,115,Cs,0,0.0,,-59699.0,,1.03,chart,False,False,EC_BP,"ECp ~ 0.07 ,EC+B+ = 100"
55,61,116,Cs,0,0.0,(1+),-62043.0,,0.7,chart,False,False,EC_BP,"ECa = 0.049 0.025,EC+B+ = 100,ECp = 0.28 0.07"
55,61,116,Cs,1,0.0,(7),-62043.0,,3.9,wallet,False,False,EC_BP,"ECa = 0.005 0.003,EC+B+ = 100,ECp = 0.51 0.15"
55,62,117,Cs,0,0.0,(9/2+),-66493.101,,8.4,chart,False,False,EC_BP,EC+B+ = 100 
55,62,117,Cs,1,0.0,(3/2+),-66493.101,,6.5,wallet,False,False,EC_BP,EC+B+ = 100
55,63,118,Cs,0,0.0,2(-),-68409.377,,14.0,chart,False,False,EC_BP,"ECa = 0.0024 ,EC+B+ = 100,ECp = 0.042 "
55,63,118,Cs,1,0.0,(7-),-68409.377,,17.0,wallet,False,False,EC_BP,"ECa = 0.0024 ,EC+B+ = 100,ECp = 0.042 "
55,64,119,Cs,0,0.0,3/2+,-72305.061,,29.1,chart,False,False,EC_BP,EC+B+ = 100 
55,64,119,Cs,1,86.3,9/2+,-72218.761,,43.0,wallet,False,False,EC_BP,EC+B+ = 100 
55,65,120,Cs,0,0.0,2(+),-73888.649,,60.4,chart,False,False,EC_BP,"ECa = 0.000024 ,EC+B+ = 100,ECp = 0.00001 "
55,65,120,Cs,1,0.0,(7-),-73888.649,,57.0,wallet,False,False,EC_BP,"ECa = 0.000024 ,EC+B+ = 100,ECp = 0.00001 "
55,66,121,Cs,0,0.0,3/2+,-77102.342,,155.0,chart,False,False,EC_BP,EC+B+ = 100 
55,66,121,Cs,1,68.5,9/2(+),-77033.842,,122.0,wallet,False,False,EC_BP,"IT ~ 17 ,EC+B+ ~ 83 "
55,67,122,Cs,0,0.0,1+,-78144.769,,21.18,chart,False,False,EC_BP,EC+B+ = 100 
55,67,122,Cs,1,127.07,(5)-,-78017.699,,0.36,wallet,False,False,IT,IT = 100 
55,67,122,Cs,2,140.0,8(-),-78004.769,,222.0,wallet,False,False,EC_BP,EC+B+ = 100 
55,68,123,Cs,0,0.0,1/2(+),-81043.657,,354.6,chart,False,False,EC_BP,EC+B+ = 100 
55,68,123,Cs,1,156.27,11/2(-),-80887.387,,1.7,wallet,False,False,IT,IT = 100 
55,69,124,Cs,0,0.0,1+,-81741.06,,30.9,chart,False,False,EC_BP,EC+B+ = 100 
55,69,124,Cs,1,462.63,(7)+,-81278.43,,6.4,wallet,False,False,IT,"IT = 99.89 0.02,EC+B+ = 0.11 0.02"
55,70,125,Cs,0,0.0,1/2+,-84089.742,,2661.0,chart,False,False,EC_BP,EC+B+ = 100 
55,71,126,Cs,0,0.0,1+,-84350.683,,98.58,chart,False,False,EC_BP,EC+B+ = 100 
55,72,127,Cs,0,0.0,1/2+,-86240.027,,22500.0,chart,False,False,EC_BP,EC+B+ = 100 
55,73,128,Cs,0,0.0,1+,-85931.773,,218.4,chart,False,False,EC_BP,EC+B+ = 100 
55,74,129,Cs,0,0.0,1/2+,-87499.05,,115668.0,chart,False,False,EC_BP,EC+B+ = 100 
55,75,130,Cs,0,0.0,1+,-86899.754,,1752.0,chart,False,False,EC_BP,"B- ~ 1.6 ,EC+B+ ~ 98.4 "
55,75,130,Cs,1,163.25,5-,-86736.504,,207.6,wallet,False,False,IT,"IT ~ 99.84 ,EC+B+ = 0.16 0.02"
55,76,131,Cs,0,0.0,5/2+,-88055.574,,837043.2000000001,chart,False,False,EC_BP,EC = 100 
55,77,132,Cs,0,0.0,2+,-87152.693,,559872.0,chart,False,False,EC_BP,"B- = 1.87 0.09,EC+B+ = 98.13 0.09"
55,78,133,Cs,0,0.0,7/2+,-88070.943,100.0,,none,True,False,STABLE,
55,79,134,Cs,0,0.0,4+,-86891.165,,65185378.56,chart,False,False,B-,"B- = 99.9997 0.0001,EC = 0.0003 0.0001"
55,79,134,Cs,1,138.7441,8-,-86752.4209,,10483.199999999999,wallet,False,False,IT,IT = 100 
55,80,135,Cs,0,0.0,7/2+,-87581.956,,41971608000000.0,chart,False,False,B-,B- = 100 
55,80,135,Cs,1,1632.9,19/2-,-85949.05600000001,,3180.0,wallet,False,False,IT,IT = 100 
55,81,136,Cs,0,0.0,5+,-86338.855,,1124064.0,chart,False,False,B-,B- = 100 
55,81,136,Cs,1,517.9,8-,-85820.955,,17.5,wallet,False,False,IT,"B-?,IT = 0 "
55,82,137,Cs,0,0.0,7/2+,-86545.772,,946948903.2,chart,False,False,B-,B- = 100 
55,83,138,Cs,0,0.0,3-,-82887.028,,1948.8,chart,False,False,B-,B- = 100 
55,83,138,Cs,1,79.9,6-,-82807.12800000001,,174.60000000000002,wallet,False,False,B-,"B- = 18.5 +3-2.5,IT = 81.5 +2.5-3"
55,84,139,Cs,0,0.0,7/2+,-80701.088,,555.0,chart,False,False,B-,B- = 100 
55,85,140,Cs,0,0.0,1-,-77049.738,,64.0,chart,False,False,B-,B- = 100 
55,86,141,Cs,0,0.0,7/2+,-74477.351,,24.86,chart,False,False,B-,"B- = 100 ,B-n = 0.036 0.004"
55,87,142,Cs,0,0.0,0-,-70514.556,,1.687,chart,False,False,B-,"B- = 100,B-n = 0.0912 0.0035"
55,88,143,Cs,0,0.0,3/2+,-67675.519,,1.795,chart,False,False,B-,"B- = 100,B-n = 1.62 0.15"
55,89,144,Cs,0,0.0,1(-),-63271.362,,0.993,chart,False,False,B-,"B- = 100,B-n = 2.98 0.08"
55,90,145,Cs,0,0.0,3/2+,-60054.424,,0.588,chart,False,False,B-,"B- = 100,B-n = 13.01 0.37"
55,91,146,Cs,0,0.0,1-,-55310.38,,0.322,chart,False,False,B-,"B-n = 14.2 0.4,B-2n?,B- = 100"
55,92,147,Cs,0,0.0,(3/2+),-51920.073,,0.232,chart,False,False,B-,"B- = 100,B-n = 27.5 1.6"
55,93,148,Cs,0,0.0,,-46910.95,,0.151,chart,False,False,B-,"B-n = 29 4.5,B-2n?,B- = 100"
55,94,149,Cs,0,0.0,,-43300.0,,0.112,chart,False,False,B-,"B-n = 25 4,B-2n?,B- = 100"
55,95,150,Cs,0,0.0,,-38170.0,,0.0808,chart,False,False,B-,"B-n ~ 44 ,B-2n?,B- = 100"
55,96,151,Cs,0,0.0,,-34280.0,,0.059,chart,False,False,B-,"B-n?,B-2n?,B- = 100 "
55,97,152,Cs,0,0.0,,-29130.0,,,none,False,False,B-,"B-n?,B-2n?,B- = 100 "
56,58,114,Ba,0,0.0,0+,-45905.437,,0.41,chart,False,False,EC_BP,"EC+B+ = 99.1 0.3,a = 0.9 0.3,ECp = 20 10"
56,59,115,Ba,0,0.0,(5/2+),-48920.0,,0.45,chart,False,False,EC_BP,"ECp = 15 ,EC+B+ = 100"
56,60,116,Ba,0,0.0,0+,-54380.0,,1.3,chart,False,False,EC_BP,"ECp = 3 1,EC+B+ = 100"
56,61,117,Ba,0,0.0,(3/2+),-57457.906,,1.75,chart,False,False,EC_BP,"ECa = 0.024 0.013,EC+B+ = 100,ECp = 13 3"
56,62,118,Ba,0,0.0,0+,-62200.0,,5.2,chart,False,False,EC_BP,"ECp?,EC+B+ = 100"
56,63,119,Ba,0,0.0,(5/2+),-64590.096,,5.4,chart,False,False,EC_BP,"ECp = 25 2,EC+B+ = 100"
56,64,120,Ba,0,0.0,0+,-68888.649,,24.0,chart,False,False,EC_BP,EC+B+ = 100 
56,65,121,Ba,0,0.0,5/2+,-70744.847,,29.7,chart,False,False,EC_BP,"ECp = 0.02 0.01,EC+B+ = 100"
56,66,122,Ba,0,0.0,0+,-74608.952,,117.0,chart,False,False,EC_BP,EC+B+ = 100 
56,67,123,Ba,0,0.0,5/2(+),-75654.963,,144.0,chart,False,False,EC_BP,EC+B+ = 100 
56,68,124,Ba,0,0.0,0+,-79089.786,,648.0,chart,False,False,EC_BP,EC+B+ = 100 
56,69,125,Ba,0,0.0,1/2+,-79668.976,,198.0,chart,False,False,EC_BP,EC+B+ = 100 
56,70,126,Ba,0,0.0,0+,-82669.913,,5916.0,chart,False,False,EC_BP,EC+B+ = 100 
56,71,127,Ba,0,0.0,1/2+,-82817.955,,768.0,chart,False,False,EC_BP,EC+B+ = 100 
56,71,127,Ba,1,80.32,7/2-,-82737.635,,1.93,wallet,False,False,IT,IT = 100 
56,72,128,Ba,0,0.0,0+,-85369.156,,209952.0,chart,False,False,EC_BP,EC = 100 
56,73,129,Ba,0,0.0,1/2+,-85060.866,,8028.0,chart,False,False,EC_BP,EC+B+ = 100 
56,73,129,Ba,1,8.42,7/2+,-85052.446,,7711.2,wallet,False,False,EC_BP,"IT?,EC+B+ ~ 100 "
56,74,130,Ba,0,0.0,0+,-87256.776,0.11,,none,True,False,STABLE,
56,75,131,Ba,0,0.0,1/2+,-86678.958,,995328.0,chart,False,False,EC_BP,EC+B+ = 100 
56,75,131,Ba,1,187.995,9/2-,-86490.963,,855.6,wallet,False,False,IT,IT = 100 
56,76,132,Ba,0,0.0,0+,-88434.903,0.1,,none,True,False,STABLE,
56,77,133,Ba,0,0.0,1/2+,-87553.512,,332490873.6,chart,False,False,EC_BP,EC = 100 
56,77,133,Ba,1,288.252,11/2-,-87265.26000000001,,139932.0,wallet,False,False,IT,"IT = 99.9896 0.0005,EC = 0.0104 0.0005"
56,78,134,Ba,0,0.0,0+,-88950.002,2.42,,none,True,False,STABLE,
56,79,135,Ba,0,0.0,3/2+,-87850.655,6.59,,none,True,False,STABLE,
56,79,135,Ba,1,268.218,11/2-,-87582.437,,101232.0,wallet,False,False,IT,IT = 100 
56,80,136,Ba,0,0.0,0+,-88887.079,7.85,,none,True,False,STABLE,
56,80,136,Ba,1,2030.535,7-,-86856.544,,0.30219999999999997,wallet,False,False,IT,IT = 100 
56,81,137,Ba,0,0.0,3/2+,-87721.401,11.23,,none,True,False,STABLE,
56,81,137,Ba,1,661.659,11/2-,-87059.742,,153.108,wallet,False,False,IT,IT = 100 
56,82,138,Ba,0,0.0,0+,-88261.806,71.7,,none,True,False,STABLE,
56,83,139,Ba,0,0.0,7/2-,-84913.918,,4973.4,chart,False,False,B-,B- = 100 
56,84,140,Ba,0,0.0,0+,-83267.905,,1101824.64,chart,False,False,B-,B- = 100 
56,85,141,Ba,0,0.0,3/2-,-79732.492,,1094.4,chart,False,False,B-,B- = 100 
56,86,142,Ba,0,0.0,0+,-77842.257,,630.6,chart,False,False,B-,B- = 100 
56,87,143,Ba,0,0.0,5/2-,-73937.205,,14.38,chart,False,False,B-,B- = 100 
56,88,144,Ba,0,0.0,0+,-71767.13,,11.7,chart,False,False,B-,B- = 100
56,89,145,Ba,0,0.0,5/2-,-67516.183,,3.99,chart,False,False,B-,B- = 100 
56,90,146,Ba,0,0.0,0+,-64866.269,,2.16,chart,False,False,B-,B- = 100 
56,91,147,Ba,0,0.0,(5/2-),-60264.036,,0.894,chart,False,False,B-,"B- = 100 ,B-n = 0.071 0.044"
56,92,148,Ba,0,0.0,0+,-57544.911,,0.619,chart,False,False,B-,"B- = 100 ,B-n = 0.389 0.332"
56,93,149,Ba,0,0.0,"(5/2-),(3/2-)",-52830.62,,0.352,chart,False,False,B-,"B- = 100 ,B-n = 3.9 1.2"
56,94,150,Ba,0,0.0,0+,-49889.799,,0.258,chart,False,False,B-,"B- = 100 ,B-n = 1 0.5"
56,95,151,Ba,0,0.0,,-44940.0,,0.167,chart,False,False,B-,"B- = 100 ,B-n?"
56,96,152,Ba,0,0.0,0+,-41610.0,,0.14,chart,False,False,B-,"B- = 100 ,B-n?"
56,97,153,Ba,0,0.0,,-36470.0,,0.113,chart,False,False,B-,"B-n?,B-2n?,B- = 100 "
56,98,154,Ba,0,0.0,0+,-32920.0,,0.053,chart,False,False,B-,"B- = 100 ,B-n?"
57,60,117,La,0,0.0,(3/2+),-46271.0,,0.0217,chart,False,False,OTHER,p = 100
57,63,120,La,0,0.0,,-57570.0,,2.8,chart,False,False,EC_BP,"ECp = 0 ,EC+B+ = 100 "
57,64,121,La,0,0.0,,-62190.0,,5.3,chart,False,False,EC_BP,"ECp?,EC+B+ = 100 "
57,65,122,La,0,0.0,,-64543.0,,8.7,chart,False,False,EC_BP,"ECp?,EC+B+ = 100 "
57,66,123,La,0,0.0,,-68651.0,,16.3,chart,False,False,EC_BP,EC+B+ = 100 
57,67,124,La,0,0.0,"(1),(2),(3)",-70258.617,,21.0,chart,False,False,EC_BP,EC+B+ = 100 
57,67,124,La,1,0.0,(8-),-70258.617,,29.21,wallet,False,False,EC_BP,EC+B+ = 100 
57,68,125,La,0,0.0,(11/2-),-73759.492,,64.8,chart,False,False,EC_BP,EC+B+ = 100 
57,68,125,La,1,107.0,(3/2+),-73652.492,,0.39,wallet,False,False,IT,IT = 100
57,69,126,La,0,0.0,"(4),(5)",-74973.476,,54.0,chart,False,False,EC_BP,EC+B+ = 100
57,69,126,La,1,0.0,"(0-),(1),(2-)",-74973.476,,50.0,wallet,False,False,IT,"IT?,EC+B+?"
57,70,127,La,0,0.0,(11/2-),-77896.116,,306.0,chart,False,False,EC_BP,EC+B+ = 100 
57,70,127,La,1,14.2,(3/2+),-77881.916,,222.0,wallet,False,False,EC_BP,EC+B+ = 100 
57,71,128,La,0,0.0,(5+),-78625.439,,306.0,chart,False,False,EC_BP,EC+B+ = 100
57,71,128,La,1,0.0,"(1+),(2-)",-78625.439,,84.0,wallet,False,False,EC_BP,EC+B+ = 100
57,72,129,La,0,0.0,(3/2+),-81323.541,,696.0,chart,False,False,EC_BP,EC+B+ = 100 
57,72,129,La,1,172.33,(11/2-),-81151.211,,0.56,wallet,False,False,IT,IT = 100 
57,73,130,La,0,0.0,3(+),-81627.374,,522.0,chart,False,False,EC_BP,EC+B+ = 100
57,74,131,La,0,0.0,3/2+,-83769.265,,3540.0,chart,False,False,EC_BP,EC+B+ = 100 
57,75,132,La,0,0.0,2-,-83723.578,,16488.0,chart,False,False,EC_BP,EC+B+ = 100 
57,75,132,La,1,188.2,6-,-83535.378,,1458.0,wallet,False,False,IT,"IT ~ 76 ,EC+B+ ~ 24 "
57,76,133,La,0,0.0,5/2+,-85494.392,,14004.0,chart,False,False,EC_BP,EC+B+ = 100 
57,77,134,La,0,0.0,1+,-85218.659,,387.0,chart,False,False,EC_BP,EC+B+ = 100 
57,78,135,La,0,0.0,5/2+,-86643.458,,68220.0,chart,False,False,EC_BP,EC+B+ = 100 
57,79,136,La,0,0.0,1+,-86037.488,,592.1999999999999,chart,False,False,EC_BP,EC+B+ = 100 
57,79,136,La,1,259.5,(7-),-85777.988,,0.113,wallet,False,False,IT,IT = 100 
57,80,137,La,0,0.0,7/2+,-87140.865,,1893456000000.0,chart,False,False,EC_BP,EC = 100 
57,81,138,La,0,0.0,5+,-86513.408,0.08881,3.2436702942831e+18,chart,False,False,EC_BP,"B- = 34.5 0.4,EC+B+ = 65.5 0.4"
57,82,139,La,0,0.0,7/2+,-87222.381,99.91119,,none,True,False,STABLE,
57,83,140,La,0,0.0,3-,-84312.059,,145022.4,chart,False,False,B-,B- = 100 
57,84,141,La,0,0.0,(7/2+),-82929.844,,14148.0,chart,False,False,B-,B- = 100 
57,85,142,La,0,0.0,2-,-80023.95,,5508.0,chart,False,False,B-,B- = 100 
57,86,143,La,0,0.0,(7/2)+,-78171.467,,845.4,chart,False,False,B-,B- = 100 
57,87,144,La,0,0.0,3-,-74849.66,,40.8,chart,False,False,B-,B- = 100
57,88,145,La,0,0.0,(5/2+),-72835.325,,24.8,chart,False,False,B-,B- = 100 
57,89,146,La,0,0.0,(2-),-69221.174,,6.1,chart,False,False,B-,B- = 100
57,89,146,La,1,141.5,"(5-),(6-)",-69079.674,,9.8,wallet,False,False,B-,"B- = 100 ,IT?"
57,90,147,La,0,0.0,(5/2+),-66678.397,,4.024,chart,False,False,B-,"B- = 100 ,B-n = 0.043 0.004"
57,91,148,La,0,0.0,(2-),-62708.742,,1.411,chart,False,False,B-,"B- = 100 ,B-n = 0.192 +0.048-0.049"
57,92,149,La,0,0.0,(3/2-),-60219.921,,1.085,chart,False,False,B-,"B- = 100 ,B-n = 1.41 0.33"
57,93,150,La,0,0.0,(3+),-56311.147,,0.51,chart,False,False,B-,"B- = 100 ,B-n = 2.69 0.34"
57,94,151,La,0,0.0,,-53310.339,,0.457,chart,False,False,B-,"B- = 100 ,B-n?"
57,95,152,La,0,0.0,,-49290.0,,0.298,chart,False,False,B-,"B- = 100 ,B-n?"
57,96,153,La,0,0.0,,-46060.0,,0.244,chart,False,False,B-,"B- = 100 ,B-n?"
57,97,154,La,0,0.0,,-41530.0,,0.163,chart,False,False,B-,"B-n?,B-2n?,B- = 100 "
57,98,155,La,0,0.0,,-37930.0,,0.1,chart,False,False,B-,"B-n?,B-2n?,B- = 100 "
57,99,156,La,0,0.0,,-33050.0,,0.084,chart,False,False,B-,"B-n?,B-2n?,B- = 100 "
57,100,157,La,0,0.0,,-29070.0,,,none,False,False,B-,"B-n?,B-2n?,B- = 100"
58,63,121,Ce,0,0.0,(5/2),-52690.0,,1.1,chart,False,False,EC_BP,"ECp ~ 1 ,EC+B+ = 100 "
58,64,122,Ce,0,0.0,0+,-57874.0,,,none,False,False,EC_BP,"ECp?,EC+B+ = 100"
58,65,123,Ce,0,0.0,(5/2),-60286.0,,3.8,chart,False,False,EC_BP,"ECp = 0 ,EC+B+ = 100 "
58,66,124,Ce,0,0.0,0+,-64916.0,,9.1,chart,False,False,EC_BP,EC+B+ = 100 
58,67,125,Ce,0,0.0,(7/2-),-66658.0,,9.7,chart,False,False,EC_BP,"ECp?,EC+B+ = 100 "
58,67,125,Ce,1,93.6,(1/2+),-66564.4,,3.0,wallet,False,False,IT,IT = 100
58,68,126,Ce,0,0.0,0+,-70820.565,,51.0,chart,False,False,EC_BP,EC+B+ = 100 
58,69,127,Ce,0,0.0,(1/2+),-71979.344,,34.0,chart,False,False,EC_BP,EC+B+ = 100 
58,69,127,Ce,1,7.3,(5/2+),-71972.044,,28.6,wallet,False,False,EC_BP,EC+B+ = 100 
58,70,128,Ce,0,0.0,0+,-75533.925,,240.0,chart,False,False,EC_BP,EC+B+ = 100 
58,71,129,Ce,0,0.0,(5/2+),-76287.504,,210.0,chart,False,False,EC_BP,EC+B+ = 100 
58,72,130,Ce,0,0.0,0+,-79422.913,,1374.0,chart,False,False,EC_BP,EC+B+ = 100
58,73,131,Ce,0,0.0,7/2+,-79708.448,,618.0,chart,False,False,EC_BP,EC+B+ = 100 
58,73,131,Ce,1,63.09,(1/2+),-79645.35800000001,,300.0,wallet,False,False,EC_BP,EC+B+ = 100 
58,74,132,Ce,0,0.0,0+,-82468.688,,12636.0,chart,False,False,EC_BP,EC+B+ = 100 
58,75,133,Ce,0,0.0,1/2+,-82418.223,,5820.0,chart,False,False,EC_BP,EC+B+ = 100 
58,75,133,Ce,1,37.2,9/2-,-82381.023,,19173.6,wallet,False,False,EC_BP,"IT?,EC+B+ ~ 100 "
58,76,134,Ce,0,0.0,0+,-84832.898,,278208.0,chart,False,False,EC_BP,EC = 100 
58,77,135,Ce,0,0.0,1/2(+),-84616.308,,63720.0,chart,False,False,EC_BP,EC+B+ = 100 
58,77,135,Ce,1,445.81,(11/2-),-84170.498,,20.0,wallet,False,False,IT,IT = 100 
58,78,136,Ce,0,0.0,0+,-86508.55,0.186,,none,True,False,STABLE,
58,79,137,Ce,0,0.0,3/2+,-85918.765,,32796.0,chart,False,False,EC_BP,EC+B+ = 100 
58,79,137,Ce,1,254.29,11/2-,-85664.475,,125279.99999999999,wallet,False,False,IT,"IT = 99.23 0.02,EC+B+ = 0.77 0.02"
58,80,138,Ce,0,0.0,0+,-87565.867,0.251,,none,True,False,STABLE,
58,80,138,Ce,1,2129.28,7-,-85436.587,,0.00873,wallet,False,False,IT,IT = 100 
58,81,139,Ce,0,0.0,3/2+,-86957.741,,11892095.999999998,chart,False,False,EC_BP,EC = 100 
58,81,139,Ce,1,754.24,11/2-,-86203.50099999999,,57.58,wallet,False,False,IT,IT = 100 
58,82,140,Ce,0,0.0,0+,-88074.227,88.449,,none,True,False,STABLE,
58,83,141,Ce,0,0.0,7/2-,-85431.058,,2808345.6,chart,False,False,B-,B- = 100 
58,84,142,Ce,0,0.0,0+,-84532.896,11.114,,none,True,False,STABLE,
58,85,143,Ce,0,0.0,3/2-,-81606.378,,118933.2,chart,False,False,B-,B- = 100 
58,86,144,Ce,0,0.0,0+,-80431.942,,24614150.4,chart,False,False,B-,B- = 100
58,87,145,Ce,0,0.0,(5/2-),-77067.059,,181.2,chart,False,False,B-,B- = 100 
58,88,146,Ce,0,0.0,0+,-75625.868,,793.2,chart,False,False,B-,B- = 100 
58,89,147,Ce,0,0.0,(5/2-),-72013.902,,56.4,chart,False,False,B-,B- = 100 
58,90,148,Ce,0,0.0,0+,-70398.424,,56.8,chart,False,False,B-,B- = 100 
58,91,149,Ce,0,0.0,(3/2-),-66669.921,,5.2,chart,False,False,B-,B- = 100 
58,92,150,Ce,0,0.0,0+,-64846.863,,6.05,chart,False,False,B-,B- = 100 
58,93,151,Ce,0,0.0,(3/2-),-61225.058,,1.74,chart,False,False,B-,B- = 100 
58,94,152,Ce,0,0.0,0+,-58980.0,,1.42,chart,False,False,B-,B- = 100 
58,95,153,Ce,0,0.0,,-54910.0,,0.865,chart,False,False,B-,"B- = 100 ,B-n?"
58,96,154,Ce,0,0.0,0+,-52220.0,,0.722,chart,False,False,B-,"B- = 100 ,B-n?"
58,97,155,Ce,0,0.0,,-47780.0,,0.313,chart,False,False,B-,"B- = 100 ,B-n?"
58,98,156,Ce,0,0.0,0+,-44820.0,,0.233,chart,False,False,B-,"B- = 100 ,B-n?"
58,99,157,Ce,0,0.0,,-39930.0,,0.175,chart,False,False,B-,"B- = 100 ,B-n?"
58,100,158,Ce,0,0.0,0+,-36540.0,,0.099,chart,False,False,B-,"B- = 100 ,B-n?"
59,62,121,Pr,0,0.0,(3/2),-41551.0,,0.01,chart,False,False,OTHER,p ~ 100 
59,65,124,Pr,0,0.0,,-53151.0,,1.2,chart,False,False,EC_BP,"ECp = 0 ,EC+B+ = 100 "
59,66,125,Pr,0,0.0,(3/2+),-58070.0,,3.3,chart,False,False,EC_BP,"ECp?,EC+B+ = 100 "
59,67,126,Pr,0,0.0,"(4),(5),(6)",-60324.0,,3.12,chart,False,False,EC_BP,"ECp?,EC+B+ = 100 "
59,68,127,Pr,0,0.0,,-64543.0,,4.2,chart,False,False,EC_BP,"ECp?,EC+B+ = 100 "
59,69,128,Pr,0,0.0,(3+),-66330.764,,2.8,chart,False,False,EC_BP,"ECp = 0 ,EC+B+ = 100 "
59,70,129,Pr,0,0.0,(3/2+),-69773.566,,31.0,chart,False,False,EC_BP,EC+B+ = 100 
59,71,130,Pr,0,0.0,"(5),(6),(7)",-71175.464,,40.0,chart,False,False,EC_BP,EC+B+ = 100
59,71,130,Pr,1,0.0,"(1),(2),(3)",-71175.464,,,none,False,False,EC_BP,EC+B+?
59,72,131,Pr,0,0.0,(3/2+),-74300.664,,89.4,chart,False,False,EC_BP,EC+B+ = 100 
59,72,131,Pr,1,152.4,(11/2-),-74148.26400000001,,5.7,wallet,False,False,IT,"IT = 96.4 1.2,EC+B+ = 3.6 1.2"
59,73,132,Pr,0,0.0,(2)+,-75227.464,,96.0,chart,False,False,EC_BP,EC+B+ = 100 
59,74,133,Pr,0,0.0,(5/2+),-77937.591,,390.0,chart,False,False,EC_BP,EC+B+ = 100 
59,74,133,Pr,1,192.12,(11/2-),-77745.471,,1.1,wallet,False,False,IT,IT = 100 
59,75,134,Pr,0,0.0,2-,-78528.0,,1020.0,chart,False,False,EC_BP,EC+B+ = 100 
59,75,134,Pr,1,67.7,(6-),-78460.3,,660.0,wallet,False,False,EC_BP,EC+B+ = 100 
59,76,135,Pr,0,0.0,3/2(+),-80935.872,,1524.0,chart,False,False,EC_BP,EC+B+ = 100 
59,77,136,Pr,0,0.0,2+,-81340.421,,786.0,chart,False,False,EC_BP,EC+B+ = 100 
59,78,137,Pr,0,0.0,5/2+,-83201.814,,4608.0,chart,False,False,EC_BP,EC+B+ = 100 
59,79,138,Pr,0,0.0,1+,-83128.867,,87.0,chart,False,False,EC_BP,EC+B+ = 100 
59,79,138,Pr,1,364.0,7-,-82764.867,,7307.999999999999,wallet,False,False,EC_BP,EC+B+ = 100 
59,80,139,Pr,0,0.0,5/2+,-84828.652,,15876.0,chart,False,False,EC_BP,EC+B+ = 100 
59,81,140,Pr,0,0.0,1+,-84686.227,,203.4,chart,False,False,EC_BP,EC+B+ = 100 
59,82,141,Pr,0,0.0,5/2+,-86014.533,100.0,,none,True,False,STABLE,
59,83,142,Pr,0,0.0,2-,-83786.367,,68832.0,chart,False,False,B-,"B- = 99.9836 0.0008,EC = 0.0164 0.0008"
59,83,142,Pr,1,3.694,5-,-83782.673,,876.0,wallet,False,False,IT,IT = 100 
59,84,143,Pr,0,0.0,7/2+,-83068.2,,1172448.0,chart,False,False,B-,B- = 100 
59,85,144,Pr,0,0.0,0-,-80750.588,,1036.8000000000002,chart,False,False,B-,B- = 100
59,85,144,Pr,1,59.03,3-,-80691.558,,432.0,wallet,False,False,IT,"B- ~ 0.07 ,IT ~ 99.93 "
59,86,145,Pr,0,0.0,7/2+,-79625.99,,21535.2,chart,False,False,B-,B- = 100 
59,87,146,Pr,0,0.0,(2-),-76673.486,,1445.4,chart,False,False,B-,B- = 100 
59,88,147,Pr,0,0.0,(3/2+),-75444.093,,801.0,chart,False,False,B-,B- = 100 
59,89,148,Pr,0,0.0,1-,-72535.452,,137.4,chart,False,False,B-,B- = 100 
59,89,148,Pr,1,76.8,4-,-72458.652,,120.6,wallet,False,False,B-,"B- = 64 10,IT = 36 10"
59,90,149,Pr,0,0.0,(5/2+),-71039.373,,135.6,chart,False,False,B-,B- = 100 
59,91,150,Pr,0,0.0,(1-),-68300.509,,6.19,chart,False,False,B-,B- = 100 
59,92,151,Pr,0,0.0,(3/2-),-66779.681,,18.9,chart,False,False,B-,B- = 100 
59,93,152,Pr,0,0.0,(4+),-63758.07,,3.57,chart,False,False,B-,B- = 100 
59,94,153,Pr,0,0.0,(3/2-),-61568.49,,4.29,chart,False,False,B-,"B- = 100 ,B-n?"
59,95,154,Pr,0,0.0,(3+),-57859.602,,2.3,chart,False,False,B-,"B- = 100 ,B-n?"
59,96,155,Pr,0,0.0,,-55415.335,,1.47,chart,False,False,B-,"B- = 100 ,B-n?"
59,97,156,Pr,0,0.0,,-51449.307,,0.444,chart,False,False,B-,"B- = 100 ,B-n?"
59,98,157,Pr,0,0.0,,-48434.806,,0.295,chart,False,False,B-,"B- = 100 ,B-n?"
59,99,158,Pr,0,0.0,,-44150.0,,0.181,chart,False,False,B-,"B- = 100 ,B-n?"
59,100,159,Pr,0,0.0,,-40770.0,,0.134,chart,False,False,B-,"B- = 100 ,B-n?"
59,101,160,Pr,0,0.0,,-36200.0,,0.17,chart,False,False,B-,"B-n?,B-2n?,B- = 100 "
59,102,161,Pr,0,0.0,,-32490.0,,,none,False,False,B-,"B-n?,B-2n?,B- = 100"
60,65,125,Nd,0,0.0,(5/2),-48070.0,,0.65,chart,False,False,EC_BP,"ECp = 0 ,EC+B+ = 100 "
60,66,126,Nd,0,0.0,0+,-53380.0,,,none,False,False,EC_BP,"ECp?,EC+B+ = 100"
60,67,127,Nd,0,0.0,,-55910.0,,1.8,chart,False,False,EC_BP,"ECp?,EC+B+ = 100 "
60,68,128,Nd,0,0.0,0+,-60530.0,,4.0,chart,False,False,EC_BP,"ECp?,EC+B+ = 100 "
60,69,129,Nd,0,0.0,,-62375.0,,6.7,chart,False,False,EC_BP,"ECp = 0 ,EC+B+ = 100 "
60,69,129,Nd,1,0.0,,-62375.0,,2.6,wallet,False,False,EC_BP,"EC+B+?,IT?,ECp?"
60,70,130,Nd,0,0.0,0+,-66596.239,,21.0,chart,False,False,EC_BP,EC+B+ = 100
60,71,131,Nd,0,0.0,(5/2+),-67768.04,,25.4,chart,False,False,EC_BP,"ECp = 0 ,EC+B+ = 100 "
60,72,132,Nd,0,0.0,0+,-71425.815,,94.0,chart,False,False,EC_BP,EC+B+ = 100 
60,73,133,Nd,0,0.0,(7/2+),-72332.38,,70.0,chart,False,False,EC_BP,EC+B+ = 100 
60,73,133,Nd,1,127.97,(1/2+),-72204.41,,70.0,wallet,False,False,IT,"IT?,EC+B+?"
60,74,134,Nd,0,0.0,0+,-75646.443,,510.0,chart,False,False,EC_BP,EC+B+ = 100 
60,75,135,Nd,0,0.0,9/2-,-76213.62,,744.0,chart,False,False,EC_BP,EC+B+ = 100 
60,75,135,Nd,1,64.95,(1/2+),-76148.67,,330.0,wallet,False,False,EC_BP,"IT?,EC+B+ ~ 100 "
60,76,136,Nd,0,0.0,0+,-79199.297,,3039.0,chart,False,False,EC_BP,EC+B+ = 100 
60,77,137,Nd,0,0.0,1/2+,-79583.969,,2310.0,chart,False,False,EC_BP,EC+B+ = 100 
60,77,137,Nd,1,519.43,11/2-,-79064.539,,1.6,wallet,False,False,IT,IT = 100 
60,78,138,Nd,0,0.0,0+,-82017.182,,18396.0,chart,False,False,EC_BP,EC+B+ = 100 
60,79,139,Nd,0,0.0,3/2+,-82016.93,,1782.0,chart,False,False,EC_BP,EC+B+ = 100 
60,79,139,Nd,1,231.16,11/2-,-81785.76999999999,,19800.0,wallet,False,False,EC_BP,"IT = 13 1,EC+B+ = 87 1"
60,80,140,Nd,0,0.0,0+,-84257.246,,291168.0,chart,False,False,EC_BP,EC = 100 
60,81,141,Nd,0,0.0,3/2+,-84191.52,,8964.0,chart,False,False,EC_BP,EC+B+ = 100 
60,81,141,Nd,1,756.51,11/2-,-83435.01000000001,,62.0,wallet,False,False,IT,"IT = 99.95,EC+B+ = 0.05 "
60,82,142,Nd,0,0.0,0+,-85950.055,27.153,,none,True,False,STABLE,
60,83,143,Nd,0,0.0,7/2-,-84002.31,12.173,,none,True,False,STABLE,
60,84,144,Nd,0,0.0,0+,-83748.028,23.798,7.218801e+22,chart,False,False,ALPHA,a = 100
60,85,145,Nd,0,0.0,7/2-,-81432.004,8.293,,none,True,False,STABLE,
60,86,146,Nd,0,0.0,0+,-80925.916,17.189,,none,True,False,STABLE,
60,87,147,Nd,0,0.0,5/2-,-78146.794,,960768.0,chart,False,False,B-,B- = 100 
60,88,148,Nd,0,0.0,0+,-77408.066,5.756,,none,True,False,STABLE,
60,89,149,Nd,0,0.0,5/2-,-74375.535,,6220.8,chart,False,False,B-,B- = 100 
60,90,150,Nd,0,0.0,0+,-73679.951,5.638,2.9348568e+26,chart,False,False,OTHER,2B- = 100
60,91,151,Nd,0,0.0,3/2+,-70943.183,,746.4,chart,False,False,B-,B- = 100 
60,92,152,Nd,0,0.0,0+,-70149.663,,684.0,chart,False,False,B-,B- = 100 
60,93,153,Nd,0,0.0,(3/2)-,-67330.38,,31.6,chart,False,False,B-,B- = 100 
60,94,154,Nd,0,0.0,0+,-65579.602,,25.9,chart,False,False,B-,B- = 100 
60,95,155,Nd,0,0.0,(3/2-),-62283.796,,8.9,chart,False,False,B-,B- = 100 
60,96,156,Nd,0,0.0,0+,-60202.13,,5.27,chart,False,False,B-,B- = 100 
60,97,157,Nd,0,0.0,(5/2-),-56494.117,,1.16,chart,False,False,B-,B- = 100 
60,98,158,Nd,0,0.0,0+,-53835.123,,0.8200000000000001,chart,False,False,B-,"B- = 100 ,B-n?"
60,99,159,Nd,0,0.0,,-49724.007,,0.485,chart,False,False,B-,"B- = 100 ,B-n?"
60,100,160,Nd,0,0.0,0+,-46724.515,,0.439,chart,False,False,B-,"B- = 100 ,B-n?"
60,101,161,Nd,0,0.0,,-42230.0,,0.215,chart,False,False,B-,"B- = 100 ,B-n?"
60,102,162,Nd,0,0.0,0+,-39010.0,,0.31,chart,False,False,B-,"B- = 100 ,B-n?"
60,103,163,Nd,0,0.0,,-34080.0,,,none,False,False,B-,"B- = 100,B-n?"
61,67,128,Pm,0,0.0,"(5),(6),(7)",-48220.0,,1.0,chart,False,False,EC_BP,"ECp?,EC+B+ ~ 100 "
61,68,129,Pm,0,0.0,(5/2-),-53180.0,,2.4,chart,False,False,EC_BP,"p?,EC+B+ ~ 100 ,ECp?"
61,69,130,Pm,0,0.0,"(4),(5),(6)",-55470.0,,2.6,chart,False,False,EC_BP,"ECp?,EC+B+ = 100"
61,70,131,Pm,0,0.0,(11/2-),-59770.0,,6.3,chart,False,False,EC_BP,EC+B+ = 100 
61,71,132,Pm,0,0.0,(3+),-61628.0,,6.9,chart,False,False,EC_BP,"ECp ~ 0.00005 ,EC+B+ = 100"
61,72,133,Pm,0,0.0,(3/2+),-65407.653,,14.0,chart,False,False,EC_BP,EC+B+ = 100 
61,72,133,Pm,1,129.7,(11/2-),-65277.953,,8.8,wallet,False,False,IT,"IT?,EC+B+?"
61,73,134,Pm,0,0.0,(2+),-66763.908,,5.0,chart,False,False,EC_BP,EC+B+ = 100 
61,73,134,Pm,1,0.0,(5+),-66763.908,,24.0,wallet,False,False,EC_BP,EC+B+ = 100 
61,74,135,Pm,0,0.0,"(3/2+),(5/2+)",-70062.329,,49.0,chart,False,False,EC_BP,EC+B+ = 100 
61,74,135,Pm,1,0.0,(11/2-),-70062.329,,45.0,wallet,False,False,EC_BP,EC+B+ = 100 
61,75,136,Pm,0,0.0,(5),-71169.923,,107.0,chart,False,False,EC_BP,EC+B+ = 100 
61,75,136,Pm,1,280.0,(2),-70889.923,,300.0,wallet,False,False,EC_BP,EC+B+ = 100
61,76,137,Pm,0,0.0,,-74072.858,,144.0,chart,False,False,EC_BP,EC+B+ = 100 
61,76,137,Pm,1,160.0,(11/2-),-73912.858,,144.0,wallet,False,False,EC_BP,EC+B+ = 100
61,77,138,Pm,0,0.0,(5-),-74914.37,,195.0,chart,False,False,EC_BP,EC+B+ = 100 
61,78,139,Pm,0,0.0,(5/2)+,-77501.028,,248.4,chart,False,False,EC_BP,EC+B+ = 100 
61,78,139,Pm,1,188.7,(11/2)-,-77312.32800000001,,0.18,wallet,False,False,IT,IT ~ 100 
61,79,140,Pm,0,0.0,1+,-78212.046,,9.2,chart,False,False,EC_BP,EC+B+ = 100 
61,79,140,Pm,1,431.0,8-,-77781.046,,350.4,wallet,False,False,EC_BP,EC+B+ = 100 
61,80,141,Pm,0,0.0,5/2+,-80522.932,,1254.0,chart,False,False,EC_BP,EC+B+ = 100 
61,81,142,Pm,0,0.0,1+,-81141.536,,40.5,chart,False,False,EC_BP,EC+B+ = 100 
61,82,143,Pm,0,0.0,5/2+,-82960.664,,22896000.0,chart,False,False,EC_BP,EC+B+ = 100 
61,83,144,Pm,0,0.0,5-,-81416.116,,31363200.0,chart,False,False,EC_BP,EC = 100
61,84,145,Pm,0,0.0,5/2+,-81267.506,,558569520.0,chart,False,False,EC_BP,"a = 2.8e-7,EC = 100"
61,85,146,Pm,0,0.0,3-,-79454.36,,174513528.0,chart,False,False,EC_BP,"B- = 34.3 1.5,EC = 65.7 1.5"
61,86,147,Pm,0,0.0,7/2+,-79041.984,,82789470.144,chart,False,False,B-,B- = 100 
61,87,148,Pm,0,0.0,1-,-76865.877,,463795.2,chart,False,False,B-,B- = 100 
61,87,148,Pm,1,137.9,"5-,6-",-76727.977,,3567456.0,wallet,False,False,B-,"B- = 95.8 0.6,IT = 4.2 0.6"
61,88,149,Pm,0,0.0,7/2+,-76064.404,,191088.0,chart,False,False,B-,B- = 100 
61,89,150,Pm,0,0.0,(1-),-73597.336,,9712.8,chart,False,False,B-,B- = 100 
61,90,151,Pm,0,0.0,5/2+,-73386.26,,102240.0,chart,False,False,B-,B- = 100 
61,91,152,Pm,0,0.0,1+,-71254.468,,246.0,chart,False,False,B-,B- = 100 
61,91,152,Pm,1,150.0,4-,-71104.468,,451.2,wallet,False,False,B-,B- = 100 
61,91,152,Pm,2,0.0,(8),-71254.468,,900.0,wallet,False,False,B-,"B- = 100 ,IT = 0 "
61,92,153,Pm,0,0.0,5/2-,-70648.003,,315.0,chart,False,False,B-,B- = 100 
61,93,154,Pm,0,0.0,"(3),(4)",-68266.602,,160.8,chart,False,False,B-,B- = 100 
61,93,154,Pm,1,198.0,"(0-),(1-)",-68068.602,,102.0,wallet,False,False,B-,B- = 100 
61,94,155,Pm,0,0.0,5/2-,-66940.006,,41.5,chart,False,False,B-,B- = 100 
61,95,156,Pm,0,0.0,4(+),-64166.847,,27.8,chart,False,False,B-,B- = 100 
61,95,156,Pm,1,150.3,1(+),-64016.547,,5.0,wallet,False,False,IT,"B- ~ 2 ,IT ~ 98 "
61,96,157,Pm,0,0.0,(5/2-),-62297.116,,10.56,chart,False,False,B-,B- = 100 
61,97,158,Pm,0,0.0,,-59106.143,,4.8,chart,False,False,B-,B- = 100 
61,98,159,Pm,0,0.0,,-56554.351,,1.634,chart,False,False,B-,"B- = 100 ,B-n = 0.6 "
61,99,160,Pm,0,0.0,,-52894.639,,0.725,chart,False,False,B-,"B- = 100 ,B-n = 0.1 "
61,99,160,Pm,1,191.0,,-52703.639,,0.7000000000000001,wallet,False,False,B-,"B-?,IT?"
61,100,161,Pm,0,0.0,(5/2-),-50086.589,,0.73,chart,False,False,B-,"B- = 100 ,B-n = 1.09 0.11"
61,101,162,Pm,0,0.0,,-46040.0,,0.474,chart,False,False,B-,"B- = 100 ,B-n = 1.79 0.19"
61,102,163,Pm,0,0.0,,-42960.0,,0.363,chart,False,False,B-,"B- = 100 ,B-n = 5 0.74"
61,103,164,Pm,0,0.0,,-38360.0,,0.28,chart,False,False,B-,"B- = 100,B-n = 6.2 1.8"
61,104,165,Pm,0,0.0,,-34670.0,,0.297,chart,False,False,B-,"B- = 100,B-n = 13.3 6.2"
61,105,166,Pm,0,0.0,,,,0.228,wallet,False,False,B-,"B-n = 52 ,B-2n?,B- = 100"
62,67,129,Sm,0,0.0,"(1/2+),(3/2+)",-42330.0,,0.55,chart,False,False,EC_BP,"ECp = 0 ,EC+B+ = 100 "
62,68,130,Sm,0,0.0,0+,-47700.0,,,none,False,False,EC_BP,EC+B+?
62,69,131,Sm,0,0.0,,-50280.0,,1.2,chart,False,False,EC_BP,"ECp = 0 ,EC+B+ = 100 "
62,70,132,Sm,0,0.0,0+,-55140.0,,4.0,chart,False,False,EC_BP,"ECp?,EC+B+ = 100 "
62,71,133,Sm,0,0.0,(5/2+),-57231.0,,2.9,chart,False,False,EC_BP,"ECp = 0 ,EC+B+ = 100 "
62,71,133,Sm,1,0.0,(1/2-),-57231.0,,3.4,wallet,False,False,EC_BP,"EC+B+?,IT?,ECp?"
62,72,134,Sm,0,0.0,0+,-61376.0,,9.5,chart,False,False,EC_BP,EC+B+ = 100 
62,73,135,Sm,0,0.0,"(3/2+),(5/2+)",-62857.222,,10.3,chart,False,False,EC_BP,"ECp = 0.02 0.01,EC+B+ = 100 "
62,74,136,Sm,0,0.0,0+,-66810.899,,45.0,chart,False,False,EC_BP,EC+B+ = 100 
62,75,137,Sm,0,0.0,(9/2-),-67991.655,,45.0,chart,False,False,EC_BP,EC+B+ = 100 
62,76,138,Sm,0,0.0,0+,-71497.772,,186.0,chart,False,False,EC_BP,EC+B+ = 100 
62,77,139,Sm,0,0.0,1/2+,-72380.229,,154.2,chart,False,False,EC_BP,EC+B+ = 100 
62,77,139,Sm,1,457.38,11/2-,-71922.849,,10.7,wallet,False,False,IT,"IT = 93.7 0.5,EC+B+ = 6.3 0.5"
62,78,140,Sm,0,0.0,0+,-75455.945,,886.8,chart,False,False,EC_BP,EC+B+ = 100 
62,79,141,Sm,0,0.0,1/2+,-75933.959,,624.0,chart,False,False,EC_BP,EC+B+ = 100 
62,79,141,Sm,1,175.9,11/2-,-75758.05900000001,,1356.0,wallet,False,False,EC_BP,"IT = 0.31 0.03,EC+B+ = 99.69 0.03"
62,80,142,Sm,0,0.0,0+,-78981.93,,4348.8,chart,False,False,EC_BP,EC+B+ = 100 
62,81,143,Sm,0,0.0,3/2+,-79517.135,,529.8,chart,False,False,EC_BP,EC+B+ = 100 
62,81,143,Sm,1,753.99,11/2-,-78763.14499999999,,66.0,wallet,False,False,IT,"IT = 99.76 0.05,EC+B+ = 0.24 0.05"
62,82,144,Sm,0,0.0,0+,-81965.626,3.08,,none,True,False,STABLE,
62,83,145,Sm,0,0.0,7/2-,-80651.407,,29376000.0,chart,False,False,EC_BP,EC = 100 
62,84,146,Sm,0,0.0,0+,-80996.36,,2145916800000000.0,chart,False,False,ALPHA,a = 100
62,85,147,Sm,0,0.0,7/2-,-79266.048,15.0,3.3703408845552886e+18,chart,False,False,ALPHA,a = 100
62,86,148,Sm,0,0.0,0+,-79336.067,,2.159204210526316e+23,chart,False,False,ALPHA,a = 100
62,87,149,Sm,0,0.0,7/2-,-77135.898,13.82,,none,True,False,STABLE,
62,88,150,Sm,0,0.0,0+,-77051.336,7.37,,none,True,False,STABLE,
62,89,151,Sm,0,0.0,5/2-,-74576.48,,2985348960.0,chart,False,False,B-,B- = 100 
62,90,152,Sm,0,0.0,0+,-74762.977,26.74,,none,True,False,STABLE,
62,91,153,Sm,0,0.0,3/2+,-72560.059,,166618.80000000002,chart,False,False,B-,B- = 100 
62,92,154,Sm,0,0.0,0+,-72455.564,22.74,,none,True,False,STABLE,
62,93,155,Sm,0,0.0,3/2-,-70191.206,,1330.9199999999998,chart,False,False,B-,B- = 100 
62,94,156,Sm,0,0.0,0+,-69360.735,,33840.0,chart,False,False,B-,B- = 100 
62,95,157,Sm,0,0.0,(3/2-),-66677.654,,482.4,chart,False,False,B-,B- = 100 
62,96,158,Sm,0,0.0,0+,-65251.849,,319.20000000000005,chart,False,False,B-,B- = 100 
62,97,159,Sm,0,0.0,5/2-,-62207.849,,11.37,chart,False,False,B-,B- = 100 
62,98,160,Sm,0,0.0,0+,-60233.172,,9.6,chart,False,False,B-,B- = 100 
62,99,161,Sm,0,0.0,(7/2+),-56672.043,,4.63,chart,False,False,B-,B- = 100 
62,100,162,Sm,0,0.0,0+,-54379.053,,3.09,chart,False,False,B-,B- = 100 
62,101,163,Sm,0,0.0,,-50599.612,,1.67,chart,False,False,B-,"B- = 100 ,B-n = 0.1 "
62,102,164,Sm,0,0.0,0+,-47925.314,,1.42,chart,False,False,B-,"B- = 100 ,B-n = 0.7 "
62,103,165,Sm,0,0.0,,-43510.0,,0.614,chart,False,False,B-,"B- = 100 ,B-n = 1.36 0.4"
62,104,166,Sm,0,0.0,0+,-40450.0,,0.399,chart,False,False,B-,"B- = 100 ,B-n = 4.4 1.4"
62,105,167,Sm,0,0.0,,-35330.0,,0.334,chart,False,False,B-,"B- = 100,B-n = 16 "
62,106,168,Sm,0,0.0,0+,-31640.0,,0.353,chart,False,False,B-,"B- = 100,B-n = 21 "
63,67,130,Eu,0,0.0,(1+),-33513.0,,0.0009,chart,False,False,OTHER,p ~ 100 
63,68,131,Eu,0,0.0,3/2+,-39464.0,,0.0178,chart,False,False,OTHER,"p = 0 ,EC+B+?"
63,69,132,Eu,0,0.0,,-42200.0,,,none,False,False,EC_BP,"ECp?,EC+B+?"
63,71,134,Eu,0,0.0,,-49800.0,,0.5,chart,False,False,EC_BP,"ECp = 0 ,EC+B+ = 100 "
63,72,135,Eu,0,0.0,,-54148.0,,1.5,chart,False,False,EC_BP,"ECp?,EC+B+ = 100 "
63,73,136,Eu,0,0.0,(7+),-56244.0,,3.3,chart,False,False,EC_BP,"ECp ~ 0.09 ,EC+B+ = 100 "
63,73,136,Eu,1,0.0,(3+),-56244.0,,3.8,wallet,False,False,EC_BP,"ECp ~ 0.09 ,EC+B+ = 100"
63,74,137,Eu,0,0.0,(11/2-),-60145.904,,11.0,chart,False,False,EC_BP,EC+B+ = 100 
63,75,138,Eu,0,0.0,(6-),-61749.676,,12.1,chart,False,False,EC_BP,EC+B+ = 100 
63,76,139,Eu,0,0.0,(11/2)-,-65398.051,,17.9,chart,False,False,EC_BP,EC+B+ = 100 
63,77,140,Eu,0,0.0,1+,-66985.945,,1.51,chart,False,False,EC_BP,EC+B+ = 100 
63,77,140,Eu,1,210.0,(5-),-66775.945,,0.125,wallet,False,False,IT,"IT = 99 ,EC+B+ = 1 "
63,78,141,Eu,0,0.0,5/2+,-69925.647,,40.7,chart,False,False,EC_BP,EC+B+ = 100 
63,78,141,Eu,1,96.45,11/2-,-69829.197,,3.0,wallet,False,False,IT,"IT = 87 +2-4,EC+B+ = 13 +4-2"
63,79,142,Eu,0,0.0,1+,-71308.93,,2.36,chart,False,False,EC_BP,EC+B+ = 100 
63,79,142,Eu,1,520.0,8-,-70788.93,,73.38000000000001,wallet,False,False,EC_BP,EC+B+ = 100 
63,80,143,Eu,0,0.0,5/2+,-74241.311,,156.0,chart,False,False,EC_BP,EC+B+ = 100 
63,81,144,Eu,0,0.0,1+,-75619.175,,10.2,chart,False,False,EC_BP,EC+B+ = 100
63,82,145,Eu,0,0.0,5/2+,-77991.524,,512352.0,chart,False,False,EC_BP,EC+B+ = 100 
63,83,146,Eu,0,0.0,4-,-77117.603,,398304.0,chart,False,False,EC_BP,EC+B+ = 100 
63,84,147,Eu,0,0.0,5/2+,-77544.611,,2082240.0,chart,False,False,EC_BP,"a = 0.0022 0.0006,EC = 99.9978 0.0006"
63,85,148,Eu,0,0.0,5-,-76297.482,,4700160.0,chart,False,False,EC_BP,"a = 9.4e-7 2.8e-7,EC+B+ = 100 "
63,86,149,Eu,0,0.0,5/2+,-76441.317,,8043839.999999999,chart,False,False,EC_BP,EC = 100 
63,87,150,Eu,0,0.0,5-,-74792.369,,1155008160.0,chart,False,False,EC_BP,EC+B+ = 100 
63,87,150,Eu,1,41.7,0-,-74750.66900000001,,46080.0,wallet,False,False,B-,"B- = 89 2,EC+B+ = 11 2"
63,88,151,Eu,0,0.0,5/2+,-74653.098,47.81,1.4516496e+26,chart,False,False,ALPHA,a = 100
63,89,152,Eu,0,0.0,3-,-72888.5,,426564079.2,chart,False,False,EC_BP,"B- = 27.92 0.13,EC+B+ = 72.08 0.13"
63,89,152,Eu,1,45.5998,0-,-72842.9002,,33521.76,wallet,False,False,B-,"B- = 73 3,EC+B+ = 27 3"
63,89,152,Eu,2,147.86,8-,-72740.64,,5748.0,wallet,False,False,IT,IT = 100 
63,90,153,Eu,0,0.0,5/2+,-73367.466,52.19,,none,True,False,STABLE,
63,91,154,Eu,0,0.0,3-,-71738.367,,271111341.6,chart,False,False,B-,"B- = 99.982 0.012,EC+B+ = 0.018 0.012"
63,91,154,Eu,1,145.3,8-,-71593.067,,2778.0,wallet,False,False,IT,IT = 100 
63,92,155,Eu,0,0.0,5/2+,-71818.337,,149646139.2,chart,False,False,B-,B- = 100 
63,93,156,Eu,0,0.0,0+,-70082.844,,1309824.0,chart,False,False,B-,B- = 100 
63,94,157,Eu,0,0.0,5/2+,-69459.134,,54648.0,chart,False,False,B-,B- = 100 
63,95,158,Eu,0,0.0,(1-),-67270.461,,2754.0,chart,False,False,B-,B- = 100 
63,96,159,Eu,0,0.0,5/2+,-66043.386,,1086.0,chart,False,False,B-,B- = 100 
63,97,160,Eu,0,0.0,(5-),-63493.449,,42.6,chart,False,False,B-,B- = 100 
63,97,160,Eu,1,93.0,(1-),-63400.449,,30.8,wallet,False,False,B-,B- = 100
63,98,161,Eu,0,0.0,(5/2+),-61791.601,,26.0,chart,False,False,B-,B- = 100 
63,99,162,Eu,0,0.0,(1+),-58722.944,,11.7,chart,False,False,B-,B- = 100 
63,99,162,Eu,1,159.8,(6+),-58563.144,,12.0,wallet,False,False,B-,B- = 100
63,100,163,Eu,0,0.0,,-56573.819,,7.7,chart,False,False,B-,B- = 100 
63,101,164,Eu,0,0.0,(3-),-53232.146,,4.08,chart,False,False,B-,B- = 100 
63,102,165,Eu,0,0.0,,-50729.103,,2.25,chart,False,False,B-,"B- = 100 ,B-n = 0.4 "
63,103,166,Eu,0,0.0,,-46749.0,,1.29,chart,False,False,B-,"B- = 100 ,B-n = 0.63 0.17"
63,104,167,Eu,0,0.0,,-43770.0,,0.862,chart,False,False,B-,"B- = 100 ,B-n = 1.95 0.38"
63,105,168,Eu,0,0.0,,-39250.0,,0.44,chart,False,False,B-,"B- = 100 ,B-n = 3.95 0.83"
63,106,169,Eu,0,0.0,,-35660.0,,0.389,chart,False,False,B-,"B- = 100,B-n = 14.6 +5.8-5.1"
63,107,170,Eu,0,0.0,,-30860.0,,0.197,chart,False,False,B-,"B- = 100,B-n = 24 "
64,70,134,Gd,0,0.0,0+,-41530.0,,,none,False,False,EC_BP,"ECp?,EC+B+?"
64,71,135,Gd,0,0.0,(5/2+),-44250.0,,1.1,chart,False,False,EC_BP,"ECp ~ 2 ,EC+B+ = 100 "
64,72,136,Gd,0,0.0,0+,-49090.0,,,none,False,False,EC_BP,"ECp?,EC+B+?"
64,73,137,Gd,0,0.0,(7/2),-51214.0,,2.2,chart,False,False,EC_BP,"ECp ~ 2 ,EC+B+ = 100 "
64,74,138,Gd,0,0.0,0+,-55660.0,,4.7,chart,False,False,EC_BP,"ECp?,EC+B+ = 100 "
64,75,139,Gd,0,0.0,(9/2-),-57632.0,,5.6,chart,False,False,EC_BP,"ECp = 0 ,EC+B+ = 100 "
64,75,139,Gd,1,250.0,(1/2+),-57382.0,,4.8,wallet,False,False,EC_BP,"ECp = 0 ,EC+B+ = 100 "
64,76,140,Gd,0,0.0,0+,-61782.278,,15.8,chart,False,False,EC_BP,EC+B+ = 100
64,77,141,Gd,0,0.0,1/2+,-63224.231,,17.0,chart,False,False,EC_BP,"ECp = 0.03 0.01,EC+B+ = 100 "
64,77,141,Gd,1,377.76,11/2-,-62846.471,,24.4,wallet,False,False,EC_BP,"IT = 11 2,EC+B+ = 89 2"
64,78,142,Gd,0,0.0,0+,-66959.522,,70.2,chart,False,False,EC_BP,EC+B+ = 100
64,79,143,Gd,0,0.0,(1/2)+,-68231.311,,39.0,chart,False,False,EC_BP,EC+B+ = 100 
64,79,143,Gd,1,152.6,11/2-,-68078.711,,110.0,wallet,False,False,EC_BP,EC+B+ = 100 
64,80,144,Gd,0,0.0,0+,-71759.511,,268.8,chart,False,False,EC_BP,EC+B+ = 100
64,81,145,Gd,0,0.0,1/2+,-72926.626,,1392.0,chart,False,False,EC_BP,EC+B+ = 100 
64,81,145,Gd,1,749.1,11/2-,-72177.526,,85.0,wallet,False,False,IT,"IT = 94.3 0.5,EC+B+ = 5.7 0.5"
64,82,146,Gd,0,0.0,0+,-76085.823,,4170528.000000001,chart,False,False,EC_BP,EC+B+ = 100 
64,83,147,Gd,0,0.0,7/2-,-75356.928,,137016.0,chart,False,False,EC_BP,EC+B+ = 100 
64,84,148,Gd,0,0.0,0+,-76269.419,,2742355440.0,chart,False,False,ALPHA,a = 100
64,85,149,Gd,0,0.0,7/2-,-75127.173,,801792.0,chart,False,False,EC_BP,"a = 0.00042 0.00009,EC+B+ = 100 "
64,86,150,Gd,0,0.0,0+,-75764.051,,56387119680000.0,chart,False,False,ALPHA,a = 100
64,87,151,Gd,0,0.0,7/2-,-74188.92,,10756800.0,chart,False,False,EC_BP,"a ~ 8e-7 ,EC = 100 "
64,88,152,Gd,0,0.0,0+,-74707.304,0.2,3.4082208e+21,chart,False,False,ALPHA,a = 100
64,89,153,Gd,0,0.0,3/2-,-72882.944,,20771424.0,chart,False,False,EC_BP,EC = 100 
64,90,154,Gd,0,0.0,0+,-73706.358,2.18,,none,True,False,STABLE,
64,91,155,Gd,0,0.0,3/2-,-72070.298,14.8,,none,True,False,STABLE,
64,92,156,Gd,0,0.0,0+,-72535.333,20.47,,none,True,False,STABLE,
64,93,157,Gd,0,0.0,3/2-,-70823.896,15.65,,none,True,False,STABLE,
64,94,158,Gd,0,0.0,0+,-70689.969,24.84,,none,True,False,STABLE,
64,95,159,Gd,0,0.0,3/2-,-68561.857,,66524.4,chart,False,False,B-,B- = 100 
64,96,160,Gd,0,0.0,0+,-67942.06,21.86,,none,True,False,STABLE,
64,97,161,Gd,0,0.0,5/2-,-65506.142,,219.6,chart,False,False,B-,B- = 100 
64,98,162,Gd,0,0.0,0+,-64280.72,,503.4,chart,False,False,B-,B- = 100 
64,99,163,Gd,0,0.0,(7/2+),-61388.591,,68.0,chart,False,False,B-,B- = 100 
64,99,163,Gd,1,137.8,(1/2-),-61250.791,,23.5,wallet,False,False,B-,"B-?,IT?"
64,100,164,Gd,0,0.0,0+,-59693.688,,45.0,chart,False,False,B-,B- = 100 
64,101,165,Gd,0,0.0,,-56525.782,,11.6,chart,False,False,B-,B- = 100 
64,102,166,Gd,0,0.0,0+,-54370.926,,5.0,chart,False,False,B-,B- = 100 
64,103,167,Gd,0,0.0,,-50775.732,,4.26,chart,False,False,B-,B- = 100 
64,104,168,Gd,0,0.0,0+,-48150.0,,3.02,chart,False,False,B-,B- = 100 
64,105,169,Gd,0,0.0,,-43890.0,,0.892,chart,False,False,B-,"B- = 100 ,B-n = 0.7 "
64,106,170,Gd,0,0.0,0+,-40850.0,,0.616,chart,False,False,B-,"B- = 100 ,B-n = 3 "
64,107,171,Gd,0,0.0,,-36210.0,,0.392,chart,False,False,B-,"B- = 100,B-n = 10 "
64,108,172,Gd,0,0.0,0+,-32970.0,,0.163,chart,False,False,B-,"B- = 100,B-n = 50 "
65,70,135,Tb,0,0.0,(7/2-),-33053.0,,0.00094,chart,False,False,OTHER,p ~ 100 
65,73,138,Tb,0,0.0,,-43600.0,,,none,False,False,EC_BP,"ECp?,EC+B+?"
65,74,139,Tb,0,0.0,,-48130.0,,1.6,chart,False,False,EC_BP,"ECp?,EC+B+ = 100"
65,75,140,Tb,0,0.0,(7+),-50482.278,,2.3,chart,False,False,EC_BP,"ECp = 0.26 0.13,EC+B+ = 100"
65,76,141,Tb,0,0.0,(5/2-),-54540.843,,3.5,chart,False,False,EC_BP,"ECp?,EC+B+ = 100 "
65,77,142,Tb,0,0.0,1+,-56559.522,,0.597,chart,False,False,EC_BP,"ECp = 0.0022 0.0011,EC+B+ = 100 "
65,77,142,Tb,1,279.7,5-,-56279.822,,0.303,wallet,False,False,IT,IT = 100 
65,78,143,Tb,0,0.0,(11/2-),-60419.192,,12.0,chart,False,False,EC_BP,EC+B+ = 100 
65,78,143,Tb,1,0.0,,-60419.192,,17.0,wallet,False,False,IT,"IT?,EC+B+?"
65,79,144,Tb,0,0.0,1+,-62368.188,,1.0,chart,False,False,EC_BP,EC+B+ = 100
65,79,144,Tb,1,396.9,(6-),-61971.288,,4.29,wallet,False,False,IT,"IT ~ 66 ,EC+B+ ~ 34 "
65,80,145,Tb,0,0.0,(11/2-),-66399.693,,30.9,chart,False,False,EC_BP,EC+B+ = 100
65,81,146,Tb,0,0.0,1+,-67763.644,,8.0,chart,False,False,EC_BP,EC+B+ = 100 
65,81,146,Tb,1,0.0,5-,-67763.644,,24.1,wallet,False,False,EC_BP,EC+B+ = 100 
65,82,147,Tb,0,0.0,(1/2+),-70742.674,,5904.0,chart,False,False,EC_BP,EC+B+ = 100 
65,82,147,Tb,1,50.6,(11/2-),-70692.074,,109.80000000000001,wallet,False,False,EC_BP,EC+B+ = 100 
65,83,148,Tb,0,0.0,2-,-70536.947,,3600.0,chart,False,False,EC_BP,EC+B+ = 100 
65,83,148,Tb,1,90.1,(9)+,-70446.847,,132.6,wallet,False,False,EC_BP,EC+B+ = 100 
65,84,149,Tb,0,0.0,1/2+,-71488.639,,14832.0,chart,False,False,EC_BP,"a = 16.7 1.7,EC+B+ = 83.3 1.7"
65,84,149,Tb,1,35.78,11/2-,-71452.859,,250.2,wallet,False,False,EC_BP,"a = 0.022 0.003,EC+B+ = 99.978 0.003"
65,85,150,Tb,0,0.0,(2)-,-71105.789,,12528.0,chart,False,False,EC_BP,EC+B+ = 100 
65,85,150,Tb,1,461.0,9+,-70644.789,,348.0,wallet,False,False,EC_BP,"IT?,EC+B+ ~ 100 "
65,86,151,Tb,0,0.0,1/2(+),-71623.541,,63392.40000000001,chart,False,False,EC_BP,"a = 0.0095 0.0015,EC+B+ = 99.9905 0.0015"
65,86,151,Tb,1,99.53,(11/2-),-71524.011,,25.0,wallet,False,False,IT,"IT = 93.4 2,EC+B+ = 6.6 2"
65,87,152,Tb,0,0.0,2-,-70717.304,,62928.0,chart,False,False,EC_BP,EC+B+ = 100 
65,87,152,Tb,1,501.74,8+,-70215.564,,245.99999999999997,wallet,False,False,IT,"IT = 78.9 0.6,EC+B+ = 21.1 0.6"
65,88,153,Tb,0,0.0,5/2+,-71313.61,,202176.0,chart,False,False,EC_BP,EC+B+ = 100 
65,89,154,Tb,0,0.0,0,-70156.707,,77400.0,chart,False,False,EC_BP,EC+B+ ~ 100 
65,89,154,Tb,1,12.0,3-,-70144.707,,35978.4,wallet,False,False,EC_BP,"IT = 21.8 0.7,EC+B+ = 78.2 0.7"
65,89,154,Tb,2,200.0,7-,-69956.707,,81720.0,wallet,False,False,EC_BP,"IT = 1.8 0.6,EC+B+ = 98.2 0.6"
65,90,155,Tb,0,0.0,3/2+,-71250.439,,459648.0,chart,False,False,EC_BP,EC = 100 
65,91,156,Tb,0,0.0,3-,-70091.01,,462240.0,chart,False,False,EC_BP,EC+B+ = 100 
65,91,156,Tb,1,88.4,(0+),-70002.61,,18720.0,wallet,False,False,IT,"IT = 100 ,EC+B+ = 0 "
65,91,156,Tb,2,0.0,(7-),-70091.01,,87840.0,wallet,False,False,IT,IT = 100 
65,92,157,Tb,0,0.0,3/2+,-70763.848,,2240589600.0,chart,False,False,EC_BP,EC = 100 
65,93,158,Tb,0,0.0,3-,-69470.883,,5680368000.0,chart,False,False,EC_BP,"B- = 16.6 0.7,EC+B+ = 83.4 0.7"
65,93,158,Tb,1,110.3,0-,-69360.583,,10.7,wallet,False,False,IT,"EC+B+ = 0.01 ,IT = 100 ,B- = 0.6 "
65,94,159,Tb,0,0.0,3/2+,-69532.582,100.0,,none,True,False,STABLE,
65,95,160,Tb,0,0.0,3-,-67836.474,,6246720.0,chart,False,False,B-,B- = 100 
65,96,161,Tb,0,0.0,3/2+,-67461.778,,601205.76,chart,False,False,B-,B- = 100 
65,97,162,Tb,0,0.0,1-,-65879.548,,456.0,chart,False,False,B-,B- = 100 
65,97,162,Tb,1,285.5,,-65594.048,,,none,False,False,B-,"B-?,IT?"
65,98,163,Tb,0,0.0,3/2+,-64595.754,,1170.0,chart,False,False,B-,B- = 100 
65,99,164,Tb,0,0.0,(5+),-62104.983,,180.0,chart,False,False,B-,B- = 100 
65,99,164,Tb,1,145.0,,-61959.983,,,none,False,False,B-,"B-?,IT?"
65,100,165,Tb,0,0.0,(3/2+),-60588.849,,126.6,chart,False,False,B-,B- = 100 
65,101,166,Tb,0,0.0,(1-),-57808.778,,27.1,chart,False,False,B-,B- = 100 
65,102,167,Tb,0,0.0,(3/2+),-55883.082,,18.9,chart,False,False,B-,B- = 100 
65,103,168,Tb,0,0.0,(4-),-52781.181,,9.4,chart,False,False,B-,B- = 100 
65,104,169,Tb,0,0.0,,-50480.0,,5.13,chart,False,False,B-,B- = 100 
65,105,170,Tb,0,0.0,,-46710.0,,0.96,chart,False,False,B-,"B- = 100,B-n?"
65,106,171,Tb,0,0.0,,-43770.0,,1.24,chart,False,False,B-,"B- = 100 ,B-n?"
65,107,172,Tb,0,0.0,,-39690.0,,0.76,chart,False,False,B-,"B- = 100 ,B-n?"
65,108,173,Tb,0,0.0,,-36510.0,,,none,False,False,B-,"B- = 100,B-n?"
65,109,174,Tb,0,0.0,,-31970.0,,,none,False,False,B-,"B- = 100,B-n?"
66,73,139,Dy,0,0.0,(7/2+),-37700.0,,0.6,chart,False,False,EC_BP,"ECp ~ 11 ,EC+B+ = 100 "
66,74,140,Dy,0,0.0,0+,-42830.0,,,none,False,False,EC_BP,"ECp?,EC+B+?"
66,75,141,Dy,0,0.0,(9/2-),-45382.0,,1.0,chart,False,False,EC_BP,"ECp?,EC+B+ = 100 "
66,76,142,Dy,0,0.0,0+,-50120.0,,2.3,chart,False,False,EC_BP,"ECp = 0.06 0.03,EC+B+ = 100"
66,77,143,Dy,0,0.0,(1/2+),-52168.949,,4.3,chart,False,False,EC_BP,"ECp?,EC+B+ = 100 "
66,77,143,Dy,1,310.7,(11/2-),-51858.249,,3.0,wallet,False,False,EC_BP,"ECp?,EC+B+ = 100 "
66,78,144,Dy,0,0.0,0+,-56570.091,,9.1,chart,False,False,EC_BP,"ECp?,EC+B+ = 100"
66,79,145,Dy,0,0.0,(1/2+),-58242.607,,9.5,chart,False,False,EC_BP,"ECp ~ 50 ,EC+B+ = 100"
66,79,145,Dy,1,118.2,(11/2-),-58124.40700000001,,14.3,wallet,False,False,EC_BP,"ECp ~ 50 ,EC+B+ = 100 "
66,80,146,Dy,0,0.0,0+,-62554.928,,33.2,chart,False,False,EC_BP,EC+B+ = 100 
66,80,146,Dy,1,2934.5,10+,-59620.428,,0.15,wallet,False,False,IT,IT = 100 
66,81,147,Dy,0,0.0,(1/2+),-64196.047,,67.0,chart,False,False,EC_BP,"ECp = 0.05,EC+B+ = 99.95"
66,81,147,Dy,1,750.5,(11/2-),-63445.547,,55.2,wallet,False,False,EC_BP,"IT = 31.1 2.3,EC+B+ = 68.9 2.3"
66,82,148,Dy,0,0.0,0+,-67859.397,,192.0,chart,False,False,EC_BP,EC+B+ = 100 
66,83,149,Dy,0,0.0,7/2-,-67693.99,,252.0,chart,False,False,EC_BP,EC+B+ = 100 
66,83,149,Dy,1,2661.1,(27/2-),-65032.89000000001,,0.49,wallet,False,False,IT,"IT = 99.3 0.3,EC+B+ = 0.7 0.3"
66,84,150,Dy,0,0.0,0+,-69309.618,,430.2,chart,False,False,EC_BP,"a = 37 4,EC+B+ = 63 4"
66,85,151,Dy,0,0.0,7/2(-),-68752.388,,1080.0,chart,False,False,EC_BP,"a = 5.6 0.4,EC+B+ = 94.4 0.4"
66,86,152,Dy,0,0.0,0+,-70117.963,,8568.0,chart,False,False,EC_BP,"a = 0.1 0.007,EC+B+ = 99.9 0.007"
66,87,153,Dy,0,0.0,7/2(-),-69143.197,,23112.0,chart,False,False,EC_BP,"a = 0.0094 0.0014,EC+B+ = 99.9906 0.0014"
66,88,154,Dy,0,0.0,0+,-70394.015,,86783400000000.0,chart,False,False,ALPHA,a = 100
66,89,155,Dy,0,0.0,3/2-,-69155.939,,35712.0,chart,False,False,EC_BP,EC+B+ = 100 
66,90,156,Dy,0,0.0,0+,-70529.386,0.056,,none,True,False,STABLE,
66,91,157,Dy,0,0.0,3/2-,-69424.669,,29304.000000000004,chart,False,False,EC_BP,EC+B+ = 100 
66,92,158,Dy,0,0.0,0+,-70407.152,0.095,,none,True,False,STABLE,
66,93,159,Dy,0,0.0,3/2-,-69167.22,,12553920.000000002,chart,False,False,EC_BP,EC = 100 
66,94,160,Dy,0,0.0,0+,-69672.425,2.329,,none,True,False,STABLE,
66,95,161,Dy,0,0.0,5/2+,-68055.494,18.889,,none,True,False,STABLE,
66,96,162,Dy,0,0.0,0+,-68181.169,25.475,,none,True,False,STABLE,
66,97,163,Dy,0,0.0,5/2-,-66380.858,24.896,,none,True,False,STABLE,
66,98,164,Dy,0,0.0,0+,-65967.649,28.26,,none,True,False,STABLE,
66,99,165,Dy,0,0.0,7/2+,-63612.289,,8391.6,chart,False,False,B-,B- = 100 
66,99,165,Dy,1,108.1552,1/2-,-63504.1338,,75.48,wallet,False,False,IT,"B- = 2.24 0.11,IT = 97.76 0.11"
66,100,166,Dy,0,0.0,0+,-62584.471,,293868.0,chart,False,False,B-,B- = 100 
66,101,167,Dy,0,0.0,(1/2-),-59911.451,,372.0,chart,False,False,B-,B- = 100 
66,102,168,Dy,0,0.0,0+,-58558.398,,522.0,chart,False,False,B-,B- = 100 
66,103,169,Dy,0,0.0,(5/2)-,-55596.01,,39.0,chart,False,False,B-,B- = 100 
66,104,170,Dy,0,0.0,0+,-53710.0,,55.0,chart,False,False,B-,B- = 100 
66,105,171,Dy,0,0.0,,-50010.0,,4.1,chart,False,False,B-,B- = 100 
66,106,172,Dy,0,0.0,0+,-47760.0,,3.52,chart,False,False,B-,B- = 100
66,106,172,Dy,1,1277.9,(8-),-46482.1,,0.7,wallet,False,False,IT,"B- = 19 3,IT = 81 3"
66,107,173,Dy,0,0.0,,-43740.0,,1.43,chart,False,False,B-,B- = 100 
66,108,174,Dy,0,0.0,0+,-41130.0,,,none,False,False,B-,B- = 100
66,109,175,Dy,0,0.0,,-36730.0,,,none,False,False,B-,"B- = 100,B-n?"
66,110,176,Dy,0,0.0,0+,-33610.0,,,none,False,False,B-,"B- = 100,B-n?"
67,73,140,Ho,0,0.0,"(6-),(0-),(8+)",-29317.0,,0.006,chart,False,False,OTHER,p ~ 100 
67,74,141,Ho,0,0.0,(7/2-),-34364.0,,0.0040999999999999,chart,False,False,OTHER,p ~ 100 
67,75,142,Ho,0,0.0,"(7-),(8+)",-37250.0,,0.4,chart,False,False,EC_BP,"p ~ 0 ,EC+B+ ~ 100 ,ECp = 0 "
67,76,143,Ho,0,0.0,(11/2-),-42048.0,,,none,False,False,EC_BP,"ECp?,EC+B+?"
67,77,144,Ho,0,0.0,(5-),-44609.521,,0.7,chart,False,False,EC_BP,"ECp?,EC+B+ = 100 "
67,78,145,Ho,0,0.0,(11/2-),-49120.113,,2.4,chart,False,False,EC_BP,"ECp?,EC+B+ = 100 "
67,79,146,Ho,0,0.0,(6-),-51238.227,,3.3,chart,False,False,EC_BP,"ECp?,EC+B+ = 100"
67,80,147,Ho,0,0.0,(11/2-),-55757.101,,5.8,chart,False,False,EC_BP,"ECp?,EC+B+ = 100 "
67,81,148,Ho,0,0.0,(1+),-57991.166,,2.2,chart,False,False,EC_BP,"ECp?,EC+B+ = 100 "
67,81,148,Ho,1,250.0,(5)-,-57741.166,,9.6,wallet,False,False,EC_BP,"ECp = 0.08 0.01,EC+B+ = 100 "
67,82,149,Ho,0,0.0,(11/2-),-61645.854,,21.0,chart,False,False,EC_BP,EC+B+ = 100 
67,82,149,Ho,1,48.8,(1/2+),-61597.054,,56.0,wallet,False,False,EC_BP,EC+B+ = 100 
67,83,150,Ho,0,0.0,(2)-,-61945.892,,77.0,chart,False,False,EC_BP,EC+B+ = 100 
67,83,150,Ho,1,0.0,(9)+,-61945.892,,23.5,wallet,False,False,EC_BP,EC+B+ = 100 
67,84,151,Ho,0,0.0,11/2(-),-63622.746,,35.2,chart,False,False,EC_BP,"a = 22 2,EC+B+ = 78 2"
67,84,151,Ho,1,41.0,1/2(+),-63581.746,,47.2,wallet,False,False,OTHER,"a = 80 +15-20,EC+B+ = 20 +20-15"
67,85,152,Ho,0,0.0,2-,-63604.636,,147.0,chart,False,False,EC_BP,"a = 12 3,EC+B+ = 88 3"
67,85,152,Ho,1,160.0,9+,-63444.636,,49.8,wallet,False,False,EC_BP,"a = 10.8 1.7,EC+B+ = 89.2 1.7"
67,86,153,Ho,0,0.0,11/2-,-65012.074,,120.6,chart,False,False,EC_BP,"a = 0.051 0.025,EC+B+ = 99.949 0.025"
67,86,153,Ho,1,68.7,1/2+,-64943.374,,558.0,wallet,False,False,EC_BP,"a = 0.18 0.08,EC+B+ = 99.82 0.08"
67,87,154,Ho,0,0.0,2-,-64639.378,,705.6,chart,False,False,EC_BP,"a = 0.018 0.003,EC+B+ = 99.982 0.003"
67,87,154,Ho,1,248.0,8+,-64391.378,,186.0,wallet,False,False,EC_BP,"a = 0.001 ,EC+B+ = 100 "
67,88,155,Ho,0,0.0,5/2+,-66039.799,,2880.0,chart,False,False,EC_BP,EC+B+ = 100 
67,89,156,Ho,0,0.0,4-,-65538.403,,3360.0,chart,False,False,EC_BP,EC+B+ = 100 
67,89,156,Ho,1,52.4,1-,-65486.003,,9.5,wallet,False,False,IT,IT = 100 
67,89,156,Ho,2,0.0,9+,-65538.403,,454.20000000000005,wallet,False,False,EC_BP,"IT ~ 25 ,EC+B+ ~ 75 "
67,90,157,Ho,0,0.0,7/2-,-66832.862,,762.0,chart,False,False,EC_BP,EC+B+ = 100 
67,91,158,Ho,0,0.0,5+,-66187.396,,678.0,chart,False,False,EC_BP,EC+B+ = 100 
67,91,158,Ho,1,67.2,2-,-66120.196,,1680.0,wallet,False,False,IT,"IT = 81 ,EC+B+ = 19 "
67,91,158,Ho,2,180.0,(9+),-66007.396,,1266.0,wallet,False,False,EC_BP,"IT = 7 ,EC+B+ = 93 "
67,92,159,Ho,0,0.0,7/2-,-67329.62,,1983.0,chart,False,False,EC_BP,EC+B+ = 100 
67,92,159,Ho,1,205.91,1/2+,-67123.70999999999,,8.3,wallet,False,False,IT,IT = 100 
67,93,160,Ho,0,0.0,5+,-66382.425,,1536.0,chart,False,False,EC_BP,EC+B+ = 100 
67,93,160,Ho,1,59.98,2-,-66322.445,,17928.0,wallet,False,False,IT,"IT = 76.2 1.6,EC+B+ = 23.8 1.6"
67,93,160,Ho,2,195.0,(9+),-66187.425,,3.2,wallet,False,False,IT,IT = 100 
67,94,161,Ho,0,0.0,7/2-,-67196.294,,8928.0,chart,False,False,EC_BP,EC = 100 
67,94,161,Ho,1,211.15,1/2+,-66985.144,,6.77,wallet,False,False,IT,IT = 100 
67,95,162,Ho,0,0.0,1+,-66040.563,,900.0,chart,False,False,EC_BP,EC+B+ = 100 
67,95,162,Ho,1,105.87,6-,-65934.693,,4025.9999999999995,wallet,False,False,IT,"IT = 62 ,EC+B+ = 38"
67,96,163,Ho,0,0.0,7/2-,-66378.027,,144218232000.0,chart,False,False,EC_BP,EC = 100 
67,96,163,Ho,1,297.88,1/2+,-66080.147,,1.09,wallet,False,False,IT,IT = 100 
67,97,164,Ho,0,0.0,1+,-64980.517,,1728.0,chart,False,False,EC_BP,"B- = 40 5,EC+B+ = 60 5"
67,97,164,Ho,1,139.78,6-,-64840.737,,2196.0,wallet,False,False,IT,IT = 100 
67,98,165,Ho,0,0.0,7/2-,-64898.017,100.0,,none,True,False,STABLE,
67,99,166,Ho,0,0.0,0-,-63070.339,,96508.8,chart,False,False,B-,B- = 100 
67,99,166,Ho,1,5.969,7-,-63064.37,,35742137760.0,wallet,False,False,B-,B- = 100 
67,100,167,Ho,0,0.0,7/2-,-62279.459,,10683.0,chart,False,False,B-,B- = 100 
67,101,168,Ho,0,0.0,3+,-60059.231,,179.4,chart,False,False,B-,B- = 100 
67,101,168,Ho,1,59.0,(6+),-60000.231,,132.0,wallet,False,False,IT,IT ~ 100 
67,102,169,Ho,0,0.0,7/2-,-58796.01,,282.0,chart,False,False,B-,B- = 100 
67,103,170,Ho,0,0.0,(6+),-56237.514,,165.6,chart,False,False,B-,B- = 100 
67,103,170,Ho,1,120.0,(1+),-56117.514,,43.0,wallet,False,False,B-,B- = 100 
67,104,171,Ho,0,0.0,,-54517.822,,53.0,chart,False,False,B-,B- = 100 
67,105,172,Ho,0,0.0,,-51484.0,,25.0,chart,False,False,B-,B- = 100 
67,106,173,Ho,0,0.0,,-49351.0,,7.1,chart,False,False,B-,B- = 100 
67,107,174,Ho,0,0.0,(8-),-45870.0,,3.5,chart,False,False,B-,B- = 100 
67,108,175,Ho,0,0.0,,-43300.0,,1.9,chart,False,False,B-,"B- = 100,B-n?"
67,109,176,Ho,0,0.0,,-39390.0,,,none,False,False,B-,"B- = 100,B-n?"
67,110,177,Ho,0,0.0,,-36280.0,,,none,False,False,B-,"B- = 100,B-n?"
67,111,178,Ho,0,0.0,,-32130.0,,,none,False,False,B-,"B- = 100,B-n?"
68,75,143,Er,0,0.0,,-31160.0,,,none,False,False,EC_BP,"ECp?,EC+B+?"
68,76,144,Er,0,0.0,0+,-36608.0,,,none,False,False,EC_BP,"ECp?,EC+B+?"
68,77,145,Er,0,0.0,(1/2+),-39240.0,,0.9,chart,False,False,EC_BP,"ECp?,EC+B+ = 100"
68,77,145,Er,1,253.0,(11/2-),-38987.0,,1.0,wallet,False,False,EC_BP,"ECp?,EC+B+ = 100 "
68,78,146,Er,0,0.0,0+,-44322.019,,1.7,chart,False,False,EC_BP,"ECp?,EC+B+ = 100 "
68,79,147,Er,0,0.0,(1/2+),-46607.814,,3.2,chart,False,False,EC_BP,"ECp = 0 ,EC+B+ = 100 "
68,79,147,Er,1,100.0,(11/2-),-46507.814,,1.6,wallet,False,False,EC_BP,"ECp = 0 ,EC+B+ = 100 "
68,80,148,Er,0,0.0,0+,-51478.997,,4.6,chart,False,False,EC_BP,"ECp ~ 0.15 ,EC+B+ = 100 "
68,81,149,Er,0,0.0,(1/2+),-53741.621,,4.0,chart,False,False,EC_BP,"ECp = 7 2,EC+B+ = 100 "
68,81,149,Er,1,741.8,(11/2-),-52999.821,,8.9,wallet,False,False,EC_BP,"EC+B+ = 96.5 0.7,IT = 3.5 0.7,ECp = 0.18 0.07"
68,82,150,Er,0,0.0,0+,-57831.323,,18.7,chart,False,False,EC_BP,EC+B+ = 100 
68,83,151,Er,0,0.0,(7/2-),-58266.29,,23.5,chart,False,False,EC_BP,EC+B+ = 100 
68,83,151,Er,1,2586.0,(27/2-),-55680.29,,0.58,wallet,False,False,IT,"IT = 95.3 0.4,EC+B+ = 4.7 0.4"
68,84,152,Er,0,0.0,0+,-60500.218,,10.2,chart,False,False,ALPHA,"a = 90 4,EC+B+ = 10 4"
68,85,153,Er,0,0.0,(7/2-),-60466.682,,37.1,chart,False,False,ALPHA,"a = 53 3,EC+B+ = 47 3"
68,86,154,Er,0,0.0,0+,-62604.974,,223.8,chart,False,False,EC_BP,"a = 0.47 0.13,EC+B+ = 99.53 0.13"
68,87,155,Er,0,0.0,7/2-,-62209.172,,318.0,chart,False,False,EC_BP,"a = 0.022 0.007,EC+B+ = 99.978 0.007"
68,88,156,Er,0,0.0,0+,-64211.683,,1170.0,chart,False,False,EC_BP,"a = 0.000012 0.000003,EC+B+ ~ 100 "
68,89,157,Er,0,0.0,3/2-,-63413.648,,1119.0,chart,False,False,EC_BP,EC+B+ = 100
68,90,158,Er,0,0.0,0+,-65303.815,,8135.999999999999,chart,False,False,EC_BP,EC = 100 
68,91,159,Er,0,0.0,3/2-,-64561.12,,2160.0,chart,False,False,EC_BP,EC+B+ = 100 
68,92,160,Er,0,0.0,0+,-66064.176,,102888.0,chart,False,False,EC_BP,EC = 100 
68,93,161,Er,0,0.0,3/2-,-65201.298,,11556.0,chart,False,False,EC_BP,EC+B+ = 100 
68,94,162,Er,0,0.0,0+,-66334.21,0.139,,none,True,False,STABLE,
68,95,163,Er,0,0.0,5/2-,-65167.413,,4500.0,chart,False,False,EC_BP,EC+B+ = 100 
68,96,164,Er,0,0.0,0+,-65942.573,1.601,,none,True,False,STABLE,
68,97,165,Er,0,0.0,5/2-,-64521.353,,37296.0,chart,False,False,EC_BP,EC = 100 
68,98,166,Er,0,0.0,0+,-64924.145,33.503,,none,True,False,STABLE,
68,99,167,Er,0,0.0,7/2+,-63289.256,22.869,,none,True,False,STABLE,
68,99,167,Er,1,207.801,1/2-,-63081.455,,2.269,wallet,False,False,IT,IT = 100 
68,100,168,Er,0,0.0,0+,-62989.231,26.978,,none,True,False,STABLE,
68,101,169,Er,0,0.0,1/2-,-60921.163,,811296.0,chart,False,False,B-,B- = 100 
68,102,170,Er,0,0.0,0+,-60107.514,14.91,,none,True,False,STABLE,
68,103,171,Er,0,0.0,5/2-,-57717.822,,27057.6,chart,False,False,B-,B- = 100 
68,104,172,Er,0,0.0,0+,-56482.578,,177480.0,chart,False,False,B-,B- = 100 
68,105,173,Er,0,0.0,(7/2-),-53654.0,,84.0,chart,False,False,B-,B- = 100 
68,106,174,Er,0,0.0,0+,-51949.0,,192.0,chart,False,False,B-,B- = 100 
68,106,174,Er,1,1111.5,8-,-50837.5,,3.9,wallet,False,False,IT,IT = 100
68,107,175,Er,0,0.0,,-48652.0,,72.0,chart,False,False,B-,B- = 100
68,108,176,Er,0,0.0,0+,-46631.0,,,none,False,False,B-,B- = 100
68,109,177,Er,0,0.0,,-42858.0,,,none,False,False,B-,B- = 100 
68,110,178,Er,0,0.0,0+,-40260.0,,,none,False,False,B-,B- = 100
68,111,179,Er,0,0.0,,-36080.0,,,none,False,False,B-,B- = 100
68,112,180,Er,0,0.0,0+,-33180.0,,,none,False,False,B-,"B- = 100,B-n?"
69,75,144,Tm,0,0.0,(10+),-22159.0,,1.8999999999e-06,chart,False,False,OTHER,p ~ 100 
69,76,145,Tm,0,0.0,(11/2-),-27583.0,,3.16e-06,chart,False,False,OTHER,p = 100
69,77,146,Tm,0,0.0,(1+),-31055.0,,0.155,chart,False,False,OTHER,"p ~ 100 ,EC+B+?,ECp?"
69,77,146,Tm,1,300.0,(5-),-30755.0,,0.075,wallet,False,False,OTHER,"p ~ 100 ,EC+B+?,ECp?"
69,77,146,Tm,2,440.0,(10+),-30615.0,,0.198,wallet,False,False,OTHER,"p ~ 100 ,EC+B+?,ECp?"
69,78,147,Tm,0,0.0,11/2-,-35974.407,,0.58,chart,False,False,EC_BP,"p = 15 5,EC+B+ = 85 5"
69,79,148,Tm,0,0.0,(10+),-38765.034,,0.7,chart,False,False,EC_BP,"ECp?,EC+B+ = 100 "
69,80,149,Tm,0,0.0,(11/2-),-43940.0,,0.9,chart,False,False,EC_BP,"ECp = 0.2 +0.2-0.1,EC+B+ = 100 "
69,81,150,Tm,0,0.0,(6-),-46491.0,,2.2,chart,False,False,EC_BP,"ECp = 1.2 +0.2-0.4,EC+B+ = 100"
69,82,151,Tm,0,0.0,(11/2-),-50771.613,,4.17,chart,False,False,EC_BP,EC+B+ = 100 
69,82,151,Tm,1,96.4,(1/2+),-50675.213,,6.6,wallet,False,False,EC_BP,EC+B+ = 100 
69,83,152,Tm,0,0.0,(9)+,-51720.279,,5.2,chart,False,False,EC_BP,EC+B+ = 100 
69,83,152,Tm,1,0.0,(2)-,-51720.279,,8.0,wallet,False,False,EC_BP,EC+B+ = 100
69,84,153,Tm,0,0.0,(11/2-),-53972.61,,1.48,chart,False,False,ALPHA,"a = 91 3,EC+B+ = 9 3"
69,84,153,Tm,1,43.2,(1/2+),-53929.41,,2.5,wallet,False,False,ALPHA,"a = 92 3,EC+B+ = 8 3"
69,85,154,Tm,0,0.0,(2-),-54427.142,,8.1,chart,False,False,ALPHA,"a = 54 5,EC+B+ = 46 5"
69,85,154,Tm,1,70.0,9+,-54357.142,,3.3,wallet,False,False,ALPHA,"EC+B+ = 42 5,a = 58 5,IT?"
69,86,155,Tm,0,0.0,11/2-,-56625.921,,21.6,chart,False,False,EC_BP,"a = 0.83 0.17,EC+B+ = 99.17 0.17"
69,86,155,Tm,1,41.0,1/2+,-56584.921,,45.0,wallet,False,False,EC_BP,"a?,EC+B+ ~ 100 "
69,87,156,Tm,0,0.0,2-,-56834.417,,83.0,chart,False,False,EC_BP,"a = 0.064 0.01,EC+B+ = 99.936 0.01"
69,88,157,Tm,0,0.0,1/2+,-58709.279,,217.8,chart,False,False,EC_BP,"a = 0.00075 0.00025,EC+B+ = 100 "
69,89,158,Tm,0,0.0,2-,-58703.2,,238.8,chart,False,False,EC_BP,EC+B+ = 100 
69,90,159,Tm,0,0.0,5/2+,-60570.404,,547.8000000000001,chart,False,False,EC_BP,EC+B+ = 100 
69,91,160,Tm,0,0.0,1-,-60301.037,,564.0,chart,False,False,EC_BP,EC+B+ = 100 
69,91,160,Tm,1,70.0,5,-60231.037,,74.5,wallet,False,False,IT,"IT = 85 5,EC+B+ = 15 5"
69,92,161,Tm,0,0.0,7/2+,-61898.715,,1812.0,chart,False,False,EC_BP,EC+B+ = 100 
69,92,161,Tm,1,7.51,(1/2+),-61891.205,,420.0,wallet,False,False,IT,"IT?,EC+B+?"
69,93,162,Tm,0,0.0,1-,-61477.482,,1308.0,chart,False,False,EC_BP,EC+B+ = 100 
69,93,162,Tm,1,130.0,5+,-61347.482,,24.3,wallet,False,False,IT,"IT = 81 4,EC+B+ = 19 4"
69,94,163,Tm,0,0.0,1/2+,-62728.413,,6516.0,chart,False,False,EC_BP,EC+B+ = 100 
69,95,164,Tm,0,0.0,1+,-61908.943,,117.0,chart,False,False,EC_BP,EC+B+ = 100 
69,95,164,Tm,1,10.0,6-,-61898.943,,306.0,wallet,False,False,IT,"IT ~ 80 ,EC+B+ ~ 20 "
69,96,165,Tm,0,0.0,1/2+,-62930.024,,108216.0,chart,False,False,EC_BP,EC+B+ = 100 
69,97,166,Tm,0,0.0,2+,-61886.478,,27720.0,chart,False,False,EC_BP,EC+B+ = 100 
69,97,166,Tm,1,122.0,(6-),-61764.478,,0.34800000000000003,wallet,False,False,IT,IT = 100 
69,98,167,Tm,0,0.0,1/2+,-62543.117,,801792.0,chart,False,False,EC_BP,EC = 100 
69,99,168,Tm,0,0.0,3+,-61312.379,,8043839.999999999,chart,False,False,EC_BP,"B- = 0.01 0.007,EC+B+ = 99.99 0.007"
69,100,169,Tm,0,0.0,1/2+,-61274.654,100.0,,none,True,False,STABLE,
69,101,170,Tm,0,0.0,1-,-59795.314,,11093760.0,chart,False,False,B-,"B- = 99.869 0.01,EC = 0.131 0.01"
69,102,171,Tm,0,0.0,1/2+,-59210.271,,60609600.0,chart,False,False,B-,B- = 100 
69,103,172,Tm,0,0.0,2-,-57373.554,,228960.0,chart,False,False,B-,B- = 100 
69,104,173,Tm,0,0.0,(1/2+),-56256.067,,29664.0,chart,False,False,B-,B- = 100 
69,105,174,Tm,0,0.0,4-,-53864.521,,324.0,chart,False,False,B-,B- = 100 
69,105,174,Tm,1,252.4,0+,-53612.121,,2.29,wallet,False,False,IT,"B- = 1.5 ,IT = 98.5 "
69,106,175,Tm,0,0.0,(1/2+),-52310.556,,912.0,chart,False,False,B-,B- = 100
69,107,176,Tm,0,0.0,(4+),-49371.322,,111.18,chart,False,False,B-,B- = 100 
69,108,177,Tm,0,0.0,(1/2+),-47570.0,,95.0,chart,False,False,B-,B- = 100 
69,108,177,Tm,1,0.0,(7/2-),-47570.0,,77.0,wallet,False,False,B-,"B- ~ 100 ,IT?"
69,109,178,Tm,0,0.0,,-44240.0,,,none,False,False,B-,B- = 100
69,110,179,Tm,0,0.0,,-41900.0,,,none,False,False,B-,B- = 100
69,111,180,Tm,0,0.0,,-38170.0,,,none,False,False,B-,"B- = 100 ,B-n?"
69,112,181,Tm,0,0.0,,-35440.0,,,none,False,False,B-,"B- = 100,B-n?"
70,79,149,Yb,0,0.0,(1/2+),-33330.0,,0.7,chart,False,False,EC_BP,"ECp = 0 ,EC+B+ = 100 "
70,80,150,Yb,0,0.0,0+,-38830.0,,,none,False,False,EC_BP,"ECp?,EC+B+ = 100"
70,81,151,Yb,0,0.0,(1/2+),-41542.352,,1.6,chart,False,False,EC_BP,"ECp = 0 ,EC+B+ = 100 "
70,81,151,Yb,1,680.0,(11/2-),-40862.352,,1.6,wallet,False,False,EC_BP,"EC+B+ ~ 100 ,IT?,ECp?"
70,82,152,Yb,0,0.0,0+,-46270.386,,3.1,chart,False,False,EC_BP,"ECp?,EC+B+ = 100 "
70,83,153,Yb,0,0.0,(7/2-),-47160.0,,4.2,chart,False,False,ALPHA,"a?,EC+B+?"
70,84,154,Yb,0,0.0,0+,-49932.093,,0.409,chart,False,False,ALPHA,"a = 92.6 1.2,EC+B+ = 7.4 1.2"
70,85,155,Yb,0,0.0,(7/2-),-50502.614,,1.79,chart,False,False,ALPHA,"a = 89 4,EC+B+ = 11 4"
70,86,156,Yb,0,0.0,0+,-53265.538,,25.0,chart,False,False,EC_BP,"a = 10 4,EC+B+ = 90 4"
70,87,157,Yb,0,0.0,7/2-,-53419.912,,38.6,chart,False,False,EC_BP,"a?,EC+B+ ~ 100 "
70,88,158,Yb,0,0.0,0+,-56009.62,,89.4,chart,False,False,EC_BP,"a = 0.0021 0.0012,EC+B+ = 99.9979 0.0012"
70,89,159,Yb,0,0.0,5/2(-),-55833.517,,103.8,chart,False,False,EC_BP,EC+B+ = 100 
70,90,160,Yb,0,0.0,0+,-58163.227,,288.0,chart,False,False,EC_BP,EC+B+ = 100 
70,91,161,Yb,0,0.0,3/2-,-57834.248,,252.0,chart,False,False,EC_BP,EC+B+ = 100 
70,92,162,Yb,0,0.0,0+,-59821.163,,1133.4,chart,False,False,EC_BP,EC+B+ = 100 
70,93,163,Yb,0,0.0,3/2-,-59293.878,,663.0,chart,False,False,EC_BP,EC+B+ = 100 
70,94,164,Yb,0,0.0,0+,-61012.171,,4548.0,chart,False,False,EC_BP,EC = 100 
70,95,165,Yb,0,0.0,5/2-,-60295.388,,588.0,chart,False,False,EC_BP,EC+B+ = 100 
70,96,166,Yb,0,0.0,0+,-61593.706,,204120.0,chart,False,False,EC_BP,EC = 100 
70,97,167,Yb,0,0.0,5/2-,-60589.9,,1050.0,chart,False,False,EC_BP,EC+B+ = 100 
70,98,168,Yb,0,0.0,0+,-61579.867,0.123,,none,True,False,STABLE,
70,99,169,Yb,0,0.0,7/2+,-60375.527,,2766096.0,chart,False,False,EC_BP,EC = 100 
70,99,169,Yb,1,24.1999,1/2-,-60351.3271,,46.0,wallet,False,False,IT,IT = 100 
70,100,170,Yb,0,0.0,0+,-60763.929,2.982,,none,True,False,STABLE,
70,101,171,Yb,0,0.0,1/2-,-59306.818,14.086,,none,True,False,STABLE,
70,102,172,Yb,0,0.0,0+,-59255.456,21.686,,none,True,False,STABLE,
70,103,173,Yb,0,0.0,5/2-,-57551.234,16.103,,none,True,False,STABLE,
70,104,174,Yb,0,0.0,0+,-56944.521,32.025,,none,True,False,STABLE,
70,105,175,Yb,0,0.0,7/2-,-54695.556,,359553.60000000003,chart,False,False,B-,B- = 100 
70,106,176,Yb,0,0.0,0+,-53491.322,12.995,,none,True,False,STABLE,
70,106,176,Yb,1,1049.8,8-,-52441.522,,11.4,wallet,False,False,IT,IT = 100 
70,107,177,Yb,0,0.0,9/2+,-50986.404,,6879.6,chart,False,False,B-,B- = 100 
70,107,177,Yb,1,331.5,1/2-,-50654.904,,6.5,wallet,False,False,IT,IT = 100 
70,108,178,Yb,0,0.0,0+,-49677.139,,4440.0,chart,False,False,B-,B- = 100 
70,109,179,Yb,0,0.0,(1/2-),-46640.0,,480.0,chart,False,False,B-,B- = 100 
70,110,180,Yb,0,0.0,0+,-44720.0,,144.0,chart,False,False,B-,B- = 100 
70,111,181,Yb,0,0.0,,-41088.0,,,none,False,False,B-,B- = 100
70,112,182,Yb,0,0.0,0+,-38900.0,,,none,False,False,B-,B- = 100
70,113,183,Yb,0,0.0,,-35000.0,,,none,False,False,B-,B- = 100 
70,114,184,Yb,0,0.0,0+,-32600.0,,,none,False,False,B-,B- = 100
70,115,185,Yb,0,0.0,,-28480.0,,,none,False,False,B-,B- = 100
71,79,150,Lu,0,0.0,(2+),-24771.0,,0.045,chart,False,False,OTHER,p ~ 100 
71,80,151,Lu,0,0.0,11/2-,-30300.0,,0.079,chart,False,False,OTHER,"p = 0 ,EC+B+ = 0 "
71,81,152,Lu,0,0.0,"(4-),(5-),(6-)",-33422.0,,0.65,chart,False,False,EC_BP,"ECp = 15 7,EC+B+ = 100 "
71,82,153,Lu,0,0.0,11/2-,-38375.462,,0.9,chart,False,False,ALPHA,"a?,EC+B+?"
71,83,154,Lu,0,0.0,(2-),-39667.0,,1.12,chart,False,False,EC_BP,"EC+B+?,a?,ECp?"
71,83,154,Lu,1,59.0,(9+),-39608.0,,1.12,wallet,False,False,EC_BP,"EC+B+ ~ 100 ,a?,ECp?"
71,84,155,Lu,0,0.0,11/2-,-42545.056,,0.067,chart,False,False,ALPHA,"a = 88 3,EC+B+ = 12 3"
71,84,155,Lu,1,61.0,1/2+,-42484.056,,0.138,wallet,False,False,ALPHA,"a = 76 16,EC+B+ = 24 16"
71,85,156,Lu,0,0.0,(2)-,-43699.55,,0.494,chart,False,False,ALPHA,a ~ 100 
71,85,156,Lu,1,0.0,(10+),-43699.55,,0.198,wallet,False,False,ALPHA,a = 100
71,86,157,Lu,0,0.0,"(1/2+),(3/2+)",-46439.818,,7.6,chart,False,False,ALPHA,"a = 0 ,EC+B+?"
71,86,157,Lu,1,26.5,(11/2-),-46413.318,,4.79,wallet,False,False,EC_BP,"a = 6 2,EC+B+ = 94 2"
71,87,158,Lu,0,0.0,(2)-,-47212.2,,10.6,chart,False,False,EC_BP,"a = 0.91 0.2,EC+B+ = 99.09 0.2"
71,88,159,Lu,0,0.0,,-49708.609,,12.1,chart,False,False,EC_BP,EC+B+ = 100 
71,89,160,Lu,0,0.0,,-50269.942,,36.1,chart,False,False,EC_BP,"a = 0.0001 ,EC+B+ = 100 "
71,89,160,Lu,1,0.0,,-50269.942,,40.0,wallet,False,False,EC_BP,"a?,EC+B+ = 100 "
71,90,161,Lu,0,0.0,1/2+,-52562.349,,77.0,chart,False,False,EC_BP,EC+B+ = 100 
71,91,162,Lu,0,0.0,1-,-52831.759,,82.2,chart,False,False,EC_BP,EC+B+ = 100
71,91,162,Lu,1,0.0,(4-),-52831.759,,90.0,wallet,False,False,EC_BP,"IT?,EC+B+ = 100 "
71,91,162,Lu,2,0.0,(9-),-52831.759,,114.0,wallet,False,False,EC_BP,"IT?,EC+B+ = 100 "
71,92,163,Lu,0,0.0,1/2+,-54791.415,,240.6,chart,False,False,EC_BP,EC+B+ = 100 
71,93,164,Lu,0,0.0,1(-),-54642.376,,189.0,chart,False,False,EC_BP,EC+B+ = 100 
71,94,165,Lu,0,0.0,1/2+,-56442.248,,644.4,chart,False,False,EC_BP,EC+B+ = 100 
71,95,166,Lu,0,0.0,6-,-56020.987,,159.0,chart,False,False,EC_BP,EC+B+ = 100 
71,95,166,Lu,1,34.37,3(-),-55986.617,,84.6,wallet,False,False,EC_BP,"IT = 42 5,EC+B+ = 58 "
71,95,166,Lu,2,43.0,0-,-55977.987,,127.2,wallet,False,False,EC_BP,"IT = 20 ,EC+B+ = 80 "
71,96,167,Lu,0,0.0,7/2+,-57526.281,,3120.0,chart,False,False,EC_BP,EC+B+ = 100 
71,96,167,Lu,1,33.7,1/2+,-57492.581000000006,,60.0,wallet,False,False,IT,"IT?,EC+B+?"
71,97,168,Lu,0,0.0,6-,-57072.832,,330.0,chart,False,False,EC_BP,EC+B+ = 100 
71,97,168,Lu,1,160.0,3+,-56912.832,,396.0,wallet,False,False,EC_BP,"IT = 0.4 0.4,EC+B+ = 99.6 0.4"
71,98,169,Lu,0,0.0,7/2+,-58082.527,,122616.0,chart,False,False,EC_BP,EC+B+ = 100 
71,98,169,Lu,1,29.0,1/2-,-58053.527,,160.0,wallet,False,False,IT,IT = 100 
71,99,170,Lu,0,0.0,0+,-57306.234,,173663.99999999997,chart,False,False,EC_BP,EC+B+ = 100 
71,99,170,Lu,1,92.91,(4)-,-57213.32399999999,,0.67,wallet,False,False,IT,IT = 100 
71,100,171,Lu,0,0.0,7/2+,-57828.465,,712800.0,chart,False,False,EC_BP,EC+B+ = 100 
71,100,171,Lu,1,71.13,1/2-,-57757.335,,78.0,wallet,False,False,IT,IT = 100 
71,101,172,Lu,0,0.0,4-,-56736.076,,579052.8,chart,False,False,EC_BP,EC+B+ = 100 
71,101,172,Lu,1,41.86,1-,-56694.216,,222.0,wallet,False,False,IT,IT = 100 
71,102,173,Lu,0,0.0,7/2+,-56881.014,,43233912.0,chart,False,False,EC_BP,EC = 100 
71,103,174,Lu,0,0.0,1-,-55570.292,,104455656.0,chart,False,False,EC_BP,EC+B+ = 100 
71,103,174,Lu,1,170.83,6-,-55399.462,,12268800.0,wallet,False,False,IT,"IT = 99.38 0.02,EC = 0.62 0.02"
71,104,175,Lu,0,0.0,7/2+,-55165.678,97.401,,none,True,False,STABLE,
71,105,176,Lu,0,0.0,7-,-53382.333,2.599,1.1721374830498967e+18,chart,False,False,B-,B- = 100 
71,105,176,Lu,1,122.845,1-,-53259.488,,13228.56,wallet,False,False,B-,"B- = 99.905 0.016,EC = 0.095 0.016"
71,106,177,Lu,0,0.0,7/2+,-52383.903,,574318.08,chart,False,False,B-,B- = 100 
71,106,177,Lu,1,970.1757,23/2-,-51413.7273,,13854240.0,wallet,False,False,B-,"B- = 77.3 0.08,IT = 22.7 0.08"
71,107,178,Lu,0,0.0,1(+),-50337.881,,1704.0,chart,False,False,B-,B- = 100 
71,107,178,Lu,1,123.8,(9-),-50214.081,,1392.0,wallet,False,False,B-,B- = 100 
71,108,179,Lu,0,0.0,7/2+,-49059.013,,16524.0,chart,False,False,B-,B- = 100 
71,109,180,Lu,0,0.0,5+,-46676.476,,336.0,chart,False,False,B-,B- = 100 
71,110,181,Lu,0,0.0,,-44797.414,,210.0,chart,False,False,B-,B- = 100 
71,111,182,Lu,0,0.0,,-41770.0,,120.0,chart,False,False,B-,B- = 100 
71,112,183,Lu,0,0.0,,-39716.114,,58.0,chart,False,False,B-,B- = 100 
71,113,184,Lu,0,0.0,(3+),-36300.0,,19.0,chart,False,False,B-,B- = 100 
71,114,185,Lu,0,0.0,,-33960.0,,,none,False,False,B-,B- = 100
71,115,186,Lu,0,0.0,,-30320.0,,,none,False,False,B-,B- = 100
71,116,187,Lu,0,0.0,,-27770.0,,,none,False,False,B-,"B- = 100,B-n?"
71,117,188,Lu,0,0.0,,-23820.0,,,none,False,False,B-,"B- = 100,B-n?"
72,81,153,Hf,0,0.0,,,,6.000000000000002e-08,chart,False,False,EC_BP,"ECp?,EC+B+?"
72,82,154,Hf,0,0.0,0+,-32730.0,,2.0,chart,False,False,EC_BP,"a ~ 0 ,EC+B+ ~ 100 "
72,83,155,Hf,0,0.0,(7/2-),-34310.0,,0.84,chart,False,False,EC_BP,EC+B+ = 100 
72,84,156,Hf,0,0.0,0+,-37819.514,,0.023,chart,False,False,ALPHA,a ~ 100 
72,85,157,Hf,0,0.0,(7/2-),-38855.0,,0.115,chart,False,False,ALPHA,"a = 94 4,EC+B+ = 6 4"
72,86,158,Hf,0,0.0,0+,-42102.399,,2.9,chart,False,False,EC_BP,"a = 44 2,EC+B+ = 56 2"
72,87,159,Hf,0,0.0,7/2-,-42852.606,,5.2,chart,False,False,EC_BP,"a = 12 1,EC+B+ = 88 1"
72,88,160,Hf,0,0.0,0+,-45938.747,,13.6,chart,False,False,EC_BP,"a = 0.7 0.2,EC+B+ = 99.3 0.2"
72,89,161,Hf,0,0.0,(7/2-),-46315.817,,18.4,chart,False,False,EC_BP,"a = 0.3 0.05,EC+B+ = 99.7 0.05"
72,90,162,Hf,0,0.0,0+,-49168.426,,38.7,chart,False,False,EC_BP,"a = 0.008 0.001,EC+B+ = 99.992 0.001"
72,91,163,Hf,0,0.0,(5/2-),-49269.32,,40.0,chart,False,False,EC_BP,EC+B+ = 100 
72,92,164,Hf,0,0.0,0+,-51818.356,,111.0,chart,False,False,EC_BP,EC+B+ = 100 
72,93,165,Hf,0,0.0,(5/2-),-51635.513,,76.0,chart,False,False,EC_BP,EC+B+ = 100 
72,94,166,Hf,0,0.0,0+,-53858.989,,406.2,chart,False,False,EC_BP,EC+B+ = 100 
72,95,167,Hf,0,0.0,(5/2-),-53467.761,,123.0,chart,False,False,EC_BP,EC+B+ = 100 
72,96,168,Hf,0,0.0,0+,-55360.557,,1557.0,chart,False,False,EC_BP,EC+B+ = 100 
72,97,169,Hf,0,0.0,5/2-,-54716.895,,195.0,chart,False,False,EC_BP,EC+B+ = 100 
72,98,170,Hf,0,0.0,0+,-56253.86,,57636.00000000001,chart,False,False,EC_BP,EC = 100 
72,99,171,Hf,0,0.0,7/2+,-55431.351,,43560.0,chart,False,False,EC_BP,EC+B+ = 100 
72,99,171,Hf,1,21.93,1/2-,-55409.421,,29.5,wallet,False,False,IT,IT ~ 100 
72,100,172,Hf,0,0.0,0+,-56402.232,,59012712.0,chart,False,False,EC_BP,EC = 100 
72,101,173,Hf,0,0.0,1/2-,-55411.79,,84960.0,chart,False,False,EC_BP,EC+B+ = 100 
72,102,174,Hf,0,0.0,0+,-55844.583,0.16,2.209032e+24,chart,False,False,ALPHA,a = 100
72,103,175,Hf,0,0.0,5/2(-),-54481.763,,6105888.0,chart,False,False,EC_BP,EC = 100
72,104,176,Hf,0,0.0,0+,-54576.428,5.26,,none,True,False,STABLE,
72,105,177,Hf,0,0.0,7/2-,-52880.745,18.6,,none,True,False,STABLE,
72,105,177,Hf,1,1315.4502,23/2+,-51565.2948,,1.09,wallet,False,False,IT,IT = 100 
72,105,177,Hf,2,2740.02,37/2-,-50140.725000000006,,3084.0,wallet,False,False,IT,IT = 100 
72,106,178,Hf,0,0.0,0+,-52435.366,27.28,,none,True,False,STABLE,
72,106,178,Hf,1,1147.416,8-,-51287.95,,4.3,wallet,False,False,IT,IT = 100 
72,106,178,Hf,2,2446.09,16+,-49989.276,,978285600.0,wallet,False,False,IT,IT = 100 
72,107,179,Hf,0,0.0,9/2+,-50463.036,13.62,,none,True,False,STABLE,
72,107,179,Hf,1,375.0352,1/2-,-50088.0008,,18.67,wallet,False,False,IT,IT = 100 
72,107,179,Hf,2,1105.74,25/2-,-49357.296,,2147904.0,wallet,False,False,IT,IT = 100 
72,108,180,Hf,0,0.0,0+,-49779.476,35.08,,none,True,False,STABLE,
72,108,180,Hf,1,1141.552,8-,-48637.924,,19900.8,wallet,False,False,IT,"B- = 0.31 0.08,IT = 99.69 0.08"
72,109,181,Hf,0,0.0,1/2-,-47402.958,,3662496.0,chart,False,False,B-,B- = 100 
72,110,182,Hf,0,0.0,0+,-46049.636,,280862640000000.0,chart,False,False,B-,B- = 100 
72,110,182,Hf,1,1172.87,(8-),-44876.766,,3690.0,wallet,False,False,B-,"B- = 54 2,IT = 46 2"
72,111,183,Hf,0,0.0,(3/2-),-43283.547,,3668.4,chart,False,False,B-,B- = 100 
72,112,184,Hf,0,0.0,0+,-41499.453,,14832.0,chart,False,False,B-,B- = 100 
72,112,184,Hf,1,1272.2,(8-),-40227.253,,48.0,wallet,False,False,IT,IT = 100 
72,112,184,Hf,2,2477.0,(15+),-39022.453,,720.0,wallet,False,False,B-,"B-?,IT?"
72,113,185,Hf,0,0.0,,-38319.804,,210.0,chart,False,False,B-,B- = 100 
72,114,186,Hf,0,0.0,0+,-36424.214,,156.0,chart,False,False,B-,B- = 100 
72,114,186,Hf,1,2968.0,,-33456.214,,20.0,wallet,False,False,B-,"B-?,IT?"
72,115,187,Hf,0,0.0,,-33000.0,,,none,False,False,B-,B- = 100 
72,116,188,Hf,0,0.0,0+,-30830.0,,,none,False,False,B-,B- = 100 
72,117,189,Hf,0,0.0,,-27150.0,,,none,False,False,B-,B- = 100 
72,118,190,Hf,0,0.0,0+,-24800.0,,,none,False,False,B-,B- = 100
73,82,155,Ta,0,0.0,11/2-,-23988.0,,0.0029,chart,False,False,OTHER,p = 100
73,83,156,Ta,0,0.0,(2-),-26001.0,,0.106,chart,False,False,OTHER,"p = 71 3,EC+B+ = 29 3"
73,83,156,Ta,1,102.0,(9+),-25899.0,,0.363,wallet,False,False,EC_BP,"p = 4.2 0.9,EC+B+ = 95.8 0.9"
73,84,157,Ta,0,0.0,1/2+,-29595.948,,0.0101999999999999,chart,False,False,ALPHA,"p = 3.4 1.2,a = 96.6 1.2"
73,85,158,Ta,0,0.0,(2-),-31118.0,,0.049,chart,False,False,ALPHA,"a ~ 100 ,EC+B+?"
73,86,159,Ta,0,0.0,1/2+,-34439.157,,1.04,chart,False,False,EC_BP,"a = 34 5,EC+B+ = 66 5"
73,86,159,Ta,1,64.0,11/2-,-34375.157,,0.553,wallet,False,False,ALPHA,"a = 55 1,EC+B+ = 45 1"
73,87,160,Ta,0,0.0,,-35823.7,,1.55,chart,False,False,ALPHA,"a = 0 ,EC+B+?"
73,87,160,Ta,1,0.0,,-35823.7,,1.7,wallet,False,False,ALPHA,"a = 0 ,EC+B+?"
73,88,161,Ta,0,0.0,(1/2+),-38778.575,,3.09,chart,False,False,ALPHA,"a?,EC+B+?"
73,88,161,Ta,1,95.0,(11/2-),-38683.575,,3.09,wallet,False,False,EC_BP,"a = 7 3,EC+B+ = 93 3"
73,89,162,Ta,0,0.0,,-39781.405,,3.56,chart,False,False,EC_BP,"a = 0.074 0.01,EC+B+ = 99.926 0.01"
73,90,163,Ta,0,0.0,(1/2+),-42534.634,,10.7,chart,False,False,EC_BP,EC+B+ ~ 100 
73,91,164,Ta,0,0.0,(3+),-43282.805,,14.2,chart,False,False,EC_BP,EC+B+ = 100 
73,92,165,Ta,0,0.0,(9/2-),-45847.872,,31.0,chart,False,False,EC_BP,EC+B+ = 100 
73,93,166,Ta,0,0.0,(2)+,-46097.78,,34.4,chart,False,False,EC_BP,EC+B+ = 100 
73,94,167,Ta,0,0.0,(3/2+),-48351.064,,80.0,chart,False,False,EC_BP,EC+B+ = 100 
73,95,168,Ta,0,0.0,"(2-),(3+)",-48393.913,,120.0,chart,False,False,EC_BP,EC+B+ = 100 
73,96,169,Ta,0,0.0,(5/2+),-50290.435,,294.0,chart,False,False,EC_BP,EC+B+ = 100 
73,97,170,Ta,0,0.0,(3+),-50137.67,,405.6,chart,False,False,EC_BP,EC+B+ = 100 
73,98,171,Ta,0,0.0,(5/2+),-51720.279,,1398.0,chart,False,False,EC_BP,EC+B+ = 100
73,99,172,Ta,0,0.0,(3+),-51329.983,,2208.0,chart,False,False,EC_BP,EC+B+ = 100 
73,100,173,Ta,0,0.0,5/2-,-52396.543,,11304.0,chart,False,False,EC_BP,EC+B+ = 100 
73,101,174,Ta,0,0.0,3+,-51740.771,,3888.000000000001,chart,False,False,EC_BP,EC+B+ = 100 
73,102,175,Ta,0,0.0,7/2+,-52408.653,,37800.0,chart,False,False,EC_BP,EC+B+ = 100
73,103,176,Ta,0,0.0,(1)-,-51365.379,,29088.0,chart,False,False,EC_BP,EC+B+ = 100 
73,104,177,Ta,0,0.0,7/2+,-51714.745,,203616.0,chart,False,False,EC_BP,EC+B+ = 100 
73,105,178,Ta,0,0.0,7-,-50598.0,,8676.0,chart,False,False,EC_BP,EC+B+ = 100 
73,105,178,Ta,1,0.0,(21-),-50598.0,,0.29,wallet,False,False,IT,IT = 100 
73,105,178,Ta,2,0.0,(1+),-50598.0,,559.2,wallet,False,False,EC_BP,EC+B+ = 100 
73,106,179,Ta,0,0.0,7/2+,-50357.456,,57277044.0,chart,False,False,EC_BP,EC = 100 
73,107,180,Ta,0,0.0,1+,-48933.631,,29354.4,chart,False,False,EC_BP,"B- = 15 4,EC = 85 4"
73,107,180,Ta,1,76.79,9-,-48856.841,0.01201,,none,True,False,STABLE,
73,108,181,Ta,0,0.0,7/2+,-48439.064,99.98799,,none,True,False,STABLE,
73,109,182,Ta,0,0.0,3-,-46430.685,,9919065.6,chart,False,False,B-,B- = 100 
73,109,182,Ta,1,16.273,5+,-46414.412,,0.28300000000000003,wallet,False,False,IT,IT = 100 
73,109,182,Ta,2,519.577,10-,-45911.108,,951.0,wallet,False,False,IT,IT = 100 
73,110,183,Ta,0,0.0,7/2+,-45293.547,,440640.0,chart,False,False,B-,B- = 100 
73,111,184,Ta,0,0.0,(5-),-42839.453,,31320.0,chart,False,False,B-,B- = 100 
73,112,185,Ta,0,0.0,(7/2+),-41394.371,,2970.0,chart,False,False,B-,B- = 100 
73,113,186,Ta,0,0.0,(3-),-38607.602,,630.0,chart,False,False,B-,B- = 100 
73,113,186,Ta,1,336.0,,-38271.602,,92.4,wallet,False,False,B-,"B-?,IT?"
73,113,186,Ta,2,347.9,(7+),-38259.702,,17.0,wallet,False,False,IT,IT = 100
73,114,187,Ta,0,0.0,(7/2+),-36895.55,,283.0,chart,False,False,B-,B- = 100 
73,114,187,Ta,1,1784.0,(27/2-),-35111.55,,7.3,wallet,False,False,IT,"B- = 40 ,IT = 60 "
73,114,187,Ta,2,2934.0,(41/2+),-33961.55,,300.0,wallet,False,False,B-,B- = 100
73,115,188,Ta,0,0.0,(1-),-33910.0,,19.6,chart,False,False,B-,B- = 100 
73,115,188,Ta,1,99.0,(7-),-33811.0,,19.6,wallet,False,False,B-,"B-?,IT?"
73,116,189,Ta,0,0.0,,-31960.0,,,none,False,False,B-,B- = 100 
73,117,190,Ta,0,0.0,(3),-28720.0,,5.3,chart,False,False,B-,B- = 100
73,118,191,Ta,0,0.0,,-26520.0,,,none,False,False,B-,B- = 100
73,119,192,Ta,0,0.0,"(1),(2)",-23100.0,,2.2,chart,False,False,B-,B- = 100 
73,120,193,Ta,0,0.0,,-20810.0,,,none,False,False,B-,"B- = 100 ,B-n?"
73,121,194,Ta,0,0.0,,-17130.0,,,none,False,False,B-,"B- = 100,B-n?"
74,83,157,W,0,0.0,(7/2-),-19690.0,,0.275,chart,False,False,EC_BP,EC+B+ ~ 100 
74,84,158,W,0,0.0,0+,-23693.0,,0.0014,chart,False,False,ALPHA,a = 100
74,85,159,W,0,0.0,(7/2-),-25434.0,,0.0085,chart,False,False,ALPHA,a ~ 100 
74,86,160,W,0,0.0,0+,-29329.073,,0.091,chart,False,False,ALPHA,"a = 87 8,EC+B+ = 13 8"
74,87,161,W,0,0.0,,-30507.0,,0.409,chart,False,False,ALPHA,"a = 73 3,EC+B+ = 27 3"
74,88,162,W,0,0.0,0+,-33999.217,,0.99,chart,False,False,EC_BP,"a = 46 2,EC+B+ = 54 2"
74,89,163,W,0,0.0,7/2-,-34908.439,,2.7,chart,False,False,EC_BP,"a = 14 2,EC+B+ = 86 2"
74,90,164,W,0,0.0,0+,-38235.555,,6.34,chart,False,False,EC_BP,"a = 3.8 1.2,EC+B+ = 96.2 1.2"
74,91,165,W,0,0.0,(5/2-),-38861.316,,5.1,chart,False,False,EC_BP,"a = 0.1 0.1,EC+B+ = 99.9 0.1"
74,92,166,W,0,0.0,0+,-41887.471,,19.2,chart,False,False,EC_BP,"a = 0.035 0.012,EC+B+ = 99.965 0.012"
74,93,167,W,0,0.0,(5/2-),-42093.212,,19.9,chart,False,False,EC_BP,"a = 0.04 0.01,EC+B+ = 99.96 0.01"
74,94,168,W,0,0.0,0+,-44892.93,,50.9,chart,False,False,EC_BP,"a = 0.0032 0.001,EC+B+ = 99.9968 0.001"
74,95,169,W,0,0.0,(5/2-),-44917.866,,70.0,chart,False,False,EC_BP,EC+B+ = 100 
74,96,170,W,0,0.0,0+,-47290.804,,145.2,chart,False,False,EC_BP,EC+B+ = 100 
74,97,171,W,0,0.0,(5/2-),-47086.095,,143.4,chart,False,False,EC_BP,EC+B+ = 100 
74,98,172,W,0,0.0,0+,-49097.191,,396.0,chart,False,False,EC_BP,EC+B+ = 100 
74,99,173,W,0,0.0,5/2-,-48727.388,,437.4,chart,False,False,EC_BP,EC+B+ = 100 
74,100,174,W,0,0.0,0+,-50227.093,,2058.0,chart,False,False,EC_BP,EC+B+ = 100 
74,101,175,W,0,0.0,(1/2-),-49632.8,,2112.0,chart,False,False,EC_BP,EC+B+ = 100
74,102,176,W,0,0.0,0+,-50641.608,,9000.0,chart,False,False,EC_BP,EC = 100 
74,103,177,W,0,0.0,1/2-,-49701.731,,7920.0,chart,False,False,EC_BP,EC+B+ = 100 
74,104,178,W,0,0.0,0+,-50407.066,,1866240.0,chart,False,False,EC_BP,EC = 100 
74,105,179,W,0,0.0,7/2-,-49295.247,,2223.0,chart,False,False,EC_BP,EC+B+ = 100 
74,105,179,W,1,221.91,1/2-,-49073.337,,385.2,wallet,False,False,IT,"IT = 99.71 0.04,EC+B+ = 0.29 0.04"
74,106,180,W,0,0.0,0+,-49636.243,0.12,5.0176584e+25,chart,False,False,ALPHA,a = 100
74,107,181,W,0,0.0,9/2+,-48233.945,,10450944.0,chart,False,False,EC_BP,EC = 100 
74,108,182,W,0,0.0,0+,-48246.144,26.5,,none,True,False,STABLE,
74,109,183,W,0,0.0,1/2-,-46365.663,14.31,,none,True,False,STABLE,
74,109,183,W,1,309.492,11/2+,-46056.171,,5.36,wallet,False,False,IT,IT = 100 
74,110,184,W,0,0.0,0+,-45705.453,30.64,,none,True,False,STABLE,
74,111,185,W,0,0.0,3/2-,-43387.871,,6471360.000000001,chart,False,False,B-,B- = 100 
74,111,185,W,1,197.383,11/2+,-43190.488,,100.19999999999999,wallet,False,False,IT,IT = 100 
74,112,186,W,0,0.0,0+,-42508.602,28.43,,none,True,False,STABLE,
74,113,187,W,0,0.0,3/2-,-39904.044,,85680.0,chart,False,False,B-,B- = 100 
74,114,188,W,0,0.0,0+,-38667.88,,6028128.0,chart,False,False,B-,B- = 100 
74,115,189,W,0,0.0,,-35809.0,,696.0,chart,False,False,B-,B- = 100 
74,116,190,W,0,0.0,0+,-34368.832,,1800.0,chart,False,False,B-,B- = 100
74,117,191,W,0,0.0,,-31176.176,,,none,False,False,B-,B- = 100
74,118,192,W,0,0.0,0+,-29620.0,,,none,False,False,B-,B- = 100 
74,119,193,W,0,0.0,,-26190.0,,,none,False,False,B-,B- = 100 
74,120,194,W,0,0.0,0+,-24410.0,,,none,False,False,B-,B- = 100 
74,121,195,W,0,0.0,,-20740.0,,,none,False,False,B-,B- = 100 
74,122,196,W,0,0.0,0+,-18740.0,,,none,False,False,B-,B- = 100 
74,123,197,W,0,0.0,,-14870.0,,,none,False,False,B-,B- = 100
75,84,159,Re,0,0.0,(1/2+),-14805.0,,1.99999999999e-05,chart,False,False,OTHER,"p?,a?"
75,84,159,Re,1,0.0,11/2-,-14805.0,,1.9999999999999998e-05,wallet,False,False,OTHER,"p = 92.5 3.5,a = 7.5 3.5"
75,85,160,Re,0,0.0,(4-),-16878.0,,0.000612,chart,False,False,OTHER,"p = 89 1,a = 11 1"
75,86,161,Re,0,0.0,1/2+,-20842.82,,0.00044,chart,False,False,OTHER,"p = 99.3 0.7,a = 0.7 0.7"
75,86,161,Re,1,123.8,11/2-,-20719.02,,0.0147,wallet,False,False,ALPHA,"p = 7 0.3,a = 93 0.3"
75,87,162,Re,0,0.0,(2-),-22453.0,,0.107,chart,False,False,ALPHA,"a = 94 6,EC+B+ = 6 6"
75,87,162,Re,1,173.0,(9+),-22280.0,,0.076,wallet,False,False,ALPHA,"a = 91 5,EC+B+ = 9 5"
75,88,163,Re,0,0.0,1/2+,-26002.253,,0.39,chart,False,False,EC_BP,"a = 32 3,EC+B+ = 68 3"
75,88,163,Re,1,115.0,11/2-,-25887.253,,0.214,wallet,False,False,ALPHA,"a = 66 4,EC+B+ = 34 4"
75,89,164,Re,0,0.0,(2)-,-27472.441,,0.72,chart,False,False,ALPHA,"a = 0 ,EC+B+?"
75,89,164,Re,1,0.0,(9+),-27472.441,,0.86,wallet,False,False,EC_BP,"a = 3 1,EC+B+ = 97 1"
75,90,165,Re,0,0.0,(1/2+),-30659.353,,1.6,chart,False,False,EC_BP,"a = 14 8,EC+B+ = 86 8"
75,90,165,Re,1,50.0,(11/2-),-30609.353,,1.74,wallet,False,False,EC_BP,"a = 13 1,EC+B+ = 87 1"
75,91,166,Re,0,0.0,,-31837.335,,2.25,chart,False,False,EC_BP,"a = 24 ,EC+B+ = 76 "
75,92,167,Re,0,0.0,(9/2-),-34834.0,,5.9,chart,False,False,EC_BP,"a ~ 1 ,EC+B+ ~ 99 "
75,92,167,Re,1,128.0,(1/2+),-34706.0,,3.4,wallet,False,False,ALPHA,a ~ 100 
75,93,168,Re,0,0.0,(7+),-35794.889,,4.4,chart,False,False,EC_BP,"a ~ 0.005 ,EC+B+ ~ 99.995 "
75,94,169,Re,0,0.0,(9/2-),-38409.247,,8.1,chart,False,False,EC_BP,"a = 0.005 0.004,EC+B+ = 99.995 0.004"
75,94,169,Re,1,187.0,"(1/2+),(3/2+)",-38222.247,,15.1,wallet,False,False,ALPHA,"EC+B+?,a ~ 0.2 ,IT?"
75,95,170,Re,0,0.0,"(6),(7),(8),(9)",-38903.996,,9.2,chart,False,False,EC_BP,EC+B+ = 100 
75,95,170,Re,1,64.0,(5+),-38839.996,,9.2,wallet,False,False,IT,"IT?,EC+B+?"
75,96,171,Re,0,0.0,(9/2-),-41250.285,,15.2,chart,False,False,EC_BP,EC+B+ = 100 
75,97,172,Re,0,0.0,"(5),(6),(7)",-41566.839,,15.0,chart,False,False,EC_BP,EC+B+ = 100 
75,97,172,Re,1,0.0,(2),-41566.839,,55.0,wallet,False,False,EC_BP,EC+B+ = 100 
75,98,173,Re,0,0.0,(5/2-),-43553.87,,118.8,chart,False,False,EC_BP,EC+B+ = 100 
75,99,174,Re,0,0.0,,-43673.101,,142.79999999999998,chart,False,False,EC_BP,EC+B+ = 100 
75,100,175,Re,0,0.0,(5/2-),-45288.312,,353.4,chart,False,False,EC_BP,EC+B+ = 100
75,101,176,Re,0,0.0,(3+),-45062.89,,318.0,chart,False,False,EC_BP,EC+B+ = 100 
75,102,177,Re,0,0.0,5/2-,-46269.175,,840.0,chart,False,False,EC_BP,EC+B+ = 100 
75,103,178,Re,0,0.0,(3+),-45653.457,,792.0,chart,False,False,EC_BP,EC+B+ = 100 
75,104,179,Re,0,0.0,5/2+,-46584.312,,1170.0,chart,False,False,EC_BP,EC+B+ = 100 
75,105,180,Re,0,0.0,(1)-,-45837.364,,147.6,chart,False,False,EC_BP,EC+B+ = 100 
75,106,181,Re,0,0.0,5/2+,-46517.412,,71820.0,chart,False,False,EC_BP,EC+B+ = 100 
75,107,182,Re,0,0.0,7+,-45446.144,,231120.0,chart,False,False,EC_BP,EC+B+ = 100 
75,107,182,Re,1,0.0,2+,-45446.144,,50904.0,wallet,False,False,EC_BP,EC+B+ = 100 
75,108,183,Re,0,0.0,5/2+,-45809.663,,6048000.0,chart,False,False,EC_BP,EC = 100 
75,109,184,Re,0,0.0,3(-),-44219.819,,3061152.0,chart,False,False,EC_BP,EC+B+ = 100 
75,109,184,Re,1,188.0463,8(+),-44031.7727,,14515200.0,wallet,False,False,IT,"IT = 74.5 0.8,EC = 25.5 0.8"
75,110,185,Re,0,0.0,5/2+,-43819.047,37.4,,none,True,False,STABLE,
75,111,186,Re,0,0.0,1-,-41927.32,,321278.4,chart,False,False,B-,"B- = 92.53 0.1,EC = 7.47 0.1"
75,111,186,Re,1,148.2,(8+),-41779.12,,6311520000000.0,wallet,False,False,IT,IT = 100 
75,112,187,Re,0,0.0,5/2+,-41216.548,62.6,1.30017312e+18,chart,False,False,B-,B- = 100 
75,113,188,Re,0,0.0,1-,-39016.88,,61214.4,chart,False,False,B-,B- = 100 
75,113,188,Re,1,172.0848,6-,-38844.7952,,1115.4,wallet,False,False,IT,IT = 100 
75,114,189,Re,0,0.0,5/2+,-37979.097,,87120.0,chart,False,False,B-,B- = 100 
75,115,190,Re,0,0.0,(2)-,-35583.015,,180.0,chart,False,False,B-,B- = 100 
75,115,190,Re,1,204.0,(6-),-35379.015,,11880.0,wallet,False,False,B-,"B- = 54.4 2,IT = 45.6 2"
75,116,191,Re,0,0.0,(3/2+),-34350.408,,588.0,chart,False,False,B-,B- = 100
75,117,192,Re,0,0.0,(0-),-31588.828,,15.2,chart,False,False,B-,B- = 100 
75,118,193,Re,0,0.0,,-30231.641,,,none,False,False,B-,B- = 100
75,119,194,Re,0,0.0,"(0+),(1)",-27260.0,,5.0,chart,False,False,B-,B- = 100 
75,119,194,Re,1,285.0,(11-),-26975.0,,25.0,wallet,False,False,B-,"B- ~ 100 ,IT?"
75,119,194,Re,2,833.0,,-26427.0,,100.0,wallet,False,False,B-,"B- ~ 100 ,IT?"
75,120,195,Re,0,0.0,,-25560.0,,6.0,chart,False,False,B-,B- = 100
75,121,196,Re,0,0.0,,-22360.0,,3.0,chart,False,False,B-,B- = 100 
75,122,197,Re,0,0.0,,-20350.0,,,none,False,False,B-,B- = 100
75,123,198,Re,0,0.0,,-16990.0,,,none,False,False,B-,B- = 100
75,124,199,Re,0,0.0,,-14730.0,,,none,False,False,B-,"B- = 100,B-n?"
76,85,161,Os,0,0.0,(7/2-),-10196.0,,0.00064,chart,False,False,ALPHA,a ~ 100 
76,86,162,Os,0,0.0,0+,-14500.0,,0.0021,chart,False,False,ALPHA,a ~ 100 
76,87,163,Os,0,0.0,(7/2-),-16336.0,,0.0058,chart,False,False,ALPHA,a ~ 100 
76,88,164,Os,0,0.0,0+,-20424.723,,0.021,chart,False,False,OTHER,"a = 96 +4-5,EC+B+ = 4 +5-4"
76,89,165,Os,0,0.0,(7/2-),-21747.0,,0.071,chart,False,False,ALPHA,"a = 90 2,EC+B+ = 10 2"
76,90,166,Os,0,0.0,0+,-25431.526,,0.212,chart,False,False,ALPHA,"a = 83 4,EC+B+ = 17 4"
76,91,167,Os,0,0.0,(7/2-),-26498.86,,0.839,chart,False,False,ALPHA,"a = 51 4,EC+B+ = 49 4"
76,92,168,Os,0,0.0,0+,-29994.995,,2.1,chart,False,False,EC_BP,"a = 45 5,EC+B+ = 55 5"
76,93,169,Os,0,0.0,(5/2-),-30722.984,,3.4,chart,False,False,EC_BP,"a = 13.7 0.8,EC+B+ = 86.3 0.8"
76,94,170,Os,0,0.0,0+,-33925.692,,7.4,chart,False,False,EC_BP,"a = 9.5 1,EC+B+ = 90.5 1"
76,95,171,Os,0,0.0,(5/2-),-34297.238,,8.3,chart,False,False,EC_BP,"a = 1.8 0.2,EC+B+ = 98.2 0.2"
76,96,172,Os,0,0.0,0+,-37243.641,,19.2,chart,False,False,EC_BP,"a = 1.2 0.2,EC+B+ = 98.8 0.2"
76,97,173,Os,0,0.0,5/2-,-37438.25,,22.4,chart,False,False,EC_BP,"a = 0.4 0.2,EC+B+ = 99.6 0.2"
76,98,174,Os,0,0.0,0+,-39995.383,,44.0,chart,False,False,OTHER,"a = 0.02 +0.01-0.004,EC+B+ = 99.98 +0.004-0.01"
76,99,175,Os,0,0.0,(5/2-),-40105.36,,84.0,chart,False,False,EC_BP,EC+B+ = 100
76,100,176,Os,0,0.0,0+,-42131.184,,216.0,chart,False,False,EC_BP,EC+B+ = 100 
76,101,177,Os,0,0.0,1/2-,-41956.448,,180.0,chart,False,False,EC_BP,EC+B+ = 100 
76,102,178,Os,0,0.0,0+,-43544.243,,300.0,chart,False,False,EC_BP,EC+B+ = 100 
76,103,179,Os,0,0.0,1/2-,-43020.137,,378.0,chart,False,False,EC_BP,EC+B+ = 100 
76,104,180,Os,0,0.0,0+,-44356.198,,1290.0,chart,False,False,EC_BP,EC+B+ = 100 
76,105,181,Os,0,0.0,1/2-,-43549.968,,6360.0,chart,False,False,EC_BP,EC+B+ = 100 
76,105,181,Os,1,49.2,7/2-,-43500.768,,162.0,wallet,False,False,EC_BP,"IT?,EC+B+ ~ 100 "
76,106,182,Os,0,0.0,0+,-44609.109,,79344.0,chart,False,False,EC_BP,EC = 100 
76,107,183,Os,0,0.0,9/2+,-43663.76,,46800.0,chart,False,False,EC_BP,EC+B+ = 100 
76,107,183,Os,1,170.73,1/2-,-43493.03,,35640.0,wallet,False,False,EC_BP,"IT = 15 2,EC+B+ = 85 2"
76,108,184,Os,0,0.0,0+,-44252.565,0.02,3.5344512e+20,chart,False,False,ALPHA,a ~ 100 
76,109,185,Os,0,0.0,1/2-,-42805.908,,8030880.0,chart,False,False,EC_BP,EC = 100 
76,110,186,Os,0,0.0,0+,-43000.032,1.59,6.31152e+22,chart,False,False,ALPHA,a = 100
76,111,187,Os,0,0.0,1/2-,-41219.015,1.97,,none,True,False,STABLE,
76,112,188,Os,0,0.0,0+,-41137.301,13.24,,none,True,False,STABLE,
76,113,189,Os,0,0.0,3/2-,-38986.802,16.15,,none,True,False,STABLE,
76,113,189,Os,1,30.82,9/2-,-38955.982,,20916.0,wallet,False,False,IT,IT = 100 
76,114,190,Os,0,0.0,0+,-38707.825,26.26,,none,True,False,STABLE,
76,114,190,Os,1,1705.7,10-,-37002.125,,591.5999999999999,wallet,False,False,IT,IT = 100 
76,115,191,Os,0,0.0,9/2-,-36395.239,,1296000.0,chart,False,False,B-,B- = 100
76,115,191,Os,1,74.382,3/2-,-36320.857,,47232.0,wallet,False,False,IT,IT = 100
76,116,192,Os,0,0.0,0+,-35882.303,40.78,,none,True,False,STABLE,
76,116,192,Os,1,2015.4,(10-),-33866.903,,6.1,wallet,False,False,IT,IT ~ 100 
76,117,193,Os,0,0.0,3/2-,-33394.401,,107388.0,chart,False,False,B-,B- = 100 
76,118,194,Os,0,0.0,0+,-32435.176,,189345600.0,chart,False,False,B-,B- = 100 
76,119,195,Os,0,0.0,(3/2-),-29511.596,,384.0,chart,False,False,B-,B- = 100
76,119,195,Os,1,427.8,(13/2+),-29083.796,,47.0,wallet,False,False,IT,IT ~ 100 
76,120,196,Os,0,0.0,0+,-28277.123,,2094.0,chart,False,False,B-,B- = 100 
76,121,197,Os,0,0.0,,-25080.0,,93.0,chart,False,False,B-,B- = 100
76,122,198,Os,0,0.0,0+,-23600.0,,125.0,chart,False,False,B-,B- = 100 
76,123,199,Os,0,0.0,,-20270.0,,5.0,chart,False,False,B-,B- = 100 
76,124,200,Os,0,0.0,0+,-18550.0,,6.0,chart,False,False,B-,B- = 100 
76,125,201,Os,0,0.0,,-14840.0,,,none,False,False,B-,B- = 100
76,126,202,Os,0,0.0,0+,-12530.0,,,none,False,False,B-,B- = 100
76,127,203,Os,0,0.0,,-7270.0,,,none,False,False,B-,"B- = 100,B-n?"
77,87,164,Ir,0,0.0,,-7483.0,,,none,False,False,OTHER,"p?,EC+B+?,a?"
77,88,165,Ir,0,0.0,(1/2+),-11595.0,,1e-06,chart,False,False,OTHER,"p?,a?"
77,88,165,Ir,1,200.0,(11/2-),-11395.0,,0.00033,wallet,False,False,OTHER,"p = 88 2,a = 12 2"
77,89,166,Ir,0,0.0,(2-),-13306.0,,0.0117,chart,False,False,ALPHA,"p = 7 3,a = 93 3"
77,89,166,Ir,1,172.0,(9+),-13134.0,,0.015,wallet,False,False,ALPHA,"p = 1.8 0.6,a = 98.2 0.6"
77,90,167,Ir,0,0.0,1/2+,-17072.448,,0.03,chart,False,False,ALPHA,"p = 39 1.5,EC+B+ = 17 3,a = 44 2"
77,90,167,Ir,1,175.3,11/2-,-16897.148,,0.0286,wallet,False,False,ALPHA,"p = 0.41 0.06,EC+B+ = 9.59 3,a = 85 5"
77,91,168,Ir,0,0.0,(2-),-18666.23,,0.222,chart,False,False,ALPHA,"p?,EC+B+?,a = 100 "
77,91,168,Ir,1,0.0,"(9+),(10+)",-18666.23,,0.16,wallet,False,False,ALPHA,"p?,EC+B+ = 22 ,a = 78 9"
77,92,169,Ir,0,0.0,(1/2+),-22093.416,,0.353,chart,False,False,ALPHA,"a = 53 7,EC+B+ = 47 7"
77,92,169,Ir,1,153.0,(11/2-),-21940.416,,0.28,wallet,False,False,ALPHA,"a = 79 5,EC+B+ = 21 5"
77,93,170,Ir,0,0.0,(3-),-23182.0,,0.87,chart,False,False,EC_BP,"a = 5.2 1.7,EC+B+ = 94.8 1.7"
77,93,170,Ir,1,0.0,(8+),-23182.0,,0.811,wallet,False,False,EC_BP,"EC+B+ = 62 ,a = 38 5,IT = 62 "
77,94,171,Ir,0,0.0,(1/2+),-26412.03,,3.2,chart,False,False,EC_BP,"a = 15 2,EC+B+ = 85 2"
77,94,171,Ir,1,0.0,(11/2-),-26412.03,,1.2,wallet,False,False,ALPHA,"p = 46 ,EC+B+ = 46 ,a = 54 5"
77,95,172,Ir,0,0.0,"(3-),(4-)",-27379.373,,4.4,chart,False,False,EC_BP,"a ~ 2 ,EC+B+ ~ 98 "
77,95,172,Ir,1,139.0,(7+),-27240.373,,2.19,wallet,False,False,EC_BP,"a = 9.5 1.1,EC+B+ = 90.5 1.1"
77,96,173,Ir,0,0.0,"(1/2+),(3/2+)",-30268.456,,9.0,chart,False,False,EC_BP,"a = 3.5 3.5,EC+B+ = 96.5 3.5"
77,96,173,Ir,1,213.0,11/2-,-30055.456,,2.2,wallet,False,False,EC_BP,"a = 11 2,EC+B+ = 89 2"
77,97,174,Ir,0,0.0,"(2+),(3-)",-30785.937,,7.9,chart,False,False,EC_BP,"a = 0.5 0.3,EC = 99.5 0.3"
77,97,174,Ir,1,130.0,"(6),(7),(8),(9)",-30655.937,,4.9,wallet,False,False,EC_BP,"a = 2.5 0.3,EC = 97.5 0.3"
77,98,175,Ir,0,0.0,(1/2+),-33394.511,,8.9,chart,False,False,EC_BP,"a = 0.85 0.28,EC+B+ = 99.15 0.28"
77,98,175,Ir,1,0.0,,-33394.511,,33.0,wallet,False,False,IT,"IT?,EC+B+?"
77,99,176,Ir,0,0.0,,-33881.923,,8.9,chart,False,False,EC_BP,"a = 3.1 0.6,EC+B+ = 96.9 0.6"
77,100,177,Ir,0,0.0,5/2-,-36047.425,,30.0,chart,False,False,EC_BP,"a = 0.06 0.01,EC+B+ = 99.94 0.01"
77,101,178,Ir,0,0.0,,-36254.314,,12.0,chart,False,False,EC_BP,EC+B+ = 100 
77,102,179,Ir,0,0.0,(5/2)-,-38081.719,,79.0,chart,False,False,EC_BP,EC+B+ = 100 
77,103,180,Ir,0,0.0,(5+),-37977.53,,90.0,chart,False,False,EC_BP,EC+B+ = 100 
77,104,181,Ir,0,0.0,5/2-,-39463.035,,294.0,chart,False,False,EC_BP,EC+B+ = 100 
77,105,182,Ir,0,0.0,3+,-39051.682,,900.0,chart,False,False,EC_BP,EC+B+ = 100 
77,106,183,Ir,0,0.0,5/2-,-40202.138,,3480.0,chart,False,False,EC_BP,EC+B+ = 100 
77,107,184,Ir,0,0.0,5-,-39610.855,,11124.0,chart,False,False,EC_BP,EC+B+ = 100 
77,108,185,Ir,0,0.0,5/2-,-40335.558,,51840.0,chart,False,False,EC_BP,EC+B+ = 100 
77,109,186,Ir,0,0.0,5+,-39172.35,,59904.0,chart,False,False,EC_BP,EC+B+ = 100 
77,109,186,Ir,1,0.8,2-,-39171.55,,6732.0,wallet,False,False,EC_BP,"IT ~ 25 ,EC+B+ ~ 75 "
77,110,187,Ir,0,0.0,3/2+,-39549.377,,37800.0,chart,False,False,EC_BP,EC+B+ = 100 
77,110,187,Ir,1,186.16,9/2-,-39363.217,,0.0303,wallet,False,False,IT,IT = 100 
77,111,188,Ir,0,0.0,1-,-38344.955,,149400.0,chart,False,False,EC_BP,EC+B+ = 100 
77,112,189,Ir,0,0.0,3/2+,-38449.652,,1140480.0,chart,False,False,EC_BP,EC = 100 
77,113,190,Ir,0,0.0,4-,-36753.614,,1017792.0,chart,False,False,EC_BP,EC+B+ = 100 
77,113,190,Ir,1,22.46,(1)-,-36731.154,,4032.0000000000005,wallet,False,False,IT,IT = 100 
77,113,190,Ir,2,376.4,11-,-36377.214,,11113.2,wallet,False,False,EC_BP,"IT = 8.6 0.2,EC+B+ = 91.4 0.2"
77,114,191,Ir,0,0.0,3/2+,-36708.826,37.3,,none,True,False,STABLE,
77,114,191,Ir,1,171.29,11/2-,-36537.536,,4.89,wallet,False,False,IT,IT = 100
77,114,191,Ir,2,2101.1,31/2(+),-34607.726,,5.7,wallet,False,False,IT,IT = 100
77,115,192,Ir,0,0.0,4+,-34835.631,,6378566.399999999,chart,False,False,B-,"B- = 95.24 0.04,EC = 4.76 0.04"
77,115,192,Ir,1,56.72,1-,-34778.911,,86.39999999999999,wallet,False,False,IT,"B- = 0.0175,IT = 99.9825"
77,115,192,Ir,2,168.14,(11-),-34667.491,,7605381600.0,wallet,False,False,IT,IT = 100 
77,116,193,Ir,0,0.0,3/2+,-34536.305,62.7,,none,True,False,STABLE,
77,116,193,Ir,1,80.238,11/2-,-34456.067,,910655.9999999999,wallet,False,False,IT,IT = 100 
77,117,194,Ir,0,0.0,1-,-32531.776,,69120.0,chart,False,False,B-,B- = 100 
77,117,194,Ir,1,340.0,"(10),(11)",-32191.776,,14774400.0,wallet,False,False,B-,B- = 100 
77,118,195,Ir,0,0.0,3/2+,-31692.318,,8244.0,chart,False,False,B-,B- = 100 
77,118,195,Ir,1,100.0,11/2-,-31592.318,,13464.0,wallet,False,False,B-,"B- = 95 5,IT = 5 5"
77,119,196,Ir,0,0.0,"(1),(2-)",-29435.522,,51.9,chart,False,False,B-,B- = 100 
77,119,196,Ir,1,410.0,"(10),(11-)",-29025.522,,5040.0,wallet,False,False,B-,"B- ~ 100 ,IT = 0.3 "
77,120,197,Ir,0,0.0,3/2+,-28264.123,,348.0,chart,False,False,B-,B- = 100
77,120,197,Ir,1,115.0,11/2-,-28149.123,,534.0,wallet,False,False,B-,"B- = 99.75 0.25,IT = 0.25 0.25"
77,121,198,Ir,0,0.0,1-,-25710.0,,9.1,chart,False,False,B-,B- = 100 
77,122,199,Ir,0,0.0,,-24398.534,,6.0,chart,False,False,B-,B- = 100
77,123,200,Ir,0,0.0,"(2-),(3-)",-21570.0,,43.0,chart,False,False,B-,B- = 100
77,124,201,Ir,0,0.0,,-19840.0,,21.0,chart,False,False,B-,B- = 100
77,125,202,Ir,0,0.0,"(1-),(2-)",-16640.0,,11.0,chart,False,False,B-,B- = 100
77,126,203,Ir,0,0.0,,-14370.0,,,none,False,False,B-,B- = 100
77,127,204,Ir,0,0.0,,-9570.0,,,none,False,False,B-,"B- = 100,B-n?"
77,128,205,Ir,0,0.0,,-5600.0,,,none,False,False,B-,"B- = 100,B-n?"
78,87,165,Pt,0,0.0,(7/2-),-318.0,,0.00026,chart,False,False,ALPHA,a ~ 100 
78,88,166,Pt,0,0.0,0+,-4783.0,,0.00028,chart,False,False,ALPHA,a = 100
78,89,167,Pt,0,0.0,(7/2-),-6753.0,,0.0009,chart,False,False,ALPHA,a = 100
78,90,168,Pt,0,0.0,0+,-11010.078,,0.00202,chart,False,False,ALPHA,a ~ 100 
78,91,169,Pt,0,0.0,(7/2-),-12464.0,,0.00699,chart,False,False,ALPHA,a ~ 100 
78,92,170,Pt,0,0.0,0+,-16299.202,,0.0139,chart,False,False,ALPHA,a ~ 100 
78,93,171,Pt,0,0.0,(7/2-),-17466.569,,0.046,chart,False,False,ALPHA,"a = 90 7,EC+B+ = 10 7"
78,94,172,Pt,0,0.0,0+,-21106.67,,0.0974,chart,False,False,ALPHA,"a = 97 3,EC+B+ = 3 3"
78,95,173,Pt,0,0.0,(5/2-),-21936.758,,0.374,chart,False,False,ALPHA,"a = 84 6,EC+B+ = 16 6"
78,96,174,Pt,0,0.0,0+,-25317.608,,0.868,chart,False,False,ALPHA,"a = 75 4,EC+B+ = 25 4"
78,97,175,Pt,0,0.0,7/2-,-25708.684,,2.43,chart,False,False,ALPHA,"a = 64 5,EC+B+ = 36 5"
78,98,176,Pt,0,0.0,0+,-28933.918,,6.32,chart,False,False,EC_BP,"a = 40 2,EC+B+ = 60 2"
78,99,177,Pt,0,0.0,5/2-,-29370.437,,10.0,chart,False,False,EC_BP,"a = 5.7 0.5,EC+B+ = 94.3 0.5"
78,100,178,Pt,0,0.0,0+,-31997.486,,21.0,chart,False,False,EC_BP,"a = 7.7 0.3,EC+B+ = 92.3 0.3"
78,101,179,Pt,0,0.0,1/2-,-32268.127,,21.2,chart,False,False,EC_BP,"a = 0.24 0.03,EC+B+ = 99.76 0.03"
78,102,180,Pt,0,0.0,0+,-34429.875,,56.0,chart,False,False,EC_BP,"a = 0.52 0.05,EC+B+ = 99.48 0.05"
78,103,181,Pt,0,0.0,1/2-,-34381.497,,52.0,chart,False,False,EC_BP,"a = 0.074 0.01,EC+B+ = 99.926 0.01"
78,104,182,Pt,0,0.0,0+,-36168.42,,162.0,chart,False,False,EC_BP,"a = 0.038 0.002,EC+B+ = 99.962 0.002"
78,105,183,Pt,0,0.0,1/2-,-35773.197,,390.0,chart,False,False,EC_BP,"a = 0.0096 0.0005,EC+B+ = 99.9904 0.0005"
78,105,183,Pt,1,34.74,7/2-,-35738.457,,43.0,wallet,False,False,EC_BP,"IT = 3.1 0.8,EC+B+ = 96.9 0.8"
78,106,184,Pt,0,0.0,0+,-37332.486,,1038.0,chart,False,False,EC_BP,"a = 0.0017 0.0007,EC+B+ = 99.9983 0.0007"
78,107,185,Pt,0,0.0,9/2+,-36688.144,,4254.0,chart,False,False,EC_BP,"a = 0.005 0.002,EC+B+ = 99.995 0.002"
78,107,185,Pt,1,103.41,1/2-,-36584.734,,1980.0,wallet,False,False,EC_BP,"IT = 1 1,EC+B+ = 99 1"
78,108,186,Pt,0,0.0,0+,-37864.447,,7488.0,chart,False,False,EC_BP,"a ~ 0.00014 ,EC+B+ ~ 99.99986 "
78,109,187,Pt,0,0.0,3/2-,-36685.361,,8460.0,chart,False,False,EC_BP,EC+B+ = 100 
78,110,188,Pt,0,0.0,0+,-37820.97,,881279.9999999999,chart,False,False,EC_BP,"a = 0.000026 0.000003,EC+B+ = 99.999974 0.000003"
78,111,189,Pt,0,0.0,3/2-,-36469.405,,39204.0,chart,False,False,EC_BP,EC+B+ = 100 
78,112,190,Pt,0,0.0,0+,-37306.504,0.012,1.5452789617119578e+19,chart,False,False,ALPHA,a = 100
78,113,191,Pt,0,0.0,3/2-,-35698.336,,247104.0,chart,False,False,EC_BP,EC+B+ = 100
78,114,192,Pt,0,0.0,0+,-36288.525,0.782,,none,True,False,STABLE,
78,115,193,Pt,0,0.0,1/2-,-34479.677,,1577880000.0,chart,False,False,EC_BP,EC+B+ = 100
78,115,193,Pt,1,149.78,13/2+,-34329.897000000004,,374112.0,wallet,False,False,IT,IT = 100
78,116,194,Pt,0,0.0,0+,-34760.101,32.864,,none,True,False,STABLE,
78,117,195,Pt,0,0.0,1/2-,-32793.878,33.77,,none,True,False,STABLE,
78,117,195,Pt,1,259.077,13/2+,-32534.801,,346464.0,wallet,False,False,IT,IT = 100
78,118,196,Pt,0,0.0,0+,-32644.538,25.21,,none,True,False,STABLE,
78,119,197,Pt,0,0.0,1/2-,-30419.775,,71609.40000000001,chart,False,False,B-,B- = 100
78,119,197,Pt,1,399.59,13/2+,-30020.185,,5724.599999999999,wallet,False,False,IT,"B- = 3.3 0.4,IT = 96.7 0.4"
78,120,198,Pt,0,0.0,0+,-29904.018,7.356,,none,True,False,STABLE,
78,121,199,Pt,0,0.0,5/2-,-27388.7,,1830.6,chart,False,False,B-,B- = 100 
78,121,199,Pt,1,424.0,(13/2)+,-26964.7,,13.5,wallet,False,False,IT,IT = 100
78,122,200,Pt,0,0.0,0+,-26599.178,,45360.0,chart,False,False,B-,B- = 100 
78,123,201,Pt,0,0.0,(5/2-),-23740.705,,150.0,chart,False,False,B-,B- = 100
78,124,202,Pt,0,0.0,0+,-22692.128,,158400.0,chart,False,False,B-,B- = 100
78,125,203,Pt,0,0.0,(1/2-),-19510.0,,22.0,chart,False,False,B-,B- = 100
78,125,203,Pt,1,1367.0,(13/2+),-18143.0,,12.0,wallet,False,False,B-,"B- ~ 100 ,IT?"
78,126,204,Pt,0,0.0,0+,-17620.0,,10.7,chart,False,False,B-,B- = 100
78,127,205,Pt,0,0.0,,-12820.0,,,none,False,False,B-,B- = 100
78,128,206,Pt,0,0.0,0+,-9240.0,,,none,False,False,B-,"B- = 100,B-n?"
78,129,207,Pt,0,0.0,,-4140.0,,,none,False,False,B-,"B- = 100,B-n?"
78,130,208,Pt,0,0.0,0+,-500.0,,,none,False,False,B-,"B- = 100,B-n?"
79,91,170,Au,0,0.0,(2-),-3703.0,,0.00029,chart,False,False,OTHER,"p = 89 10,a = 11 10"
79,91,170,Au,1,285.0,(9+),-3418.0,,0.00062,wallet,False,False,OTHER,"p = 58 5,a = 42 5"
79,92,171,Au,0,0.0,(1/2+),-7562.303,,2.2e-05,chart,False,False,OTHER,p = 100
79,92,171,Au,1,259.0,(11/2-),-7303.303,,0.001036,wallet,False,False,ALPHA,"p = 40 6,a = 60 6"
79,93,172,Au,0,0.0,"(2-),(3-)",-9318.011,,0.022,chart,False,False,ALPHA,"p?,EC+B+?,a = 100"
79,93,172,Au,1,0.0,(9+),-9318.011,,0.008199999999999999,wallet,False,False,ALPHA,"p = 0.02 ,EC+B+?,a ~ 100 "
79,94,173,Au,0,0.0,(1/2+),-12832.017,,0.0263,chart,False,False,OTHER,"p?,EC+B+?,a = 94 +6-19"
79,94,173,Au,1,214.0,(11/2-),-12618.017,,0.012199999999999999,wallet,False,False,OTHER,"p?,EC+B+?,a = 92 +8-13"
79,95,174,Au,0,0.0,(3-),-14058.0,,0.139,chart,False,False,ALPHA,"a = 90 6,EC+B+ = 10 6"
79,95,174,Au,1,0.0,(9+),-14058.0,,0.162,wallet,False,False,ALPHA,"a = 0 ,EC+B+?"
79,96,175,Au,0,0.0,(1/2+),-17403.686,,0.201,chart,False,False,ALPHA,"a = 90 7,EC+B+ = 10 7"
79,96,175,Au,1,0.0,(11/2-),-17403.686,,0.137,wallet,False,False,ALPHA,"a = 90 3,EC+B+ = 10 3"
79,97,176,Au,0,0.0,"(2-),(3-)",-18520.967,,1.05,chart,False,False,ALPHA,"a = 58 5,EC+B+ = 42 5"
79,97,176,Au,1,0.0,"(7+),(8+),(9+)",-18520.967,,1.36,wallet,False,False,EC_BP,"a = 29 5,EC+B+ = 71 5"
79,98,177,Au,0,0.0,1/2+,-21545.736,,1.454,chart,False,False,ALPHA,"a = 52 12,EC+B+ = 48 12"
79,98,177,Au,1,182.7,11/2-,-21363.036,,1.18,wallet,False,False,ALPHA,"a = 58 6,EC+B+ = 42 6"
79,99,178,Au,0,0.0,"(2),(3)",-22303.029,,3.4,chart,False,False,EC_BP,"a = 16 1,EC+B+ = 84 1"
79,99,178,Au,1,189.0,"(7),(8)",-22114.029,,2.7,wallet,False,False,EC_BP,"a = 18 1,EC+B+ = 82 1"
79,100,179,Au,0,0.0,1/2+,-24988.572,,7.2,chart,False,False,EC_BP,"a = 22 0.9,EC+B+ = 78 0.9"
79,101,180,Au,0,0.0,(1+),-25625.646,,7.9,chart,False,False,EC_BP,"a = 0.58 0.1,EC+B+ = 99.42 0.1"
79,102,181,Au,0,0.0,(3/2-),-27871.14,,13.7,chart,False,False,EC_BP,"a = 2.7 0.5,EC+B+ = 97.3 0.5"
79,103,182,Au,0,0.0,(2+),-28303.976,,15.5,chart,False,False,EC_BP,"a = 0.13 0.05,EC+B+ = 99.87 0.05"
79,104,183,Au,0,0.0,(5/2)-,-30191.488,,42.8,chart,False,False,EC_BP,"a = 0.55 0.25,EC+B+ = 99.45 0.25"
79,105,184,Au,0,0.0,5+,-30318.714,,21.0,chart,False,False,EC_BP,"a = 0.016 ,EC+B+ = 100"
79,105,184,Au,1,68.46,2+,-30250.254,,46.4,wallet,False,False,EC_BP,"EC+B+ = 70 10,a = 0.016 ,IT = 30 10"
79,106,185,Au,0,0.0,5/2-,-31858.15,,258.0,chart,False,False,EC_BP,"a = 0.26 0.06,EC+B+ = 99.74 0.06"
79,106,185,Au,1,0.0,,-31858.15,,408.0,wallet,False,False,EC_BP,"IT?,EC+B+ ~ 100 "
79,107,186,Au,0,0.0,3-,-31714.856,,642.0,chart,False,False,EC_BP,"a = 0.0008 0.0002,EC+B+ = 99.9992 0.0002"
79,108,187,Au,0,0.0,1/2(+),-33028.78,,498.00000000000006,chart,False,False,EC_BP,"a?,EC+B+ = 100"
79,108,187,Au,1,120.33,9/2(-),-32908.45,,2.3,wallet,False,False,IT,IT = 100
79,109,188,Au,0,0.0,1-,-32371.315,,530.4,chart,False,False,EC_BP,EC+B+ = 100 
79,110,189,Au,0,0.0,1/2+,-33581.958,,1722.0,chart,False,False,EC_BP,EC+B+ = 100 
79,110,189,Au,1,247.3,11/2-,-33334.658,,277.8,wallet,False,False,EC_BP,"IT?,EC+B+ ~ 100 "
79,111,190,Au,0,0.0,1-,-32833.54,,2568.0,chart,False,False,EC_BP,EC+B+ = 100 
79,111,190,Au,1,260.0,(11-),-32573.54,,0.125,wallet,False,False,IT,IT ~ 100 
79,112,191,Au,0,0.0,3/2+,-33797.91,,11448.0,chart,False,False,EC_BP,EC+B+ = 100
79,112,191,Au,1,266.2,(11/2-),-33531.71000000001,,0.92,wallet,False,False,IT,IT = 100
79,113,192,Au,0,0.0,1-,-32772.184,,17784.0,chart,False,False,EC_BP,EC+B+ = 100 
79,113,192,Au,1,431.6,(11-),-32340.584000000003,,0.16,wallet,False,False,IT,IT = 100
79,114,193,Au,0,0.0,3/2+,-33404.829,,63539.99999999999,chart,False,False,EC_BP,EC+B+ = 100 
79,114,193,Au,1,290.2,11/2-,-33114.629,,3.9,wallet,False,False,IT,"IT ~ 99.97 ,EC+B+ ~ 0.03 "
79,115,194,Au,0,0.0,1-,-32211.95,,137016.0,chart,False,False,EC_BP,EC+B+ = 100 
79,115,194,Au,1,107.4,(5+),-32104.55,,0.6,wallet,False,False,IT,IT = 100
79,115,194,Au,2,475.8,(11-),-31736.15,,0.42,wallet,False,False,IT,IT = 100
79,116,195,Au,0,0.0,3/2+,-32567.061,,16071264.0,chart,False,False,EC_BP,EC = 100 
79,116,195,Au,1,318.58,11/2-,-32248.481,,2635200.0,wallet,False,False,IT,IT = 100 
79,117,196,Au,0,0.0,2-,-31138.718,,531878.4,chart,False,False,EC_BP,"B- = 7 0.3,EC+B+ = 93 0.3"
79,117,196,Au,1,84.656,5+,-31054.062,,8.1,wallet,False,False,IT,IT = 100 
79,117,196,Au,2,595.66,12-,-30543.058,,34585.2,wallet,False,False,IT,IT = 100 
79,118,197,Au,0,0.0,3/2+,-31139.751,100.0,,none,True,False,STABLE,
79,118,197,Au,1,409.15,11/2-,-30730.601,,7.73,wallet,False,False,IT,IT = 100
79,119,198,Au,0,0.0,2-,-29580.793,,232821.216,chart,False,False,B-,B- = 100 
79,119,198,Au,1,811.9,(12-),-28768.893,,196991.99999999997,wallet,False,False,IT,IT = 100 
79,120,199,Au,0,0.0,3/2+,-29093.752,,270864.0,chart,False,False,B-,B- = 100 
79,121,200,Au,0,0.0,(1-),-27240.094,,2904.0,chart,False,False,B-,B- = 100 
79,121,200,Au,1,940.0,12-,-26300.094,,67320.0,wallet,False,False,B-,"B- = 84 1,IT = 16 1"
79,122,201,Au,0,0.0,3/2+,-26400.705,,1560.0,chart,False,False,B-,B- = 100
79,123,202,Au,0,0.0,(1-),-24352.982,,28.4,chart,False,False,B-,B- = 100
79,124,203,Au,0,0.0,3/2+,-23143.444,,60.0,chart,False,False,B-,B- = 100
79,125,204,Au,0,0.0,(2-),-20390.0,,38.4,chart,False,False,B-,B- = 100
79,126,205,Au,0,0.0,(3/2+),-18570.0,,32.0,chart,False,False,B-,B- = 100
79,126,205,Au,1,907.0,(11/2-),-17663.0,,6.0,wallet,False,False,IT,"B- = 0 ,IT = 100 "
79,127,206,Au,0,0.0,"(5+),(6+)",-14190.0,,47.0,chart,False,False,B-,B- = 100
79,128,207,Au,0,0.0,,-10640.0,,,none,False,False,B-,"B- = 100,B-n?"
79,129,208,Au,0,0.0,,-5910.0,,,none,False,False,B-,"B- = 100,B-n?"
79,130,209,Au,0,0.0,,-2230.0,,,none,False,False,B-,"B- = 100,B-n?"
79,131,210,Au,0,0.0,,2680.0,,,none,False,False,B-,"B- = 100,B-n?"
80,90,170,Hg,0,0.0,0+,5415.0,,7.99999999999e-05,chart,False,False,ALPHA,a = 100
80,91,171,Hg,0,0.0,,3339.0,,5.9e-05,chart,False,False,ALPHA,a = 100
80,92,172,Hg,0,0.0,0+,-1061.361,,0.0002309999999999,chart,False,False,ALPHA,a = 100
80,93,173,Hg,0,0.0,(7/2-),-2661.0,,0.0008,chart,False,False,ALPHA,a ~ 100 
80,94,174,Hg,0,0.0,0+,-6641.017,,0.0019,chart,False,False,ALPHA,a ~ 100 
80,95,175,Hg,0,0.0,(7/2-),-7969.443,,0.0101999999999999,chart,False,False,ALPHA,a = 100
80,96,176,Hg,0,0.0,0+,-11784.639,,0.02,chart,False,False,OTHER,"a = 94 +6-12,EC+B+ = 6 +12-6"
80,97,177,Hg,0,0.0,7/2-,-12775.823,,0.117,chart,False,False,ALPHA,a = 100
80,98,178,Hg,0,0.0,0+,-16315.346,,0.266,chart,False,False,ALPHA,"a = 89 4,EC+B+ = 11 4"
80,99,179,Hg,0,0.0,7/2-,-16932.924,,1.05,chart,False,False,ALPHA,"EC+B+ = 25 4,a = 75 4,ECp = 0.21 0.04"
80,100,180,Hg,0,0.0,0+,-20250.513,,2.58,chart,False,False,EC_BP,"a = 48 2,EC+B+ = 52 2"
80,101,181,Hg,0,0.0,1/2-,-20661.127,,3.6,chart,False,False,EC_BP,"EC+B+ = 76 2,a = 24 2,ECp = 0.012 0.003,ECa = 0.000009 0.000006"
80,102,182,Hg,0,0.0,0+,-23576.885,,10.88,chart,False,False,EC_BP,"a = 14.3 0.9,EC+B+ = 86.2 0.9"
80,103,183,Hg,0,0.0,1/2-,-23804.655,,8.9,chart,False,False,EC_BP,"EC+B+ = 76.4 0.6,a = 23.5 0.6,ECp = 0.00026 0.00006"
80,104,184,Hg,0,0.0,0+,-26344.787,,30.9,chart,False,False,EC_BP,"a = 1.11 0.06,EC+B+ = 98.89 0.06"
80,105,185,Hg,0,0.0,1/2-,-26183.651,,48.2,chart,False,False,EC_BP,"a = 6 1,EC+B+ = 94 1"
80,105,185,Hg,1,103.7,13/2+,-26079.951,,29.0,wallet,False,False,IT,"EC+B+ = 42 7,a ~ 0.03 ,IT = 58 7"
80,106,186,Hg,0,0.0,0+,-28539.059,,82.8,chart,False,False,EC_BP,"a = 0.016 0.005,EC+B+ = 99.984 0.005"
80,107,187,Hg,0,0.0,3/2(-),-28118.509,,114.0,chart,False,False,EC_BP,EC+B+ ~ 100 
80,107,187,Hg,1,0.0,13/2(+),-28118.509,,144.0,wallet,False,False,EC_BP,EC+B+ ~ 100 
80,108,188,Hg,0,0.0,0+,-30198.351,,195.0,chart,False,False,EC_BP,"a = 0.000037 0.000008,EC+B+ = 99.999963 0.000008"
80,109,189,Hg,0,0.0,3/2-,-29626.378,,480.0,chart,False,False,EC_BP,EC+B+ = 100 
80,109,189,Hg,1,80.0,13/2+,-29546.378,,516.0,wallet,False,False,EC_BP,EC+B+ = 100 
80,110,190,Hg,0,0.0,0+,-31370.625,,1200.0,chart,False,False,EC_BP,EC+B+ = 100 
80,111,191,Hg,0,0.0,3/2(-),-30591.849,,2940.0,chart,False,False,EC_BP,EC+B+ = 100
80,111,191,Hg,1,128.0,13/2(+),-30463.849,,3048.0,wallet,False,False,EC_BP,EC+B+ = 100
80,112,192,Hg,0,0.0,0+,-32011.481,,17460.0,chart,False,False,EC_BP,EC = 100 
80,113,193,Hg,0,0.0,3/2(-),-31062.165,,13680.0,chart,False,False,EC_BP,EC+B+ = 100 
80,113,193,Hg,1,140.76,13/2(+),-30921.405,,39960.0,wallet,False,False,EC_BP,"IT = 7.2 0.5,EC+B+ = 92.8 0.5"
80,114,194,Hg,0,0.0,0+,-32183.952,,14106247200.0,chart,False,False,EC_BP,EC = 100 
80,115,195,Hg,0,0.0,1/2-,-31013.342,,38448.0,chart,False,False,EC_BP,EC+B+ = 100 
80,115,195,Hg,1,176.07,13/2+,-30837.272,,149760.0,wallet,False,False,IT,"IT = 54.2 2,EC+B+ = 45.8 2"
80,116,196,Hg,0,0.0,0+,-31825.944,0.15,,none,True,False,STABLE,
80,117,197,Hg,0,0.0,1/2-,-30540.231,,233856.0,chart,False,False,EC_BP,EC+B+ = 100
80,117,197,Hg,1,298.93,13/2+,-30241.301,,85752.0,wallet,False,False,IT,"IT = 94.68 0.09,EC+B+ = 5.32 0.09"
80,118,198,Hg,0,0.0,0+,-30954.315,10.04,,none,True,False,STABLE,
80,119,199,Hg,0,0.0,1/2-,-29546.066,16.94,,none,True,False,STABLE,
80,119,199,Hg,1,532.48,13/2+,-29013.586,,2559.6,wallet,False,False,IT,IT = 100 
80,120,200,Hg,0,0.0,0+,-29503.267,23.14,,none,True,False,STABLE,
80,121,201,Hg,0,0.0,3/2-,-27662.529,13.17,,none,True,False,STABLE,
80,122,202,Hg,0,0.0,0+,-27345.31,29.74,,none,True,False,STABLE,
80,123,203,Hg,0,0.0,5/2-,-25269.203,,4027276.8,chart,False,False,B-,B- = 100
80,124,204,Hg,0,0.0,0+,-24690.148,6.82,,none,True,False,STABLE,
80,125,205,Hg,0,0.0,1/2-,-22287.719,,306.0,chart,False,False,B-,B- = 100
80,126,206,Hg,0,0.0,0+,-20945.728,,499.2000000000001,chart,False,False,B-,B- = 100
80,127,207,Hg,0,0.0,9/2+,-16487.446,,174.0,chart,False,False,B-,B- = 100 
80,128,208,Hg,0,0.0,0+,-13265.408,,135.0,chart,False,False,B-,B- = 100 
80,129,209,Hg,0,0.0,(9/2+),-8610.0,,6.3,chart,False,False,B-,B- = 100
80,130,210,Hg,0,0.0,0+,-5300.0,,63.7,chart,False,False,B-,"B- = 100,B-n = 2.2 2.2"
80,131,211,Hg,0,0.0,,-390.0,,26.4,chart,False,False,B-,"B- = 100,B-n = 6.3 6.3"
80,132,212,Hg,0,0.0,0+,3020.0,,,none,False,False,B-,"B- = 100,B-n?"
80,133,213,Hg,0,0.0,,8200.0,,,none,False,False,B-,"B- = 100,B-n?"
80,134,214,Hg,0,0.0,0+,11770.0,,,none,False,False,B-,"B- = 100,B-n?"
80,135,215,Hg,0,0.0,,17110.0,,,none,False,False,B-,"B- = 100,B-n?"
80,136,216,Hg,0,0.0,0+,20920.0,,,none,False,False,B-,"B- = 100,B-n?"
81,95,176,Tl,0,0.0,"(3-),(4-),(5-)",584.728,,0.0052,chart,False,False,OTHER,p ~ 100 
81,96,177,Tl,0,0.0,(1/2+),-3340.103,,0.018,chart,False,False,ALPHA,"p = 27 13,a = 100"
81,97,178,Tl,0,0.0,"(4-),(5-)",-4613.0,,0.254,chart,False,False,ALPHA,"ECf = 0.15 0.06,EC+B+ = 38 2,a = 62 2"
81,98,179,Tl,0,0.0,1/2+,-8269.632,,0.426,chart,False,False,ALPHA,"a = 60 2,EC+B+ = 40 2"
81,99,180,Tl,0,0.0,(4-),-9390.438,,1.09,chart,False,False,EC_BP,"ECf = 0.0032 0.0002,EC+B+ = 94 4,a = 6 4"
81,100,181,Tl,0,0.0,1/2+,-12798.749,,2.9,chart,False,False,EC_BP,"a = 8.6 0.6,EC+B+ = 91.4 0.6"
81,101,182,Tl,0,0.0,(4-),-13327.213,,1.9,chart,False,False,EC_BP,"a = 0.5 ,EC+B+ = 99.5 "
81,101,182,Tl,1,0.0,(7+),-13327.213,,3.1,wallet,False,False,EC_BP,"a = 2.5 2.5,EC+B+ = 97.5 2.5"
81,102,183,Tl,0,0.0,1/2+,-16587.261,,6.9,chart,False,False,EC_BP,"a?,EC+B+ = 0 "
81,103,184,Tl,0,0.0,(2-),-16883.355,,9.5,chart,False,False,EC_BP,"a = 1.22 0.3,EC+B+ = 98.78 0.3"
81,103,184,Tl,1,0.0,(7+),-16883.355,,10.1,wallet,False,False,EC_BP,"a = 0.47 0.06,EC+B+ = 99.53 0.06"
81,103,184,Tl,2,0.0,(10-),-16883.355,,0.0471,wallet,False,False,IT,"IT = 99.911 0.019,a = 0.089 0.019"
81,104,185,Tl,0,0.0,1/2+,-19757.745,,19.5,chart,False,False,EC_BP,EC+B+ ~ 100 
81,104,185,Tl,1,454.8,9/2-,-19302.945,,1.8,wallet,False,False,IT,IT ~ 100 
81,105,186,Tl,0,0.0,(2-),-19882.94,,3.4,chart,False,False,ALPHA,"a = 0 ,EC+B+?"
81,105,186,Tl,1,77.0,(7+),-19805.94,,27.6,wallet,False,False,EC_BP,"a ~ 0.006 ,EC+B+ ~ 99.994 "
81,105,186,Tl,2,405.0,(10-),-19477.94,,3.4,wallet,False,False,IT,"IT = 94.1 ,EC+B+ = 5.9 "
81,106,187,Tl,0,0.0,(1/2+),-22444.592,,51.0,chart,False,False,EC_BP,EC+B+ = 100
81,106,187,Tl,1,334.0,(9/2-),-22110.592,,15.6,wallet,False,False,ALPHA,"EC+B+?,a = 0.15 0.05,IT?"
81,107,188,Tl,0,0.0,(2-),-22336.403,,71.0,chart,False,False,EC_BP,EC+B+ = 100 
81,107,188,Tl,1,35.0,7+,-22301.403,,71.5,wallet,False,False,EC_BP,EC+B+ = 100 
81,108,189,Tl,0,0.0,(1/2+),-24616.105,,138.0,chart,False,False,EC_BP,EC+B+ = 100 
81,108,189,Tl,1,281.0,(9/2-),-24335.105,,84.0,wallet,False,False,EC_BP,"IT = 4 ,EC+B+ = 96 "
81,109,190,Tl,0,0.0,2-,-24366.236,,168.0,chart,False,False,EC_BP,EC+B+ = 100 
81,109,190,Tl,1,83.0,7+,-24283.236,,210.0,wallet,False,False,EC_BP,EC+B+ = 100 
81,110,191,Tl,0,0.0,(1/2+),-26282.951,,318.0,chart,False,False,EC_BP,EC+B+?
81,110,191,Tl,1,299.0,9/2(-),-25983.951,,318.0,wallet,False,False,EC_BP,EC+B+ = 100
81,111,192,Tl,0,0.0,2-,-25872.249,,576.0,chart,False,False,EC_BP,EC+B+ = 100 
81,111,192,Tl,1,180.0,7+,-25692.249,,648.0,wallet,False,False,EC_BP,EC+B+ = 100 
81,112,193,Tl,0,0.0,1/2(+),-27477.218,,1296.0,chart,False,False,EC_BP,EC+B+ = 100 
81,112,193,Tl,1,372.0,(9/2-),-27105.218,,126.6,wallet,False,False,IT,"IT = 75 ,EC+B+ = 25 "
81,113,194,Tl,0,0.0,2-,-26937.498,,1998.0,chart,False,False,EC_BP,EC+B+ = 100 
81,113,194,Tl,1,260.0,(7+),-26677.498,,1967.9999999999998,wallet,False,False,EC_BP,EC+B+ = 100 
81,114,195,Tl,0,0.0,1/2+,-28155.292,,4140.0,chart,False,False,EC_BP,EC+B+ = 100 
81,114,195,Tl,1,482.63,9/2-,-27672.662,,3.6,wallet,False,False,IT,IT = 100 
81,115,196,Tl,0,0.0,2-,-27496.598,,6624.0,chart,False,False,EC_BP,EC+B+ = 100 
81,115,196,Tl,1,394.2,7+,-27102.398,,5076.0,wallet,False,False,EC_BP,"IT = 3.8 0.4,EC+B+ = 96.2 0.4"
81,116,197,Tl,0,0.0,1/2+,-28354.222,,10188.0,chart,False,False,EC_BP,EC+B+ = 100
81,116,197,Tl,1,608.22,9/2-,-27746.002,,0.54,wallet,False,False,IT,IT = 100
81,117,198,Tl,0,0.0,2-,-27528.753,,19080.0,chart,False,False,EC_BP,EC+B+ = 100 
81,117,198,Tl,1,543.6,7+,-26985.153,,6732.0,wallet,False,False,EC_BP,"IT = 44.1 2.3,EC+B+ = 55.9 2.3"
81,118,199,Tl,0,0.0,1/2+,-28059.397,,26712.0,chart,False,False,EC_BP,EC+B+ = 100 
81,119,200,Tl,0,0.0,2-,-27047.227,,93960.0,chart,False,False,EC_BP,EC+B+ = 100 
81,120,201,Tl,0,0.0,1/2+,-27180.778,,262837.44,chart,False,False,EC_BP,EC = 100 
81,121,202,Tl,0,0.0,2-,-25980.419,,1077459.84,chart,False,False,EC_BP,EC = 100
81,122,203,Tl,0,0.0,1/2+,-25761.309,29.515,,none,True,False,STABLE,
81,123,204,Tl,0,0.0,2-,-24346.07,,119391868.08,chart,False,False,B-,"B- = 97.08 0.07,EC+B+ = 2.92 0.07"
81,124,205,Tl,0,0.0,1/2+,-23820.802,70.485,,none,True,False,STABLE,
81,125,206,Tl,0,0.0,0-,-22253.293,,252.12,chart,False,False,B-,B- = 100
81,125,206,Tl,1,2643.1,(12-),-19610.193000000003,,224.4,wallet,False,False,IT,IT = 100
81,126,207,Tl,0,0.0,1/2+,-21034.436,,286.2,chart,False,False,B-,B- = 100
81,126,207,Tl,1,1348.18,11/2-,-19686.256,,1.33,wallet,False,False,IT,IT = 100
81,127,208,Tl,0,0.0,5+,-16750.121,,183.18,chart,False,False,B-,B- = 100 
81,128,209,Tl,0,0.0,1/2+,-13644.793,,129.72,chart,False,False,B-,B- = 100
81,129,210,Tl,0,0.0,(5+),-9246.996,,78.0,chart,False,False,B-,"B- = 100,B-n = 0.007 +0.007-0.004"
81,130,211,Tl,0,0.0,(1/2+),-6077.999,,79.6,chart,False,False,B-,"B- = 100,B-n = 2.2 2.2"
81,131,212,Tl,0,0.0,(5+),-1551.0,,30.9,chart,False,False,B-,"B- = 100,B-n = 1.8 1.8"
81,132,213,Tl,0,0.0,(1/2+),1783.811,,23.8,chart,False,False,B-,"B- = 100,B-n = 7.6 3.4"
81,133,214,Tl,0,0.0,,6465.0,,11.0,chart,False,False,B-,"B- = 100,B-n = 34 12"
81,134,215,Tl,0,0.0,,10030.0,,9.7,chart,False,False,B-,"B- = 100,B-n = 4.6 4.6"
81,135,216,Tl,0,0.0,,14870.0,,5.9,chart,False,False,B-,"B- = 100,B-n = 11.5 "
81,136,217,Tl,0,0.0,,18660.0,,,none,False,False,B-,"B- = 100 ,B-n?"
82,96,178,Pb,0,0.0,0+,3573.371,,0.0002,chart,False,False,ALPHA,a ~ 100 
82,97,179,Pb,0,0.0,(9/2-),2051.608,,0.0027,chart,False,False,ALPHA,a ~ 100 
82,98,180,Pb,0,0.0,0+,-1941.069,,0.0040999999999999,chart,False,False,ALPHA,a ~ 100 
82,99,181,Pb,0,0.0,(9/2-),-3110.631,,0.036,chart,False,False,ALPHA,a ~ 100 
82,100,182,Pb,0,0.0,0+,-6824.556,,0.055,chart,False,False,ALPHA,a ~ 100 
82,101,183,Pb,0,0.0,3/2-,-7580.008,,0.535,chart,False,False,ALPHA,a ~ 100 
82,101,183,Pb,1,93.0,13/2+,-7487.008,,0.41500000000000004,wallet,False,False,ALPHA,"IT?,a ~ 100 "
82,102,184,Pb,0,0.0,0+,-11051.586,,0.49,chart,False,False,ALPHA,"a = 80 15,EC+B+ = 20 15"
82,103,185,Pb,0,0.0,3/2-,-11541.211,,6.3,chart,False,False,EC_BP,"a = 34 25,EC+B+ = 66 25"
82,103,185,Pb,1,0.0,13/2+,-11541.211,,4.3,wallet,False,False,ALPHA,"a = 50 25,EC+B+ = 50 25"
82,104,186,Pb,0,0.0,0+,-14680.897,,4.82,chart,False,False,EC_BP,"a = 40 8,EC+B+ = 60 8"
82,105,187,Pb,0,0.0,(3/2-),-14986.955,,15.2,chart,False,False,EC_BP,"a = 9.5 2,EC+B+ = 90.5 2"
82,105,187,Pb,1,33.0,(13/2+),-14953.955,,18.0,wallet,False,False,EC_BP,"a = 12 2,EC+B+ = 88 2"
82,106,188,Pb,0,0.0,0+,-17811.024,,25.5,chart,False,False,EC_BP,"a = 8.5 0.5,EC+B+ = 91.5 0.5"
82,107,189,Pb,0,0.0,(3/2-),-17844.019,,39.0,chart,False,False,EC_BP,"a = 0.4 ,EC+B+ ~ 100 "
82,107,189,Pb,1,40.0,(13/2+),-17804.019,,51.0,wallet,False,False,EC_BP,"a ~ 0.4 ,EC+B+ ~ 99.6 "
82,108,190,Pb,0,0.0,0+,-20416.607,,71.0,chart,False,False,EC_BP,"a = 0.4 0.04,EC+B+ = 99.6 0.04"
82,109,191,Pb,0,0.0,(3/2-),-20291.243,,79.80000000000001,chart,False,False,EC_BP,"a = 0.051 0.005,EC+B+ = 99.949 0.005"
82,109,191,Pb,1,55.0,(13/2+),-20236.243,,130.8,wallet,False,False,EC_BP,EC+B+ ~ 100 
82,110,192,Pb,0,0.0,0+,-22551.846,,210.0,chart,False,False,EC_BP,"a = 0.0059 0.0007,EC+B+ = 99.9941 0.0007"
82,111,193,Pb,0,0.0,(3/2-),-22229.255,,348.0,chart,False,False,EC_BP,EC+B+?
82,111,193,Pb,1,95.0,(13/2+),-22134.255,,348.0,wallet,False,False,EC_BP,EC+B+ = 100 
82,112,194,Pb,0,0.0,0+,-24207.866,,642.0,chart,False,False,EC_BP,"a = 0.0000073 0.0000029,EC+B+ ~ 100 "
82,113,195,Pb,0,0.0,3/2-,-23738.039,,900.0,chart,False,False,EC_BP,EC+B+ = 100 
82,113,195,Pb,1,202.9,13/2+,-23535.139,,978.0,wallet,False,False,EC_BP,EC+B+ = 100
82,114,196,Pb,0,0.0,0+,-25348.234,,2220.0,chart,False,False,EC_BP,"a = 0.00003 ,EC+B+ ~ 100 "
82,115,197,Pb,0,0.0,3/2-,-24745.385,,486.0,chart,False,False,EC_BP,EC+B+ = 100
82,115,197,Pb,1,319.31,13/2+,-24426.075,,2598.0,wallet,False,False,EC_BP,"IT = 19 2,EC+B+ = 81 2"
82,116,198,Pb,0,0.0,0+,-26067.443,,8640.0,chart,False,False,EC_BP,EC+B+ = 100 
82,117,199,Pb,0,0.0,3/2-,-25231.734,,5400.0,chart,False,False,EC_BP,EC+B+ = 100 
82,117,199,Pb,1,429.0,(13/2+),-24802.734,,732.0,wallet,False,False,IT,"IT ~ 93 ,EC+B+ ~ 7 "
82,118,200,Pb,0,0.0,0+,-26250.858,,77400.0,chart,False,False,EC_BP,EC = 100 
82,119,201,Pb,0,0.0,5/2-,-25271.033,,33588.0,chart,False,False,EC_BP,EC+B+ = 100
82,119,201,Pb,1,629.1,13/2+,-24641.933,,60.8,wallet,False,False,IT,IT = 100
82,120,202,Pb,0,0.0,0+,-25940.608,,1656774000000.0,chart,False,False,EC_BP,EC = 100
82,120,202,Pb,1,2169.85,9-,-23770.758,,12744.0,wallet,False,False,IT,"IT = 90.5 0.5,EC+B+ = 9.5 0.5"
82,121,203,Pb,0,0.0,5/2-,-24786.483,,186948.0,chart,False,False,EC_BP,EC = 100
82,121,203,Pb,1,825.2,13/2+,-23961.283,,6.21,wallet,False,False,IT,IT = 100
82,121,203,Pb,2,2949.12,29/2-,-21837.363,,0.48,wallet,False,False,IT,IT = 100
82,122,204,Pb,0,0.0,0+,-25109.815,1.4,,none,True,False,STABLE,
82,122,204,Pb,1,2185.88,9-,-22923.935,,4014.0000000000005,wallet,False,False,IT,IT = 100
82,123,205,Pb,0,0.0,5/2-,-23770.162,,536479200000000.0,chart,False,False,EC_BP,EC = 100
82,124,206,Pb,0,0.0,0+,-23785.506,24.1,,none,True,False,STABLE,
82,125,207,Pb,0,0.0,1/2-,-22451.968,22.1,,none,True,False,STABLE,
82,125,207,Pb,1,1633.356,13/2+,-20818.612,,0.806,wallet,False,False,IT,IT = 100
82,126,208,Pb,0,0.0,0+,-21748.519,52.4,,none,True,False,STABLE,
82,127,209,Pb,0,0.0,9/2+,-17614.574,,11646.0,chart,False,False,B-,B- = 100
82,128,210,Pb,0,0.0,0+,-14728.429,,700578720.0,chart,False,False,B-,"B- ~ 100 ,a = 0.0000019 4e-7"
82,129,211,Pb,0,0.0,9/2+,-10493.012,,2169.9,chart,False,False,B-,B- = 100
82,130,212,Pb,0,0.0,0+,-7548.929,,38260.8,chart,False,False,B-,B- = 100 
82,131,213,Pb,0,0.0,(9/2+),-3203.598,,612.0,chart,False,False,B-,B- = 100
82,132,214,Pb,0,0.0,0+,-183.019,,1623.6,chart,False,False,B-,B- = 100
82,133,215,Pb,0,0.0,,4342.245,,142.0,chart,False,False,B-,B- = 100 
82,134,216,Pb,0,0.0,0+,7510.0,,99.4,chart,False,False,B-,B- = 100
82,135,217,Pb,0,0.0,,12260.0,,19.9,chart,False,False,B-,B- = 100 
82,136,218,Pb,0,0.0,0+,15630.0,,15.0,chart,False,False,B-,B- = 100 
82,137,219,Pb,0,0.0,,20620.0,,,none,False,False,B-,B- = 100
82,138,220,Pb,0,0.0,0+,24130.0,,,none,False,False,B-,B- = 100
83,101,184,Bi,0,0.0,(10-),1254.0,,0.013,chart,False,False,ALPHA,a ~ 100 
83,102,185,Bi,0,0.0,1/2+,-2236.0,,2.8e-06,chart,False,False,OTHER,"p = 92 2,a = 8 2"
83,103,186,Bi,0,0.0,(3+),-3145.497,,0.0148,chart,False,False,ALPHA,"ECf ~ 0.02 ,EC+B+?,a ~ 100 "
83,104,187,Bi,0,0.0,(9/2-),-6383.275,,0.037,chart,False,False,ALPHA,a = 100
83,105,188,Bi,0,0.0,(3+),-7194.8,,0.06,chart,False,False,ALPHA,"ECf = 0.14 0.07,a ~ 100 "
83,105,188,Bi,1,0.0,(10-),-7194.8,,0.265,wallet,False,False,ALPHA,"ECf = 0.46 0.09,a ~ 100 "
83,106,189,Bi,0,0.0,(9/2-),-10064.664,,0.685,chart,False,False,ALPHA,a ~ 100 
83,107,190,Bi,0,0.0,(3+),-10595.906,,6.3,chart,False,False,EC_BP,"ECf = 0.000023 +0.000069-0.000019,EC+B+ = 10 +30-10,a = 90 +10-30"
83,107,190,Bi,1,191.0,(10-),-10404.906,,6.2,wallet,False,False,ALPHA,"ECf = 0.000013 +0.000039-0.000011,EC+B+ = 30 9,a = 70 9"
83,108,191,Bi,0,0.0,(9/2-),-13239.351,,12.4,chart,False,False,ALPHA,"a = 51 10,EC+B+ = 49 10"
83,108,191,Bi,1,240.0,(1/2+),-12999.351,,0.126,wallet,False,False,ALPHA,"EC+B+?,a = 68 5,IT = 32 5"
83,109,192,Bi,0,0.0,(3+),-13534.537,,34.6,chart,False,False,EC_BP,"a = 12 5,EC+B+ = 88 5"
83,109,192,Bi,1,147.0,(10-),-13387.537,,39.8,wallet,False,False,EC_BP,"a = 10 3,EC+B+ = 90 3"
83,110,193,Bi,0,0.0,9/2-,-15884.563,,63.0,chart,False,False,EC_BP,"a = 3.5 1.5,EC+B+ = 96.5 1.5"
83,110,193,Bi,1,305.0,1/2+,-15579.563,,3.2,wallet,False,False,OTHER,"a = 90 +10-20,EC+B+ = 10 +20-10"
83,111,194,Bi,0,0.0,(3+),-16023.02,,100.0,chart,False,False,EC_BP,"a = 0.46 0.25,EC+B+ = 99.54 0.25"
83,111,194,Bi,1,145.0,"(6+),(7+)",-15878.02,,125.0,wallet,False,False,EC_BP,EC+B+ = 100
83,111,194,Bi,2,161.0,(10-),-15862.02,,116.0,wallet,False,False,EC_BP,"a = 0.2 0.07,EC+B+ = 99.8 0.07"
83,112,195,Bi,0,0.0,9/2-,-18025.567,,183.0,chart,False,False,EC_BP,"a = 0.03 0.02,EC+B+ = 99.97 0.02"
83,112,195,Bi,1,401.0,1/2+,-17624.567,,87.0,wallet,False,False,EC_BP,"a = 33 17,EC+B+ = 67 17"
83,113,196,Bi,0,0.0,(3+),-18009.032,,307.8,chart,False,False,EC_BP,"a = 0.00115 0.00034,EC+B+ = 99.99885 0.00034"
83,113,196,Bi,1,169.0,(7+),-17840.032,,0.6,wallet,False,False,IT,"IT?,EC+B+?"
83,113,196,Bi,2,271.0,(10-),-17738.032,,240.0,wallet,False,False,EC_BP,"EC+B+ = 74.2 2.5,a = 0.00034 0.00007,IT = 25.8 2.5"
83,114,197,Bi,0,0.0,9/2-,-19687.196,,559.8,chart,False,False,EC_BP,"a?,EC+B+ = 100"
83,114,197,Bi,1,530.0,(1/2+),-19157.196,,302.4,wallet,False,False,ALPHA,"EC+B+ = 45 40,a = 55 40,IT?"
83,115,198,Bi,0,0.0,3+,-19373.851,,618.0,chart,False,False,EC_BP,EC+B+ = 100 
83,115,198,Bi,1,280.0,7+,-19093.851,,696.0,wallet,False,False,EC_BP,EC+B+ = 100 
83,115,198,Bi,2,530.0,10-,-18843.851,,7.7,wallet,False,False,IT,IT = 100 
83,116,199,Bi,0,0.0,9/2-,-20797.616,,1620.0,chart,False,False,EC_BP,EC+B+ = 100 
83,116,199,Bi,1,667.0,(1/2+),-20130.616,,1482.0,wallet,False,False,EC_BP,"EC+B+ = 98 ,a ~ 0.01 ,IT = 2 "
83,117,200,Bi,0,0.0,7+,-20370.574,,2184.0,chart,False,False,EC_BP,EC+B+ = 100 
83,117,200,Bi,1,100.0,(2+),-20270.574,,1860.0,wallet,False,False,EC_BP,"IT?,EC+B+ = 100 "
83,117,200,Bi,2,428.2,(10-),-19942.374,,0.4,wallet,False,False,IT,IT = 100 
83,118,201,Bi,0,0.0,9/2-,-21429.006,,6660.0,chart,False,False,EC_BP,EC+B+ = 100 
83,118,201,Bi,1,846.35,1/2+,-20582.656000000003,,3510.0,wallet,False,False,EC_BP,"EC+B+ = 91.4 ,a?,IT = 8.6 "
83,119,202,Bi,0,0.0,5+,-20750.854,,6156.0,chart,False,False,EC_BP,EC+B+ = 100
83,120,203,Bi,0,0.0,9/2-,-21524.893,,42336.0,chart,False,False,EC_BP,EC+B+ = 100
83,120,203,Bi,1,1098.21,1/2+,-20426.683,,0.305,wallet,False,False,IT,IT = 100
83,121,204,Bi,0,0.0,6+,-20645.927,,40608.0,chart,False,False,EC_BP,EC+B+ = 100
83,122,205,Bi,0,0.0,9/2-,-21065.569,,1288224.0,chart,False,False,EC_BP,EC+B+ = 100
83,123,206,Bi,0,0.0,6+,-20028.201,,539395.2000000001,chart,False,False,EC_BP,EC+B+ = 100
83,124,207,Bi,0,0.0,9/2-,-20054.554,,985228272.0,chart,False,False,EC_BP,EC+B+ = 100
83,125,208,Bi,0,0.0,5+,-18870.151,,11613196800000.0,chart,False,False,EC_BP,EC+B+ = 100 
83,126,209,Bi,0,0.0,9/2-,-18258.589,100.0,6.3430776e+26,chart,False,False,ALPHA,a = 100
83,127,210,Bi,0,0.0,1-,-14791.905,,433036.8,chart,False,False,B-,"B- = 99.999868 0.00001,a = 0.000132 0.00001"
83,127,210,Bi,1,271.31,9-,-14520.595,,99077357347200.0,wallet,False,False,ALPHA,a = 100
83,128,211,Bi,0,0.0,9/2-,-11859.116,,128.4,chart,False,False,ALPHA,"B- = 0.276 0.004,a = 99.724 0.004"
83,129,212,Bi,0,0.0,1(-),-8117.943,,3633.06,chart,False,False,B-,"B- = 64.06 0.06,a = 35.92 0.06"
83,129,212,Bi,1,239.0,"(8-),(9-)",-7878.943,,1506.0,wallet,False,False,ALPHA,"B-a = 30 1,a = 67 1,B- = 33 1"
83,129,212,Bi,2,1478.0,(18-),-6639.943,,432.0,wallet,False,False,IT,"B- = 25 ,IT = 75 "
83,130,213,Bi,0,0.0,9/2-,-5231.671,,2736.42,chart,False,False,B-,"B- = 97.872 0.022,a = 2.128 0.022"
83,131,214,Bi,0,0.0,1-,-1200.78,,1182.6,chart,False,False,B-,"B- = 99.979 0.0013,a = 0.021 0.0013"
83,131,214,Bi,1,100.0,(8-),-1100.78,,563.4000000000001,wallet,False,False,B-,"B- ~ 100 ,IT?"
83,132,215,Bi,0,0.0,(9/2-),1629.272,,456.0,chart,False,False,B-,B- = 100 
83,132,215,Bi,1,1390.0,(25/2-),3019.272,,36.9,wallet,False,False,IT,"B- = 23.1 0.5,IT = 76.9 0.5"
83,133,216,Bi,0,0.0,"(6-),(7-)",5873.988,,135.0,chart,False,False,B-,B- = 100
83,133,216,Bi,1,24.0,(3),5897.988,,396.0,wallet,False,False,B-,B- = 100
83,134,217,Bi,0,0.0,(9/2-),8729.963,,98.5,chart,False,False,B-,B- = 100 
83,135,218,Bi,0,0.0,"(6-),(7-),(8-)",13216.038,,33.0,chart,False,False,B-,B- = 100 
83,136,219,Bi,0,0.0,,16320.0,,8.7,chart,False,False,B-,B- = 100
83,137,220,Bi,0,0.0,,20960.0,,9.5,chart,False,False,B-,B- = 100
83,138,221,Bi,0,0.0,,24200.0,,,none,False,False,B-,"B- = 100,B-n?"
83,139,222,Bi,0,0.0,,28950.0,,,none,False,False,B-,"B- = 100,B-n?"
83,140,223,Bi,0,0.0,,32240.0,,,none,False,False,B-,"B- = 100,B-n?"
83,141,224,Bi,0,0.0,,37070.0,,,none,False,False,B-,"B- = 100,B-n?"
84,102,186,Po,0,0.0,0+,4101.531,,2.8e-05,chart,False,False,ALPHA,a ~ 100 
84,103,187,Po,0,0.0,"(1/2-),(5/2-)",2823.808,,0.0014,chart,False,False,ALPHA,a ~ 100 
84,104,188,Po,0,0.0,0+,-544.378,,0.00027,chart,False,False,ALPHA,a ~ 100 
84,105,189,Po,0,0.0,(5/2-),-1421.996,,0.0035,chart,False,False,ALPHA,a = 100
84,106,190,Po,0,0.0,0+,-4562.708,,0.00245,chart,False,False,ALPHA,a = 100
84,107,191,Po,0,0.0,(3/2-),-5068.731,,0.022,chart,False,False,ALPHA,"a ~ 100 ,EC+B+?"
84,108,192,Po,0,0.0,0+,-8066.483,,0.0322,chart,False,False,ALPHA,a ~ 100 
84,109,193,Po,0,0.0,3/2-,-8325.302,,0.407,chart,False,False,ALPHA,a ~ 100 
84,109,193,Po,1,95.0,13/2+,-8230.302,,0.246,wallet,False,False,ALPHA,a ~ 100 
84,110,194,Po,0,0.0,0+,-11004.617,,0.392,chart,False,False,ALPHA,"a = 93 7,EC+B+ = 7 7"
84,111,195,Po,0,0.0,3/2-,-11116.655,,4.64,chart,False,False,ALPHA,"a = 94 4,EC+B+ = 6 4"
84,111,195,Po,1,150.0,13/2+,-10966.655,,1.92,wallet,False,False,ALPHA,a ~ 100 
84,112,196,Po,0,0.0,0+,-13468.731,,5.63,chart,False,False,ALPHA,"a = 94 5,EC+B+ = 6 5"
84,113,197,Po,0,0.0,(3/2-),-13393.078,,54.0,chart,False,False,EC_BP,"a = 44 7,EC+B+ = 56 7"
84,113,197,Po,1,199.0,13/2(+),-13194.078,,25.8,wallet,False,False,ALPHA,"EC+B+ = 16 9,a = 84 9,IT?"
84,114,198,Po,0,0.0,0+,-15473.278,,105.6,chart,False,False,ALPHA,"a = 57 2,EC+B+ = 43 2"
84,115,199,Po,0,0.0,3/2-,-15238.829,,330.0,chart,False,False,EC_BP,"a = 7.5 0.3,EC+B+ = 92.5 0.3"
84,115,199,Po,1,310.0,(13/2+),-14928.829,,250.2,wallet,False,False,EC_BP,"EC+B+ = 73.5 1,a = 24 1,IT = 2.5 1"
84,116,200,Po,0,0.0,0+,-16941.683,,690.0,chart,False,False,EC_BP,"a = 11.3 0.4,EC+B+ = 88.7 0.4"
84,117,201,Po,0,0.0,3/2-,-16521.166,,930.0,chart,False,False,EC_BP,"a = 1.13 0.04,EC+B+ = 98.87 0.04"
84,117,201,Po,1,442.1,13/2+,-16079.066,,540.0,wallet,False,False,IT,"EC+B+ = 41.4 0.7,a = 2.4 0.5,IT = 56.2 1.2"
84,118,202,Po,0,0.0,0+,-17941.569,,2676.0,chart,False,False,EC_BP,"a = 1.92 0.07,EC+B+ = 98.08 0.07"
84,119,203,Po,0,0.0,5/2-,-17310.819,,2202.0,chart,False,False,EC_BP,"a = 0.11 0.02,EC+B+ = 99.89 0.02"
84,119,203,Po,1,641.64,13/2+,-16669.179,,45.0,wallet,False,False,IT,IT = 100
84,120,204,Po,0,0.0,0+,-18341.045,,12664.8,chart,False,False,EC_BP,"a = 0.673 0.027,EC+B+ = 99.328 0.027"
84,121,205,Po,0,0.0,5/2-,-17521.398,,6444.0,chart,False,False,EC_BP,"a = 0.04 0.01,EC+B+ = 99.96 0.01"
84,122,206,Po,0,0.0,0+,-18188.668,,760320.0000000001,chart,False,False,EC_BP,"a = 5.45 0.05,EC+B+ = 94.55 0.05"
84,123,207,Po,0,0.0,5/2-,-17145.7,,20880.0,chart,False,False,EC_BP,"a = 0.021 0.002,EC+B+ = 99.979 0.002"
84,123,207,Po,1,1383.16,19/2-,-15762.54,,2.79,wallet,False,False,IT,IT = 100
84,124,208,Po,0,0.0,0+,-17469.207,,91453924.8,chart,False,False,ALPHA,"a = 99.996 0.0004,EC+B+ = 0.004 0.0004"
84,125,209,Po,0,0.0,1/2-,-16366.015,,3913142400.0,chart,False,False,ALPHA,"a = 99.545 0.007,EC+B+ = 0.455 0.007"
84,126,210,Po,0,0.0,0+,-15953.06,,11955859.2,chart,False,False,ALPHA,a = 100
84,127,211,Po,0,0.0,9/2+,-12432.492,,0.516,chart,False,False,ALPHA,a = 100
84,127,211,Po,1,1462.0,(25/2+),-10970.492,,25.3,wallet,False,False,ALPHA,"IT = 0.016 0.004,a = 99.984 0.004"
84,128,212,Po,0,0.0,0+,-10369.408,,2.950000000000001e-07,chart,False,False,ALPHA,a = 100
84,128,212,Po,1,2930.0,(18+),-7439.407999999999,,45.1,wallet,False,False,ALPHA,"IT = 0.07 0.02,a = 99.93 0.02"
84,129,213,Po,0,0.0,9/2+,-6653.519,,3.7059999999e-06,chart,False,False,ALPHA,a = 100
84,130,214,Po,0,0.0,0+,-4469.972,,0.0001634799999999,chart,False,False,ALPHA,a = 100
84,131,215,Po,0,0.0,9/2+,-541.771,,0.001781,chart,False,False,ALPHA,"B- = 0.00023 0.00002,a = 99.99977 0.00002"
84,132,216,Po,0,0.0,0+,1782.336,,0.144,chart,False,False,ALPHA,a = 100
84,133,217,Po,0,0.0,(9/2+),5883.452,,1.53,chart,False,False,ALPHA,"B- = 2.5 2.5,a = 97.5 2.5"
84,134,218,Po,0,0.0,0+,8356.652,,185.82,chart,False,False,ALPHA,"B- = 0.022 0.003,a = 99.978 0.003"
84,135,219,Po,0,0.0,(9/2+),12681.361,,619.8,chart,False,False,B-,"B- = 71.8 2,a = 28.2 2"
84,136,220,Po,0,0.0,0+,15263.462,,,none,False,False,B-,B- = 100
84,137,221,Po,0,0.0,,19773.757,,112.2,chart,False,False,B-,B- = 100 
84,138,222,Po,0,0.0,0+,22486.268,,145.2,chart,False,False,B-,B- = 100
84,139,223,Po,0,0.0,,27079.0,,,none,False,False,B-,B- = 100
84,140,224,Po,0,0.0,0+,29910.0,,,none,False,False,B-,B- = 100
84,141,225,Po,0,0.0,,34580.0,,,none,False,False,B-,B- = 100
84,142,226,Po,0,0.0,0+,37549.0,,,none,False,False,B-,B- = 100
84,143,227,Po,0,0.0,,42281.0,,,none,False,False,B-,B- = 100
85,106,191,At,0,0.0,(1/2+),3863.913,,0.0017,chart,False,False,ALPHA,a ~ 100 
85,107,192,At,0,0.0,"(9-),(10-)",2925.742,,0.088,chart,False,False,ALPHA,"ECf = 0.5 ,a = 100 "
85,107,192,At,1,0.0,,2925.742,,0.0115,wallet,False,False,ALPHA,"ECf = 0.5 ,a = 100 "
85,108,193,At,0,0.0,(1/2+),-67.323,,0.028,chart,False,False,ALPHA,a ~ 100 
85,109,194,At,0,10.0,"(9-),(10-)",-706.49,,0.323,chart,False,False,ALPHA,"EC+B+?,ECf ~ 0.8 ,a ~ 100 ,IT?"
85,109,194,At,1,0.0,"(4-),(5-)",-716.49,,0.28600000000000003,wallet,False,False,ALPHA,"ECf ~ 0.8 ,EC+B+?,a ~ 100 "
85,110,195,At,0,0.0,(1/2+),-3470.299,,0.309,chart,False,False,ALPHA,a = 100
85,110,195,At,1,33.0,(7/2-),-3437.299,,0.14400000000000002,wallet,False,False,ALPHA,"IT = 12 4,a = 88 4"
85,111,196,At,0,0.0,(3+),-3913.175,,0.377,chart,False,False,ALPHA,"ECf = 0.009 0.001,EC+B+ = 2.5 0.3,a = 97.5 0.3"
85,112,197,At,0,0.0,(9/2-),-6355.255,,0.388,chart,False,False,ALPHA,"a = 96.1 1.2,EC+B+ = 3.9 1.2"
85,112,197,At,1,52.0,(1/2+),-6303.255,,2.0,wallet,False,False,ALPHA,"EC+B+?,a ~ 100 ,IT?"
85,113,198,At,0,0.0,(3+),-6708.747,,4.47,chart,False,False,ALPHA,"a = 90 10,EC+B+ = 10 10"
85,113,198,At,1,265.0,(10-),-6443.747,,1.22,wallet,False,False,ALPHA,"a = 84 16,EC+B+ = 16 16"
85,114,199,At,0,0.0,(9/2-),-8823.377,,6.97,chart,False,False,OTHER,"a = 92 +3-8,EC+B+ = 8 +8-3"
85,114,199,At,1,244.0,(1/2+),-8579.377,,0.273,wallet,False,False,IT,"IT ~ 99 ,a ~ 1 "
85,115,200,At,0,0.0,(3+),-8987.894,,43.0,chart,False,False,ALPHA,"a = 53 4,EC+B+ = 47 4"
85,115,200,At,1,113.0,(7+),-8874.894,,47.0,wallet,False,False,EC_BP,"a = 43 7,EC+B+ = 57 7"
85,115,200,At,2,344.0,(10-),-8643.894,,6.4,wallet,False,False,IT,"EC+B+?,a = 10.5 0.3,IT = 89.5 0.3"
85,116,201,At,0,0.0,(9/2-),-10789.441,,85.0,chart,False,False,ALPHA,"a = 71 7,EC+B+ = 29 7"
85,117,202,At,0,0.0,3(+),-10595.106,,184.0,chart,False,False,EC_BP,"a = 12 7,EC+B+ = 88 7"
85,117,202,At,1,190.0,7(+),-10405.106,,182.0,wallet,False,False,EC_BP,"a = 8.6 1.1,EC+B+ = 91.4 1.1"
85,117,202,At,2,590.0,10(-),-10005.106,,0.46,wallet,False,False,IT,"IT = 99.904 0.011,a = 0.096 0.011"
85,118,203,At,0,0.0,9/2-,-12162.607,,444.0,chart,False,False,EC_BP,"a = 31 3,EC+B+ = 69 3"
85,119,204,At,0,0.0,7+,-11875.252,,552.0,chart,False,False,EC_BP,"a = 3.9 0.2,EC+B+ = 96.1 0.2"
85,119,204,At,1,587.3,10-,-11287.952,,0.108,wallet,False,False,IT,IT = 100
85,120,205,At,0,0.0,9/2-,-12984.519,,1614.0,chart,False,False,EC_BP,"a = 10 2,EC+B+ = 90 2"
85,121,206,At,0,0.0,(6)+,-12439.388,,1830.0,chart,False,False,EC_BP,"a = 0.9 0.1,EC+B+ = 99.1 0.1"
85,122,207,At,0,0.0,9/2-,-13227.482,,6516.0,chart,False,False,EC_BP,"a ~ 10 ,EC+B+ ~ 90 "
85,123,208,At,0,0.0,6+,-12469.901,,5868.0,chart,False,False,EC_BP,"a = 0.55 0.06,EC+B+ = 99.45 0.06"
85,124,209,At,0,0.0,9/2-,-12883.773,,19512.0,chart,False,False,EC_BP,"a = 4.1 0.5,EC+B+ = 95.9 0.5"
85,125,210,At,0,0.0,(5)+,-11972.099,,29160.0,chart,False,False,EC_BP,"a = 0.175 0.02,EC+B+ = 99.825 0.02"
85,126,211,At,0,0.0,9/2-,-11647.191,,25977.6,chart,False,False,EC_BP,"a = 41.78 0.08,EC = 58.22 0.08"
85,127,212,At,0,0.0,(1-),-8628.149,,0.314,chart,False,False,ALPHA,a ~ 100 
85,127,212,At,1,222.9,(9-),-8405.249,,0.121,wallet,False,False,ALPHA,"IT = 0.5 0.5,a = 99.5 0.5"
85,128,213,At,0,0.0,9/2-,-6579.522,,1.24e-07,chart,False,False,ALPHA,a = 100
85,129,214,At,0,0.0,1-,-3379.151,,5.58e-07,chart,False,False,ALPHA,a = 100
85,130,215,At,0,0.0,9/2-,-1256.583,,3.7e-05,chart,False,False,ALPHA,a = 100
85,131,216,At,0,0.0,1-,2256.678,,0.0003,chart,False,False,ALPHA,a ~ 100 
85,132,217,At,0,0.0,9/2-,4394.598,,0.0326,chart,False,False,ALPHA,"B- = 0.007 0.003,a = 99.993 0.003"
85,133,218,At,0,0.0,"(3-),(2-)",8100.218,,1.28,chart,False,False,ALPHA,"B- = 0.05 0.05,a = 99.95 0.05"
85,134,219,At,0,0.0,(9/2-),10396.021,,56.0,chart,False,False,ALPHA,"B- = 6.4 1,a = 93.6 1"
85,135,220,At,0,0.0,3,14375.748,,222.6,chart,False,False,B-,"B- = 92 2,a = 8 2"
85,136,221,At,0,0.0,,16782.729,,138.0,chart,False,False,B-,B- = 100 
85,137,222,At,0,0.0,,20953.028,,54.0,chart,False,False,B-,B- = 100 
85,138,223,At,0,0.0,,23428.008,,50.0,chart,False,False,B-,B- = 100 
85,139,224,At,0,0.0,,27711.018,,76.2,chart,False,False,B-,B- = 100
85,140,225,At,0,0.0,,30300.0,,,none,False,False,B-,B- = 100
85,141,226,At,0,0.0,,34660.0,,,none,False,False,B-,B- = 100
85,142,227,At,0,0.0,,37430.0,,,none,False,False,B-,"B- = 100,B-n?"
85,143,228,At,0,0.0,,41880.0,,,none,False,False,B-,"B- = 100,B-n?"
85,144,229,At,0,0.0,,44890.0,,,none,False,False,B-,"B- = 100,B-n?"
86,107,193,Rn,0,0.0,,9042.92,,0.00115,chart,False,False,ALPHA,a ~ 100 
86,108,194,Rn,0,0.0,0+,5724.624,,0.00078,chart,False,False,ALPHA,a ~ 100 
86,109,195,Rn,0,0.0,3/2-,5050.285,,0.006,chart,False,False,ALPHA,a ~ 100 
86,110,196,Rn,0,0.0,0+,1975.169,,0.0044,chart,False,False,ALPHA,"a ~ 100 ,EC+B+?"
86,111,197,Rn,0,0.0,(3/2-),1510.368,,0.055,chart,False,False,ALPHA,a ~ 100 
86,112,198,Rn,0,0.0,0+,-1230.32,,0.065,chart,False,False,ALPHA,"a = 90 10,EC+B+ = 10 10"
86,113,199,Rn,0,0.0,(3/2-),-1559.846,,0.6,chart,False,False,ALPHA,a ~ 100 
86,113,199,Rn,1,222.0,(13/2+),-1337.846,,0.312,wallet,False,False,ALPHA,a ~ 100 
86,114,200,Rn,0,0.0,0+,-4000.454,,1.03,chart,False,False,OTHER,"a = 86 +14-4,EC+B+ = 14 +4-14"
86,115,201,Rn,0,0.0,(3/2-),-4107.413,,7.0,chart,False,False,ALPHA,"a = 0 ,EC+B+?"
86,115,201,Rn,1,248.0,(13/2+),-3859.413,,3.8,wallet,False,False,ALPHA,"a = 0 ,EC+B+?"
86,116,202,Rn,0,0.0,0+,-6274.561,,9.75,chart,False,False,ALPHA,"a = 78 8,EC+B+ = 22 8"
86,117,203,Rn,0,0.0,3/2-,-6184.045,,44.0,chart,False,False,ALPHA,"a = 66 9,EC+B+ = 34 9"
86,117,203,Rn,1,362.0,13/2+,-5822.045,,26.9,wallet,False,False,ALPHA,"a = 75 10,EC+B+ = 25 10"
86,118,204,Rn,0,0.0,0+,-7970.115,,74.0,chart,False,False,ALPHA,"a = 72 1,EC+B+ = 28 1"
86,119,205,Rn,0,0.0,5/2-,-7709.764,,170.0,chart,False,False,EC_BP,"a = 25 1,EC+B+ = 75 1"
86,120,206,Rn,0,0.0,0+,-9132.918,,377.4,chart,False,False,ALPHA,"a = 62 3,EC+B+ = 38 3"
86,121,207,Rn,0,0.0,5/2-,-8634.742,,555.0,chart,False,False,EC_BP,"a = 21 3,EC+B+ = 79 3"
86,122,208,Rn,0,0.0,0+,-9655.389,,1456.8000000000002,chart,False,False,ALPHA,"a = 62 7,EC+B+ = 38 7"
86,123,209,Rn,0,0.0,5/2-,-8941.049,,1722.0,chart,False,False,EC_BP,"a = 17 2,EC+B+ = 83 2"
86,124,210,Rn,0,0.0,0+,-9604.764,,8712.0,chart,False,False,ALPHA,"a = 96 1,EC+B+ = 4 1"
86,125,211,Rn,0,0.0,1/2-,-8755.33,,52920.0,chart,False,False,EC_BP,"a = 27.4 1.7,EC = 72.6 1.7"
86,126,212,Rn,0,0.0,0+,-8659.219,,1434.0,chart,False,False,ALPHA,a = 100
86,127,213,Rn,0,0.0,(9/2+),-5695.949,,0.0193799999999999,chart,False,False,ALPHA,a = 100
86,128,214,Rn,0,0.0,0+,-4319.664,,2.590000000000001e-07,chart,False,False,ALPHA,a = 100
86,129,215,Rn,0,0.0,9/2+,-1168.99,,2.2999999999e-06,chart,False,False,ALPHA,a = 100
86,130,216,Rn,0,0.0,0+,253.312,,2.9e-05,chart,False,False,ALPHA,a = 100
86,131,217,Rn,0,0.0,9/2+,3658.566,,0.00059,chart,False,False,ALPHA,a = 100
86,132,218,Rn,0,0.0,0+,5217.413,,0.03375,chart,False,False,ALPHA,a = 100
86,133,219,Rn,0,0.0,5/2+,8829.337,,3.96,chart,False,False,ALPHA,a = 100
86,134,220,Rn,0,0.0,0+,10611.994,,55.6,chart,False,False,ALPHA,a = 100
86,135,221,Rn,0,0.0,7/2+,14471.354,,1542.0,chart,False,False,B-,"B- = 80 2,a = 20 2"
86,136,222,Rn,0,0.0,0+,16371.957,,330174.14400000003,chart,False,False,ALPHA,a = 100
86,137,223,Rn,0,0.0,7/2,20389.738,,1458.0,chart,False,False,B-,B- = 100 
86,138,224,Rn,0,0.0,0+,22445.098,,6840.0,chart,False,False,B-,B- = 100 
86,139,225,Rn,0,0.0,7/2-,26534.143,,279.6,chart,False,False,B-,B- = 100 
86,140,226,Rn,0,0.0,0+,28747.194,,444.0,chart,False,False,B-,B- = 100 
86,141,227,Rn,0,0.0,(5/2),32885.835,,20.8,chart,False,False,B-,B- = 100 
86,142,228,Rn,0,0.0,0+,35243.466,,65.0,chart,False,False,B-,B- = 100 
86,143,229,Rn,0,0.0,,39362.4,,12.0,chart,False,False,B-,B- = 100 
86,144,230,Rn,0,0.0,0+,42170.0,,,none,False,False,B-,B- = 100
86,145,231,Rn,0,0.0,,46550.0,,,none,False,False,B-,B- = 100
87,110,197,Fr,0,0.0,(7/2-),10253.968,,0.0006,chart,False,False,ALPHA,a ~ 100 
87,111,198,Fr,0,0.0,,9577.698,,0.015,chart,False,False,ALPHA,a ~ 100 
87,111,198,Fr,1,0.0,,9577.698,,0.0011,wallet,False,False,ALPHA,a ~ 100 
87,112,199,Fr,0,0.0,(1/2+),6771.388,,0.0045,chart,False,False,ALPHA,a ~ 100 
87,113,200,Fr,0,0.0,(3+),6133.578,,0.05,chart,False,False,ALPHA,"ECf = 1.4 ,a ~ 100 "
87,114,201,Fr,0,0.0,(9/2-),3588.573,,0.063,chart,False,False,ALPHA,a ~ 100 
87,114,201,Fr,1,130.0,(1/2+),3718.573,,0.027,wallet,False,False,ALPHA,a ~ 100 
87,115,202,Fr,0,0.0,(3+),3101.538,,0.364,chart,False,False,ALPHA,a ~ 100 
87,115,202,Fr,1,257.0,(10-),3358.538,,0.28600000000000003,wallet,False,False,ALPHA,a ~ 100 
87,116,203,Fr,0,0.0,9/2-,876.412,,0.55,chart,False,False,ALPHA,a ~ 100 
87,116,203,Fr,1,361.0,1/2+,1237.412,,0.043000000000000003,wallet,False,False,IT,"IT = 80 4,a = 20 4"
87,117,204,Fr,0,0.0,3+,607.308,,1.8,chart,False,False,ALPHA,"a = 92 2,EC+B+ = 8 2"
87,117,204,Fr,1,41.0,7+,648.308,,2.2,wallet,False,False,ALPHA,"a = 90 2,EC+B+ = 10 2"
87,117,204,Fr,2,316.0,10-,923.308,,1.65,wallet,False,False,ALPHA,"a = 66 10,EC+B+ = 34 10"
87,118,205,Fr,0,0.0,9/2-,-1309.816,,3.9,chart,False,False,ALPHA,"a = 98.5 0.4,EC+B+ = 1.5 0.4"
87,119,206,Fr,0,0.0,3(+),-1246.859,,16.0,chart,False,False,ALPHA,"a = 88.4 3.3,EC+B+ = 11.6 3.3"
87,119,206,Fr,1,200.0,7(+),-1046.859,,16.0,wallet,False,False,ALPHA,"a = 84.7 1.5,EC+B+ = 15.3 1.5"
87,119,206,Fr,2,730.0,10(-),-516.8589999999999,,0.7,wallet,False,False,IT,"IT = 87 2,a = 13 2"
87,120,207,Fr,0,0.0,9/2-,-2849.021,,14.8,chart,False,False,ALPHA,"a = 95 2,EC+B+ = 5 2"
87,121,208,Fr,0,0.0,7+,-2664.928,,58.6,chart,False,False,ALPHA,"a = 89 3,EC+B+ = 11 3"
87,122,209,Fr,0,0.0,9/2-,-3782.144,,50.5,chart,False,False,ALPHA,"a = 89 3,EC+B+ = 11 3"
87,123,210,Fr,0,0.0,6+,-3343.508,,190.8,chart,False,False,ALPHA,"a = 71 4,EC+B+ = 29 4"
87,124,211,Fr,0,0.0,9/2-,-4140.314,,186.0,chart,False,False,ALPHA,"a = 87 3,EC = 13 3"
87,125,212,Fr,0,0.0,5+,-3515.998,,1218.0,chart,False,False,EC_BP,"a = 43 2,EC+B+ = 57 2"
87,126,213,Fr,0,0.0,9/2-,-3554.199,,34.17,chart,False,False,ALPHA,"a = 99.45 0.05,EC+B+ = 0.55 0.05"
87,127,214,Fr,0,0.0,(1-),-958.327,,0.0055,chart,False,False,ALPHA,a = 100
87,128,215,Fr,0,0.0,9/2-,318.137,,8.9e-08,chart,False,False,ALPHA,a = 100
87,129,216,Fr,0,0.0,(1-),2971.022,,7e-07,chart,False,False,ALPHA,a = 100
87,130,217,Fr,0,0.0,9/2-,4314.663,,2.2e-05,chart,False,False,ALPHA,a = 100
87,131,218,Fr,0,0.0,1-,7059.44,,0.0011,chart,False,False,ALPHA,a = 100
87,132,219,Fr,0,0.0,9/2-,8616.939,,0.022,chart,False,False,ALPHA,a = 100
87,133,220,Fr,0,0.0,1+,11482.332,,27.4,chart,False,False,ALPHA,"B- = 0.35 0.05,a = 99.65 0.05"
87,134,221,Fr,0,0.0,5/2-,13277.251,,288.06,chart,False,False,ALPHA,"14C = 8.8e-11 1.1e-11,a = 99.995 0.003,B- = 0.005 0.003"
87,135,222,Fr,0,0.0,2-,16378.103,,852.0,chart,False,False,B-,B- = 100 
87,136,223,Fr,0,0.0,3/2(-),18382.329,,1319.4,chart,False,False,B-,"B- = 99.994,a = 0.006"
87,137,224,Fr,0,0.0,1(-),21748.614,,199.8,chart,False,False,B-,B- = 100 
87,138,225,Fr,0,0.0,3/2-,23820.602,,240.0,chart,False,False,B-,B- = 100 
87,139,226,Fr,0,0.0,1-,27520.539,,49.0,chart,False,False,B-,B- = 100 
87,140,227,Fr,0,0.0,1/2+,29682.445,,148.20000000000002,chart,False,False,B-,B- = 100 
87,141,228,Fr,0,0.0,2-,33384.221,,38.0,chart,False,False,B-,B- = 100
87,142,229,Fr,0,0.0,(1/2+),35668.253,,50.2,chart,False,False,B-,B- = 100 
87,143,230,Fr,0,0.0,,39486.769,,19.1,chart,False,False,B-,B- = 100
87,144,231,Fr,0,0.0,(1/2+),42080.575,,17.6,chart,False,False,B-,B- = 100
87,145,232,Fr,0,0.0,(5),46072.834,,5.5,chart,False,False,B-,B- = 100 
87,146,233,Fr,0,0.0,,48920.052,,0.9,chart,False,False,B-,"B- = 100,B-n?"
88,113,201,Ra,0,0.0,(3/2-),11936.817,,0.008,chart,False,False,ALPHA,a = 100
88,113,201,Ra,1,260.0,(13/2+),12196.817,,0.0016,wallet,False,False,ALPHA,a = 100
88,114,202,Ra,0,0.0,0+,9074.9,,0.0038,chart,False,False,ALPHA,a ~ 100 
88,115,203,Ra,0,0.0,3/2-,8601.331,,0.031,chart,False,False,ALPHA,a ~ 100 
88,116,204,Ra,0,0.0,0+,6061.097,,0.058,chart,False,False,ALPHA,a ~ 100 
88,117,205,Ra,0,0.0,(3/2-),5803.853,,0.215,chart,False,False,ALPHA,a ~ 100 
88,117,205,Ra,1,263.0,(13/2+),6066.853,,0.17,wallet,False,False,ALPHA,a ~ 100 
88,118,206,Ra,0,0.0,0+,3565.613,,0.24,chart,False,False,ALPHA,a ~ 100 
88,119,207,Ra,0,0.0,"(3/2-),(5/2-)",3513.988,,1.4,chart,False,False,ALPHA,"a ~ 86 ,EC+B+ ~ 14 "
88,120,208,Ra,0,0.0,0+,1727.934,,1.11,chart,False,False,ALPHA,"a = 87 3,EC+B+ = 13 3"
88,121,209,Ra,0,0.0,5/2-,1858.24,,4.8,chart,False,False,ALPHA,a ~ 100 
88,122,210,Ra,0,0.0,0+,442.839,,3.9,chart,False,False,ALPHA,a ~ 100 
88,123,211,Ra,0,0.0,5/2(-),831.87,,13.0,chart,False,False,ALPHA,a ~ 100 
88,124,212,Ra,0,0.0,0+,-198.763,,13.0,chart,False,False,ALPHA,a ~ 100 
88,125,213,Ra,0,0.0,1/2-,345.557,,163.8,chart,False,False,ALPHA,"a = 86 2,EC+B+ = 14 2"
88,126,214,Ra,0,0.0,0+,92.74,,2.438,chart,False,False,ALPHA,"a = 99.94 0.004,EC = 0.06 0.004"
88,127,215,Ra,0,0.0,(9/2+),2531.995,,0.00168,chart,False,False,ALPHA,a = 100
88,128,216,Ra,0,0.0,0+,3291.466,,1.72e-07,chart,False,False,ALPHA,a = 100
88,129,217,Ra,0,0.0,(9/2+),5889.536,,1.59e-06,chart,False,False,ALPHA,a = 100
88,130,218,Ra,0,0.0,0+,6645.556,,2.59099999999e-05,chart,False,False,ALPHA,a = 100
88,131,219,Ra,0,0.0,(7/2+),9393.853,,0.009,chart,False,False,ALPHA,a = 100
88,132,220,Ra,0,0.0,0+,10272.091,,0.018,chart,False,False,ALPHA,a = 100
88,133,221,Ra,0,0.0,5/2+,12963.877,,16.0,chart,False,False,ALPHA,"14C = 1.2e-10 9e-11,a = 100"
88,134,222,Ra,0,0.0,0+,14320.205,,33.6,chart,False,False,ALPHA,"14C = 2.9e-8 6e-9,a = 100"
88,135,223,Ra,0,0.0,3/2+,17233.245,,988001.28,chart,False,False,ALPHA,"14C = 8.9e-8 4e-9,a = 100"
88,136,224,Ra,0,0.0,0+,18825.832,,313744.32,chart,False,False,ALPHA,"14C = 4e-9 1e-9,a = 100"
88,137,225,Ra,0,0.0,1/2+,21993.044,,1278720.0,chart,False,False,B-,B- = 100 
88,138,226,Ra,0,0.0,0+,23667.576,,50492160000.0,chart,False,False,ALPHA,"14C = 2.6e-9 6e-10,a = 100"
88,139,227,Ra,0,0.0,3/2+,27177.464,,2532.0,chart,False,False,B-,B- = 100 
88,140,228,Ra,0,0.0,0+,28940.194,,181456200.0,chart,False,False,B-,B- = 100 
88,141,229,Ra,0,0.0,5/2+,32561.963,,240.0,chart,False,False,B-,B- = 100
88,142,230,Ra,0,0.0,0+,34516.306,,5580.0,chart,False,False,B-,B- = 100 
88,143,231,Ra,0,0.0,(5/2+),38216.488,,103.9,chart,False,False,B-,B- = 100
88,144,232,Ra,0,0.0,0+,40496.955,,252.0,chart,False,False,B-,B- = 100
88,145,233,Ra,0,0.0,(1/2+),44334.062,,30.0,chart,False,False,B-,B- = 100
88,146,234,Ra,0,0.0,0+,46930.629,,30.0,chart,False,False,B-,B- = 100
89,115,204,Ac,0,0.0,,,,0.0074,wallet,False,False,ALPHA,a ~ 100 
89,116,205,Ac,0,0.0,(9/2-),14106.689,,0.0077,chart,False,False,ALPHA,a ~ 100 
89,117,206,Ac,0,0.0,(3+),13484.754,,0.027,chart,False,False,ALPHA,a ~ 100 
89,117,206,Ac,1,200.0,(10-),13684.754,,0.033,wallet,False,False,ALPHA,a ~ 100 
89,118,207,Ac,0,0.0,(9/2-),11146.228,,0.027,chart,False,False,ALPHA,a ~ 100 
89,119,208,Ac,0,0.0,(3+),10760.854,,0.093,chart,False,False,ALPHA,a ~ 100 
89,120,209,Ac,0,0.0,(9/2-),8844.887,,0.091,chart,False,False,ALPHA,a ~ 100 
89,121,210,Ac,0,0.0,,8764.079,,0.344,chart,False,False,ALPHA,a ~ 100 
89,122,211,Ac,0,0.0,9/2-,7143.485,,0.21,chart,False,False,ALPHA,a ~ 100 
89,123,212,Ac,0,0.0,(7+),7299.6,,0.895,chart,False,False,ALPHA,a ~ 100 
89,124,213,Ac,0,0.0,9/2-,6141.029,,0.738,chart,False,False,ALPHA,a ~ 100 
89,125,214,Ac,0,0.0,5(+),6433.272,,8.2,chart,False,False,ALPHA,"a = 89 ,EC+B+ = 11 "
89,126,215,Ac,0,0.0,9/2-,6030.55,,0.17,chart,False,False,ALPHA,"a = 99.91 0.02,EC+B+ = 0.09 0.02"
89,127,216,Ac,0,0.0,(1-),8149.736,,0.0003599999999999,chart,False,False,ALPHA,a = 100
89,128,217,Ac,0,0.0,9/2-,8702.321,,6.900000000000002e-08,chart,False,False,ALPHA,a = 100
89,129,218,Ac,0,0.0,(1-),10850.845,,1.02e-06,chart,False,False,ALPHA,a = 100
89,130,219,Ac,0,0.0,9/2-,11569.553,,9.4999999999e-06,chart,False,False,ALPHA,a = 100
89,131,220,Ac,0,0.0,(3-),13743.755,,0.0264,chart,False,False,ALPHA,a = 100
89,132,221,Ac,0,0.0,,14531.048,,0.052,chart,False,False,ALPHA,a = 100
89,133,222,Ac,0,0.0,1-,16621.797,,4.9,chart,False,False,ALPHA,"a = 99 1,EC+B+ = 1 1"
89,133,222,Ac,1,30.0,,16651.797,,63.0,wallet,False,False,ALPHA,"EC+B+ = 1.4 0.6,a = 93.6 5,IT = 5 5"
89,134,223,Ac,0,0.0,(5/2-),17825.055,,127.2,chart,False,False,ALPHA,"a = 99,EC = 1"
89,135,224,Ac,0,0.0,(0-),20234.148,,10008.0,chart,False,False,OTHER,"a = 9.1 +2-1.4,EC+B+ = 90.9 +1.4-2"
89,136,225,Ac,0,0.0,(3/2-),21637.305,,857001.6000000001,chart,False,False,ALPHA,"14C = 5.3e-10 1.3e-10,a = 100"
89,137,226,Ac,0,0.0,(1),24309.201,,105732.0,chart,False,False,B-,"EC = 17 3,a = 0.006 0.002,B- = 83 3"
89,138,227,Ac,0,0.0,3/2-,25849.515,,687087846.0,chart,False,False,B-,"B- = 98.62 0.0036,a = 1.38 0.0036"
89,139,228,Ac,0,0.0,3+,28894.654,,22140.0,chart,False,False,B-,B- = 100 
89,140,229,Ac,0,0.0,(3/2+),30689.936,,3762.0,chart,False,False,B-,B- = 100 
89,141,230,Ac,0,0.0,(1+),33838.386,,122.0,chart,False,False,B-,"B- = 100,B-f = 0.0000012 4e-7"
89,142,231,Ac,0,0.0,1/2+,35762.853,,450.0,chart,False,False,B-,B- = 100
89,143,232,Ac,0,0.0,(1+),39154.423,,119.0,chart,False,False,B-,B- = 100
89,144,233,Ac,0,0.0,(1/2+),41308.037,,143.0,chart,False,False,B-,B- = 100
89,145,234,Ac,0,0.0,(1+),44841.195,,44.0,chart,False,False,B-,B- = 100
89,146,235,Ac,0,0.0,,47357.16,,62.0,chart,False,False,B-,B- = 100
89,147,236,Ac,0,0.0,,51220.998,,72.0,chart,False,False,B-,B- = 100
90,117,207,Th,0,0.0,,,,0.01,wallet,False,False,ALPHA,a ~ 100 
90,118,208,Th,0,0.0,0+,16688.041,,0.0031,chart,False,False,ALPHA,a ~ 100 
90,119,209,Th,0,0.0,(13/2+),16395.0,,0.0025,chart,False,False,ALPHA,a ~ 100 
90,120,210,Th,0,0.0,0+,14059.521,,0.0157,chart,False,False,ALPHA,a ~ 100 
90,121,211,Th,0,0.0,(3/2-),13876.396,,0.037,chart,False,False,ALPHA,a ~ 100 
90,122,212,Th,0,0.0,0+,12110.886,,0.0317,chart,False,False,ALPHA,a ~ 100 
90,123,213,Th,0,0.0,5/2-,12120.108,,0.146,chart,False,False,ALPHA,a ~ 100 
90,124,214,Th,0,0.0,0+,10694.932,,0.1,chart,False,False,ALPHA,a = 100
90,125,215,Th,0,0.0,(1/2-),10921.434,,1.4,chart,False,False,ALPHA,a = 100
90,126,216,Th,0,0.0,0+,10298.537,,0.026,chart,False,False,ALPHA,a = 100
90,127,217,Th,0,0.0,(9/2+),12205.78,,0.000254,chart,False,False,ALPHA,a = 100
90,128,218,Th,0,0.0,0+,12366.747,,1.21e-07,chart,False,False,ALPHA,a = 100
90,129,219,Th,0,0.0,(9/2+),14462.78,,1.02e-06,chart,False,False,ALPHA,a = 100
90,130,220,Th,0,0.0,0+,14689.538,,1.01999999999e-05,chart,False,False,ALPHA,a = 100
90,131,221,Th,0,0.0,(7/2+),16939.926,,0.00173,chart,False,False,ALPHA,a = 100
90,132,222,Th,0,0.0,0+,17203.039,,0.00197,chart,False,False,ALPHA,a = 100
90,133,223,Th,0,0.0,(5/2)+,19385.402,,0.6,chart,False,False,ALPHA,a = 100
90,134,224,Th,0,0.0,0+,19995.581,,1.041,chart,False,False,ALPHA,a = 100
90,135,225,Th,0,0.0,(3/2+),22310.193,,523.2,chart,False,False,ALPHA,"a ~ 90 ,EC ~ 10 "
90,136,226,Th,0,0.0,0+,23197.649,,1841.4,chart,False,False,ALPHA,a = 100
90,137,227,Th,0,0.0,1/2+,25804.759,,1615127.04,chart,False,False,ALPHA,a = 100
90,138,228,Th,0,0.0,0+,26770.899,,60325508.16,chart,False,False,ALPHA,"20O = 1.13e-11 2.2e-12,a = 100"
90,139,229,Th,0,0.0,5/2+,29585.517,,249541722000.0,chart,False,False,ALPHA,a = 100
90,140,230,Th,0,0.0,0+,30862.512,0.02,2379443040000.0,chart,False,False,ALPHA,"24Ne = 5.8e-11 1.3e-11,a = 100"
90,141,231,Th,0,0.0,5/2+,33815.811,,91872.0,chart,False,False,B-,B- = 100
90,142,232,Th,0,0.0,0+,35446.71,99.98,4.439655659743416e+17,chart,False,False,ALPHA,"a = 100,f = 1.1e-9 4e-10"
90,143,233,Th,0,0.0,1/2+,38731.642,,1309.8,chart,False,False,B-,B- = 100
90,144,234,Th,0,0.0,0+,40612.958,,2082844.8,chart,False,False,B-,B- = 100
90,145,235,Th,0,0.0,(1/2+),44017.754,,432.0,chart,False,False,B-,B- = 100
90,146,236,Th,0,0.0,0+,46255.203,,2250.0,chart,False,False,B-,B- = 100
90,147,237,Th,0,0.0,,49955.097,,287.4,chart,False,False,B-,B- = 100
90,148,238,Th,0,0.0,0+,52525.0,,564.0,chart,False,False,B-,B- = 100
91,120,211,Pa,0,0.0,(9/2-),22052.226,,0.0038,chart,False,False,ALPHA,"p?,a ~ 100 "
91,121,212,Pa,0,0.0,(3+),21596.523,,0.005,chart,False,False,ALPHA,a ~ 100 
91,122,213,Pa,0,0.0,9/2-,19654.194,,0.0053,chart,False,False,ALPHA,a = 100
91,123,214,Pa,0,0.0,,19459.895,,0.017,chart,False,False,ALPHA,a = 100
91,124,215,Pa,0,0.0,(9/2-),17804.537,,0.014,chart,False,False,ALPHA,a = 100
91,125,216,Pa,0,0.0,,17823.799,,0.118,chart,False,False,ALPHA,a ~ 100 
91,126,217,Pa,0,0.0,(9/2-),17054.748,,0.0037,chart,False,False,ALPHA,a = 100
91,127,218,Pa,0,0.0,,18649.568,,0.0001089999999999,chart,False,False,ALPHA,a = 100
91,128,219,Pa,0,0.0,9/2-,18583.223,,5.5e-08,chart,False,False,ALPHA,a = 100
91,129,220,Pa,0,0.0,1-,20278.397,,8.9e-07,chart,False,False,ALPHA,a = 100
91,130,221,Pa,0,0.0,9/2-,20374.937,,5.9e-06,chart,False,False,ALPHA,a = 100
91,131,222,Pa,0,0.0,,22064.361,,0.00389,chart,False,False,ALPHA,a = 100
91,132,223,Pa,0,0.0,(9/2-),22337.614,,0.0053,chart,False,False,ALPHA,a = 100
91,133,224,Pa,0,0.0,(5-),23862.351,,0.85,chart,False,False,ALPHA,a = 100
91,134,225,Pa,0,0.0,,24356.64,,1.7,chart,False,False,ALPHA,a = 100
91,135,226,Pa,0,0.0,,26033.6,,108.0,chart,False,False,ALPHA,"a = 74 5,EC+B+ = 26 5"
91,136,227,Pa,0,0.0,(5/2-),26830.371,,2298.0,chart,False,False,ALPHA,"a = 85 2,EC = 15 2"
91,137,228,Pa,0,0.0,3+,28923.599,,71280.0,chart,False,False,EC_BP,"a = 1.85 0.17,EC+B+ = 98.15 0.17"
91,138,229,Pa,0,0.0,5/2+,29896.848,,133920.0,chart,False,False,EC_BP,"a = 0.51 0.04,EC = 99.49 0.04"
91,139,230,Pa,0,0.0,2-,32173.543,,1503359.9999999998,chart,False,False,EC_BP,"EC+B+ = 92.2 0.7,a = 0.0035 0.0004,B- = 7.8 0.7"
91,140,231,Pa,0,0.0,3/2-,33424.338,100.0,1033164266400.0,chart,False,False,ALPHA,"24Ne = 1.34e-9 1.7e-10,a = 100"
91,141,232,Pa,0,0.0,(2-),35946.549,,113184.0,chart,False,False,B-,B- = 100
91,142,233,Pa,0,0.0,3/2-,37489.41,,2330640.0,chart,False,False,B-,B- = 100
91,143,234,Pa,0,0.0,4+,40338.87,,24015.6,chart,False,False,B-,B- = 100
91,143,234,Pa,1,76.5,(0-),40415.37,,69.54,wallet,False,False,B-,"B- = 99.84 0.04,IT = 0.16 0.04"
91,144,235,Pa,0,0.0,(3/2-),42288.901,,1464.0,chart,False,False,B-,B- = 100
91,145,236,Pa,0,0.0,1(+),45333.955,,546.0,chart,False,False,B-,B- = 100
91,146,237,Pa,0,0.0,(1/2+),47527.624,,522.0,chart,False,False,B-,B- = 100
91,147,238,Pa,0,0.0,(3-),50894.043,,138.0,chart,False,False,B-,B- = 100
91,148,239,Pa,0,0.0,(3/2),53337.0,,6480.0,chart,False,False,B-,B- = 100
92,122,214,U,0,0.0,0+,,,0.0005200000000000001,wallet,False,False,ALPHA,a = 100
92,123,215,U,0,0.0,,24889.312,,0.0007,chart,False,False,ALPHA,a ~ 100 
92,124,216,U,0,0.0,0+,23066.429,,0.0045,chart,False,False,ALPHA,a ~ 100 
92,125,217,U,0,0.0,,22971.0,,0.016,chart,False,False,ALPHA,a ~ 100 
92,126,218,U,0,0.0,0+,21894.655,,0.00063,chart,False,False,ALPHA,a = 100
92,127,219,U,0,0.0,(9/2+),23295.953,,5.99999999999e-05,chart,False,False,ALPHA,a = 100
92,129,221,U,0,0.0,(9/2+),24519.996,,6.6e-07,chart,False,False,ALPHA,a ~ 100 
92,130,222,U,0,0.0,0+,24272.834,,4.7e-06,chart,False,False,ALPHA,a ~ 100 
92,131,223,U,0,0.0,,26045.278,,6.2e-05,chart,False,False,ALPHA,a = 100
92,132,224,U,0,0.0,0+,25742.69,,0.000396,chart,False,False,ALPHA,a = 100
92,133,225,U,0,0.0,,27372.001,,0.061,chart,False,False,ALPHA,a = 100
92,134,226,U,0,0.0,0+,27328.797,,0.267,chart,False,False,ALPHA,a = 100
92,135,227,U,0,0.0,(3/2+),29045.034,,66.0,chart,False,False,ALPHA,a = 100
92,136,228,U,0,0.0,0+,29220.001,,546.0,chart,False,False,ALPHA,"a = 95 ,EC = 5 "
92,137,229,U,0,0.0,(3/2+),31210.62,,3468.0,chart,False,False,EC_BP,"a ~ 20 ,EC ~ 80 "
92,138,230,U,0,0.0,0+,31615.017,,1747872.0,chart,False,False,ALPHA,"22Ne = 4.8e-12 2e-12,a = 100"
92,139,231,U,0,0.0,(5/2),33805.952,,362880.0,chart,False,False,EC_BP,"a = 0.004 0.001,EC = 99.996 0.001"
92,140,232,U,0,0.0,0+,34609.445,,2174318640.0,chart,False,False,ALPHA,"24Ne = 8.9e-10 7e-11,f = 2.7e-12 6e-13,a = 100"
92,141,233,U,0,0.0,5/2+,36919.111,,5023622786400.0,chart,False,False,ALPHA,"24Ne = 7.2e-11 9e-12,a = 100"
92,142,234,U,0,0.0,0+,38144.959,0.0054,7747390800000.0,chart,False,False,ALPHA,"f = 1.64e-9 2.2e-10,Ne = 9e-12 7e-12,28Mg = 1.4e-11 3e-12,a = 100"
92,143,235,U,0,0.0,7/2-,40918.782,0.7204,2.22157389594312e+16,chart,False,False,ALPHA,"20Ne = 8e-10 4e-10,a = 100,f = 7e-9 2e-9,25Ne = 8e-10,28Mg = 8e-10"
92,143,235,U,1,0.076737,1/2+,40918.858737,,1638.0,wallet,False,False,IT,IT = 100
92,144,236,U,0,0.0,0+,42444.582,,739394568000000.0,chart,False,False,ALPHA,"a = 100,f = 9.4e-8 "
92,145,237,U,0,0.0,1/2+,45390.133,,583372.7999999999,chart,False,False,B-,B- = 100
92,146,238,U,0,0.0,0+,47307.732,99.2742,1.4084883020376e+17,chart,False,False,ALPHA,"2B- = 2.2e-10 3e-11,f = 0.0000544 7e-7,a = 100"
92,147,239,U,0,0.0,5/2+,50572.668,,1407.0,chart,False,False,B-,B- = 100
92,148,240,U,0,0.0,0+,52715.497,,50760.0,chart,False,False,B-,B- = 100
92,149,241,U,0,0.0,,56197.0,,,none,False,False,B-,B- = 100
92,150,242,U,0,0.0,0+,58620.0,,1008.0,chart,False,False,B-,B- = 100 
93,126,219,Np,0,0.0,,29436.951,,0.00015,chart,False,False,ALPHA,a ~ 100 
93,127,220,Np,0,0.0,,30475.022,,2.49999999999e-05,chart,False,False,ALPHA,a ~ 100 
93,129,222,Np,0,0.0,,31274.641,,3.8e-07,chart,False,False,ALPHA,a = 100
93,130,223,Np,0,0.0,(9/2-),30658.583,,2.1499999999e-06,chart,False,False,ALPHA,a ~ 100 
93,131,224,Np,0,0.0,,32032.248,,3.79999999999e-05,chart,False,False,ALPHA,a ~ 100 
93,132,225,Np,0,0.0,,31618.098,,0.0037,chart,False,False,ALPHA,a ~ 100 
93,133,226,Np,0,0.0,,32816.877,,0.037,chart,False,False,ALPHA,a = 100
93,134,227,Np,0,0.0,,32579.018,,0.51,chart,False,False,ALPHA,a = 100
93,135,228,Np,0,0.0,,33825.0,,61.4,chart,False,False,EC_BP,"a = 40 7,EC+B+ = 60 7"
93,136,229,Np,0,0.0,,33801.378,,240.0,chart,False,False,ALPHA,"a = 68 11,EC+B+ = 32 11"
93,137,230,Np,0,0.0,,35236.615,,277.8,chart,False,False,EC_BP,"a = 3 ,EC+B+ = 97 "
93,138,231,Np,0,0.0,(5/2-),35623.686,,2928.0,chart,False,False,EC_BP,"a = 2 1,EC+B+ = 98 1"
93,139,232,Np,0,0.0,(4+),37359.0,,882.0,chart,False,False,EC_BP,EC+B+ = 100
93,140,233,Np,0,0.0,(5/2+),37948.531,,2172.0,chart,False,False,EC_BP,"a = 0.0007 ,EC = 100"
93,141,234,Np,0,0.0,(0+),39954.806,,380160.00000000006,chart,False,False,EC_BP,EC+B+ = 100 
93,142,235,Np,0,0.0,5/2+,41043.044,,34223040.0,chart,False,False,EC_BP,"a = 0.0026 0.00013,EC = 99.9974 0.00013"
93,143,236,Np,0,0.0,6(-),43378.094,,4891428000000.0,chart,False,False,EC_BP,"EC = 87.84 0.2,a = 0.16 0.04,B- = 12 0.1"
93,143,236,Np,1,57.0,1(-),43435.094,,81000.0,wallet,False,False,EC_BP,"B- = 49 1,EC = 51 1"
93,144,237,Np,0,0.0,5/2+,44871.599,,67659494400000.0,chart,False,False,ALPHA,a = 100
93,145,238,Np,0,0.0,2+,47454.597,,181379.52,chart,False,False,B-,B- = 100
93,146,239,Np,0,0.0,5/2+,49311.005,,203541.12,chart,False,False,B-,B- = 100
93,147,240,Np,0,0.0,(5+),52316.229,,3714.0,chart,False,False,B-,B- = 100
93,147,240,Np,1,18.0,(1+),52334.229,,433.2,wallet,False,False,B-,"B- = 99.88 0.01,IT = 0.12 0.01"
93,148,241,Np,0,0.0,5/2+,54315.115,,834.0,chart,False,False,B-,B- = 100 
93,149,242,Np,0,0.0,(1+),57416.876,,132.0,chart,False,False,B-,B- = 100 
93,149,242,Np,1,0.0,(6+),57416.876,,330.0,wallet,False,False,B-,B- = 100 
93,150,243,Np,0,0.0,(5/2),59806.0,,111.0,chart,False,False,B-,B- = 100
93,151,244,Np,0,0.0,(7-),63240.0,,137.4,chart,False,False,B-,B- = 100
94,134,228,Pu,0,0.0,0+,36107.809,,1.1,chart,False,False,ALPHA,a = 100
94,135,229,Pu,0,0.0,(3/2+),37394.924,,83.0,chart,False,False,ALPHA,"a = 50 20,EC+B+ = 50 20"
94,136,230,Pu,0,0.0,0+,36932.17,,107.0,chart,False,False,ALPHA,a = 100
94,137,231,Pu,0,0.0,(3/2+),38308.577,,516.0,chart,False,False,OTHER,"a = 10 +7-3,EC+B+ = 90 +3-7"
94,138,232,Pu,0,0.0,0+,38360.915,,1986.0,chart,False,False,EC_BP,"a ~ 10 ,EC ~ 90 "
94,139,233,Pu,0,0.0,(5/2),40051.836,,1254.0,chart,False,False,EC_BP,"a = 0.12 0.05,EC+B+ = 99.88 0.05"
94,140,234,Pu,0,0.0,0+,40349.986,,31680.000000000004,chart,False,False,EC_BP,"a ~ 6 ,EC ~ 94 "
94,141,235,Pu,0,0.0,(5/2+),42182.346,,1518.0,chart,False,False,EC_BP,"a = 0.0028 0.0007,EC+B+ = 99.9972 0.0007"
94,142,236,Pu,0,0.0,0+,42901.508,,90191620.8,chart,False,False,ALPHA,"28Mg = 2.7e-12,f = 1.9e-7 4e-8,a = 100"
94,143,237,Pu,0,0.0,7/2-,45091.662,,3943296.0,chart,False,False,EC_BP,"a = 0.0032 0.0006,EC = 99.9968 0.0006"
94,143,237,Pu,1,145.543,1/2+,45237.205,,0.18,wallet,False,False,IT,IT = 100
94,144,238,Pu,0,0.0,0+,46163.148,,2767601520.0,chart,False,False,ALPHA,"Si = 1.4e-14,f = 1.9e-7 1e-8,a = 100,Mg = 6e-15"
94,145,239,Pu,0,0.0,1/2+,48588.22,,760822178400.0,chart,False,False,ALPHA,"a = 100,f = 3.01e-10 7.5e-11"
94,146,240,Pu,0,0.0,0+,50125.319,,207087282720.0,chart,False,False,ALPHA,"a = 100,f = 0.000005796 3.9e-8"
94,147,241,Pu,0,0.0,5/2+,52955.115,,452188850.4,chart,False,False,B-,"B- = 99.99755 0.00008,a = 0.00245 0.00008"
94,148,242,Pu,0,0.0,0+,54716.876,,11834100000000.0,chart,False,False,ALPHA,"a = 100,f = 0.00055 0.000006"
94,149,243,Pu,0,0.0,7/2+,57754.561,,17838.0,chart,False,False,B-,B- = 100 
94,150,244,Pu,0,0.0,0+,59806.021,,2565632880000000.0,chart,False,False,ALPHA,"a = 99.877 0.006,f = 0.123 0.006"
94,150,244,Pu,1,1211.2,8-,61017.221,,1.75,wallet,False,False,IT,IT = 100
94,151,245,Pu,0,0.0,(9/2-),63178.173,,37944.0,chart,False,False,B-,B- = 100
94,152,246,Pu,0,0.0,0+,65394.772,,936576.0,chart,False,False,B-,B- = 100
94,153,247,Pu,0,0.0,(1/2+),69210.0,,196128.0,chart,False,False,B-,B- = 100 
95,128,223,Am,0,0.0,,42700.0,,0.0052,chart,False,False,ALPHA,a ~ 100 
95,134,229,Am,0,0.0,,42180.414,,0.9,chart,False,False,ALPHA,a ~ 100 
95,135,230,Am,0,0.0,,42872.0,,36.0,chart,False,False,EC_BP,"ECf = 30 ,EC+B+ = 100"
95,137,232,Am,0,0.0,,43420.0,,78.60000000000001,chart,False,False,EC_BP,"ECf = 0.069 0.01,EC+B+ ~ 100 "
95,138,233,Am,0,0.0,,43285.0,,192.0,chart,False,False,EC_BP,"a = 4.5 1.5,EC+B+ = 95.5 1.5"
95,139,234,Am,0,0.0,,44462.0,,139.2,chart,False,False,EC_BP,"ECf = 0.0066 0.0018,EC+B+ = 100,a = 0.04 "
95,140,235,Am,0,0.0,(5/2-),44624.602,,618.0,chart,False,False,EC_BP,"a = 0.4 0.05,EC+B+ = 99.6 0.05"
95,141,236,Am,0,0.0,5-,46041.0,,216.0,chart,False,False,EC_BP,"a = 0.004 ,EC+B+ = 100"
95,141,236,Am,1,0.0,(1-),46041.0,,174.0,wallet,False,False,EC_BP,"a = 0.004 ,EC+B+ = 100"
95,142,237,Am,0,0.0,5/2(-),46570.0,,4380.0,chart,False,False,EC_BP,"a = 0.025 0.003,EC+B+ = 99.975 0.003"
95,143,238,Am,0,0.0,1+,48421.421,,5844.0,chart,False,False,EC_BP,"a = 0.0001 0.00004,EC+B+ = 100"
95,144,239,Am,0,0.0,(5/2)-,49390.36,,42840.0,chart,False,False,EC_BP,"a = 0.01 0.001,EC = 99.99 0.001"
95,145,240,Am,0,0.0,(3-),51510.11,,183240.0,chart,False,False,EC_BP,"a ~ 0.00019 ,EC+B+ = 100"
95,146,241,Am,0,0.0,5/2-,52934.335,,13651817760.0,chart,False,False,ALPHA,"a = 100,f = 3.6e-10 9e-11"
95,147,242,Am,0,0.0,1-,55468.014,,57672.0,chart,False,False,B-,"B- = 83 0.3,EC = 17 0.3"
95,147,242,Am,1,48.603,5-,55516.617000000006,,4478023440.0,wallet,False,False,IT,"IT = 99.55 0.01,a = 0.45 0.01"
95,148,243,Am,0,0.0,5/2-,57175.005,,231790572000.0,chart,False,False,ALPHA,"a = 100,f = 3.8e-9 7e-10"
95,149,244,Am,0,0.0,(6-),59879.135,,36072.0,chart,False,False,B-,B- = 100
95,149,244,Am,1,89.5,1+,59968.635,,1567.8,wallet,False,False,B-,"B- = 99.9636 0.0012,EC = 0.0364 0.0012"
95,150,245,Am,0,0.0,(5/2+),61900.417,,7369.200000000001,chart,False,False,B-,B- = 100
95,151,246,Am,0,0.0,(7-),64994.0,,2340.0,chart,False,False,B-,B- = 100
95,151,246,Am,1,0.0,2(-),64994.0,,1500.0,wallet,False,False,B-,"B- = 100,IT?"
95,152,247,Am,0,0.0,(5/2),67153.0,,1380.0,chart,False,False,B-,B- = 100 
96,137,233,Cm,0,0.0,,47293.34,,23.0,chart,False,False,EC_BP,"a = 20 10,EC+B+ = 80 10"
96,138,234,Cm,0,0.0,0+,46722.411,,50.0,chart,False,False,EC_BP,"f ~ 2 ,EC+B+ ~ 71 ,a ~ 27 "
96,139,235,Cm,0,0.0,,48013.0,,300.0,chart,False,False,OTHER,"a = 1 +0.7-0.5,EC+B+ = 99 +0.5-0.7"
96,140,236,Cm,0,0.0,0+,47852.82,,408.0,chart,False,False,EC_BP,"a = 18 2,EC+B+ = 82 2"
96,141,237,Cm,0,0.0,,49247.151,,,none,False,False,EC_BP,"a?,EC+B+ ~ 100 "
96,142,238,Cm,0,0.0,0+,49445.203,,7920.000000000001,chart,False,False,EC_BP,"EC = 96.16 0.18,f = 0.048 0.002,a = 3.84 0.18"
96,143,239,Cm,0,0.0,(7/2-),51146.962,,9000.0,chart,False,False,EC_BP,"a = 0.001 ,EC+B+ ~ 100 "
96,144,240,Cm,0,0.0,0+,51724.222,,2626560.0,chart,False,False,ALPHA,"EC = 0.5 ,f = 0.0000039 8e-7,a = 99.5 "
96,145,241,Cm,0,0.0,1/2+,53701.77,,2833919.9999999995,chart,False,False,EC_BP,"a = 1 0.1,EC = 99 0.1"
96,146,242,Cm,0,0.0,0+,54803.699,,14072832.0,chart,False,False,ALPHA,"f = 0.0000062 3e-7,a = 100,34Si = 1e-14"
96,147,243,Cm,0,0.0,5/2+,57181.936,,920850768.0,chart,False,False,ALPHA,"EC = 0.29 0.03,f = 5.3e-9 9e-10,a = 99.71 0.03"
96,148,244,Cm,0,0.0,0+,58451.835,,571571251.1999999,chart,False,False,ALPHA,"a ~ 100 ,f = 0.00013779 0.00000235"
96,149,245,Cm,0,0.0,7/2+,61004.524,,260192412000.0,chart,False,False,ALPHA,"a = 100,f = 6.1e-7 9e-8"
96,150,246,Cm,0,0.0,0+,62616.912,,150119503200.0,chart,False,False,ALPHA,"a = 99.97385 0.00007,f = 0.02615 0.00007"
96,150,246,Cm,1,1179.7,8-,63796.612,,1.12,wallet,False,False,IT,IT = 100
96,151,247,Cm,0,0.0,9/2-,65533.105,,492298560000000.0,chart,False,False,ALPHA,a = 100
96,152,248,Cm,0,0.0,0+,67392.748,,10996908429600.0,chart,False,False,ALPHA,"a = 91.61 0.16,f = 8.39 0.16"
96,153,249,Cm,0,0.0,1/2+,70750.696,,3849.000000000001,chart,False,False,B-,B- = 100
96,154,250,Cm,0,0.0,0+,72989.588,,261928080000.0,chart,False,False,OTHER,"f ~ 74 ,a?,B-?"
96,155,251,Cm,0,0.0,"(1/2+),(3/2+)",76647.981,,1008.0,chart,False,False,B-,B- = 100
97,136,233,Bk,0,0.0,,52771.0,,21.0,chart,False,False,ALPHA,"a = 0 ,EC+B+?"
97,137,234,Bk,0,0.0,,53395.0,,19.0,chart,False,False,ALPHA,"a = 83 ,EC+B+ = 20 "
97,139,236,Bk,0,0.0,"(4+),(6-)",53542.0,,22.0,chart,False,False,EC_BP,"ECf = 4 2,EC+B+ ~ 83 ,a ~ 17 "
97,140,237,Bk,0,0.0,,53210.0,,,none,False,False,ALPHA,"a?,EC+B+?"
97,141,238,Bk,0,0.0,,54216.0,,144.0,chart,False,False,EC_BP,"ECf = 0.048 0.02,EC+B+ = 100"
97,142,239,Bk,0,0.0,"(3/2-),(7/2+)",54250.0,,,none,False,False,EC_BP,"f = 1 ,EC+B+ = 100,a = 1 "
97,143,240,Bk,0,0.0,,55664.0,,288.0,chart,False,False,EC_BP,"ECf = 0.002 0.0013,EC+B+ = 100"
97,144,241,Bk,0,0.0,(7/2+),55981.0,,276.0,chart,False,False,EC_BP,"a?,EC+B+ = 0 "
97,145,242,Bk,0,0.0,,57752.0,,420.0,chart,False,False,EC_BP,"f = 0.03 ,EC+B+ ~ 100 ,a = 1 "
97,146,243,Bk,0,0.0,(3/2-),58689.629,,16560.0,chart,False,False,EC_BP,"a ~ 0.15 ,EC+B+ ~ 99.85 "
97,147,244,Bk,0,0.0,(4-),60713.825,,18072.0,chart,False,False,EC_BP,"a = 0.006 0.003,EC+B+ = 99.994 0.003"
97,148,245,Bk,0,0.0,3/2-,61813.776,,428544.0,chart,False,False,EC_BP,"a = 0.12 0.01,EC = 99.88 0.01"
97,149,246,Bk,0,0.0,2(-),63966.912,,155520.0,chart,False,False,EC_BP,EC+B+ = 100
97,150,247,Bk,0,0.0,3/2-,65489.521,,43549488000.0,chart,False,False,ALPHA,a ~ 100 
97,151,248,Bk,0,0.0,"(6+),(8-)",68131.053,,284018400.0,chart,False,False,ALPHA,"a?,EC?"
97,151,248,Bk,1,0.0,1(-),68131.053,,85320.0,wallet,False,False,B-,"B- = 70 5,EC = 30 5"
97,152,249,Bk,0,0.0,7/2+,69846.333,,28270080.0,chart,False,False,B-,"f = 4.7e-8 2e-9,a = 0.00137 0.0001,B- = 99.99863 0.0001"
97,153,250,Bk,0,0.0,2-,72952.006,,11563.2,chart,False,False,B-,B- = 100 
97,154,251,Bk,0,0.0,(3/2-),75227.981,,3360.0,chart,False,False,B-,B- = 100 
97,155,252,Bk,0,0.0,,78535.0,,108.0,chart,False,False,B-,B- = 100
97,156,253,Bk,0,0.0,,80929.0,,600.0,chart,False,False,B-,B- = 100
98,139,237,Cf,0,0.0,,57938.255,,0.8,chart,False,False,ALPHA,"a = 70 10,f = 30 10"
98,140,238,Cf,0,0.0,0+,57278.0,,0.0211,chart,False,False,OTHER,"a = 5 ,f = 95 "
98,141,239,Cf,0,0.0,,58202.0,,28.0,chart,False,False,ALPHA,"a = 65 3,EC+B+ = 35 3"
98,142,240,Cf,0,0.0,0+,57988.719,,41.2,chart,False,False,ALPHA,"a = 98.5 0.2,f = 1.5 0.2"
98,143,241,Cf,0,0.0,,59327.0,,226.8,chart,False,False,EC_BP,"a = 15 1,EC+B+ = 85 1"
98,144,242,Cf,0,0.0,0+,59386.982,,209.4,chart,False,False,ALPHA,"f = 0.014 ,EC+B+ = 39 3,a = 61 3"
98,145,243,Cf,0,0.0,(1/2+),60990.0,,636.0,chart,False,False,EC_BP,"a ~ 14 ,EC+B+ ~ 86 "
98,146,244,Cf,0,0.0,0+,61478.096,,1164.0,chart,False,False,ALPHA,"a = 75 6,EC = 25 6"
98,147,245,Cf,0,0.0,1/2+,63385.151,,2700.0,chart,False,False,EC_BP,"a = 35.3 2.5,EC+B+ = 64.7 2.5"
98,148,246,Cf,0,0.0,0+,64090.228,,128520.0,chart,False,False,ALPHA,"a = 99.9946 0.0007,f = 0.0054 0.0007"
98,149,247,Cf,0,0.0,(7/2+),66109.392,,11196.0,chart,False,False,EC_BP,"a = 0.035 0.005,EC = 99.965 0.005"
98,150,248,Cf,0,0.0,0+,67237.951,,28814400.0,chart,False,False,ALPHA,"a = 99.9971 0.0003,f = 0.0029 0.0003"
98,151,249,Cf,0,0.0,9/2-,69722.733,,11067250320.0,chart,False,False,ALPHA,"a = 100,f = 5e-7"
98,152,250,Cf,0,0.0,0+,71170.336,,412773408.0,chart,False,False,ALPHA,"a = 99.923 0.003,f = 0.077 0.003"
98,153,251,Cf,0,0.0,1/2+,74134.981,,28338724800.0,chart,False,False,ALPHA,"a ~ 100 ,f?"
98,154,252,Cf,0,0.0,0+,76034.61,,83532967.19999999,chart,False,False,ALPHA,"a = 96.898 0.003,f = 3.102 0.003"
98,155,253,Cf,0,0.0,(7/2+),79301.562,,1536192.0,chart,False,False,B-,"B- = 99.69 0.04,a = 0.31 0.04"
98,156,254,Cf,0,0.0,0+,81341.395,,5227200.0,chart,False,False,OTHER,"a = 0.31 0.02,f = 99.69 0.02"
98,157,255,Cf,0,0.0,(7/2+),84809.0,,5100.0,chart,False,False,B-,B- = 100
98,158,256,Cf,0,0.0,0+,87041.0,,738.0,chart,False,False,OTHER,f = 100
99,141,240,Es,0,0.0,(1+),64225.0,,6.7,chart,False,False,ALPHA,"ECf = 16 6,EC+B+ = 30 10,a = 70 10"
99,142,241,Es,0,0.0,,63893.0,,4.3,chart,False,False,ALPHA,"a?,EC+B+?"
99,143,242,Es,0,0.0,,64801.0,,17.8,chart,False,False,ALPHA,"ECf = 0.7 0.2,EC+B+ = 43 3,a = 57 3"
99,144,243,Es,0,0.0,(3/2-),64747.0,,22.0,chart,False,False,ALPHA,"f = 1 ,EC+B+ = 39 6,a = 61 6"
99,145,244,Es,0,0.0,,66026.0,,37.0,chart,False,False,EC_BP,"ECf = 0.011 0.004,EC+B+ = 96 +2-3,a = 4 +3-2"
99,146,245,Es,0,0.0,(3/2-),66315.0,,67.2,chart,False,False,ALPHA,"a = 54 7,EC+B+ = 46 7"
99,147,246,Es,0,0.0,,67818.802,,450.0,chart,False,False,EC_BP,"ECf ~ 0.003 ,EC+B+ = 90.1 1.8,a = 9.9 1.8"
99,148,247,Es,0,0.0,(7/2+),68578.393,,273.0,chart,False,False,EC_BP,"a ~ 7 ,EC+B+ ~ 93 "
99,149,248,Es,0,0.0,"(2-),(0+)",70299.0,,1440.0,chart,False,False,EC_BP,"ECf = 0.00035 0.00018,EC+B+ ~ 99.7 ,a ~ 0.3 "
99,150,249,Es,0,0.0,7/2+,71175.0,,6132.0,chart,False,False,EC_BP,"a = 0.57 0.08,EC+B+ = 99.43 0.08"
99,151,250,Es,0,0.0,(6+),73225.0,,30600.0,chart,False,False,EC_BP,"a = 3 ,EC+B+ = 97 "
99,151,250,Es,1,0.0,1(-),73225.0,,7956.0,wallet,False,False,EC_BP,"a?,EC+B+ ~ 100 "
99,152,251,Es,0,0.0,3/2-,74511.547,,118800.0,chart,False,False,EC_BP,"a = 0.5 0.2,EC = 99.5 0.2"
99,153,252,Es,0,0.0,(5-),77294.61,,40754880.0,chart,False,False,ALPHA,"a = 78 2,EC = 22 2"
99,154,253,Es,0,0.0,7/2+,79010.486,,1768262.4,chart,False,False,ALPHA,"a = 100,f = 0.0000088 3e-7"
99,155,254,Es,0,0.0,7(+),81994.151,,23820480.0,chart,False,False,ALPHA,"f = 0.000003 ,a ~ 100 ,B- = 0.000174 0.000008"
99,155,254,Es,1,84.2,2+,82078.351,,141120.0,wallet,False,False,B-,"IT = 3 ,a = 0.32 0.01,B- ~ 98 ,f = 0.045 ,EC = 0.076 0.007"
99,156,255,Es,0,0.0,(7/2+),84089.237,,3438719.9999999995,chart,False,False,B-,"f = 0.0041 0.0002,a = 8 0.4,B- = 92 0.4"
99,157,256,Es,0,0.0,"(1+),(0-)",87185.0,,1524.0,chart,False,False,B-,B- = 100
99,157,256,Es,1,0.0,(8+),87185.0,,27360.0,wallet,False,False,B-,"B- = 100,B-f = 0.002"
99,158,257,Es,0,0.0,,89403.0,,665280.0,chart,False,False,B-,"f?,a?,B- ~ 100 "
100,141,241,Fm,0,0.0,,69220.0,,0.00073,chart,False,False,OTHER,"f = 78 ,EC+B+ = 12 ,a = 14 "
100,142,242,Fm,0,0.0,0+,68400.0,,0.0008,chart,False,False,OTHER,f = 100
100,143,243,Fm,0,0.0,(7/2-),69316.0,,0.231,chart,False,False,ALPHA,"f = 9 3,EC+B+ = 10 ,a = 91 3"
100,144,244,Fm,0,0.0,0+,68964.0,,0.00312,chart,False,False,OTHER,"f = 97 ,EC+B+ = 2 ,a = 1 "
100,145,245,Fm,0,0.0,,70192.0,,5.4,chart,False,False,OTHER,"f = 0.3 ,EC+B+ = 11.5 +6.8-5,a = 88.5 +5-6"
100,146,246,Fm,0,0.0,0+,70191.187,,1.53,chart,False,False,ALPHA,"f = 6.4 0.4,EC+B+ = 1.3 ,a = 93.6 0.4"
100,147,247,Fm,0,0.0,(7/2+),71672.0,,31.0,chart,False,False,ALPHA,"a ~ 64 ,EC+B+ ~ 36 "
100,147,247,Fm,1,45.0,(1/2+),71717.0,,5.1,wallet,False,False,ALPHA,"IT = 12 2,a = 88 2"
100,148,248,Fm,0,0.0,0+,71897.793,,34.5,chart,False,False,ALPHA,"f = 0.1 0.05,EC+B+?,a ~ 99.9 "
100,149,249,Fm,0,0.0,(7/2-),73519.143,,96.0,chart,False,False,EC_BP,"a = 15.6 1,EC+B+ = 84.4 1"
100,150,250,Fm,0,0.0,0+,74072.193,,1854.0,chart,False,False,ALPHA,"EC?,f = 0.0069 0.001,a ~ 100 "
100,150,250,Fm,1,1199.2,(8-),75271.393,,1.9,wallet,False,False,IT,"IT ~ 100 ,a?"
100,151,251,Fm,0,0.0,(9/2-),75958.808,,19080.0,chart,False,False,EC_BP,"a = 1.8 0.13,EC+B+ = 98.2 0.13"
100,152,252,Fm,0,0.0,0+,76816.611,,91368.0,chart,False,False,ALPHA,"a = 99.9977 0.0002,f = 0.0023 0.0002"
100,153,253,Fm,0,0.0,1/2+,79345.549,,259200.0,chart,False,False,EC_BP,"a = 12 1,EC = 88 1"
100,154,254,Fm,0,0.0,0+,80902.521,,11664.0,chart,False,False,ALPHA,"a = 99.9408 0.0003,f = 0.0592 0.0003"
100,155,255,Fm,0,0.0,7/2+,83800.465,,72252.0,chart,False,False,ALPHA,"a ~ 100 ,f = 0.000024 0.00001"
100,156,256,Fm,0,0.0,0+,85484.796,,9426.0,chart,False,False,OTHER,"a = 8.1 0.3,f = 91.9 0.3"
100,157,257,Fm,0,0.0,(9/2+),88590.137,,8683200.0,chart,False,False,ALPHA,"a = 99.79 0.004,f = 0.21 0.004"
100,158,258,Fm,0,0.0,0+,90426.0,,0.00037,chart,False,False,OTHER,f ~ 100 
100,159,259,Fm,0,0.0,,93704.0,,1.5,chart,False,False,OTHER,f = 100
101,143,244,Md,0,0.0,,75597.0,,0.39,chart,False,False,ALPHA,"a ~ 100 ,EC+B+ = 14 "
101,144,245,Md,0,0.0,(7/2-),75325.0,,0.33,chart,False,False,ALPHA,a ~ 100 
101,145,246,Md,0,0.0,,76115.0,,0.9,chart,False,False,ALPHA,"f?,EC+B+?,a = 100 "
101,145,246,Md,1,0.0,,76115.0,,4.4,wallet,False,False,EC_BP,"ECf = 10 ,EC+B+ = 77 ,a = 23 "
101,146,247,Md,0,0.0,(7/2-),75936.0,,1.2,chart,False,False,ALPHA,"a = 99.14 0.1,f = 0.86 0.1"
101,146,247,Md,1,153.0,(1/2-),76089.0,,0.24,wallet,False,False,IT,"IT = 80 2,f = 20 2"
101,147,248,Md,0,0.0,,76948.0,,7.0,chart,False,False,EC_BP,"a = 20 10,EC+B+ = 80 10"
101,148,249,Md,0,0.0,(7/2-),77180.952,,25.6,chart,False,False,ALPHA,"a = 75 5,EC+B+ = 25 5"
101,148,249,Md,1,0.0,(1/2-),77180.952,,1.5,wallet,False,False,IT,"IT?,a?"
101,149,250,Md,0,0.0,,78399.14,,53.4,chart,False,False,EC_BP,"ECf = 0.02 +0.02-0.01,EC+B+ = 93 1,a = 7 1"
101,149,250,Md,1,123.0,,78522.14,,42.4,wallet,False,False,EC_BP,"EC+B+?,a?,IT?"
101,150,251,Md,0,0.0,(7/2-),78966.749,,256.2,chart,False,False,EC_BP,"a = 10 1,EC+B+ = 90 1"
101,150,251,Md,1,850.0,(23/2+),79816.749,,1.37,wallet,False,False,IT,IT ~ 100 
101,151,252,Md,0,0.0,(1+),80467.118,,138.0,chart,False,False,EC_BP,"a?,EC+B+ ~ 100 "
101,152,253,Md,0,0.0,(7/2-),81173.0,,387.0,chart,False,False,EC_BP,"a ~ 0.7 ,EC+B+ ~ 99.3 "
101,153,254,Md,0,0.0,,83453.0,,600.0,chart,False,False,EC_BP,EC+B+ ~ 100 
101,153,254,Md,1,50.0,(3-),83503.0,,1680.0,wallet,False,False,EC_BP,EC+B+ ~ 100 
101,154,255,Md,0,0.0,(7/2-),84842.069,,1620.0,chart,False,False,EC_BP,"EC = 93 1,f = 0.15 ,a = 7 1"
101,155,256,Md,0,0.0,(1-),87456.0,,4662.0,chart,False,False,EC_BP,"f = 3 ,EC+B+ = 90.5 0.5,a = 9.5 0.5"
101,156,257,Md,0,0.0,(7/2-),88992.472,,19872.0,chart,False,False,EC_BP,"EC = 85 3,f = 1 ,a = 15 3"
101,157,258,Md,0,0.0,(8-),91690.35,,4451328.0,chart,False,False,ALPHA,a ~ 100 
101,157,258,Md,1,0.0,(1-),91690.35,,3450.0,wallet,False,False,EC_BP,"EC = 85 15,f = 15 ,a = 1.2 "
101,158,259,Md,0,0.0,,93564.0,,5796.0,chart,False,False,OTHER,"a = 1.3 ,f ~ 100 "
101,159,260,Md,0,0.0,,96550.0,,2747520.0,chart,False,False,OTHER,"EC = 23 ,f = 42 ,a = 25 ,B- = 10 "
102,147,249,No,0,0.0,(7/2+),81787.0,,0.0378,chart,False,False,ALPHA,"a ~ 100 ,f = 0.23 "
102,148,250,No,0,0.0,0+,81566.0,,4.5999999999e-06,chart,False,False,OTHER,f ~ 100 
102,149,251,No,0,0.0,(7/2+),82849.0,,0.8,chart,False,False,EC_BP,"f = 0.0014 +0.0031-0.0012,EC+B+ = 0 ,a = 91 +9-22"
102,149,251,No,1,106.0,(1/2+),82955.0,,1.0,wallet,False,False,ALPHA,a ~ 100 
102,150,252,No,0,0.0,0+,82871.37,,2.45,chart,False,False,ALPHA,"f = 33 0.8,EC+B+ = 1.7 0.9,a = 65.3 0.5"
102,150,252,No,1,1254.6,(8-),84125.97,,0.109,wallet,False,False,IT,IT = 100
102,151,253,No,0,0.0,9/2-,84358.696,,96.6,chart,False,False,ALPHA,"a = 55 3,EC+B+ = 45 3"
102,152,254,No,0,0.0,0+,84723.312,,51.2,chart,False,False,ALPHA,"EC = 10 1,f = 0.17 0.02,a = 90 1"
102,152,254,No,1,1296.4,(8-),86019.712,,0.265,wallet,False,False,IT,"f = 0.02 0.012,a = 0.01 ,IT = 99.98 0.012"
102,153,255,No,0,0.0,(1/2+),86811.934,,211.2,chart,False,False,EC_BP,"a = 30 5,EC+B+ = 70 5"
102,154,256,No,0,0.0,0+,87823.046,,2.93,chart,False,False,ALPHA,"a = 99.47 0.06,f = 0.53 0.06"
102,155,257,No,0,0.0,(3/2+),90247.064,,24.5,chart,False,False,ALPHA,"EC = 15 15,f = 1.5 ,a = 85 15"
102,156,258,No,0,0.0,0+,91477.0,,0.00123,chart,False,False,OTHER,f ~ 100 
102,157,259,No,0,0.0,(9/2+),94079.381,,3480.0,chart,False,False,ALPHA,"EC = 25 4,f = 10 ,a = 75 4"
102,158,260,No,0,0.0,0+,95610.0,,0.107,chart,False,False,OTHER,f = 100
102,160,262,No,0,0.0,0+,100101.0,,0.005,chart,False,False,OTHER,f = 100
103,148,251,Lr,0,0.0,(7/2-),87830.0,,0.0243999999999999,chart,False,False,ALPHA,a ~ 100 
103,148,251,Lr,1,117.0,(1/2-),87947.0,,0.042,wallet,False,False,ALPHA,a ~ 88 
103,149,252,Lr,0,0.0,(7-),88537.0,,0.35,chart,False,False,OTHER,"f = 2 ,EC+B+?,a = 0 "
103,150,253,Lr,0,0.0,(7/2-),88523.471,,0.65,chart,False,False,ALPHA,"a ~ 99 ,f = 1 0.6"
103,150,253,Lr,1,0.0,(1/2-),88523.471,,1.44,wallet,False,False,ALPHA,"a ~ 88 ,f = 12 3"
103,151,254,Lr,0,0.0,(4+),89645.887,,11.9,chart,False,False,ALPHA,"f = 0.1 ,EC+B+ = 28.3 1.9,a = 71.7 1.9"
103,151,254,Lr,1,108.0,(1-),89753.887,,20.3,wallet,False,False,ALPHA,"EC+B+?,a = 0 ,IT?"
103,152,255,Lr,0,0.0,(1/2-),89947.305,,31.1,chart,False,False,ALPHA,"f = 0.1 ,EC+B+ = 0.3 0.1,a = 99.7 0.1"
103,152,255,Lr,1,38.0,(7/2-),89985.305,,2.54,wallet,False,False,IT,"IT ~ 60 ,a ~ 40 "
103,153,256,Lr,0,0.0,"(0-),(3-)",91746.603,,27.9,chart,False,False,ALPHA,"a ~ 85 ,EC+B+ ~ 15 "
103,154,257,Lr,0,0.0,,92665.0,,5.9,chart,False,False,ALPHA,"f = 0.033 ,EC+B+ = 15 ,a ~ 100 "
103,154,257,Lr,1,0.0,(1/2),92665.0,,0.203,wallet,False,False,IT,"IT?,a?"
103,155,258,Lr,0,0.0,,94782.0,,3.86,chart,False,False,ALPHA,"a = 97.4 1.8,EC+B+ = 2.6 1.8"
103,156,259,Lr,0,0.0,,95851.0,,6.22,chart,False,False,ALPHA,"a = 78 2,f = 22 2"
103,157,260,Lr,0,0.0,,98277.0,,180.0,chart,False,False,ALPHA,"a = 60 ,EC+B+ = 40 "
103,158,261,Lr,0,0.0,,99557.0,,2520.0,chart,False,False,OTHER,"a?,f ~ 100 "
103,159,262,Lr,0,0.0,,102105.0,,14400.0,chart,False,False,OTHER,"f = 10 ,EC+B+?,a?"
103,161,264,Lr,0,0.0,,106375.0,,17640.0,chart,False,False,OTHER,f ~ 100 
103,163,266,Lr,0,0.0,,111662.0,,39600.0,chart,False,False,OTHER,f = 100
104,149,253,Rf,0,0.0,(1/2+),93642.0,,0.0103,chart,False,False,OTHER,"a ~ 13 ,f ~ 87 "
104,150,254,Rf,0,0.0,0+,93201.0,,2.28e-05,chart,False,False,OTHER,"a = 1.5 ,f ~ 100 "
104,151,255,Rf,0,0.0,(9/2-),94329.0,,1.67,chart,False,False,OTHER,"f = 51 1.1,EC+B+ = 0.08 ,a = 49 1.1"
104,152,256,Rf,0,0.0,0+,94221.992,,0.0067599999999999,chart,False,False,OTHER,"a = 0.31 0.1,f = 99.69 0.17"
104,153,257,Rf,0,0.0,(1/2+),95866.389,,4.5,chart,False,False,ALPHA,"f = 1.3 0.3,EC+B+ = 9.4 1.4,a = 89.3 1.4"
104,153,257,Rf,1,75.0,(11/2-),95941.389,,4.38,wallet,False,False,ALPHA,"EC+B+ = 4.6 0.6,f = 0.4 0.2,a = 81 2,IT = 14 1"
104,154,258,Rf,0,0.0,0+,96344.338,,0.00981,chart,False,False,OTHER,"a = 4.9 1.6,f = 95.1 1.6"
104,155,259,Rf,0,0.0,,98367.0,,2.5,chart,False,False,ALPHA,"f = 3 ,EC+B+ = 15 4,a = 85 4"
104,156,260,Rf,0,0.0,0+,99148.0,,0.0217,chart,False,False,OTHER,"a = 35 ,f = 65 "
104,157,261,Rf,0,0.0,,101318.233,,70.0,chart,False,False,ALPHA,a = 100
104,157,261,Rf,1,0.0,,101318.233,,2.2,wallet,False,False,OTHER,"a = 18 5,f = 82 5"
104,158,262,Rf,0,0.0,0+,102392.0,,0.047,chart,False,False,OTHER,f ~ 100 
104,159,263,Rf,0,0.0,,104757.0,,817.8000000000001,chart,False,False,OTHER,"a?,f ~ 100 "
104,161,265,Rf,0,0.0,,108690.0,,60.0,chart,False,False,OTHER,"a?,f ~ 100 "
104,163,267,Rf,0,0.0,,113444.0,,4680.0,chart,False,False,OTHER,f ~ 100 
105,150,255,Db,0,0.0,,99595.0,,0.054,chart,False,False,OTHER,"a?,f ~ 77 "
105,150,255,Db,1,0.0,,99595.0,,0.0028,wallet,False,False,OTHER,"a?,f ~ 100 "
105,151,256,Db,0,0.0,,100298.0,,1.9,chart,False,False,ALPHA,"f?,EC+B+ = 30 8,a = 70 8"
105,152,257,Db,0,0.0,(9/2+),100154.285,,2.3,chart,False,False,ALPHA,"a = 94 ,f = 6 "
105,152,257,Db,1,250.0,(1/2-),100404.285,,0.67,wallet,False,False,ALPHA,"a = 87 ,f = 13 "
105,153,258,Db,0,0.0,(0-),101507.703,,2.08,chart,False,False,ALPHA,"a = 64 10,EC+B+ = 36 10"
105,153,258,Db,1,51.0,"(5+),(10-)",101558.703,,4.37,wallet,False,False,ALPHA,"a = 77 8,EC+B+ = 23 8"
105,154,259,Db,0,0.0,,101991.021,,0.51,chart,False,False,ALPHA,a = 100
105,155,260,Db,0,0.0,,103673.0,,1.51,chart,False,False,ALPHA,"a = 90 6,f = 10 6"
105,156,261,Db,0,0.0,,104308.0,,4.1,chart,False,False,OTHER,"a = 27 27,f = 73 27"
105,157,262,Db,0,0.0,,106253.0,,34.4,chart,False,False,OTHER,"f = 53 7,EC+B+ = 5 ,a = 47 7"
105,158,263,Db,0,0.0,,107110.0,,27.0,chart,False,False,OTHER,"f = 55 4,EC+B+ = 3 +4-1,a = 42 4"
105,161,266,Db,0,0.0,,112740.0,,1440.0,chart,False,False,OTHER,"f ~ 100 ,EC+B+?,a?"
105,162,267,Db,0,0.0,,114014.0,,4740.0,chart,False,False,OTHER,f ~ 100 
105,163,268,Db,0,0.0,,117060.0,,95040.0,chart,False,False,OTHER,"a = 55 +20-15,f = 45 +15-20"
105,165,270,Db,0,0.0,,122397.0,,54000.0,chart,False,False,OTHER,"a?,f ~ 100 "
106,152,258,Sg,0,0.0,0+,105296.0,,0.0027,chart,False,False,OTHER,"a = 20 ,f ~ 100 "
106,153,259,Sg,0,0.0,(11/2-),106519.0,,0.4,chart,False,False,ALPHA,"f = 3 1,EC+B+ = 13 ,a = 97 1"
106,153,259,Sg,1,90.0,(1/2+),106609.0,,0.23,wallet,False,False,ALPHA,"a = 97 1,f = 3 1"
106,154,260,Sg,0,0.0,0+,106547.495,,0.00483,chart,False,False,ALPHA,"a = 71 3,f = 29 3"
106,155,261,Sg,0,0.0,,108005.004,,0.183,chart,False,False,ALPHA,"f = 0.6 0.2,EC+B+ = 1.3 0.3,a = 98.1 0.4"
106,156,262,Sg,0,0.0,0+,108369.072,,0.0114,chart,False,False,OTHER,"a = 6 6,f = 94 6"
106,157,263,Sg,0,0.0,,110195.0,,0.9,chart,False,False,ALPHA,"a = 87 8,f = 13 8"
106,157,263,Sg,1,50.0,,110245.0,,0.427,wallet,False,False,ALPHA,"f?,a ~ 100 ,IT?"
106,158,264,Sg,0,0.0,0+,110783.0,,0.06,chart,False,False,OTHER,"a = 20 ,f = 80 "
106,159,265,Sg,0,0.0,,112794.0,,16.0,chart,False,False,ALPHA,"a = 50 ,f = 50 "
106,159,265,Sg,1,0.0,,112794.0,,8.8,wallet,False,False,OTHER,"a = 49 ,f = 51 "
106,160,266,Sg,0,0.0,0+,113617.0,,0.34,chart,False,False,OTHER,f = 100
106,161,267,Sg,0,0.0,,115806.0,,84.0,chart,False,False,OTHER,"a ~ 17 ,f ~ 83 "
106,163,269,Sg,0,0.0,,119692.0,,136.2,chart,False,False,ALPHA,a ~ 100 
106,165,271,Sg,0,0.0,,124617.0,,96.0,chart,False,False,ALPHA,"a ~ 50 ,f ~ 50 "
107,153,260,Bh,0,0.0,,113123.0,,0.035,chart,False,False,ALPHA,"f = 18 ,EC+B+ = 18 ,a ~ 100 "
107,154,261,Bh,0,0.0,(5/2-),113079.41,,0.0117,chart,False,False,ALPHA,"a ~ 100 ,f = 10 "
107,155,262,Bh,0,0.0,,114252.119,,0.088,chart,False,False,ALPHA,a ~ 100 
107,155,262,Bh,1,250.0,,114502.119,,0.0094,wallet,False,False,ALPHA,a ~ 100 
107,157,264,Bh,0,0.0,,115958.0,,0.99,chart,False,False,ALPHA,"a ~ 85 ,f ~ 15 "
107,158,265,Bh,0,0.0,,116395.0,,0.94,chart,False,False,ALPHA,a ~ 100 
107,159,266,Bh,0,0.0,,118104.0,,10.0,chart,False,False,ALPHA,"a ~ 100 ,f?"
107,160,267,Bh,0,0.0,,118765.0,,16.0,chart,False,False,ALPHA,a ~ 100 
107,163,270,Bh,0,0.0,,124230.0,,60.0,chart,False,False,ALPHA,"a ~ 100 ,f?"
107,164,271,Bh,0,0.0,,125859.0,,1.5,chart,False,False,ALPHA,a ~ 100 
107,165,272,Bh,0,0.0,,128787.0,,9.4,chart,False,False,ALPHA,a ~ 100 
107,167,274,Bh,0,0.0,,133762.0,,44.0,chart,False,False,ALPHA,"a ~ 100 ,f?"
107,171,278,Bh,0,0.0,,144370.0,,1140.0,chart,False,False,OTHER,"a = 50 ,f ~ 100 "
108,155,263,Hs,0,0.0,,119678.0,,0.00074,chart,False,False,ALPHA,"a ~ 100 ,f?"
108,156,264,Hs,0,0.0,0+,119563.165,,0.00063,chart,False,False,OTHER,"a = 80 +20-40,f = 20 +40-20"
108,157,265,Hs,0,0.0,,120900.245,,0.0019,chart,False,False,ALPHA,"a ~ 100 ,f = 1 "
108,158,266,Hs,0,0.0,0+,121139.675,,0.00297,chart,False,False,ALPHA,"a = 76 9,f = 24 9"
108,158,266,Hs,1,1200.0,,122339.675,,0.074,wallet,False,False,ALPHA,a = 100
108,159,267,Hs,0,0.0,,122658.0,,0.053,chart,False,False,ALPHA,a ~ 100 
108,159,267,Hs,1,0.0,,122658.0,,0.8,wallet,False,False,ALPHA,a?
108,160,268,Hs,0,0.0,0+,122968.0,,0.4,chart,False,False,ALPHA,a ~ 100 
108,161,269,Hs,0,0.0,,124493.0,,13.0,chart,False,False,ALPHA,a ~ 100 
108,162,270,Hs,0,0.0,0+,125112.0,,7.6,chart,False,False,ALPHA,"a = 50 ,f = 50 "
108,163,271,Hs,0,0.0,,127691.0,,,none,False,False,ALPHA,a ~ 100 
108,165,273,Hs,0,0.0,,131767.0,,0.51,chart,False,False,ALPHA,a ~ 100 
108,167,275,Hs,0,0.0,,136492.0,,0.2,chart,False,False,ALPHA,a ~ 100 
108,169,277,Hs,0,0.0,,141375.0,,0.003,chart,False,False,OTHER,f ~ 100 
109,157,266,Mt,0,0.0,,127672.681,,0.0021,chart,False,False,ALPHA,"a = 75 ,f = 25 "
109,159,268,Mt,0,0.0,,129151.0,,0.021,chart,False,False,ALPHA,a ~ 100 
109,161,270,Mt,0,0.0,,130709.0,,0.48,chart,False,False,ALPHA,a ~ 100 
109,165,274,Mt,0,0.0,,137249.0,,0.44,chart,False,False,ALPHA,"a ~ 100 ,f?"
109,166,275,Mt,0,0.0,,138767.0,,0.02,chart,False,False,ALPHA,a ~ 100 
109,167,276,Mt,0,0.0,,141312.0,,0.62,chart,False,False,ALPHA,a ~ 100 
109,167,276,Mt,1,0.0,,141312.0,,4.0,wallet,False,False,ALPHA,a ~ 100 
109,168,277,Mt,0,0.0,,143008.0,,0.0039,chart,False,False,OTHER,f ~ 100 
109,169,278,Mt,0,0.0,,145767.0,,4.5,chart,False,False,ALPHA,"a ~ 100 ,f?"
110,157,267,Ds,0,0.0,,133880.0,,3e-06,chart,False,False,ALPHA,a ~ 100 
110,159,269,Ds,0,0.0,,134834.671,,0.0001799999999999,chart,False,False,ALPHA,a ~ 100 
110,160,270,Ds,0,0.0,0+,134681.584,,0.00019,chart,False,False,ALPHA,"a ~ 100 ,f?"
110,161,271,Ds,0,0.0,,135952.0,,0.0016,chart,False,False,ALPHA,a ~ 100 
110,161,271,Ds,1,0.0,,135952.0,,0.069,wallet,False,False,ALPHA,a ~ 100 
110,163,273,Ds,0,0.0,,138285.0,,0.0001899999999999,chart,False,False,ALPHA,a ~ 100 
110,167,277,Ds,0,0.0,,145092.0,,0.0035,chart,False,False,ALPHA,a ~ 100 
110,169,279,Ds,0,0.0,,149024.0,,0.216,chart,False,False,OTHER,"a ~ 12.5 ,f ~ 88.5 "
110,169,279,Ds,1,190.0,,149214.0,,0.17,wallet,False,False,OTHER,f ~ 100 
110,170,280,Ds,0,0.0,0+,150320.0,,0.0003599999999999,chart,False,False,OTHER,f ~ 100 
110,171,281,Ds,0,0.0,,153273.0,,12.0,chart,False,False,OTHER,"a ~ 6 ,f ~ 94 "
110,172,282,Ds,0,0.0,0+,154790.0,,66.0,chart,False,False,ALPHA,"a ~ 100 ,f = 50 "
111,161,272,Rg,0,0.0,,142773.0,,0.0038,chart,False,False,ALPHA,a ~ 100 
111,163,274,Rg,0,0.0,,144612.0,,0.012,chart,False,False,ALPHA,a ~ 100 
111,167,278,Rg,0,0.0,,150521.0,,0.0042,chart,False,False,ALPHA,"a ~ 100 ,f?"
111,168,279,Rg,0,0.0,,151721.0,,0.09,chart,False,False,ALPHA,a ~ 100 
111,169,280,Rg,0,0.0,,153886.0,,3.87,chart,False,False,ALPHA,a ~ 100 
111,170,281,Rg,0,0.0,,155333.0,,11.0,chart,False,False,OTHER,"a = 12 +9-7,f = 88 +7-9"
111,171,282,Rg,0,0.0,,157742.0,,100.0,chart,False,False,ALPHA,"a ~ 100 ,f?"
111,175,286,Rg,0,0.0,,166510.0,,,none,False,False,ALPHA,"a ~ 100 ,f = 54 "
112,165,277,Cn,0,0.0,,152332.0,,0.00061,chart,False,False,ALPHA,a ~ 100 
112,169,281,Cn,0,0.0,,157947.0,,0.18,chart,False,False,ALPHA,a ~ 100 
112,170,282,Cn,0,0.0,0+,158826.0,,0.00098,chart,False,False,OTHER,"a = 7 ,f ~ 100 "
112,171,283,Cn,0,0.0,,161337.0,,4.6,chart,False,False,ALPHA,"a ~ 85 ,f ~ 15 "
112,172,284,Cn,0,0.0,0+,162415.0,,0.121,chart,False,False,OTHER,"a ~ 2 ,f ~ 98 "
112,173,285,Cn,0,0.0,,165086.0,,33.0,chart,False,False,ALPHA,a ~ 100 
112,174,286,Cn,0,0.0,0+,166450.0,,660.0,chart,False,False,ALPHA,"a ~ 100 ,f = 50 "
113,165,278,Nh,0,0.0,,159030.0,,1.4,chart,False,False,ALPHA,a ~ 100 
113,169,282,Nh,0,0.0,,163729.0,,0.073,chart,False,False,ALPHA,"a ~ 100 ,f?"
113,170,283,Nh,0,0.0,,164563.0,,0.07,chart,False,False,ALPHA,a ~ 100 
113,171,284,Nh,0,0.0,,166591.0,,0.82,chart,False,False,ALPHA,a ~ 100 
113,172,285,Nh,0,0.0,,167768.0,,2.1,chart,False,False,ALPHA,a ~ 100 
113,173,286,Nh,0,0.0,,169957.0,,9.5,chart,False,False,ALPHA,"a ~ 100 ,f?"
113,177,290,Nh,0,0.0,,178315.0,,2.0,chart,False,False,ALPHA,"a ~ 100 ,f = 50 "
114,170,284,Fl,0,0.0,0+,168779.0,,0.0025,chart,False,False,OTHER,"a = 25 ,f ~ 100 "
114,171,285,Fl,0,0.0,,170932.0,,0.1,chart,False,False,ALPHA,"a ~ 100 ,f = 12.5 "
114,172,286,Fl,0,0.0,0+,171606.0,,0.121,chart,False,False,OTHER,"a = 60 +10-11,f = 40 +11-10"
114,173,287,Fl,0,0.0,,173929.0,,0.4,chart,False,False,ALPHA,a ~ 100 
114,174,288,Fl,0,0.0,0+,174917.0,,0.64,chart,False,False,ALPHA,"a ~ 100 ,f = 3 "
114,175,289,Fl,0,0.0,,177465.0,,2.4,chart,False,False,ALPHA,a ~ 100 
114,176,290,Fl,0,0.0,0+,178731.0,,19.0,chart,False,False,EC_BP,"f = 50 ,EC+B+ ~ 100 ,a = 50 "
115,172,287,Mc,0,0.0,,177748.0,,0.037,chart,False,False,ALPHA,a ~ 100 
115,173,288,Mc,0,0.0,,179666.0,,0.199,chart,False,False,ALPHA,a ~ 100 
115,174,289,Mc,0,0.0,,180683.0,,0.277,chart,False,False,ALPHA,a ~ 100 
115,175,290,Mc,0,0.0,,182792.0,,0.65,chart,False,False,ALPHA,"a ~ 100 ,f?"
116,174,290,Lv,0,0.0,0+,185028.0,,0.0083,chart,False,False,ALPHA,"a ~ 100 ,f = 8 "
116,175,291,Lv,0,0.0,,187244.0,,0.019,chart,False,False,ALPHA,a ~ 100 
116,176,292,Lv,0,0.0,0+,188133.0,,0.0128,chart,False,False,ALPHA,"a ~ 100 ,f = 9 "
116,177,293,Lv,0,0.0,,190568.0,,0.095,chart,False,False,ALPHA,a ~ 100 
117,176,293,Ts,0,0.0,,194428.0,,0.021,chart,False,False,ALPHA,a ~ 100 
117,177,294,Ts,0,0.0,,196397.0,,0.051,chart,False,False,ALPHA,a ~ 100 
118,176,294,Og,0,0.0,0+,199320.0,,0.00058,chart,False,False,ALPHA,"a ~ 100 ,f = 20 "
