z,n,name,betaMinus,betaMinusUncertainty,electronCapture,electronCaptureUncertainty,positronEmission,positronEmissionUncertainty,bindingEnergy,bindingEnergyUncertainty,bindingEnergyLDMFit,bindingEnergyLDMFitUncertainty
0,1,Neutron,7.82E+2,4.00E-4,,,,,0.0,0.0,-2.48E+4,0.0
1,0,1H,,,-7.82E+2,4.00E-4,-1.80E+3,4.00E-4,0.0,0.0,-2.55E+4,0.0
1,1,2H,,,,,,,1.11E+3,2.00E-4,-3.76E+3,2.00E-4
1,2,3H,1.85E+1,6.00E-5,,,,,2.82E+3,3.00E-4,-1.88E+3,3.00E-4
1,3,4H,2.21E+4,1.00E+2,,,,,1.72E+3,2.50E+1,-4.39E+3,2.50E+1
1,4,5H,2.16E+4,9.16E+1,,,,,1.33E+3,1.78E+1,-4.23E+3,1.78E+1
1,5,6H,2.42E+4,2.54E+2,,,,,9.61E+2,4.23E+1,-6.04E+3,4.23E+1
1,6,7H,2.30E+4,1.00E+3,,,,,9.40E+2,1.43E+2,-6.22E+3,1.43E+2
2,1,3He,-1.37E+4,2.00E+3,-1.85E+1,6.00E-5,-1.04E+3,6.00E-5,2.57E+3,1.50E-4,-2.12E+3,1.50E-4
2,2,4He,-2.28E+4,2.12E+2,-2.21E+4,1.00E+2,-2.32E+4,1.00E+2,7.07E+3,2.00E-4,-1.21E+3,2.00E-4
2,3,5He,-4.47E+2,5.38E+1,-2.16E+4,9.16E+1,-2.26E+4,9.16E+1,5.51E+3,4.00,-1.21E+3,4.00
2,4,6He,3.50E+3,5.32E-2,-2.42E+4,2.54E+2,-2.53E+4,2.54E+2,4.87E+3,8.90E-3,-7.39E+2,8.90E-3
2,5,7He,1.11E+4,7.55,-2.30E+4,1.00E+3,-2.40E+4,1.00E+3,4.12E+3,1.07,-1.98E+3,1.07
2,6,8He,1.06E+4,1.00E-1,,,,,3.92E+3,1.11E-2,-2.35E+3,1.11E-2
2,7,9He,1.59E+4,4.68E+1,,,,,3.34E+3,5.20,-3.32E+3,5.20
2,8,10He,1.61E+4,9.37E+1,,,,,2.99E+3,9.28,-3.47E+3,9.28
3,1,4Li,,,2.28E+4,2.12E+2,2.18E+4,2.12E+2,1.15E+3,5.30E+1,-4.72E+3,5.30E+1
3,2,5Li,-2.54E+4,2.00E+3,4.47E+2,5.38E+1,-5.74E+2,5.38E+1,5.26E+3,1.00E+1,-1.38E+3,1.00E+1
3,3,6Li,-4.28E+3,5.44,-3.50E+3,5.32E-2,-4.52E+3,5.32E-2,5.33E+3,3.00E-4,-6.02E+2,3.00E-4
3,4,7Li,-8.61E+2,7.07E-2,-1.11E+4,7.55,-1.21E+4,7.55,5.60E+3,6.00E-4,6.55E+1,6.00E-4
3,5,8Li,1.60E+4,5.91E-2,-1.06E+4,1.00E-1,-1.16E+4,1.00E-1,5.15E+3,5.90E-3,-5.37E+2,5.90E-3
3,6,9Li,1.36E+4,2.01E-1,-1.59E+4,4.68E+1,-1.70E+4,4.68E+1,5.03E+3,2.07E-2,-6.14E+2,2.07E-2
3,7,10Li,2.04E+4,1.27E+1,-1.61E+4,9.37E+1,-1.71E+4,9.37E+1,4.53E+3,1.27,-1.30E+3,1.27
3,8,11Li,2.05E+4,6.59E-1,,,,,4.15E+3,5.59E-2,-1.33E+3,5.59E-2
3,9,12Li,2.39E+4,3.00E+1,,,,,3.79E+3,2.50,-2.02E+3,2.50
3,10,13Li,2.33E+4,7.07E+1,,,,,3.50E+3,5.38,-2.15E+3,5.38
4,2,6Be,-2.89E+4,2.00E+3,4.28E+3,5.44,3.26E+3,5.44,4.48E+3,9.08E-1,-1.12E+3,9.08E-1
4,3,7Be,-1.19E+4,2.51E+1,8.61E+2,7.07E-2,-1.60E+2,7.07E-2,5.37E+3,1.01E-2,-6.97E+1,1.01E-2
4,4,8Be,-1.79E+4,1.00,-1.60E+4,5.91E-2,-1.70E+4,5.91E-2,7.06E+3,4.40E-3,-2.15E+2,4.40E-3
4,5,9Be,-1.06E+3,8.99E-1,-1.36E+4,2.01E-1,-1.46E+4,2.01E-1,6.46E+3,8.50E-3,-9.19,8.50E-3
4,6,10Be,5.56E+2,8.22E-2,-2.04E+4,1.27E+1,-2.14E+4,1.27E+1,6.49E+3,8.10E-3,6.53E+1,8.10E-3
4,7,11Be,1.15E+4,2.38E-1,-2.05E+4,6.59E-1,-2.15E+4,6.59E-1,5.95E+3,2.16E-2,-2.62E+2,2.16E-2
4,8,12Be,1.17E+4,2.32,-2.39E+4,3.00E+1,-2.49E+4,3.00E+1,5.72E+3,1.59E-1,-3.18E+2,1.59E-1
4,9,13Be,1.70E+4,1.02E+1,-2.33E+4,7.07E+1,-2.43E+4,7.07E+1,5.24E+3,7.83E-1,-7.49E+2,7.83E-1
4,11,15Be,2.08E+4,1.67E+2,,,,,4.54E+3,1.10E+1,-1.26E+3,1.10E+1
4,12,16Be,2.03E+4,1.67E+2,,,,,4.28E+3,1.03E+1,-1.39E+3,1.03E+1
4,10,14Be,1.62E+4,1.33E+2,,,,,4.99E+3,9.44,-8.84E+2,9.44
5,12,17B,2.26E+4,2.04E+2,,,,,5.26E+3,1.20E+1,-6.87E+2,1.20E+1
5,13,18B,2.68E+4,2.06E+2,,,,,4.97E+3,1.13E+1,-1.04E+3,1.13E+1
5,14,19B,2.73E+4,5.34E+2,,,,,4.71E+3,2.76E+1,-1.11E+3,2.76E+1
5,15,20B,3.18E+4,5.93E+2,,,,,4.40E+3,2.73E+1,-1.39E+3,2.73E+1
5,16,21B,3.27E+4,8.17E+2,,,,,4.15E+3,2.66E+1,-1.45E+3,2.66E+1
5,10,15B,1.90E+4,2.10E+1,-2.08E+4,1.67E+2,-2.18E+4,1.67E+2,5.88E+3,1.40,-2.98E+2,1.40
5,11,16B,2.34E+4,2.48E+1,-2.03E+4,1.67E+2,-2.13E+4,1.67E+2,5.50E+3,1.53,-6.15E+2,1.53
5,2,7B,,,1.19E+4,2.51E+1,1.08E+4,2.51E+1,3.55E+3,3.59,-2.52E+3,3.59
5,3,8B,-1.21E+4,1.82E+1,1.79E+4,1.00,1.69E+4,1.00,4.71E+3,1.25E-1,-8.03E+2,1.25E-1
5,4,9B,-1.64E+4,2.31,1.06E+3,8.99E-1,4.60E+1,8.99E-1,6.25E+3,1.00E-1,-1.44E+2,1.00E-1
5,5,10B,-3.64E+3,6.87E-2,-5.56E+2,8.22E-2,-1.57E+3,8.22E-2,6.47E+3,1.50E-3,-5.26E+1,1.50E-3
5,6,11B,-1.98E+3,6.08E-2,-1.15E+4,2.38E-1,-1.25E+4,2.38E-1,6.92E+3,1.10E-3,3.77E+1,1.10E-3
5,7,12B,1.33E+4,1.32,-1.17E+4,2.32,-1.27E+4,2.32,6.63E+3,1.10E-1,-1.13E+2,1.10E-1
5,8,13B,1.34E+4,1.00,-1.70E+4,1.02E+1,-1.81E+4,1.02E+1,6.49E+3,7.69E-2,-1.25E+1,7.69E-2
5,9,14B,2.06E+4,2.12E+1,-1.62E+4,1.33E+2,-1.73E+4,1.33E+2,6.10E+3,1.51,-2.77E+2,1.51
6,2,8C,,,1.21E+4,1.82E+1,1.11E+4,1.82E+1,3.10E+3,2.28,-2.94E+3,2.28
6,3,9C,,,1.64E+4,2.31,1.54E+4,2.31,4.33E+3,2.37E-1,-9.35E+2,2.37E-1
6,4,10C,-2.31E+4,4.00E+2,3.64E+3,6.87E-2,2.62E+3,6.87E-2,6.03E+3,7.00E-3,-1.26E+2,7.00E-3
6,5,11C,-1.37E+4,5.00,1.98E+3,6.08E-2,9.59E+2,6.08E-2,6.67E+3,5.40E-3,-2.93E+1,5.40E-3
6,6,12C,-1.73E+4,9.99E-1,-1.33E+4,1.32,-1.43E+4,1.32,7.68E+3,2.00E-4,-2.10E+2,2.00E-4
6,7,13C,-2.22E+3,2.69E-1,-1.34E+4,1.00,-1.44E+4,1.00,7.46E+3,2.00E-4,-1.40E+2,2.00E-4
6,8,14C,1.56E+2,3.70E-3,-2.06E+4,2.12E+1,-2.16E+4,2.12E+1,7.52E+3,4.00E-4,-3.70E+1,4.00E-4
6,9,15C,9.77E+3,8.00E-1,-1.90E+4,2.10E+1,-2.01E+4,2.10E+1,7.10E+3,5.33E-2,-7.70E+1,5.33E-2
6,14,20C,1.57E+4,2.43E+2,-3.18E+4,5.93E+2,-3.29E+4,5.93E+2,5.96E+3,1.15E+1,-7.32E+2,1.15E+1
6,13,19C,1.65E+4,9.97E+1,-2.73E+4,5.34E+2,-2.83E+4,5.34E+2,6.11E+3,5.17,-6.04E+2,5.17
6,16,22C,2.18E+4,3.11E+2,,,,,5.42E+3,1.05E+1,-1.03E+3,1.05E+1
6,10,16C,8.01E+3,4.25,-2.34E+4,2.48E+1,-2.44E+4,2.48E+1,6.92E+3,2.23E-1,-2.50E+1,2.23E-1
6,12,18C,1.18E+4,3.52E+1,-2.68E+4,2.06E+2,-2.78E+4,2.06E+2,6.42E+3,1.66,-3.34E+2,1.66
6,11,17C,1.31E+4,2.29E+1,-2.26E+4,2.04E+2,-2.37E+4,2.04E+2,6.55E+3,1.02,-2.24E+2,1.02
7,15,22N,2.24E+4,2.15E+2,-2.18E+4,3.11E+2,-2.28E+4,3.11E+2,6.37E+3,9.44,-6.54E+2,9.44
7,14,21N,1.71E+4,1.34E+2,-2.04E+4,6.11E+2,-2.14E+4,6.11E+2,6.60E+3,6.38,-4.07E+2,6.38
7,17,24N,2.84E+4,4.33E+2,,,,,5.88E+3,1.70E+1,-8.72E+2,1.70E+1
7,16,23N,2.20E+4,4.37E+2,-2.74E+4,1.08E+3,-2.84E+4,1.08E+3,6.23E+3,1.82E+1,-7.56E+2,1.82E+1
7,11,18N,1.38E+4,1.85E+1,-1.18E+4,3.52E+1,-1.28E+4,3.52E+1,7.03E+3,1.03,-2.85E+1,1.03
7,10,17N,8.67E+3,1.50E+1,-1.31E+4,2.29E+1,-1.41E+4,2.29E+1,7.28E+3,8.82E-1,1.23E+2,8.82E-1
7,13,20N,1.79E+4,7.88E+1,-1.57E+4,2.43E+2,-1.67E+4,2.43E+2,6.70E+3,3.94,-2.96E+2,3.94
7,12,19N,1.25E+4,1.66E+1,-1.65E+4,9.97E+1,-1.75E+4,9.97E+1,6.94E+3,8.63E-1,-7.14E+1,8.63E-1
7,3,10N,,,2.31E+4,4.00E+2,2.20E+4,4.00E+2,3.64E+3,4.00E+1,-1.72E+3,4.00E+1
7,4,11N,-2.33E+4,6.02E+1,1.37E+4,5.00,1.26E+4,5.00,5.35E+3,4.54E-1,-6.24E+2,4.54E-1
7,5,12N,-1.46E+4,1.20E+1,1.73E+4,9.99E-1,1.63E+4,9.99E-1,6.17E+3,8.33E-2,-2.70E+2,8.33E-2
7,6,13N,-1.77E+4,9.53,2.22E+3,2.69E-1,1.19E+3,2.69E-1,7.23E+3,2.07E-2,-2.10E+2,2.07E-2
7,7,14N,-5.14E+3,2.52E-2,-1.56E+2,3.70E-3,-1.17E+3,3.70E-3,7.47E+3,2.00E-4,-2.58E+2,2.00E-4
7,8,15N,-2.75E+3,4.90E-1,-9.77E+3,8.00E-1,-1.07E+4,8.00E-1,7.69E+3,2.00E-4,-9.89E+1,2.00E-4
7,9,16N,1.04E+4,2.30,-8.01E+3,4.25,-9.03E+3,4.25,7.37E+3,1.43E-1,1.52,1.43E-1
8,17,25O,1.59E+4,1.91E+2,-2.86E+4,5.29E+2,-2.96E+4,5.29E+2,6.72E+3,6.60,-6.24E+2,6.60
8,18,26O,1.59E+4,1.96E+2,,,,,6.49E+3,6.34,-6.19E+2,6.34
8,15,23O,1.13E+4,1.26E+2,-2.20E+4,4.37E+2,-2.31E+4,4.37E+2,7.16E+3,5.29,-4.39E+2,5.29
8,16,24O,1.09E+4,1.91E+2,-2.84E+4,4.33E+2,-2.94E+4,4.33E+2,7.03E+3,6.86,-5.17E+2,6.86
8,10,18O,-1.65E+3,4.63E-1,-1.38E+4,1.85E+1,-1.49E+4,1.85E+1,7.76E+3,2.00E-4,1.99E+2,2.00E-4
8,13,21O,8.10E+3,1.21E+1,-1.71E+4,1.34E+2,-1.81E+4,1.34E+2,7.38E+3,5.71E-1,-1.06E+2,5.71E-1
8,14,22O,6.48E+3,5.82E+1,-2.24E+4,2.15E+2,-2.35E+4,2.15E+2,7.36E+3,2.58,-2.31E+2,2.58
8,11,19O,4.82E+3,2.63,-1.25E+4,1.66E+1,-1.35E+4,1.66E+1,7.56E+3,1.38E-1,1.31E+2,1.38E-1
8,12,20O,3.81E+3,8.85E-1,-1.79E+4,7.88E+1,-1.89E+4,7.88E+1,7.56E+3,4.42E-2,8.41E+1,4.42E-2
8,20,28O,1.86E+4,7.09E+2,,,,,5.98E+3,2.50E+1,-7.53E+2,2.50E+1
8,3,11O,,,2.33E+4,6.02E+1,2.23E+4,6.02E+1,3.16E+3,5.45,-1.93E+3,5.45
8,4,12O,,,1.46E+4,1.20E+1,1.36E+4,1.20E+1,4.88E+3,1.00,-7.16E+2,1.00
8,5,13O,-1.89E+4,5.00E+2,1.77E+4,9.53,1.67E+4,9.53,5.81E+3,7.32E-1,-2.31E+2,7.32E-1
8,6,14O,-2.39E+4,4.11E+1,5.14E+3,2.52E-2,4.12E+3,2.52E-2,7.05E+3,1.80E-3,-1.56E+2,1.80E-3
8,7,15O,-1.37E+4,1.40E+1,2.75E+3,4.90E-1,1.73E+3,4.90E-1,7.46E+3,3.27E-2,-1.50E+2,3.27E-2
8,8,16O,-1.54E+4,5.36,-1.04E+4,2.30,-1.14E+4,2.30,7.97E+3,2.00E-4,-1.18E+2,2.00E-4
8,9,17O,-2.76E+3,2.47E-1,-8.67E+3,1.50E+1,-9.70E+3,1.50E+1,7.75E+3,2.00E-4,5.91E+1,2.00E-4
9,18,27F,1.80E+4,1.50E+2,-1.95E+4,5.14E+2,-2.05E+4,5.14E+2,6.87E+3,4.45,-2.85E+2,4.45
9,19,28F,2.21E+4,1.74E+2,-1.86E+4,7.09E+2,-1.96E+4,7.09E+2,6.62E+3,4.29,-3.94E+2,4.29
9,16,25F,1.33E+4,1.00E+2,-1.59E+4,1.91E+2,-1.70E+4,1.91E+2,7.33E+3,3.85,-2.07E+2,3.85
9,17,26F,1.81E+4,1.08E+2,-1.59E+4,1.96E+2,-1.70E+4,1.96E+2,7.08E+3,4.11,-3.07E+2,4.11
9,17,26F,1.81E+4,1.08E+2,-1.59E+4,1.96E+2,-1.70E+4,1.96E+2,7.08E+3,4.11,-3.07E+2,4.11
9,10,19F,-3.23E+3,1.60E-1,-4.82E+3,2.63,-5.84E+3,2.63,7.77E+3,2.00E-4,1.96E+2,2.00E-4
9,11,20F,7.02E+3,2.97E-2,-3.81E+3,8.85E-1,-4.83E+3,8.85E-1,7.72E+3,1.50E-3,1.34E+2,1.50E-3
9,14,23F,8.43E+3,3.33E+1,-1.13E+4,1.26E+2,-1.23E+4,1.26E+2,7.62E+3,1.44,-2.85E+1,1.44
9,15,24F,1.34E+4,9.76E+1,-1.09E+4,1.91E+2,-1.19E+4,1.91E+2,7.46E+3,4.06,-1.94E+2,4.06
9,12,21F,5.68E+3,1.80,-8.10E+3,1.21E+1,-9.13E+3,1.21E+1,7.73E+3,8.57E-2,1.79E+2,8.57E-2
9,13,22F,1.08E+4,1.23E+1,-6.48E+3,5.82E+1,-7.51E+3,5.82E+1,7.62E+3,5.63E-1,3.69E+1,5.63E-1
9,21,30F,2.56E+4,5.61E+2,,,,,6.20E+3,1.70E+1,-5.30E+2,1.70E+1
9,22,31F,2.56E+4,5.97E+2,,,,,6.01E+3,1.70E+1,-5.44E+2,1.70E+1
9,20,29F,2.17E+4,5.46E+2,,,,,6.44E+3,1.81E+1,-4.12E+2,1.81E+1
9,5,14F,,,2.39E+4,4.11E+1,2.29E+4,4.11E+1,5.28E+3,2.93,-6.36E+2,2.93
9,6,15F,-2.36E+4,6.81E+1,1.37E+4,1.40E+1,1.26E+4,1.40E+1,6.49E+3,9.33E-1,-3.35E+2,9.33E-1
9,7,16F,-1.33E+4,2.11E+1,1.54E+4,5.36,1.43E+4,5.36,6.96E+3,3.35E-1,-1.50E+2,3.35E-1
9,8,17F,-1.45E+4,4.32E-1,2.76E+3,2.47E-1,1.73E+3,2.47E-1,7.54E+3,1.46E-2,-7.92,1.46E-2
9,9,18F,-4.44E+3,5.88E-1,1.65E+3,4.63E-1,6.33E+2,4.63E-1,7.63E+3,2.57E-2,4.55E+1,2.57E-2
10,10,20Ne,-1.38E+4,1.10,-7.02E+3,2.97E-2,-8.04E+3,2.97E-2,8.03E+3,2.00E-4,8.04E+1,2.00E-4
10,11,21Ne,-3.54E+3,1.77E-2,-5.68E+3,1.80,-6.70E+3,1.80,7.97E+3,1.80E-3,1.35E+2,1.80E-3
10,12,22Ne,-2.84E+3,1.32E-1,-1.08E+4,1.23E+1,-1.18E+4,1.23E+1,8.08E+3,8.00E-4,1.75E+2,8.00E-4
10,13,23Ne,4.37E+3,1.04E-1,-8.43E+3,3.33E+1,-9.46E+3,3.33E+1,7.95E+3,4.49E-3,1.35E+2,4.49E-3
10,14,24Ne,2.46E+3,5.13E-1,-1.34E+4,9.76E+1,-1.45E+4,9.76E+1,7.99E+3,2.14E-2,9.66E+1,2.14E-2
10,15,25Ne,7.32E+3,2.90E+1,-1.33E+4,1.00E+2,-1.43E+4,1.00E+2,7.83E+3,1.16,-3.08,1.16
10,16,26Ne,7.34E+3,1.87E+1,-1.81E+4,1.08E+2,-1.92E+4,1.08E+2,7.75E+3,7.08E-1,-5.00,7.08E-1
10,17,27Ne,1.25E+4,9.08E+1,-1.80E+4,1.50E+2,-1.91E+4,1.50E+2,7.52E+3,3.36,-7.24E+1,3.36
10,18,28Ne,1.22E+4,1.26E+2,-2.21E+4,1.74E+2,-2.31E+4,1.74E+2,7.38E+3,4.50,-8.22E+1,4.50
10,19,29Ne,1.57E+4,1.49E+2,-2.17E+4,5.46E+2,-2.27E+4,5.46E+2,7.16E+3,5.15,-1.80E+2,5.15
10,20,30Ne,1.48E+4,2.53E+2,-2.56E+4,5.61E+2,-2.67E+4,5.61E+2,7.03E+3,8.44,-2.19E+2,8.44
10,21,31Ne,1.89E+4,2.66E+2,-2.56E+4,5.97E+2,-2.66E+4,5.97E+2,6.81E+3,8.58,-3.23E+2,8.58
10,22,32Ne,1.83E+4,5.04E+2,,,,,6.67E+3,1.60E+1,-3.68E+2,1.60E+1
10,23,33Ne,2.23E+4,7.50E+2,,,,,6.43E+3,1.80E+1,-4.55E+2,1.80E+1
10,24,34Ne,2.11E+4,7.89E+2,,,,,6.28E+3,1.50E+1,-4.99E+2,1.50E+1
10,9,19Ne,-1.11E+4,1.05E+1,3.23E+3,1.60E-1,2.21E+3,1.60E-1,7.56E+3,8.40E-3,1.42E+2,8.40E-3
10,7,17Ne,-1.82E+4,5.96E+1,1.45E+4,4.32E-1,1.35E+4,4.32E-1,6.64E+3,2.08E-2,-5.72E+1,2.08E-2
10,8,18Ne,-1.97E+4,9.38E+1,4.44E+3,5.88E-1,3.42E+3,5.88E-1,7.34E+3,2.02E-2,8.44E+1,2.02E-2
10,5,15Ne,,,2.36E+4,6.81E+1,2.26E+4,6.81E+1,4.86E+3,4.44,-7.23E+2,4.44
10,6,16Ne,,,1.33E+4,2.11E+1,1.22E+4,2.11E+1,6.08E+3,1.28,-3.10E+2,1.28
11,9,20Na,-1.06E+4,2.16,1.38E+4,1.10,1.28E+4,1.10,7.29E+3,5.54E-2,3.40E+1,5.54E-2
11,8,19Na,-1.89E+4,6.09E+1,1.11E+4,1.05E+1,1.01E+4,1.05E+1,6.93E+3,5.54E-1,-3.65E+1,5.54E-1
11,7,18Na,,,1.97E+4,9.38E+1,1.86E+4,9.38E+1,6.20E+3,5.21,-2.73E+2,5.21
11,6,17Na,,,1.82E+4,5.96E+1,1.71E+4,5.96E+1,5.52E+3,3.50,-5.66E+2,3.50
11,21,32Na,1.94E+4,3.74E+1,-1.83E+4,5.04E+2,-1.93E+4,5.04E+2,7.21E+3,1.16,-2.00E+2,1.16
11,20,31Na,1.53E+4,1.43E+1,-1.89E+4,2.66E+2,-1.99E+4,2.66E+2,7.39E+3,4.50E-1,-9.47E+1,4.50E-1
11,23,34Na,2.33E+4,5.99E+2,-2.11E+4,7.89E+2,-2.21E+4,7.89E+2,6.88E+3,1.76E+1,-3.12E+2,1.76E+1
11,22,33Na,1.88E+4,4.49E+2,-2.23E+4,7.50E+2,-2.33E+4,7.50E+2,7.08E+3,1.36E+1,-2.25E+2,1.36E+1
11,24,35Na,2.21E+4,7.23E+2,,,,,6.74E+3,1.90E+1,-3.39E+2,1.90E+1
11,26,37Na,2.49E+4,9.80E+2,,,,,6.40E+3,1.90E+1,-4.60E+2,1.90E+1
11,10,21Na,-1.30E+4,7.55E-1,3.54E+3,1.77E-2,2.52E+3,1.77E-2,7.76E+3,2.00E-3,8.53E+1,2.00E-3
11,12,23Na,-4.05E+3,3.17E-2,-4.37E+3,1.04E-1,-5.39E+3,1.04E-1,8.11E+3,2.00E-4,1.03E+2,2.00E-4
11,11,22Na,-4.78E+3,1.63E-1,2.84E+3,1.32E-1,1.82E+3,1.32E-1,7.91E+3,6.00E-3,5.42E+1,6.00E-3
11,14,25Na,3.83E+3,1.20,-7.32E+3,2.90E+1,-8.34E+3,2.90E+1,8.10E+3,4.80E-2,1.26E+2,4.80E-2
11,13,24Na,5.51E+3,2.10E-2,-2.46E+3,5.13E-1,-3.48E+3,5.13E-1,8.06E+3,7.00E-4,8.75E+1,7.00E-4
11,16,27Na,9.06E+3,3.72,-1.25E+4,9.08E+1,-1.35E+4,9.08E+1,7.95E+3,1.38E-1,7.24E+1,1.38E-1
11,15,26Na,9.35E+3,3.50,-7.34E+3,1.87E+1,-8.36E+3,1.87E+1,8.00E+3,1.34E-1,5.24E+1,1.34E-1
11,18,29Na,1.32E+4,7.34,-1.57E+4,1.49E+2,-1.67E+4,1.49E+2,7.68E+3,2.53E-1,2.14E+1,2.53E-1
11,17,28Na,1.40E+4,1.02E+1,-1.22E+4,1.26E+2,-1.33E+4,1.26E+2,7.79E+3,3.65E-1,-3.43,3.65E-1
11,19,30Na,1.73E+4,4.90,-1.48E+4,2.53E+2,-1.58E+4,2.53E+2,7.50E+3,1.57E-1,-6.59E+1,1.57E-1
12,11,23Mg,-1.22E+4,3.46E-1,4.05E+3,3.17E-2,3.03E+3,3.17E-2,7.90E+3,1.40E-3,6.48E+1,1.40E-3
12,10,22Mg,-1.86E+4,4.01E+2,4.78E+3,1.63E-1,3.75E+3,1.63E-1,7.66E+3,7.20E-3,8.81E+1,7.20E-3
12,13,25Mg,-4.27E+3,4.46E-2,-3.83E+3,1.20,-4.85E+3,1.20,8.22E+3,1.90E-3,7.92E+1,1.90E-3
12,12,24Mg,-1.38E+4,2.28E-1,-5.51E+3,2.10E-2,-6.53E+3,2.10E-2,8.26E+3,6.00E-4,2.46E+1,6.00E-4
12,15,27Mg,2.61E+3,6.69E-2,-9.06E+3,3.72,-1.00E+4,3.72,8.26E+3,1.80E-3,7.44E+1,1.80E-3
12,14,26Mg,-4.00E+3,6.29E-2,-9.35E+3,3.50,-1.03E+4,3.50,8.33E+3,1.10E-3,1.08E+2,1.10E-3
12,17,29Mg,7.59E+3,4.87E-1,-1.32E+4,7.34,-1.43E+4,7.34,8.11E+3,1.19E-2,7.04E+1,1.19E-2
12,16,28Mg,1.83E+3,2.65E-1,-1.40E+4,1.02E+1,-1.50E+4,1.02E+1,8.27E+3,9.29E-3,8.98E+1,9.29E-3
12,19,31Mg,1.18E+4,3.80,-1.53E+4,1.43E+1,-1.63E+4,1.43E+1,7.86E+3,9.92E-2,4.12E+1,9.92E-2
12,18,30Mg,6.98E+3,2.32,-1.73E+4,4.90,-1.83E+4,4.90,8.05E+3,4.32E-2,7.88E+1,4.32E-2
12,20,32Mg,1.02E+4,7.87,-1.94E+4,3.74E+1,-2.04E+4,3.74E+1,7.80E+3,1.01E-1,7.84,1.01E-1
12,22,34Mg,1.13E+4,7.20,-2.33E+4,5.99E+2,-2.43E+4,5.99E+2,7.55E+3,2.02E-1,-1.15E+2,2.02E-1
12,21,33Mg,1.34E+4,7.47,-1.88E+4,4.49E+2,-1.98E+4,4.49E+2,7.63E+3,8.06E-2,-7.27E+1,8.06E-2
12,24,36Mg,1.44E+4,7.06E+2,-2.55E+4,9.74E+2,-2.65E+4,9.74E+2,7.24E+3,1.91E+1,-2.18E+2,1.91E+1
12,23,35Mg,1.58E+4,2.69E+2,-2.21E+4,7.23E+2,-2.32E+4,7.23E+2,7.35E+3,7.70,-1.82E+2,7.70
12,26,38Mg,1.76E+4,5.25E+2,-2.78E+4,8.75E+2,-2.88E+4,8.75E+2,6.92E+3,1.30E+1,-3.25E+2,1.30E+1
12,25,37Mg,1.84E+4,7.21E+2,-2.49E+4,9.80E+2,-2.59E+4,9.80E+2,7.05E+3,1.88E+1,-2.94E+2,1.88E+1
12,28,40Mg,2.07E+4,5.83E+2,,,,,6.59E+3,1.30E+1,-4.24E+2,1.30E+1
12,9,21Mg,-1.61E+4,6.00E+2,1.30E+4,7.55E-1,1.20E+4,7.55E-1,7.10E+3,3.59E-2,4.31E+1,3.59E-2
12,8,20Mg,,,1.06E+4,2.16,9.60E+3,2.16,6.72E+3,9.31E-2,-1.18E+2,9.31E-2
12,7,19Mg,,,1.89E+4,6.09E+1,1.78E+4,6.09E+1,5.90E+3,3.15,-3.51E+2,3.15
12,6,18Mg,,,,,,,,,,
13,9,22Al,-1.54E+4,6.41E+2,1.86E+4,4.01E+2,1.75E+4,4.01E+2,6.78E+3,1.80E+1,-1.31E+2,1.80E+1
13,8,21Al,,,1.61E+4,6.00E+2,1.51E+4,6.00E+2,6.29E+3,2.90E+1,-2.97E+2,2.90E+1
13,22,35Al,1.41E+4,3.66E+1,-1.58E+4,2.69E+2,-1.68E+4,2.69E+2,7.78E+3,2.10E-1,-9.22,2.10E-1
13,23,36Al,1.83E+4,1.65E+2,-1.44E+4,7.06E+2,-1.54E+4,7.06E+2,7.62E+3,4.15,-7.10E+1,4.15
13,20,33Al,1.20E+4,7.02,-1.34E+4,7.47,-1.44E+4,7.47,8.02E+3,2.11E-1,5.86E+1,2.11E-1
13,21,34Al,1.69E+4,2.25,-1.13E+4,7.20,-1.23E+4,7.20,7.86E+3,6.19E-2,1.35E+1,6.19E-2
13,21,34Al,1.69E+4,2.25,-1.13E+4,7.20,-1.23E+4,7.20,7.86E+3,6.19E-2,1.35E+1,6.19E-2
13,26,39Al,1.91E+4,3.29E+2,-2.12E+4,5.94E+2,-2.23E+4,5.94E+2,7.26E+3,8.00,-2.00E+2,8.00
13,27,40Al,2.31E+4,3.24E+2,-2.07E+4,5.83E+2,-2.17E+4,5.83E+2,7.09E+3,7.00,-2.77E+2,7.00
13,24,37Al,1.63E+4,2.13E+2,-1.84E+4,7.21E+2,-1.94E+4,7.21E+2,7.53E+3,4.87,-9.95E+1,4.87
13,25,38Al,2.06E+4,1.83E+2,-1.76E+4,5.25E+2,-1.86E+4,5.25E+2,7.37E+3,4.00,-1.74E+2,4.00
13,28,41Al,2.13E+4,5.00E+2,-2.35E+4,6.40E+2,-2.45E+4,6.40E+2,6.98E+3,1.00E+1,-3.06E+2,1.00E+1
13,29,42Al,2.51E+4,5.83E+2,,,,,6.82E+3,1.20E+1,-3.95E+2,1.20E+1
13,30,43Al,2.39E+4,7.21E+2,,,,,6.71E+3,1.40E+1,-4.29E+2,1.40E+1
13,11,24Al,-1.07E+4,1.94E+1,1.38E+4,2.28E-1,1.28E+4,2.28E-1,7.64E+3,9.50E-3,1.04E+1,9.50E-3
13,11,24Al,-1.07E+4,1.94E+1,1.38E+4,2.28E-1,1.28E+4,2.28E-1,7.64E+3,9.50E-3,1.04E+1,9.50E-3
13,12,25Al,-1.27E+4,1.00E+1,4.27E+3,4.46E-2,3.25E+3,4.46E-2,8.02E+3,2.60E-3,3.94E+1,2.60E-3
13,10,23Al,-1.72E+4,5.00E+2,1.22E+4,3.46E-1,1.11E+4,3.46E-1,7.33E+3,1.50E-2,8.17,1.50E-2
13,15,28Al,4.64E+3,4.86E-2,-1.83E+3,2.65E-1,-2.85E+3,2.65E-1,8.30E+3,1.80E-3,3.46E+1,1.80E-3
13,16,29Al,3.68E+3,3.44E-1,-7.59E+3,4.87E-1,-8.61E+3,4.87E-1,8.34E+3,1.19E-2,7.88E+1,1.19E-2
13,13,26Al,-5.06E+3,8.49E-2,4.00E+3,6.29E-2,2.98E+3,6.29E-2,8.14E+3,2.60E-3,1.55E+1,2.60E-3
13,13,26Al,-5.06E+3,8.49E-2,4.00E+3,6.29E-2,2.98E+3,6.29E-2,8.14E+3,2.60E-3,1.55E+1,2.60E-3
13,14,27Al,-4.81E+3,9.64E-2,-2.61E+3,6.69E-2,-3.63E+3,6.69E-2,8.33E+3,1.80E-3,4.31E+1,1.80E-3
13,19,32Al,1.29E+4,7.17,-1.02E+4,7.87,-1.12E+4,7.87,8.10E+3,2.24E-1,3.72E+1,2.24E-1
13,17,30Al,8.56E+3,1.93,-6.98E+3,2.32,-8.00E+3,2.32,8.26E+3,6.45E-2,4.96E+1,6.45E-2
13,18,31Al,7.99E+3,2.23,-1.18E+4,3.80,-1.28E+4,3.80,8.22E+3,7.21E-2,8.34E+1,7.21E-2
14,30,44Si,1.82E+4,6.40E+2,,,,,7.15E+3,1.10E+1,-3.33E+2,1.10E+1
14,12,26Si,-1.81E+4,1.96E+2,5.06E+3,8.49E-2,4.04E+3,8.49E-2,7.92E+3,4.10E-3,3.95E+1,4.10E-3
14,13,27Si,-1.17E+4,9.00,4.81E+3,9.64E-2,3.79E+3,9.64E-2,8.12E+3,4.00E-3,1.43E+1,4.00E-3
14,10,24Si,-2.32E+4,5.01E+2,1.07E+4,1.94E+1,9.77E+3,1.94E+1,7.16E+3,8.11E-1,-5.93E+1,8.11E-1
14,11,25Si,-1.63E+4,4.00E+2,1.27E+4,1.00E+1,1.17E+4,1.00E+1,7.48E+3,4.00E-1,2.14E+1,4.00E-1
14,16,30Si,-4.23E+3,6.15E-2,-8.56E+3,1.93,-9.59E+3,1.93,8.52E+3,8.00E-4,4.38E+1,8.00E-4
14,17,31Si,1.49E+3,4.34E-2,-7.99E+3,2.23,-9.02E+3,2.23,8.45E+3,1.40E-3,4.12E+1,1.40E-3
14,14,28Si,-1.43E+4,1.14,-4.64E+3,4.86E-2,-5.66E+3,4.86E-2,8.44E+3,2.00E-4,-4.42E+1,2.00E-4
14,15,29Si,-4.94E+3,3.58E-1,-3.68E+3,3.44E-1,-4.70E+3,3.44E-1,8.44E+3,2.00E-4,-1.48E+1,2.00E-4
14,18,32Si,2.27E+2,3.00E-1,-1.29E+4,7.17,-1.40E+4,7.17,8.48E+3,9.29E-3,5.70E+1,9.29E-3
14,19,33Si,5.82E+3,1.29,-1.20E+4,7.02,-1.30E+4,7.02,8.36E+3,2.12E-2,4.97E+1,2.12E-2
14,23,37Si,1.24E+4,1.19E+2,-1.63E+4,2.13E+2,-1.74E+4,2.13E+2,7.95E+3,3.07,2.81,3.07
14,24,38Si,1.04E+4,1.27E+2,-2.06E+4,1.83E+2,-2.16E+4,1.83E+2,7.89E+3,2.75,-3.41E+1,2.75
14,21,35Si,1.04E+4,3.59E+1,-1.41E+4,3.66E+1,-1.51E+4,3.66E+1,8.16E+3,1.02,4.83E+1,1.02
14,22,36Si,7.81E+3,7.29E+1,-1.83E+4,1.65E+2,-1.94E+4,1.65E+2,8.11E+3,1.99,3.79E+1,1.99
14,27,41Si,1.81E+4,3.23E+2,-2.13E+4,5.00E+2,-2.24E+4,5.00E+2,7.48E+3,7.00,-1.69E+2,7.00
14,28,42Si,1.57E+4,3.15E+2,-2.51E+4,5.83E+2,-2.61E+4,5.83E+2,7.41E+3,7.00,-2.27E+2,7.00
14,25,39Si,1.50E+4,1.76E+2,-1.91E+4,3.29E+2,-2.01E+4,3.29E+2,7.73E+3,3.47,-8.27E+1,3.47
14,26,40Si,1.38E+4,1.47E+2,-2.31E+4,3.24E+2,-2.41E+4,3.24E+2,7.65E+3,3.04,-1.24E+2,3.04
14,20,34Si,4.55E+3,1.13,-1.69E+4,2.25,-1.80E+4,2.25,8.33E+3,2.36E-2,4.94E+1,2.36E-2
14,29,43Si,1.92E+4,5.00E+2,-2.39E+4,7.21E+2,-2.49E+4,7.21E+2,7.25E+3,9.00,-2.91E+2,9.00
14,9,23Si,,,1.72E+4,5.00E+2,1.61E+4,5.00E+2,6.55E+3,2.20E+1,-2.05E+2,2.20E+1
14,8,22Si,,,1.54E+4,6.41E+2,1.44E+4,6.41E+2,6.04E+3,2.30E+1,-4.26E+2,2.30E+1
15,25,40P,1.46E+4,8.37E+1,-1.38E+4,1.47E+2,-1.48E+4,1.47E+2,7.98E+3,2.09,-5.79E+1,2.09
15,24,39P,1.03E+4,1.23E+2,-1.50E+4,1.76E+2,-1.61E+4,1.76E+2,8.09E+3,2.88,6.07,2.88
15,23,38P,1.22E+4,7.29E+1,-1.04E+4,1.27E+2,-1.14E+4,1.27E+2,8.14E+3,1.91,2.54E+1,1.91
15,22,37P,7.90E+3,3.79E+1,-1.24E+4,1.19E+2,-1.34E+4,1.19E+2,8.26E+3,1.02,6.47E+1,1.02
15,29,44P,2.03E+4,4.00E+2,-1.82E+4,6.40E+2,-1.92E+4,6.40E+2,7.55E+3,9.00,-2.25E+2,9.00
15,28,43P,1.72E+4,3.00E+2,-1.92E+4,5.00E+2,-2.03E+4,5.00E+2,7.68E+3,7.00,-1.53E+2,7.00
15,27,42P,1.87E+4,9.50E+1,-1.57E+4,3.15E+2,-1.67E+4,3.15E+2,7.76E+3,2.26,-1.29E+2,2.26
15,26,41P,1.40E+4,1.20E+2,-1.81E+4,3.23E+2,-1.92E+4,3.23E+2,7.90E+3,2.93,-7.60E+1,2.93
15,21,36P,1.04E+4,1.31E+1,-7.81E+3,7.29E+1,-8.83E+3,7.29E+1,8.30E+3,3.64E-1,5.85E+1,3.64E-1
15,20,35P,3.98E+3,1.86,-1.04E+4,3.59E+1,-1.14E+4,3.59E+1,8.44E+3,5.33E-2,4.75E+1,5.33E-2
15,32,47P,2.16E+4,7.21E+2,,,,,7.20E+3,1.30E+1,-3.36E+2,1.30E+1
15,31,46P,2.22E+4,6.40E+2,,,,,7.32E+3,1.10E+1,-3.19E+2,1.10E+1
15,30,45P,1.93E+4,5.83E+2,-2.11E+4,7.81E+2,-2.21E+4,7.81E+2,7.45E+3,1.10E+1,-2.50E+2,1.10E+1
15,14,29P,-1.38E+4,1.30E+1,4.94E+3,3.58E-1,3.92E+3,3.58E-1,8.25E+3,1.24E-2,-4.79E+1,1.24E-2
15,13,28P,-1.12E+4,1.60E+2,1.43E+4,1.14,1.33E+4,1.14,7.90E+3,4.10E-2,-2.94E+1,4.10E-2
15,12,27P,-1.81E+4,4.00E+2,1.17E+4,9.00,1.07E+4,9.00,7.66E+3,3.33E-1,-3.09E+1,3.33E-1
15,11,26P,-1.67E+4,6.31E+2,1.81E+4,1.96E+2,1.70E+4,1.96E+2,7.19E+3,8.00,-9.75E+1,8.00
15,18,33P,2.48E+2,1.09,-5.82E+3,1.29,-6.84E+3,1.29,8.51E+3,3.30E-2,4.43E+1,3.30E-2
15,17,32P,1.71E+3,4.00E-2,-2.27E+2,3.00E-1,-1.24E+3,3.00E-1,8.46E+3,1.30E-3,9.28,1.30E-3
15,16,31P,-5.39E+3,2.29E-1,-1.49E+3,4.34E-2,-2.51E+3,4.34E-2,8.48E+3,2.00E-4,9.35E-1,2.00E-4
15,15,30P,-6.14E+3,1.95E-1,4.23E+3,6.15E-2,3.21E+3,6.15E-2,8.35E+3,2.20E-3,-5.50E+1,2.20E-3
15,10,25P,,,1.63E+4,4.00E+2,1.53E+4,4.00E+2,6.79E+3,1.60E+1,-1.68E+2,1.60E+1
15,19,34P,5.38E+3,8.11E-1,-4.55E+3,1.13,-5.57E+3,1.13,8.44E+3,2.38E-2,3.05E+1,2.38E-2
16,33,49S,1.96E+4,7.07E+2,,,,,7.40E+3,1.20E+1,-2.89E+2,1.20E+1
16,32,48S,1.66E+4,7.07E+2,,,,,7.55E+3,1.00E+1,-2.50E+2,1.00E+1
16,31,47S,1.67E+4,4.47E+2,-2.16E+4,7.21E+2,-2.26E+4,7.21E+2,7.65E+3,9.00,-2.35E+2,9.00
16,30,46S,1.43E+4,4.11E+2,-2.22E+4,6.40E+2,-2.32E+4,6.40E+2,7.78E+3,9.00,-1.79E+2,9.00
16,15,31S,-1.20E+4,3.45,5.39E+3,2.29E-1,4.37E+3,2.29E-1,8.28E+3,7.40E-3,-2.51E+1,7.40E-3
16,14,30S,-1.87E+4,2.38E+1,6.14E+3,1.95E-1,5.11E+3,1.95E-1,8.12E+3,6.90E-3,-1.40E+1,6.90E-3
16,13,29S,-1.71E+4,1.89E+2,1.38E+4,1.30E+1,1.28E+4,1.30E+1,7.74E+3,4.49E-1,-1.05E+1,4.49E-1
16,12,28S,-2.41E+4,5.25E+2,1.12E+4,1.60E+2,1.01E+4,1.60E+2,7.47E+3,5.71,-4.93E+1,5.71
16,19,35S,1.67E+2,2.57E-2,-3.98E+3,1.86,-5.01E+3,1.86,8.53E+3,1.19E-3,6.77E+1,1.19E-3
16,18,34S,-5.49E+3,3.78E-2,-5.38E+3,8.11E-1,-6.40E+3,8.11E-1,8.58E+3,1.30E-3,6.06E+1,1.30E-3
16,17,33S,-5.58E+3,3.90E-1,-2.48E+2,1.09,-1.27E+3,1.09,8.49E+3,2.00E-4,2.38E+1,2.00E-4
16,16,32S,-1.26E+4,5.61E-1,-1.71E+3,4.00E-2,-2.73E+3,4.00E-2,8.49E+3,2.00E-4,-9.78,2.00E-4
16,11,27S,,,1.81E+4,4.00E+2,1.71E+4,4.00E+2,6.96E+3,1.50E+1,-1.10E+2,1.50E+1
16,10,26S,,,1.67E+4,6.31E+2,1.56E+4,6.31E+2,6.52E+3,2.30E+1,-2.12E+2,2.30E+1
16,26,42S,7.19E+3,5.96E+1,-1.87E+4,9.50E+1,-1.97E+4,9.50E+1,8.19E+3,6.65E-2,-3.71E+1,6.65E-2
16,25,41S,8.29E+3,6.88E+1,-1.40E+4,1.20E+2,-1.50E+4,1.20E+2,8.22E+3,1.00E-1,-1.42,1.00E-1
16,24,40S,4.71E+3,3.23E+1,-1.46E+4,8.37E+1,-1.57E+4,8.37E+1,8.32E+3,9.95E-2,5.33E+1,9.95E-2
16,23,39S,6.63E+3,5.00E+1,-1.03E+4,1.23E+2,-1.14E+4,1.23E+2,8.34E+3,1.28,8.26E+1,1.28
16,29,45S,1.49E+4,3.29E+2,-1.93E+4,5.83E+2,-2.03E+4,5.83E+2,7.86E+3,7.00,-1.56E+2,7.00
16,28,44S,1.12E+4,8.57E+1,-2.03E+4,4.00E+2,-2.13E+4,4.00E+2,7.99E+3,1.18E-1,-1.03E+2,1.18E-1
16,27,43S,1.19E+4,6.20E+1,-1.72E+4,3.00E+2,-1.82E+4,3.00E+2,8.06E+3,1.15E-1,-7.90E+1,1.15E-1
16,22,38S,2.93E+3,7.17,-1.22E+4,7.29E+1,-1.32E+4,7.29E+1,8.44E+3,1.88E-1,1.07E+2,1.88E-1
16,21,37S,4.86E+3,1.96E-1,-7.90E+3,3.79E+1,-8.92E+3,3.79E+1,8.45E+3,5.40E-3,1.01E+2,5.40E-3
16,20,36S,-1.14E+3,1.89E-1,-1.04E+4,1.31E+1,-1.14E+4,1.31E+1,8.57E+3,5.20E-3,7.82E+1,5.20E-3
17,28,45Cl,1.15E+4,1.36E+2,-1.49E+4,3.29E+2,-1.59E+4,3.29E+2,8.18E+3,3.02,-6.59E+1,3.02
17,29,46Cl,1.60E+4,9.72E+1,-1.43E+4,4.11E+2,-1.53E+4,4.11E+2,8.08E+3,2.11,-1.24E+2,2.11
17,24,41Cl,5.76E+3,6.87E+1,-8.29E+3,6.88E+1,-9.32E+3,6.88E+1,8.41E+3,1.67,9.23E+1,1.67
17,25,42Cl,9.59E+3,5.98E+1,-7.19E+3,5.96E+1,-8.21E+3,5.96E+1,8.34E+3,1.41,3.44E+1,1.41
17,26,43Cl,7.85E+3,6.20E+1,-1.19E+4,6.20E+1,-1.29E+4,6.20E+1,8.32E+3,1.43,8.51,1.43
17,27,44Cl,1.21E+4,8.55E+1,-1.12E+4,8.57E+1,-1.22E+4,8.57E+1,8.23E+3,1.94,-4.78E+1,1.94
17,20,37Cl,-8.13E+2,2.00E-1,-4.86E+3,1.96E-1,-5.88E+3,1.96E-1,8.57E+3,1.40E-3,7.34E+1,1.40E-3
17,21,38Cl,4.91E+3,2.18E-1,-2.93E+3,7.17,-3.95E+3,7.17,8.50E+3,2.60E-3,8.49E+1,2.60E-3
17,21,38Cl,4.91E+3,2.18E-1,-2.93E+3,7.17,-3.95E+3,7.17,8.50E+3,2.60E-3,8.49E+1,2.60E-3
17,22,39Cl,3.44E+3,5.29,-6.63E+3,5.00E+1,-7.65E+3,5.00E+1,8.49E+3,4.44E-2,1.22E+2,4.44E-2
17,23,40Cl,7.48E+3,3.20E+1,-4.71E+3,3.23E+1,-5.74E+3,3.23E+1,8.42E+3,8.01E-1,9.39E+1,8.01E-1
17,35,52Cl,2.37E+4,9.22E+2,,,,,7.38E+3,1.30E+1,-2.46E+2,1.30E+1
17,31,48Cl,1.80E+4,5.00E+2,-1.66E+4,7.07E+2,-1.76E+4,7.07E+2,7.88E+3,1.00E+1,-1.83E+2,1.00E+1
17,32,49Cl,1.78E+4,5.65E+2,-1.96E+4,7.07E+2,-2.06E+4,7.07E+2,7.78E+3,8.00,-1.85E+2,8.00
17,33,50Cl,2.09E+4,6.40E+2,,,,,7.65E+3,8.00,-2.26E+2,8.00
17,34,51Cl,2.07E+4,8.06E+2,,,,,7.53E+3,1.40E+1,-2.13E+2,1.40E+1
17,30,47Cl,1.57E+4,2.00E+2,-1.67E+4,4.47E+2,-1.78E+4,4.47E+2,7.99E+3,4.00,-1.23E+2,4.00
17,17,34Cl,-6.06E+3,6.31E-2,5.49E+3,3.78E-2,4.46E+3,3.78E-2,8.39E+3,1.40E-3,-1.01E+1,1.40E-3
17,17,34Cl,-6.06E+3,6.31E-2,5.49E+3,3.78E-2,4.46E+3,3.78E-2,8.39E+3,1.40E-3,-1.01E+1,1.40E-3
17,18,35Cl,-5.96E+3,6.79E-1,-1.67E+2,2.57E-2,-1.18E+3,2.57E-2,8.52E+3,1.00E-3,3.29E+1,1.00E-3
17,19,36Cl,7.09E+2,4.49E-2,1.14E+3,1.89E-1,1.20E+2,1.89E-1,8.52E+3,1.00E-3,3.69E+1,1.00E-3
17,13,30Cl,-1.73E+4,1.80E+2,1.87E+4,2.38E+1,1.77E+4,2.38E+1,7.47E+3,7.95E-1,-7.31E+1,7.95E-1
17,14,31Cl,-1.83E+4,2.00E+2,1.20E+4,3.45,1.09E+4,3.45,7.86E+3,1.11E-1,-4.59E+1,1.11E-1
17,15,32Cl,-1.11E+4,1.85,1.26E+4,5.61E-1,1.16E+4,5.61E-1,8.07E+3,1.76E-2,-4.51E+1,1.76E-2
17,16,33Cl,-1.16E+4,5.59E-1,5.58E+3,3.90E-1,4.56E+3,3.90E-1,8.30E+3,1.18E-2,-4.08,1.18E-2
17,11,28Cl,,,2.41E+4,5.25E+2,2.31E+4,5.25E+2,6.58E+3,1.80E+1,-1.90E+2,1.80E+1
17,12,29Cl,-2.39E+4,4.78E+2,1.71E+4,1.89E+2,1.60E+4,1.89E+2,7.12E+3,7.00,-9.76E+1,7.00
18,36,54Ar,1.77E+4,8.94E+2,,,,,7.57E+3,1.50E+1,-1.84E+2,1.50E+1
18,32,50Ar,1.24E+4,5.00E+2,-2.09E+4,6.40E+2,-2.19E+4,6.40E+2,8.05E+3,1.00E+1,-1.36E+2,1.00E+1
18,33,51Ar,1.60E+4,4.00E+2,-2.07E+4,8.06E+2,-2.18E+4,8.06E+2,7.92E+3,8.00,-1.64E+2,8.00
18,34,52Ar,1.57E+4,6.01E+2,-2.37E+4,9.22E+2,-2.47E+4,9.22E+2,7.82E+3,1.20E+1,-1.65E+2,1.20E+1
18,35,53Ar,1.90E+4,7.08E+2,,,,,7.67E+3,1.30E+1,-1.80E+2,1.30E+1
18,30,48Ar,9.92E+3,1.67E+1,-1.80E+4,5.00E+2,-1.90E+4,5.00E+2,8.24E+3,3.49E-1,-8.86E+1,3.49E-1
18,31,49Ar,1.25E+4,4.00E+2,-1.78E+4,5.65E+2,-1.88E+4,5.65E+2,8.13E+3,8.00,-1.28E+2,8.00
18,18,36Ar,-1.28E+4,3.25E-1,-7.09E+2,4.49E-2,-1.73E+3,4.49E-2,8.51E+3,8.00E-4,1.55E+1,8.00E-4
18,19,37Ar,-6.14E+3,2.27E-1,8.13E+2,2.00E-1,-2.08E+2,2.00E-1,8.52E+3,5.60E-3,5.13E+1,5.60E-3
18,14,32Ar,-2.41E+4,4.00E+2,1.11E+4,1.85,1.01E+4,1.85,7.70E+3,5.53E-2,-5.37E+1,5.53E-2
18,15,33Ar,-1.69E+4,2.00E+2,1.16E+4,5.59E-1,1.05E+4,5.59E-1,7.92E+3,1.21E-2,-3.31E+1,1.21E-2
18,16,34Ar,-1.71E+4,1.96E+2,6.06E+3,6.31E-2,5.03E+3,6.31E-2,8.19E+3,2.30E-3,9.25,2.30E-3
18,17,35Ar,-1.18E+4,8.51E-1,5.96E+3,6.79E-1,4.94E+3,6.79E-1,8.32E+3,1.94E-2,9.24,1.94E-2
18,11,29Ar,,,2.39E+4,4.78E+2,2.29E+4,4.78E+2,6.27E+3,1.50E+1,-1.86E+2,1.50E+1
18,12,30Ar,,,1.73E+4,1.80E+2,1.63E+4,1.80E+2,6.86E+3,6.00,-1.00E+2,6.00
18,13,31Ar,-2.29E+4,3.61E+2,1.83E+4,2.00E+2,1.73E+4,2.00E+2,7.25E+3,6.00,-7.02E+1,6.00
18,29,47Ar,1.03E+4,1.84,-1.57E+4,2.00E+2,-1.68E+4,2.00E+2,8.31E+3,2.58E-2,-8.45E+1,2.58E-2
18,25,43Ar,4.56E+3,5.32,-7.85E+3,6.20E+1,-8.87E+3,6.20E+1,8.48E+3,1.23E-1,8.17E+1,1.23E-1
18,26,44Ar,3.10E+3,1.63,-1.21E+4,8.55E+1,-1.32E+4,8.55E+1,8.49E+3,3.60E-2,4.92E+1,3.60E-2
18,27,45Ar,6.84E+3,7.31E-1,-1.15E+4,1.36E+2,-1.25E+4,1.36E+2,8.41E+3,1.14E-2,-1.19E-1,1.14E-2
18,28,46Ar,5.64E+3,2.43,-1.60E+4,9.72E+1,-1.70E+4,9.72E+1,8.41E+3,5.06E-2,-4.52E+1,5.06E-2
18,21,39Ar,5.65E+2,5.00,-3.44E+3,5.29,-4.46E+3,5.29,8.56E+3,1.28E-1,1.11E+2,1.28E-1
18,22,40Ar,-1.50E+3,5.59E-2,-7.48E+3,3.20E+1,-8.50E+3,3.20E+1,8.59E+3,2.00E-4,1.32E+2,2.00E-4
18,23,41Ar,2.49E+3,3.47E-1,-5.76E+3,6.87E+1,-6.78E+3,6.87E+1,8.53E+3,8.50E-3,1.27E+2,8.50E-3
18,24,42Ar,5.99E+2,5.77,-9.59E+3,5.98E+1,-1.06E+4,5.98E+1,8.55E+3,1.37E-1,1.13E+2,1.37E-1
18,20,38Ar,-5.91E+3,4.48E-2,-4.91E+3,2.18E-1,-5.93E+3,2.18E-1,8.61E+3,5.10E-3,7.97E+1,5.10E-3
19,40,59K,2.29E+4,1.00E+3,,,,,7.33E+3,1.40E+1,-1.88E+2,1.40E+1
19,27,46K,7.72E+3,2.34,-5.64E+3,2.43,-6.66E+3,2.43,8.51E+3,1.58E-2,6.98,1.58E-2
19,26,45K,4.19E+3,6.36E-1,-6.84E+3,7.31E-1,-7.86E+3,7.31E-1,8.55E+3,1.15E-2,6.86E+1,1.15E-2
19,29,48K,1.19E+4,7.73E-1,-9.92E+3,1.67E+1,-1.09E+4,1.67E+1,8.43E+3,1.61E-2,-5.92E+1,1.61E-2
19,28,47K,6.63E+3,2.62,-1.03E+4,1.84,-1.13E+4,1.84,8.51E+3,2.97E-2,-2.16E+1,2.97E-2
19,23,42K,3.52E+3,1.82E-1,-5.99E+2,5.77,-1.62E+3,5.77,8.55E+3,2.50E-3,1.12E+2,2.50E-3
19,22,41K,-4.21E+2,1.37E-1,-2.49E+3,3.47E-1,-3.51E+3,3.47E-1,8.57E+3,3.00E-4,1.21E+2,3.00E-4
19,25,44K,5.68E+3,5.30E-1,-3.10E+3,1.63,-4.13E+3,1.63,8.54E+3,9.50E-3,7.99E+1,9.50E-3
19,24,43K,1.83E+3,4.68E-1,-4.56E+3,5.32,-5.58E+3,5.32,8.57E+3,9.50E-3,1.21E+2,9.50E-3
19,21,40K,1.31E+3,5.96E-2,1.50E+3,5.59E-2,4.82E+2,5.59E-2,8.53E+3,1.40E-3,7.56E+1,1.40E-3
19,20,39K,-6.52E+3,5.96E-1,-5.65E+2,5.00,-1.58E+3,5.00,8.55E+3,3.00E-4,4.10E+1,3.00E-4
19,38,57K,2.06E+4,7.21E+2,,,,,7.56E+3,1.10E+1,-1.60E+2,1.10E+1
19,37,56K,2.14E+4,6.50E+2,,,,,7.66E+3,1.10E+1,-1.63E+2,1.10E+1
19,34,53K,1.70E+4,1.20E+2,-1.90E+4,7.08E+2,-2.01E+4,7.08E+2,8.02E+3,2.10,-1.28E+2,2.10
19,33,52K,1.71E+4,3.35E+1,-1.57E+4,6.01E+2,-1.67E+4,6.01E+2,8.11E+3,6.44E-1,-1.38E+2,6.44E-1
19,36,55K,1.91E+4,5.25E+2,,,,,7.79E+3,9.00,-1.38E+2,9.00
19,35,54K,2.00E+4,4.03E+2,-1.77E+4,8.94E+2,-1.87E+4,8.94E+2,7.89E+3,7.00,-1.46E+2,7.00
19,30,49K,1.16E+4,8.20E-1,-1.25E+4,4.00E+2,-1.35E+4,4.00E+2,8.37E+3,1.64E-2,-5.07E+1,1.64E-2
19,32,51K,1.38E+4,1.30E+1,-1.60E+4,4.00E+2,-1.70E+4,4.00E+2,8.22E+3,2.55E-1,-1.02E+2,2.55E-1
19,31,50K,1.38E+4,7.89,-1.24E+4,5.00E+2,-1.35E+4,5.00E+2,8.28E+3,1.54E-1,-9.96E+1,1.54E-1
19,19,38K,-6.74E+3,6.26E-2,5.91E+3,4.48E-2,4.89E+3,4.48E-2,8.43E+3,5.10E-3,1.07E+1,5.10E-3
19,19,38K,-6.74E+3,6.26E-2,5.91E+3,4.48E-2,4.89E+3,4.48E-2,8.43E+3,5.10E-3,1.07E+1,5.10E-3
19,16,35K,-1.63E+4,2.00E+2,1.18E+4,8.51E-1,1.08E+4,8.51E-1,7.96E+3,1.46E-2,-9.77,1.46E-2
19,18,37K,-1.16E+4,6.41E-1,6.14E+3,2.27E-1,5.12E+3,2.27E-1,8.33E+3,2.50E-3,2.60E+1,2.50E-3
19,17,36K,-1.09E+4,4.00E+1,1.28E+4,3.25E-1,1.17E+4,3.25E-1,8.14E+3,8.99E-3,-1.23E+1,8.99E-3
19,12,31K,,,2.29E+4,3.61E+2,2.19E+4,3.61E+2,6.48E+3,1.00E+1,-1.54E+2,1.00E+1
20,39,59Ca,1.66E+4,6.50E+2,-2.29E+4,1.00E+3,-2.39E+4,1.00E+3,7.70E+3,1.00E+1,-1.50E+2,1.00E+1
20,38,58Ca,1.39E+4,5.35E+2,-2.34E+4,8.60E+2,-2.44E+4,8.60E+2,7.82E+3,9.00,-1.24E+2,9.00
20,37,57Ca,1.48E+4,4.38E+2,-2.06E+4,7.21E+2,-2.17E+4,7.21E+2,7.91E+3,7.00,-1.20E+2,7.00
20,36,56Ca,1.20E+4,3.60E+2,-2.14E+4,6.50E+2,-2.25E+4,6.50E+2,8.03E+3,4.45,-9.98E+1,4.45
20,35,55Ca,1.21E+4,1.71E+2,-1.91E+4,5.25E+2,-2.01E+4,5.25E+2,8.12E+3,2.91,-1.12E+2,2.91
20,34,54Ca,9.27E+3,5.04E+1,-2.00E+4,4.03E+2,-2.10E+4,4.03E+2,8.24E+3,8.97E-1,-9.81E+1,8.97E-1
20,33,53Ca,9.38E+3,4.72E+1,-1.70E+4,1.20E+2,-1.81E+4,1.20E+2,8.33E+3,8.26E-1,-1.11E+2,8.26E-1
20,32,52Ca,6.25E+3,3.14,-1.71E+4,3.35E+1,-1.81E+4,3.35E+1,8.42E+3,1.29E-2,-8.30E+1,1.29E-2
20,31,51Ca,6.91E+3,2.56,-1.38E+4,1.30E+1,-1.48E+4,1.30E+1,8.47E+3,1.02E-2,-7.50E+1,1.02E-2
20,30,50Ca,4.94E+3,2.97,-1.38E+4,7.89,-1.48E+4,7.89,8.55E+3,3.17E-2,-3.29E+1,3.17E-2
20,40,60Ca,1.55E+4,8.60E+2,,,,,7.62E+3,1.20E+1,-1.63E+2,1.20E+1
20,19,39Ca,-1.31E+4,2.40E+1,6.52E+3,5.96E-1,5.50E+3,5.96E-1,8.36E+3,1.53E-2,1.95E+1,1.53E-2
20,18,38Ca,-1.78E+4,2.00E+2,6.74E+3,6.26E-2,5.72E+3,6.26E-2,8.24E+3,5.10E-3,3.27E+1,5.10E-3
20,17,37Ca,-1.69E+4,3.00E+2,1.16E+4,6.41E-1,1.06E+4,6.41E-1,8.00E+3,1.71E-2,2.64,1.71E-2
20,16,36Ca,-2.26E+4,3.03E+2,1.09E+4,4.00E+1,9.94E+3,4.00E+1,7.81E+3,1.11,-2.01E+1,1.11
20,15,35Ca,-2.19E+4,4.47E+2,1.63E+4,2.00E+2,1.53E+4,2.00E+2,7.47E+3,6.00,-6.47E+1,6.00
20,29,49Ca,5.26E+3,2.27,-1.16E+4,8.20E-1,-1.27E+4,8.20E-1,8.59E+3,3.60E-3,-4.02E+1,3.60E-3
20,28,48Ca,2.79E+2,4.94,-1.19E+4,7.73E-1,-1.29E+4,7.73E-1,8.66E+3,4.00E-4,-1.33E+1,4.00E-4
20,27,47Ca,1.99E+3,1.18,-6.63E+3,2.62,-7.65E+3,2.62,8.63E+3,4.73E-2,2.76E+1,4.73E-2
20,26,46Ca,-1.37E+3,2.33,-7.72E+3,2.34,-8.74E+3,2.34,8.66E+3,4.86E-2,7.44E+1,4.86E-2
20,25,45Ca,2.60E+2,7.37E-1,-4.19E+3,6.36E-1,-5.21E+3,6.36E-1,8.63E+3,8.10E-3,9.56E+1,8.10E-3
20,24,44Ca,-3.65E+3,1.75,-5.68E+3,5.30E-1,-6.70E+3,5.30E-1,8.65E+3,7.40E-3,1.14E+2,7.40E-3
20,23,43Ca,-2.22E+3,1.86,-1.83E+3,4.68E-1,-2.85E+3,4.68E-1,8.60E+3,5.30E-3,1.14E+2,5.30E-3
20,22,42Ca,-6.42E+3,4.85E-2,-3.52E+3,1.82E-1,-4.54E+3,1.82E-1,8.61E+3,3.50E-3,1.05E+2,3.50E-3
20,21,41Ca,-6.49E+3,1.55E-1,4.21E+2,1.37E-1,-6.00E+2,1.37E-1,8.54E+3,3.40E-3,6.60E+1,3.40E-3
20,20,40Ca,-1.43E+4,2.82,-1.31E+3,5.96E-2,-2.33E+3,5.96E-2,8.55E+3,6.00E-4,1.53E+1,6.00E-4
21,29,50Sc,6.89E+3,2.51,-4.94E+3,2.97,-5.96E+3,2.97,8.63E+3,5.03E-2,-8.50,5.03E-2
21,29,50Sc,6.89E+3,2.51,-4.94E+3,2.97,-5.96E+3,2.97,8.63E+3,5.03E-2,-8.50,5.03E-2
21,28,49Sc,2.00E+3,2.26,-5.26E+3,2.27,-6.28E+3,2.27,8.68E+3,4.63E-2,1.60E+1,4.63E-2
21,27,48Sc,3.98E+3,4.94,-2.79E+2,4.94,-1.30E+3,4.94,8.65E+3,1.03E-1,3.94E+1,1.03E-1
21,26,47Sc,6.00E+2,1.92,-1.99E+3,1.18,-3.01E+3,1.18,8.66E+3,4.11E-2,8.31E+1,4.11E-2
21,25,46Sc,2.36E+3,6.66E-1,1.37E+3,2.33,3.55E+2,2.33,8.62E+3,1.46E-2,8.64E+1,1.46E-2
21,25,46Sc,2.36E+3,6.66E-1,1.37E+3,2.33,3.55E+2,2.33,8.62E+3,1.46E-2,8.64E+1,1.46E-2
21,24,45Sc,-2.06E+3,5.08E-1,-2.60E+2,7.37E-1,-1.28E+3,7.37E-1,8.61E+3,1.47E-2,1.09E+2,1.47E-2
21,24,45Sc,-2.06E+3,5.08E-1,-2.60E+2,7.37E-1,-1.28E+3,7.37E-1,8.61E+3,1.47E-2,1.09E+2,1.47E-2
21,23,44Sc,-2.67E+2,1.88,3.65E+3,1.75,2.63E+3,1.75,8.55E+3,3.99E-2,8.85E+1,3.99E-2
21,23,44Sc,-2.67E+2,1.88,3.65E+3,1.75,2.63E+3,1.75,8.55E+3,3.99E-2,8.85E+1,3.99E-2
21,22,43Sc,-6.87E+3,6.01,2.22E+3,1.86,1.19E+3,1.86,8.53E+3,4.33E-2,9.24E+1,4.33E-2
21,21,42Sc,-7.01E+3,2.23E-1,6.42E+3,4.85E-2,5.40E+3,4.85E-2,8.44E+3,3.70E-3,4.11E+1,3.70E-3
21,21,42Sc,-7.01E+3,2.23E-1,6.42E+3,4.85E-2,5.40E+3,4.85E-2,8.44E+3,3.70E-3,4.11E+1,3.70E-3
21,20,41Sc,-1.29E+4,2.79E+1,6.49E+3,1.55E-1,5.47E+3,1.55E-1,8.36E+3,1.90E-3,3.82E+1,1.90E-3
21,39,60Sc,1.75E+4,5.55E+2,-1.55E+4,8.60E+2,-1.65E+4,8.60E+2,7.87E+3,8.00,-9.47E+1,8.00
21,38,59Sc,1.50E+4,3.90E+2,-1.66E+4,6.50E+2,-1.76E+4,6.50E+2,7.97E+3,4.23,-6.45E+1,4.23
21,37,58Sc,1.54E+4,2.64E+2,-1.39E+4,5.35E+2,-1.49E+4,5.35E+2,8.05E+3,3.27,-6.65E+1,3.27
21,36,57Sc,1.30E+4,2.73E+2,-1.48E+4,4.38E+2,-1.58E+4,4.38E+2,8.15E+3,3.15,-4.14E+1,3.15
21,35,56Sc,1.39E+4,2.78E+2,-1.20E+4,3.60E+2,-1.30E+4,3.60E+2,8.23E+3,4.63,-4.96E+1,4.63
21,34,55Sc,1.09E+4,6.87E+1,-1.21E+4,1.71E+2,-1.32E+4,1.71E+2,8.33E+3,1.13,-2.86E+1,1.13
21,33,54Sc,1.13E+4,2.11E+1,-9.27E+3,5.04E+1,-1.02E+4,5.04E+1,8.40E+3,2.58E-1,-4.49E+1,2.58E-1
21,32,53Sc,8.11E+3,1.79E+1,-9.38E+3,4.72E+1,-1.04E+4,4.72E+1,8.49E+3,3.33E-1,-2.26E+1,3.33E-1
21,31,52Sc,8.95E+3,4.12,-6.25E+3,3.14,-7.27E+3,3.14,8.53E+3,5.91E-2,-2.51E+1,5.91E-2
21,30,51Sc,6.48E+3,2.56,-6.91E+3,2.56,-7.94E+3,2.56,8.59E+3,4.92E-2,8.52,4.92E-2
21,19,40Sc,-1.15E+4,6.83E+1,1.43E+4,2.82,1.33E+4,2.82,8.17E+3,7.07E-2,2.58E+1,7.07E-2
21,18,39Sc,-1.66E+4,2.02E+2,1.31E+4,2.40E+1,1.20E+4,2.40E+1,8.01E+3,6.15E-1,3.40E+1,6.15E-1
21,41,62Sc,1.95E+4,7.21E+2,,,,,7.68E+3,1.00E+1,-1.30E+2,1.00E+1
21,40,61Sc,1.68E+4,6.71E+2,-1.85E+4,1.00E+3,-1.95E+4,1.00E+3,7.79E+3,1.00E+1,-9.93E+1,1.00E+1
22,39,61Ti,1.38E+4,3.81E+2,-1.68E+4,6.71E+2,-1.78E+4,6.71E+2,8.05E+3,5.00,-4.05E+1,5.00
22,38,60Ti,1.09E+4,3.01E+2,-1.75E+4,5.55E+2,-1.85E+4,5.55E+2,8.15E+3,4.00,-1.25E+1,4.00
22,37,59Ti,1.17E+4,3.30E+2,-1.50E+4,3.90E+2,-1.60E+4,3.90E+2,8.21E+3,5.00,-1.14E+1,5.00
22,36,58Ti,9.51E+3,2.06E+2,-1.54E+4,2.64E+2,-1.64E+4,2.64E+2,8.30E+3,3.16,1.50E+1,3.16
22,35,57Ti,1.00E+4,2.22E+2,-1.30E+4,2.73E+2,-1.40E+4,2.73E+2,8.37E+3,3.61,5.55,3.61
22,34,56Ti,6.76E+3,1.88E+2,-1.39E+4,2.78E+2,-1.49E+4,2.78E+2,8.46E+3,1.78,1.76E+1,1.78
22,33,55Ti,7.29E+3,3.95E+1,-1.09E+4,6.87E+1,-1.20E+4,6.87E+1,8.51E+3,5.25E-1,8.90,5.25E-1
22,32,54Ti,4.15E+3,1.93E+1,-1.13E+4,2.11E+1,-1.23E+4,2.11E+1,8.59E+3,2.93E-1,2.32E+1,2.93E-1
22,31,53Ti,4.97E+3,4.23,-8.11E+3,1.79E+1,-9.13E+3,1.79E+1,8.63E+3,5.45E-2,1.69E+1,5.45E-2
22,30,52Ti,1.96E+3,2.75,-8.95E+3,4.12,-9.97E+3,4.12,8.69E+3,5.28E-2,3.55E+1,5.28E-2
22,42,64Ti,1.48E+4,7.21E+2,,,,,7.82E+3,9.00,-9.11E+1,9.00
22,41,63Ti,1.58E+4,6.05E+2,-1.89E+4,8.60E+2,-1.99E+4,8.60E+2,7.89E+3,8.00,-7.54E+1,8.00
22,40,62Ti,1.30E+4,4.79E+2,-1.95E+4,7.21E+2,-2.05E+4,7.21E+2,7.99E+3,6.00,-4.70E+1,6.00
22,19,41Ti,-1.60E+4,2.02E+2,1.29E+4,2.79E+1,1.19E+4,2.79E+1,8.03E+3,6.81E-1,4.70E+1,6.81E-1
22,18,40Ti,-2.14E+4,3.08E+2,1.15E+4,6.83E+1,1.05E+4,6.83E+1,7.86E+3,1.70,3.35E+1,1.70
22,17,39Ti,-2.00E+4,4.47E+2,1.66E+4,2.02E+2,1.56E+4,2.02E+2,7.56E+3,5.00,6.74,5.00
22,29,51Ti,2.47E+3,4.82E-1,-6.48E+3,2.56,-7.50E+3,2.56,8.70E+3,9.50E-3,2.16E+1,9.50E-3
22,28,50Ti,-2.20E+3,5.79E-2,-6.89E+3,2.51,-7.91E+3,2.51,8.75E+3,1.70E-3,3.34E+1,1.70E-3
22,27,49Ti,-6.01E+2,8.20E-1,-2.00E+3,2.26,-3.02E+3,2.26,8.71E+3,1.60E-3,5.36E+1,1.60E-3
22,26,48Ti,-4.01E+3,9.69E-1,-3.98E+3,4.94,-5.01E+3,4.94,8.72E+3,1.60E-3,7.34E+1,1.60E-3
22,25,47Ti,-2.93E+3,8.79E-2,-6.00E+2,1.92,-1.62E+3,1.92,8.66E+3,1.70E-3,7.58E+1,1.70E-3
22,24,46Ti,-7.05E+3,9.22E-2,-2.36E+3,6.66E-1,-3.38E+3,6.66E-1,8.65E+3,2.00E-3,7.74E+1,2.00E-3
22,23,45Ti,-7.12E+3,2.14E-1,2.06E+3,5.08E-1,1.04E+3,5.08E-1,8.55E+3,1.85E-2,7.42E+1,1.85E-2
22,22,44Ti,-1.37E+4,7.29,2.67E+2,1.88,-7.54E+2,1.88,8.53E+3,1.59E-2,4.83E+1,1.59E-2
22,21,43Ti,-1.13E+4,4.32E+1,6.87E+3,6.01,5.85E+3,6.01,8.35E+3,1.33E-1,6.83E+1,1.33E-1
22,20,42Ti,-1.74E+4,1.96E+2,7.01E+3,2.23E-1,5.99E+3,2.23E-1,8.25E+3,6.40E-3,5.55E+1,6.40E-3
23,41,64V,1.73E+4,5.00E+2,-1.48E+4,7.21E+2,-1.58E+4,7.21E+2,8.04E+3,6.00,-5.12E+1,6.00
23,42,65V,1.62E+4,5.39E+2,-1.73E+4,8.60E+2,-1.83E+4,8.60E+2,7.98E+3,8.00,-5.86E+1,8.00
23,43,66V,1.88E+4,5.83E+2,,,,,7.89E+3,8.00,-9.21E+1,8.00
23,44,67V,1.75E+4,7.21E+2,,,,,7.82E+3,9.00,-1.04E+2,9.00
23,40,63V,1.44E+4,3.47E+2,-1.58E+4,6.05E+2,-1.69E+4,6.05E+2,8.13E+3,5.39,-2.07E+1,5.39
23,27,50V,1.03E+3,5.51E-2,2.20E+3,5.79E-2,1.18E+3,5.79E-2,8.69E+3,1.90E-3,3.69E+1,1.90E-3
23,28,51V,-7.52E+2,1.49E-1,-2.47E+3,4.82E-1,-3.49E+3,4.82E-1,8.74E+3,1.90E-3,3.44E+1,1.90E-3
23,29,52V,3.97E+3,1.60E-1,-1.96E+3,2.75,-2.98E+3,2.75,8.71E+3,3.10E-3,2.38E+1,3.10E-3
23,20,43V,-1.59E+4,2.05E+2,1.13E+4,4.32E+1,1.03E+4,4.32E+1,8.06E+3,9.96E-1,3.95E+1,9.96E-1
23,21,44V,-1.03E+4,5.17E+1,1.37E+4,7.29,1.27E+4,7.29,8.20E+3,1.65E-1,4.13E+1,1.65E-1
23,21,44V,-1.03E+4,5.17E+1,1.37E+4,7.29,1.27E+4,7.29,8.20E+3,1.65E-1,4.13E+1,1.65E-1
23,22,45V,-1.23E+4,3.54E+1,7.12E+3,2.14E-1,6.10E+3,2.14E-1,8.38E+3,1.91E-2,5.08E+1,1.91E-2
23,23,46V,-7.60E+3,1.14E+1,7.05E+3,9.22E-2,6.03E+3,9.22E-2,8.48E+3,2.90E-3,1.98E+1,2.90E-3
23,24,47V,-7.44E+3,5.19,2.93E+3,8.79E-2,1.90E+3,8.79E-2,8.58E+3,2.39E-3,5.10E+1,2.39E-3
23,25,48V,-1.65E+3,7.37,4.01E+3,9.69E-1,2.99E+3,9.69E-1,8.62E+3,2.02E-2,3.81E+1,2.02E-2
23,26,49V,-2.62E+3,2.34,6.01E+2,8.20E-1,-4.20E+2,8.20E-1,8.68E+3,1.68E-2,5.90E+1,1.68E-2
23,38,61V,1.23E+4,2.34E+2,-1.38E+4,3.81E+2,-1.48E+4,3.81E+2,8.27E+3,3.85,1.34E+1,3.85
23,39,62V,1.56E+4,2.64E+2,-1.30E+4,4.79E+2,-1.40E+4,4.79E+2,8.18E+3,4.26,-1.37E+1,4.26
23,30,53V,3.43E+3,3.10,-4.97E+3,4.23,-5.99E+3,4.23,8.71E+3,5.85E-2,4.26E+1,5.85E-2
23,31,54V,7.03E+3,1.11E+1,-4.15E+3,1.93E+1,-5.17E+3,1.93E+1,8.66E+3,2.07E-1,2.98E+1,2.07E-1
23,32,55V,5.98E+3,2.70E+1,-7.29E+3,3.95E+1,-8.31E+3,3.95E+1,8.63E+3,4.91E-1,4.54E+1,4.91E-1
23,33,56V,9.10E+3,1.75E+2,-6.76E+3,1.88E+2,-7.78E+3,1.88E+2,8.57E+3,3.14,2.97E+1,3.14
23,34,57V,8.08E+3,8.47E+1,-1.00E+4,2.22E+2,-1.10E+4,2.22E+2,8.53E+3,1.48,4.12E+1,1.48
23,35,58V,1.15E+4,9.58E+1,-9.51E+3,2.06E+2,-1.05E+4,2.06E+2,8.45E+3,1.65,2.63E+1,1.65
23,36,59V,1.05E+4,1.37E+2,-1.17E+4,3.30E+2,-1.27E+4,3.30E+2,8.40E+3,2.32,3.78E+1,2.32
23,37,60V,1.38E+4,1.81E+2,-1.09E+4,3.01E+2,-1.20E+4,3.01E+2,8.32E+3,3.03,1.62E+1,3.03
23,37,60V,1.38E+4,1.81E+2,-1.09E+4,3.01E+2,-1.20E+4,3.01E+2,8.32E+3,3.03,1.62E+1,3.03
23,19,42V,-1.46E+4,3.58E+2,1.74E+4,1.96E+2,1.64E+4,1.96E+2,7.82E+3,5.00,2.44E+1,5.00
24,39,63Cr,1.07E+4,7.27E+1,-1.44E+4,3.47E+2,-1.54E+4,3.47E+2,8.34E+3,1.15,4.41,1.15
24,31,55Cr,2.60E+3,3.21E-1,-5.98E+3,2.70E+1,-7.00E+3,2.70E+1,8.73E+3,4.20E-3,3.75E+1,4.20E-3
24,32,56Cr,1.62E+3,5.52E-1,-9.10E+3,1.75E+2,-1.01E+4,1.75E+2,8.72E+3,1.03E-2,5.10E+1,1.03E-2
24,33,57Cr,4.96E+3,2.39,-8.08E+3,8.47E+1,-9.11E+3,8.47E+1,8.66E+3,3.27E-2,4.74E+1,3.27E-2
24,34,58Cr,3.83E+3,4.02,-1.15E+4,9.58E+1,-1.25E+4,9.58E+1,8.64E+3,5.14E-2,5.16E+1,5.14E-2
24,35,59Cr,7.40E+3,2.42,-1.05E+4,1.37E+2,-1.15E+4,1.37E+2,8.56E+3,1.14E-2,4.85E+1,1.14E-2
24,36,60Cr,6.05E+3,2.58,-1.38E+4,1.81E+2,-1.48E+4,1.81E+2,8.54E+3,1.85E-2,4.56E+1,1.85E-2
24,37,61Cr,9.24E+3,2.98,-1.23E+4,2.34E+2,-1.33E+4,2.34E+2,8.46E+3,3.05E-2,3.54E+1,3.05E-2
24,38,62Cr,7.67E+3,7.39,-1.56E+4,2.64E+2,-1.66E+4,2.64E+2,8.42E+3,5.56E-2,2.38E+1,5.56E-2
24,30,54Cr,-1.37E+3,1.00,-7.03E+3,1.11E+1,-8.05E+3,1.11E+1,8.77E+3,2.50E-3,3.58E+1,2.50E-3
24,42,66Cr,1.16E+4,3.00E+2,-1.88E+4,5.83E+2,-1.98E+4,5.83E+2,8.16E+3,5.00,-3.98E+1,5.00
24,43,67Cr,1.43E+4,4.47E+2,-1.75E+4,7.21E+2,-1.85E+4,7.21E+2,8.07E+3,6.00,-6.23E+1,6.00
24,44,68Cr,1.32E+4,5.83E+2,,,,,8.02E+3,7.00,-7.87E+1,7.00
24,45,69Cr,1.57E+4,6.40E+2,,,,,7.93E+3,7.00,-1.07E+2,7.00
24,46,70Cr,1.48E+4,7.81E+2,,,,,7.88E+3,9.00,-1.26E+2,9.00
24,40,64Cr,9.34E+3,2.99E+2,-1.73E+4,5.00E+2,-1.83E+4,5.00E+2,8.30E+3,4.68,-6.25,4.68
24,41,65Cr,1.26E+4,2.00E+2,-1.62E+4,5.39E+2,-1.72E+4,5.39E+2,8.21E+3,3.00,-2.69E+1,3.00
24,18,42Cr,,,1.46E+4,3.58E+2,1.36E+4,3.58E+2,7.45E+3,7.00,-9.11,7.00
24,19,43Cr,-1.93E+4,4.47E+2,1.59E+4,2.05E+2,1.49E+4,2.05E+2,7.68E+3,5.00,6.97,5.00
24,28,52Cr,-4.70E+3,6.33E-2,-3.97E+3,1.60E-1,-4.99E+3,1.60E-1,8.77E+3,2.20E-3,2.81E+1,2.20E-3
24,29,53Cr,-5.97E+2,3.43E-1,-3.43E+3,3.10,-4.45E+3,3.10,8.76E+3,2.20E-3,2.38E+1,2.20E-3
24,20,44Cr,-2.08E+4,3.04E+2,1.03E+4,5.17E+1,9.36E+3,5.17E+1,7.94E+3,1.16,2.07E+1,1.16
24,21,45Cr,-1.45E+4,3.02E+2,1.23E+4,3.54E+1,1.13E+4,3.54E+1,8.08E+3,7.86E-1,4.33E+1,7.86E-1
24,22,46Cr,-1.70E+4,8.73E+1,7.60E+3,1.14E+1,6.58E+3,1.14E+1,8.30E+3,2.49E-1,3.47E+1,2.49E-1
24,23,47Cr,-1.19E+4,3.20E+1,7.44E+3,5.19,6.42E+3,5.19,8.40E+3,1.10E-1,2.98E+1,1.10E-1
24,24,48Cr,-1.35E+4,9.91,1.65E+3,7.37,6.34E+2,7.37,8.57E+3,1.52E-1,1.21E+1,1.52E-1
24,25,49Cr,-7.71E+3,2.32E-1,2.62E+3,2.34,1.60E+3,2.34,8.61E+3,4.49E-2,2.04E+1,4.49E-2
24,26,50Cr,-7.63E+3,6.72E-2,-1.03E+3,5.51E-2,-2.06E+3,5.51E-2,8.70E+3,1.90E-3,3.18E+1,1.90E-3
24,27,51Cr,-3.20E+3,3.25E-1,7.52E+2,1.49E-1,-2.69E+2,1.49E-1,8.71E+3,3.30E-3,3.15E+1,3.30E-3
25,44,69Mn,1.38E+4,4.47E+2,-1.57E+4,6.40E+2,-1.67E+4,6.40E+2,8.15E+3,6.00,-5.51E+1,6.00
25,43,68Mn,1.49E+4,3.56E+2,-1.32E+4,5.83E+2,-1.42E+4,5.83E+2,8.20E+3,4.00,-4.85E+1,4.00
25,46,71Mn,1.53E+4,6.40E+2,,,,,8.03E+3,7.00,-1.02E+2,7.00
25,45,70Mn,1.64E+4,5.83E+2,-1.48E+4,7.81E+2,-1.58E+4,7.81E+2,8.08E+3,7.00,-9.02E+1,7.00
25,48,73Mn,1.72E+4,7.81E+2,,,,,7.89E+3,8.00,-1.48E+2,8.00
25,47,72Mn,1.80E+4,7.81E+2,,,,,7.95E+3,8.00,-1.37E+2,8.00
25,40,65Mn,1.02E+4,6.32,-1.26E+4,2.00E+2,-1.36E+4,2.00E+2,8.40E+3,5.73E-2,9.57,5.73E-2
25,42,67Mn,1.21E+4,2.00E+2,-1.43E+4,4.47E+2,-1.53E+4,4.47E+2,8.28E+3,3.00,-1.91E+1,3.00
25,41,66Mn,1.33E+4,1.19E+1,-1.16E+4,3.00E+2,-1.26E+4,3.00E+2,8.33E+3,1.69E-1,-1.66E+1,1.69E-1
25,29,54Mn,6.96E+2,1.05,1.37E+3,1.00,3.55E+2,1.00,8.73E+3,1.85E-2,3.47,1.85E-2
25,22,47Mn,-1.54E+4,5.01E+2,1.19E+4,3.20E+1,1.09E+4,3.20E+1,8.13E+3,6.73E-1,1.30E+1,6.73E-1
25,21,46Mn,-1.36E+4,3.12E+2,1.70E+4,8.73E+1,1.60E+4,8.73E+1,7.91E+3,1.88,1.72,1.88
25,24,49Mn,-1.28E+4,2.43E+1,7.71E+3,2.32E-1,6.69E+3,2.32E-1,8.43E+3,4.51E-2,2.85E-1,4.51E-2
25,23,48Mn,-1.12E+4,9.24E+1,1.35E+4,9.91,1.25E+4,9.91,8.27E+3,1.39E-1,-2.73,1.39E-1
25,26,51Mn,-8.05E+3,1.43,3.20E+3,3.25E-1,2.18E+3,3.25E-1,8.63E+3,6.00E-3,-2.25,6.00E-3
25,25,50Mn,-8.15E+3,8.38,7.63E+3,6.72E-2,6.61E+3,6.72E-2,8.53E+3,2.30E-3,-2.02E+1,2.30E-3
25,25,50Mn,-8.15E+3,8.38,7.63E+3,6.72E-2,6.61E+3,6.72E-2,8.53E+3,2.30E-3,-2.02E+1,2.30E-3
25,28,53Mn,-3.74E+3,1.69,5.97E+2,3.43E-1,-4.24E+2,3.43E-1,8.73E+3,6.50E-3,7.97,6.50E-3
25,27,52Mn,-2.37E+3,1.53E-1,4.70E+3,6.33E-2,3.68E+3,6.33E-2,8.67E+3,2.50E-3,-7.21,2.50E-3
25,27,52Mn,-2.37E+3,1.53E-1,4.70E+3,6.33E-2,3.68E+3,6.33E-2,8.67E+3,2.50E-3,-7.21,2.50E-3
25,33,58Mn,6.32E+3,2.71,-3.83E+3,4.02,-4.85E+3,4.02,8.69E+3,4.66E-2,3.76E+1,4.66E-2
25,33,58Mn,6.32E+3,2.71,-3.83E+3,4.02,-4.85E+3,4.02,8.69E+3,4.66E-2,3.76E+1,4.66E-2
25,32,57Mn,2.69E+3,1.52,-4.96E+3,2.39,-5.98E+3,2.39,8.73E+3,2.64E-2,4.48E+1,2.64E-2
25,35,60Mn,8.44E+3,4.12,-6.05E+3,2.58,-7.08E+3,2.58,8.62E+3,3.88E-2,4.12E+1,3.88E-2
25,35,60Mn,8.44E+3,4.12,-6.05E+3,2.58,-7.08E+3,2.58,8.62E+3,3.88E-2,4.12E+1,3.88E-2
25,34,59Mn,5.13E+3,2.35,-7.40E+3,2.42,-8.43E+3,2.42,8.68E+3,3.95E-2,5.21E+1,3.95E-2
25,37,62Mn,1.03E+4,7.11,-7.67E+3,7.39,-8.69E+3,7.39,8.53E+3,1.05E-1,3.55E+1,1.05E-1
25,37,62Mn,1.03E+4,7.11,-7.67E+3,7.39,-8.69E+3,7.39,8.53E+3,1.05E-1,3.55E+1,1.05E-1
25,36,61Mn,7.17E+3,3.49,-9.24E+3,2.98,-1.02E+4,2.98,8.59E+3,3.82E-2,5.19E+1,3.82E-2
25,39,64Mn,1.19E+4,6.14,-9.34E+3,2.99E+2,-1.03E+4,2.99E+2,8.43E+3,5.53E-2,1.69E+1,5.53E-2
25,38,63Mn,8.74E+3,5.69,-1.07E+4,7.27E+1,-1.17E+4,7.27E+1,8.50E+3,5.91E-2,3.63E+1,5.91E-2
25,31,56Mn,3.69E+3,2.06E-1,-1.62E+3,5.52E-1,-2.64E+3,5.52E-1,8.73E+3,5.20E-3,2.30E+1,5.20E-3
25,30,55Mn,-2.31E+2,1.78E-1,-2.60E+3,3.21E-1,-3.62E+3,3.21E-1,8.76E+3,4.70E-3,2.29E+1,4.70E-3
25,19,44Mn,,,2.08E+4,3.04E+2,1.98E+4,3.04E+2,7.45E+3,7.00,-3.40E+1,7.00
26,34,60Fe,2.37E+2,3.41,-8.44E+3,4.12,-9.46E+3,4.12,8.75E+3,5.68E-2,4.48E+1,5.68E-2
26,33,59Fe,1.56E+3,3.69E-1,-5.13E+3,2.35,-6.16E+3,2.35,8.75E+3,5.60E-3,3.46E+1,5.60E-3
26,36,62Fe,2.54E+3,1.87E+1,-1.03E+4,7.11,-1.13E+4,7.11,8.69E+3,4.51E-2,5.01E+1,4.51E-2
26,35,61Fe,3.97E+3,2.73,-7.17E+3,3.49,-8.20E+3,3.49,8.70E+3,4.28E-2,4.64E+1,4.28E-2
26,38,64Fe,4.82E+3,2.06E+1,-1.19E+4,6.14,-1.30E+4,6.14,8.61E+3,7.84E-2,4.37E+1,7.84E-2
26,37,63Fe,6.21E+3,1.90E+1,-8.74E+3,5.69,-9.77E+3,5.69,8.63E+3,6.83E-2,4.68E+1,6.83E-2
26,39,65Fe,7.96E+3,5.51,-1.02E+4,6.32,-1.12E+4,6.32,8.54E+3,7.86E-2,3.37E+1,7.86E-2
26,39,65Fe,7.96E+3,5.51,-1.02E+4,6.32,-1.12E+4,6.32,8.54E+3,7.86E-2,3.37E+1,7.86E-2
26,30,56Fe,-4.56E+3,4.10E-1,-3.69E+3,2.06E-1,-4.71E+3,2.06E-1,8.79E+3,4.79E-3,9.06,4.79E-3
26,32,58Fe,-2.30E+3,1.13,-6.32E+3,2.71,-7.34E+3,2.71,8.79E+3,5.50E-3,3.00E+1,5.50E-3
26,31,57Fe,-8.36E+2,4.49E-1,-2.69E+3,1.52,-3.71E+3,1.52,8.77E+3,4.70E-3,1.82E+1,4.70E-3
26,45,71Fe,1.24E+4,6.13E+2,-1.53E+4,6.40E+2,-1.63E+4,6.40E+2,8.23E+3,6.00,-6.19E+1,6.00
26,44,70Fe,9.63E+3,3.00E+2,-1.64E+4,5.83E+2,-1.74E+4,5.83E+2,8.30E+3,4.00,-3.72E+1,4.00
26,47,73Fe,1.39E+4,5.83E+2,-1.72E+4,7.81E+2,-1.83E+4,7.81E+2,8.12E+3,7.00,-1.09E+2,7.00
26,46,72Fe,1.10E+4,5.83E+2,-1.80E+4,7.81E+2,-1.91E+4,7.81E+2,8.19E+3,7.00,-8.13E+1,7.00
26,49,75Fe,1.58E+4,7.21E+2,,,,,7.99E+3,8.00,-1.54E+2,8.00
26,48,74Fe,1.28E+4,6.40E+2,,,,,8.07E+3,7.00,-1.29E+2,7.00
26,41,67Fe,9.61E+3,7.49,-1.21E+4,2.00E+2,-1.31E+4,2.00E+2,8.44E+3,5.70E-2,1.04E+1,5.70E-2
26,40,66Fe,6.34E+3,1.45E+1,-1.33E+4,1.19E+1,-1.43E+4,1.19E+1,8.52E+3,6.21E-2,2.37E+1,6.21E-2
26,43,69Fe,1.11E+4,2.18E+2,-1.38E+4,4.47E+2,-1.48E+4,4.47E+2,8.34E+3,3.00,-2.13E+1,3.00
26,42,68Fe,7.74E+3,1.93E+2,-1.49E+4,3.56E+2,-1.59E+4,3.56E+2,8.41E+3,3.00,-2.22,3.00
26,19,45Fe,,,1.93E+4,4.12E+2,1.83E+4,4.12E+2,7.29E+3,6.00,-6.94E+1,6.00
26,23,49Fe,-1.49E+4,5.01E+2,1.28E+4,2.43E+1,1.18E+4,2.43E+1,8.16E+3,4.94E-1,2.30E-2,4.94E-1
26,22,48Fe,-1.97E+4,5.09E+2,1.12E+4,9.24E+1,1.02E+4,9.24E+1,8.02E+3,1.92,-5.72,1.92
26,25,51Fe,-1.28E+4,4.84E+1,8.05E+3,1.43,7.03E+3,1.43,8.46E+3,2.74E-2,-1.99E+1,2.74E-2
26,24,50Fe,-1.68E+4,1.26E+2,8.15E+3,8.38,7.12E+3,8.38,8.35E+3,1.67E-1,-5.59,1.67E-1
26,27,53Fe,-8.28E+3,4.43E-1,3.74E+3,1.69,2.72E+3,1.69,8.64E+3,3.15E-2,-2.18E+1,3.15E-2
26,27,53Fe,-8.28E+3,4.43E-1,3.74E+3,1.69,2.72E+3,1.69,8.64E+3,3.15E-2,-2.18E+1,3.15E-2
26,26,52Fe,-1.39E+4,5.28,2.37E+3,1.53E-1,1.35E+3,1.53E-1,8.60E+3,3.50E-3,-3.28E+1,3.50E-3
26,26,52Fe,-1.39E+4,5.28,2.37E+3,1.53E-1,1.35E+3,1.53E-1,8.60E+3,3.50E-3,-3.28E+1,3.50E-3
26,29,55Fe,-3.45E+3,3.24E-1,2.31E+2,1.78E-1,-7.90E+2,1.78E-1,8.74E+3,5.60E-3,-8.41,5.60E-3
26,28,54Fe,-8.24E+3,8.93E-2,-6.96E+2,1.05,-1.71E+3,1.05,8.73E+3,6.40E-3,-1.45E+1,6.40E-3
26,21,47Fe,-1.77E+4,7.81E+2,1.54E+4,5.01E+2,1.44E+4,5.01E+2,7.79E+3,1.10E+1,-2.29E+1,1.10E+1
26,20,46Fe,,,1.36E+4,3.12E+2,1.26E+4,3.12E+2,7.60E+3,7.00,-4.54E+1,7.00
26,50,76Fe,1.50E+4,7.81E+2,,,,,7.94E+3,8.00,-1.70E+2,8.00
27,47,74Co,1.51E+4,4.47E+2,-1.28E+4,6.40E+2,-1.39E+4,6.40E+2,8.23E+3,5.00,-9.48E+1,5.00
27,48,75Co,1.36E+4,4.47E+2,-1.58E+4,7.21E+2,-1.68E+4,7.21E+2,8.19E+3,5.00,-1.10E+2,5.00
27,45,72Co,1.39E+4,3.00E+2,-1.10E+4,5.83E+2,-1.20E+4,5.83E+2,8.33E+3,4.00,-4.90E+1,4.00
27,45,72Co,1.39E+4,3.00E+2,-1.10E+4,5.83E+2,-1.20E+4,5.83E+2,8.33E+3,4.00,-4.90E+1,4.00
27,45,72Co,1.39E+4,3.00E+2,-1.10E+4,5.83E+2,-1.20E+4,5.83E+2,8.33E+3,4.00,-4.90E+1,4.00
27,46,73Co,1.21E+4,3.00E+2,-1.39E+4,5.83E+2,-1.50E+4,5.83E+2,8.30E+3,4.00,-6.44E+1,4.00
27,49,76Co,1.65E+4,5.83E+2,-1.50E+4,7.81E+2,-1.60E+4,7.81E+2,8.13E+3,7.00,-1.41E+2,7.00
27,49,76Co,1.65E+4,5.83E+2,-1.50E+4,7.81E+2,-1.60E+4,7.81E+2,8.13E+3,7.00,-1.41E+2,7.00
27,40,67Co,8.42E+3,7.06,-9.61E+3,7.49,-1.06E+4,7.49,8.58E+3,9.61E-2,3.06E+1,9.61E-2
27,40,67Co,8.42E+3,7.06,-9.61E+3,7.49,-1.06E+4,7.49,8.58E+3,9.61E-2,3.06E+1,9.61E-2
27,43,70Co,1.26E+4,1.11E+1,-9.63E+3,3.00E+2,-1.06E+4,3.00E+2,8.43E+3,1.57E-1,-1.28E+1,1.57E-1
27,43,70Co,1.26E+4,1.11E+1,-9.63E+3,3.00E+2,-1.06E+4,3.00E+2,8.43E+3,1.57E-1,-1.28E+1,1.57E-1
27,44,71Co,1.10E+4,4.65E+2,-1.24E+4,6.13E+2,-1.34E+4,6.13E+2,8.39E+3,6.54,-2.13E+1,6.54
27,41,68Co,1.18E+4,4.87,-7.74E+3,1.93E+2,-8.76E+3,1.93E+2,8.52E+3,5.67E-2,1.82E+1,5.67E-2
27,41,68Co,1.18E+4,4.87,-7.74E+3,1.93E+2,-8.76E+3,1.93E+2,8.52E+3,5.67E-2,1.82E+1,5.67E-2
27,42,69Co,9.59E+3,8.57E+1,-1.11E+4,2.18E+2,-1.22E+4,2.18E+2,8.49E+3,1.24,7.97,1.24
27,42,69Co,9.59E+3,8.57E+1,-1.11E+4,2.18E+2,-1.22E+4,2.18E+2,8.49E+3,1.24,7.97,1.24
27,50,77Co,1.54E+4,7.21E+2,,,,,8.08E+3,8.00,-1.54E+2,8.00
27,51,78Co,1.95E+4,8.06E+2,,,,,7.99E+3,9.00,-1.70E+2,9.00
27,25,52Co,-1.17E+4,8.30E+1,1.39E+4,5.28,1.29E+4,5.28,8.32E+3,1.01E-1,-4.18E+1,1.01E-1
27,25,52Co,-1.17E+4,8.30E+1,1.39E+4,5.28,1.29E+4,5.28,8.32E+3,1.01E-1,-4.18E+1,1.01E-1
27,26,53Co,-1.30E+4,2.52E+1,8.28E+3,4.43E-1,7.26E+3,4.43E-1,8.47E+3,3.25E-2,-3.92E+1,3.25E-2
27,26,53Co,-1.30E+4,2.52E+1,8.28E+3,4.43E-1,7.26E+3,4.43E-1,8.47E+3,3.25E-2,-3.92E+1,3.25E-2
27,23,50Co,-1.41E+4,5.16E+2,1.68E+4,1.26E+2,1.58E+4,1.26E+2,8.00E+3,2.51,-3.67E+1,2.51
27,24,51Co,-1.56E+4,5.03E+2,1.28E+4,4.84E+1,1.18E+4,4.84E+1,8.19E+3,9.49E-1,-2.26E+1,9.49E-1
27,29,56Co,-2.13E+3,3.73E-1,4.56E+3,4.10E-1,3.54E+3,4.10E-1,8.69E+3,8.50E-3,-4.01E+1,8.50E-3
27,27,54Co,-8.73E+3,4.67,8.24E+3,8.93E-2,7.22E+3,8.93E-2,8.56E+3,6.60E-3,-6.11E+1,6.60E-3
27,27,54Co,-8.73E+3,4.67,8.24E+3,8.93E-2,7.22E+3,8.93E-2,8.56E+3,6.60E-3,-6.11E+1,6.60E-3
27,28,55Co,-8.69E+3,5.77E-1,3.45E+3,3.24E-1,2.42E+3,3.24E-1,8.66E+3,7.40E-3,-4.94E+1,7.40E-3
27,36,63Co,3.66E+3,1.85E+1,-6.21E+3,1.90E+1,-7.23E+3,1.90E+1,8.71E+3,2.94E-1,4.50E+1,2.94E-1
27,37,64Co,7.30E+3,2.00E+1,-4.82E+3,2.06E+1,-5.84E+3,2.06E+1,8.67E+3,3.12E-1,3.57E+1,3.12E-1
27,37,64Co,7.30E+3,2.00E+1,-4.82E+3,2.06E+1,-5.84E+3,2.06E+1,8.67E+3,3.12E-1,3.57E+1,3.12E-1
27,34,61Co,1.32E+3,7.89E-1,-3.97E+3,2.73,-4.99E+3,2.73,8.75E+3,1.38E-2,3.76E+1,1.38E-2
27,35,62Co,5.32E+3,1.85E+1,-2.54E+3,1.87E+1,-3.56E+3,1.87E+1,8.72E+3,2.99E-1,3.62E+1,2.99E-1
27,35,62Co,5.32E+3,1.85E+1,-2.54E+3,1.87E+1,-3.56E+3,1.87E+1,8.72E+3,2.99E-1,3.62E+1,2.99E-1
27,38,65Co,5.94E+3,2.13,-7.96E+3,5.51,-8.98E+3,5.51,8.65E+3,3.20E-2,4.35E+1,3.20E-2
27,39,66Co,9.59E+3,1.40E+1,-6.34E+3,1.45E+1,-7.36E+3,1.45E+1,8.60E+3,2.11E-1,3.05E+1,2.11E-1
27,32,59Co,-1.07E+3,1.94E-1,-1.56E+3,3.69E-1,-2.58E+3,3.69E-1,8.76E+3,6.70E-3,1.82E+1,6.70E-3
27,33,60Co,2.82E+3,2.12E-1,-2.37E+2,3.41,-1.25E+3,3.41,8.74E+3,6.70E-3,2.21E+1,6.70E-3
27,33,60Co,2.82E+3,2.12E-1,-2.37E+2,3.41,-1.25E+3,3.41,8.74E+3,6.70E-3,2.21E+1,6.70E-3
27,30,57Co,-3.26E+3,6.41E-1,8.36E+2,4.49E-1,-1.85E+2,4.49E-1,8.74E+3,8.99E-3,-9.99,8.99E-3
27,31,58Co,3.81E+2,1.10,2.30E+3,1.13,1.28E+3,1.13,8.73E+3,1.99E-2,-1.14,1.99E-2
27,31,58Co,3.81E+2,1.10,2.30E+3,1.13,1.28E+3,1.13,8.73E+3,1.99E-2,-1.14,1.99E-2
28,51,79Ni,1.42E+4,5.11E+2,,,,,8.15E+3,6.00,-1.46E+2,6.00
28,52,80Ni,1.34E+4,6.71E+2,,,,,8.08E+3,7.00,-1.45E+2,7.00
28,50,78Ni,9.91E+3,4.00E+2,-1.95E+4,8.06E+2,-2.05E+4,8.06E+2,8.23E+3,5.00,-1.40E+2,5.00
28,53,81Ni,1.58E+4,7.61E+2,,,,,8.00E+3,9.00,-1.53E+2,9.00
28,54,82Ni,1.50E+4,8.94E+2,,,,,7.93E+3,1.00E+1,-1.52E+2,1.00E+1
28,37,65Ni,2.13E+3,6.99E-1,-5.94E+3,2.13,-6.96E+3,2.13,8.73E+3,7.40E-3,3.51E+1,7.40E-3
28,38,66Ni,2.51E+2,1.54,-9.59E+3,1.40E+1,-1.06E+4,1.40E+1,8.73E+3,2.12E-2,3.13E+1,2.12E-2
28,35,63Ni,6.69E+1,1.49E-2,-3.66E+3,1.85E+1,-4.68E+3,1.85E+1,8.76E+3,6.80E-3,3.13E+1,6.80E-3
28,36,64Ni,-1.67E+3,2.05E-1,-7.30E+3,2.00E+1,-8.32E+3,2.00E+1,8.77E+3,7.20E-3,3.37E+1,7.20E-3
28,39,67Ni,3.57E+3,3.02,-8.42E+3,7.06,-9.44E+3,7.06,8.69E+3,4.31E-2,2.19E+1,4.31E-2
28,30,58Ni,-8.56E+3,4.42E-1,-3.81E+2,1.10,-1.40E+3,1.10,8.73E+3,6.00E-3,-2.93E+1,6.00E-3
28,33,61Ni,-2.23E+3,9.61E-1,-1.32E+3,7.89E-1,-2.34E+3,7.89E-1,8.76E+3,5.80E-3,1.64E+1,5.80E-3
28,34,62Ni,-3.95E+3,4.75E-1,-5.32E+3,1.85E+1,-6.34E+3,1.85E+1,8.79E+3,6.90E-3,2.36E+1,6.90E-3
28,31,59Ni,-4.79E+3,3.97E-1,1.07E+3,1.94E-1,5.10E+1,1.94E-1,8.73E+3,6.00E-3,-1.30E+1,6.00E-3
28,32,60Ni,-6.12E+3,1.57,-2.82E+3,2.12E-1,-3.84E+3,2.12E-1,8.78E+3,5.90E-3,4.15,5.90E-3
28,48,76Ni,8.79E+3,3.00E+2,-1.65E+4,5.83E+2,-1.75E+4,5.83E+2,8.33E+3,4.00,-9.46E+1,4.00
28,49,77Ni,1.15E+4,4.00E+2,-1.54E+4,7.21E+2,-1.64E+4,7.21E+2,8.27E+3,5.00,-1.18E+2,5.00
28,46,74Ni,7.30E+3,2.00E+2,-1.51E+4,4.47E+2,-1.61E+4,4.47E+2,8.43E+3,3.00,-5.32E+1,3.00
28,47,75Ni,1.02E+4,2.00E+2,-1.36E+4,4.47E+2,-1.47E+4,4.47E+2,8.36E+3,3.00,-7.49E+1,3.00
28,40,68Ni,2.10E+3,3.37,-1.18E+4,4.87,-1.28E+4,4.87,8.68E+3,4.38E-2,2.06E+1,4.38E-2
28,41,69Ni,5.75E+3,3.97,-9.59E+3,8.57E+1,-1.06E+4,8.57E+1,8.62E+3,5.40E-2,1.59E+1,5.40E-2
28,41,69Ni,5.75E+3,3.97,-9.59E+3,8.57E+1,-1.06E+4,8.57E+1,8.62E+3,5.40E-2,1.59E+1,5.40E-2
28,44,72Ni,5.55E+3,2.63,-1.39E+4,3.00E+2,-1.49E+4,3.00E+2,8.52E+3,3.11E-2,-1.64E+1,3.11E-2
28,45,73Ni,8.87E+3,3.10,-1.21E+4,3.00E+2,-1.31E+4,3.00E+2,8.45E+3,3.32E-2,-3.38E+1,3.32E-2
28,42,70Ni,3.76E+3,2.40,-1.26E+4,1.11E+1,-1.37E+4,1.11E+1,8.60E+3,3.06E-2,8.41,3.06E-2
28,43,71Ni,7.30E+3,2.68,-1.10E+4,4.65E+2,-1.20E+4,4.65E+2,8.54E+3,3.15E-2,-3.27,3.15E-2
28,43,71Ni,7.30E+3,2.68,-1.10E+4,4.65E+2,-1.20E+4,4.65E+2,8.54E+3,3.15E-2,-3.27,3.15E-2
28,26,54Ni,-1.80E+4,4.00E+2,8.73E+3,4.67,7.70E+3,4.67,8.39E+3,8.62E-2,-4.59E+1,8.62E-2
28,27,55Ni,-1.37E+4,1.55E+2,8.69E+3,5.77E-1,7.67E+3,5.77E-1,8.49E+3,1.28E-2,-6.33E+1,1.28E-2
28,24,52Ni,-2.06E+4,6.06E+2,1.17E+4,8.30E+1,1.07E+4,8.30E+1,8.08E+3,1.59,-3.87E+1,1.59
28,25,53Ni,-1.64E+4,5.01E+2,1.30E+4,2.52E+1,1.20E+4,2.52E+1,8.21E+3,4.74E-1,-4.05E+1,4.74E-1
28,28,56Ni,-1.52E+4,6.40,2.13E+3,3.73E-1,1.11E+3,3.73E-1,8.64E+3,7.10E-3,-8.17E+1,7.10E-3
28,29,57Ni,-8.77E+3,4.39E-1,3.26E+3,6.41E-1,2.23E+3,6.41E-1,8.67E+3,9.90E-3,-5.93E+1,9.90E-3
28,22,50Ni,,,1.41E+4,5.16E+2,1.31E+4,5.16E+2,7.70E+3,1.00E+1,-6.62E+1,1.00E+1
28,23,51Ni,,,1.56E+4,5.03E+2,1.46E+4,5.03E+2,7.87E+3,1.00E+1,-4.83E+1,1.00E+1
28,20,48Ni,,,1.64E+4,6.56E+2,1.54E+4,6.56E+2,7.23E+3,9.00,-1.41E+2,9.00
28,21,49Ni,,,1.83E+4,7.81E+2,1.72E+4,7.81E+2,7.45E+3,1.20E+1,-1.02E+2,1.20E+1
29,28,57Cu,-1.47E+4,2.00E+2,8.77E+3,4.39E-1,7.75E+3,4.39E-1,8.50E+3,8.80E-3,-7.57E+1,8.80E-3
29,27,56Cu,-1.32E+4,4.00E+2,1.52E+4,6.40,1.42E+4,6.40,8.35E+3,1.14E-1,-7.14E+1,1.14E-1
29,26,55Cu,-1.73E+4,4.29E+2,1.37E+4,1.55E+2,1.26E+4,1.55E+2,8.23E+3,2.82,-5.44E+1,2.82
29,25,54Cu,-1.55E+4,4.54E+2,1.80E+4,4.00E+2,1.70E+4,4.00E+2,8.04E+3,7.00,-5.30E+1,7.00
29,29,58Cu,-9.36E+3,5.00E+1,8.56E+3,4.42E-1,7.53E+3,4.42E-1,8.57E+3,9.70E-3,-7.59E+1,9.70E-3
29,24,53Cu,,,1.64E+4,5.01E+2,1.54E+4,5.01E+2,7.89E+3,9.00,-4.96E+1,9.00
29,39,68Cu,4.44E+3,1.76,-2.10E+3,3.37,-3.12E+3,3.37,8.70E+3,2.33E-2,3.31E+1,2.33E-2
29,39,68Cu,4.44E+3,1.76,-2.10E+3,3.37,-3.12E+3,3.37,8.70E+3,2.33E-2,3.31E+1,2.33E-2
29,38,67Cu,5.60E+2,8.29E-1,-3.57E+3,3.02,-4.59E+3,3.02,8.73E+3,1.33E-2,3.90E+1,1.33E-2
29,37,66Cu,2.64E+3,9.25E-1,-2.51E+2,1.54,-1.27E+3,1.54,8.73E+3,9.80E-3,3.44E+1,9.80E-3
29,36,65Cu,-1.35E+3,3.55E-1,-2.13E+3,6.99E-1,-3.15E+3,6.99E-1,8.75E+3,9.90E-3,3.58E+1,9.90E-3
29,31,60Cu,-4.17E+3,1.62,6.12E+3,1.57,5.10E+3,1.57,8.66E+3,2.69E-2,-2.77E+1,2.69E-2
29,30,59Cu,-9.14E+3,6.01E-1,4.79E+3,3.97E-1,3.77E+3,3.97E-1,8.64E+3,8.99E-3,-4.08E+1,8.99E-3
29,35,64Cu,5.79E+2,6.44E-1,1.67E+3,2.05E-1,6.52E+2,2.05E-1,8.73E+3,6.70E-3,2.54E+1,6.70E-3
29,34,63Cu,-3.36E+3,1.54,-6.69E+1,1.49E-2,-1.08E+3,1.49E-2,8.75E+3,6.80E-3,2.21E+1,6.80E-3
29,33,62Cu,-1.61E+3,6.50E-1,3.95E+3,4.75E-1,2.93E+3,4.75E-1,8.71E+3,1.03E-2,6.40,1.03E-2
29,32,61Cu,-5.63E+3,1.59E+1,2.23E+3,9.61E-1,1.21E+3,9.61E-1,8.71E+3,1.56E-2,-2.27,1.56E-2
29,49,78Cu,1.26E+4,1.34E+1,-9.91E+3,4.00E+2,-1.09E+4,4.00E+2,8.35E+3,1.70E-1,-9.34E+1,1.70E-1
29,48,77Cu,9.92E+3,2.31,-1.15E+4,4.00E+2,-1.25E+4,4.00E+2,8.41E+3,1.57E-2,-6.77E+1,1.57E-2
29,47,76Cu,1.13E+4,1.71,-8.79E+3,3.00E+2,-9.81E+3,3.00E+2,8.44E+3,1.20E-2,-5.68E+1,1.20E-2
29,42,71Cu,4.61E+3,3.04,-7.30E+3,2.68,-8.32E+3,2.68,8.63E+3,2.10E-2,2.57E+1,2.10E-2
29,41,70Cu,6.58E+3,2.20,-3.76E+3,2.40,-4.78E+3,2.40,8.64E+3,1.55E-2,3.07E+1,1.55E-2
29,41,70Cu,6.58E+3,2.20,-3.76E+3,2.40,-4.78E+3,2.40,8.64E+3,1.55E-2,3.07E+1,1.55E-2
29,41,70Cu,6.58E+3,2.20,-3.76E+3,2.40,-4.78E+3,2.40,8.64E+3,1.55E-2,3.07E+1,1.55E-2
29,40,69Cu,2.68E+3,1.60,-5.75E+3,3.97,-6.77E+3,3.97,8.69E+3,2.03E-2,3.55E+1,2.03E-2
29,46,75Cu,8.08E+3,2.08,-1.02E+4,2.00E+2,-1.12E+4,2.00E+2,8.49E+3,9.59E-3,-3.11E+1,9.59E-3
29,45,74Cu,9.75E+3,6.64,-7.30E+3,2.00E+2,-8.32E+3,2.00E+2,8.52E+3,8.30E-2,-2.16E+1,8.30E-2
29,44,73Cu,6.60E+3,2.69,-8.87E+3,3.10,-9.90E+3,3.10,8.56E+3,2.66E-2,2.05,2.66E-2
29,43,72Cu,8.36E+3,2.55,-5.55E+3,2.63,-6.57E+3,2.63,8.58E+3,1.94E-2,1.13E+1,1.94E-2
29,53,82Cu,1.65E+4,4.00E+2,-1.50E+4,8.94E+2,-1.60E+4,8.94E+2,8.10E+3,5.00,-1.26E+2,5.00
29,52,81Cu,1.42E+4,3.00E+2,-1.58E+4,7.61E+2,-1.68E+4,7.61E+2,8.18E+3,4.00,-1.13E+2,4.00
29,51,80Cu,1.49E+4,3.00E+2,-1.34E+4,6.71E+2,-1.44E+4,6.71E+2,8.24E+3,4.00,-1.20E+2,4.00
29,50,79Cu,1.10E+4,1.05E+2,-1.42E+4,5.11E+2,-1.52E+4,5.11E+2,8.32E+3,1.32,-1.08E+2,1.32
29,54,83Cu,1.59E+4,5.83E+2,,,,,8.04E+3,6.00,-1.20E+2,6.00
30,28,58Zn,-1.87E+4,3.04E+2,9.36E+3,5.00E+1,8.34E+3,5.00E+1,8.39E+3,8.62E-1,-5.92E+1,8.62E-1
30,27,57Zn,-1.71E+4,4.47E+2,1.47E+4,2.00E+2,1.37E+4,2.00E+2,8.23E+3,4.00,-5.11E+1,4.00
30,29,59Zn,-1.34E+4,1.70E+2,9.14E+3,6.01E-1,8.12E+3,6.01E-1,8.47E+3,1.29E-2,-5.45E+1,1.29E-2
30,24,54Zn,,,1.55E+4,4.54E+2,1.45E+4,4.54E+2,7.74E+3,4.00,-5.24E+1,4.00
30,26,56Zn,-2.15E+4,6.40E+2,1.32E+4,4.00E+2,1.22E+4,4.00E+2,8.10E+3,7.00,-4.70E+1,7.00
30,25,55Zn,,,1.73E+4,4.29E+2,1.63E+4,4.29E+2,7.90E+3,7.00,-4.71E+1,7.00
30,53,83Zn,1.29E+4,3.00E+2,-1.59E+4,5.83E+2,-1.69E+4,5.83E+2,8.22E+3,4.00,-9.43E+1,4.00
30,52,82Zn,1.06E+4,3.91,-1.65E+4,4.00E+2,-1.76E+4,4.00E+2,8.30E+3,3.75E-2,-8.59E+1,3.75E-2
30,55,85Zn,1.46E+4,5.02E+2,,,,,8.09E+3,6.00,-9.79E+1,6.00
30,54,84Zn,1.22E+4,4.01E+2,-1.81E+4,6.40E+2,-1.91E+4,6.40E+2,8.17E+3,5.00,-9.23E+1,5.00
30,51,81Zn,1.14E+4,5.99,-1.42E+4,3.00E+2,-1.53E+4,3.00E+2,8.35E+3,6.21E-2,-8.82E+1,6.21E-2
30,50,80Zn,7.57E+3,3.87,-1.49E+4,3.00E+2,-1.59E+4,3.00E+2,8.42E+3,3.23E-2,-8.00E+1,3.23E-2
30,42,72Zn,4.42E+2,2.29,-8.36E+3,2.55,-9.38E+3,2.55,8.69E+3,2.98E-2,3.97E+1,2.98E-2
30,41,71Zn,2.81E+3,2.77,-4.61E+3,3.04,-5.63E+3,3.04,8.68E+3,3.74E-2,5.08E+1,3.74E-2
30,41,71Zn,2.81E+3,2.77,-4.61E+3,3.04,-5.63E+3,3.04,8.68E+3,3.74E-2,5.08E+1,3.74E-2
30,44,74Zn,2.29E+3,3.91,-9.75E+3,6.64,-1.07E+4,6.64,8.64E+3,3.40E-2,1.57E+1,3.40E-2
30,43,73Zn,4.10E+3,2.50,-6.60E+3,2.69,-7.62E+3,2.69,8.64E+3,2.54E-2,2.95E+1,2.54E-2
30,40,70Zn,-6.54E+2,1.57,-6.58E+3,2.20,-7.61E+3,2.20,8.72E+3,2.74E-2,5.34E+1,2.74E-2
30,49,79Zn,9.11E+3,2.52,-1.10E+4,1.05E+2,-1.20E+4,1.05E+2,8.45E+3,2.82E-2,-6.40E+1,2.82E-2
30,49,79Zn,9.11E+3,2.52,-1.10E+4,1.05E+2,-1.20E+4,1.05E+2,8.45E+3,2.82E-2,-6.40E+1,2.82E-2
30,46,76Zn,3.99E+3,2.43,-1.13E+4,1.71,-1.23E+4,1.71,8.58E+3,1.91E-2,-1.47E+1,1.91E-2
30,45,75Zn,5.90E+3,2.06,-8.08E+3,2.08,-9.11E+3,2.08,8.59E+3,2.61E-2,3.70,2.61E-2
30,48,78Zn,6.22E+3,2.20,-1.26E+4,1.34E+1,-1.37E+4,1.34E+1,8.50E+3,2.48E-2,-4.57E+1,2.48E-2
30,47,77Zn,7.20E+3,3.12,-9.92E+3,2.31,-1.09E+4,2.31,8.53E+3,2.56E-2,-3.18E+1,2.56E-2
30,47,77Zn,7.20E+3,3.12,-9.92E+3,2.31,-1.09E+4,2.31,8.53E+3,2.56E-2,-3.18E+1,2.56E-2
30,31,61Zn,-9.21E+3,3.76E+1,5.63E+3,1.59E+1,4.61E+3,1.59E+1,8.61E+3,2.60E-1,-2.11E+1,2.60E-1
30,30,60Zn,-1.45E+4,2.00E+2,4.17E+3,1.62,3.14E+3,1.62,8.58E+3,9.10E-3,-4.45E+1,9.10E-3
30,33,63Zn,-5.66E+3,2.03,3.36E+3,1.54,2.34E+3,1.54,8.68E+3,2.48E-2,1.50E+1,2.48E-2
30,32,62Zn,-9.18E+3,3.76E-1,1.61E+3,6.50E-1,5.97E+2,6.50E-1,8.67E+3,9.90E-3,-2.43,9.90E-3
30,39,69Zn,9.09E+2,1.42,-2.68E+3,1.60,-3.70E+3,1.60,8.72E+3,1.15E-2,5.55E+1,1.15E-2
30,39,69Zn,9.09E+2,1.42,-2.68E+3,1.60,-3.70E+3,1.60,8.72E+3,1.15E-2,5.55E+1,1.15E-2
30,38,68Zn,-2.92E+3,1.20,-4.44E+3,1.76,-5.46E+3,1.76,8.75E+3,1.15E-2,5.34E+1,1.15E-2
30,35,65Zn,-3.25E+3,6.30E-1,1.35E+3,3.55E-1,3.29E+2,3.55E-1,8.72E+3,9.90E-3,4.08E+1,9.90E-3
30,34,64Zn,-7.17E+3,1.48,-5.79E+2,6.44E-1,-1.60E+3,6.44E-1,8.73E+3,1.01E-2,2.67E+1,1.01E-2
30,37,67Zn,-1.00E+3,1.11,-5.60E+2,8.29E-1,-1.58E+3,8.29E-1,8.73E+3,1.12E-2,5.44E+1,1.12E-2
30,36,66Zn,-5.17E+3,8.00E-1,-2.64E+3,9.25E-1,-3.66E+3,9.25E-1,8.75E+3,1.12E-2,4.46E+1,1.12E-2
31,54,85Ga,1.33E+4,3.74E+1,-1.46E+4,5.02E+2,-1.56E+4,5.02E+2,8.25E+3,4.38E-1,-6.82E+1,4.38E-1
31,53,84Ga,1.40E+4,2.99E+1,-1.22E+4,4.01E+2,-1.32E+4,4.01E+2,8.30E+3,3.54E-1,-7.51E+1,3.54E-1
31,56,87Ga,1.47E+4,5.83E+2,,,,,8.12E+3,6.00,-7.02E+1,6.00
31,55,86Ga,1.56E+4,5.93E+2,-1.36E+4,6.40E+2,-1.47E+4,6.40E+2,8.18E+3,5.00,-7.69E+1,5.00
31,50,81Ga,8.66E+3,3.85,-1.14E+4,5.99,-1.24E+4,5.99,8.48E+3,4.03E-2,-5.95E+1,4.03E-2
31,52,83Ga,1.17E+4,3.55,-1.29E+4,3.00E+2,-1.39E+4,3.00E+2,8.37E+3,3.15E-2,-6.33E+1,3.15E-2
31,51,82Ga,1.24E+4,3.29,-1.06E+4,3.91,-1.16E+4,3.91,8.42E+3,2.96E-2,-6.97E+1,2.96E-2
31,43,74Ga,5.37E+3,2.99,-2.29E+3,3.91,-3.31E+3,3.91,8.66E+3,4.05E-2,3.84E+1,4.05E-2
31,43,74Ga,5.37E+3,2.99,-2.29E+3,3.91,-3.31E+3,3.91,8.66E+3,4.05E-2,3.84E+1,4.05E-2
31,42,73Ga,1.59E+3,1.67,-4.10E+3,2.50,-5.12E+3,2.50,8.69E+3,2.30E-2,5.17E+1,2.30E-2
31,45,76Ga,6.91E+3,1.95,-3.99E+3,2.43,-5.01E+3,2.43,8.62E+3,2.57E-2,1.32E+1,2.57E-2
31,44,75Ga,3.39E+3,6.72E-1,-5.90E+3,2.06,-6.92E+3,2.06,8.66E+3,8.90E-3,3.02E+1,8.90E-3
31,41,72Ga,3.99E+3,8.21E-1,-4.42E+2,2.29,-1.46E+3,2.29,8.68E+3,1.14E-2,5.74E+1,1.14E-2
31,40,71Ga,-2.32E+2,9.34E-2,-2.81E+3,2.77,-3.83E+3,2.77,8.71E+3,1.14E-2,5.97E+1,1.14E-2
31,47,78Ga,8.15E+3,3.68,-6.22E+3,2.20,-7.24E+3,2.20,8.57E+3,1.35E-2,-2.08E+1,1.35E-2
31,46,77Ga,5.22E+3,2.42,-7.20E+3,3.12,-8.22E+3,3.12,8.61E+3,3.15E-2,3.75,3.15E-2
31,49,80Ga,1.03E+4,3.54,-7.57E+3,3.87,-8.59E+3,3.87,8.50E+3,3.61E-2,-4.85E+1,3.61E-2
31,49,80Ga,1.03E+4,3.54,-7.57E+3,3.87,-8.59E+3,3.87,8.50E+3,3.61E-2,-4.85E+1,3.61E-2
31,48,79Ga,6.97E+3,3.71E+1,-9.11E+3,2.52,-1.01E+4,2.52,8.55E+3,1.53E-2,-2.88E+1,1.53E-2
31,32,63Ga,-9.62E+3,3.72E+1,5.66E+3,2.03,4.64E+3,2.03,8.58E+3,2.07E-2,-8.12,2.07E-2
31,31,62Ga,-9.84E+3,1.40E+2,9.18E+3,3.76E-1,8.15E+3,3.76E-1,8.51E+3,1.03E-2,-4.37E+1,1.03E-2
31,34,65Ga,-6.17E+3,2.30,3.25E+3,6.30E-1,2.23E+3,6.30E-1,8.66E+3,1.22E-2,2.56E+1,1.22E-2
31,33,64Ga,-4.51E+3,3.99,7.17E+3,1.48,6.14E+3,1.48,8.61E+3,2.23E-2,2.48,2.23E-2
31,30,61Ga,-1.33E+4,3.02E+2,9.21E+3,3.76E+1,8.19E+3,3.76E+1,8.44E+3,6.22E-1,-3.71E+1,6.22E-1
31,39,70Ga,1.65E+3,1.45,6.54E+2,1.57,-3.67E+2,1.57,8.70E+3,1.72E-2,5.31E+1,1.72E-2
31,36,67Ga,-4.20E+3,4.40,1.00E+3,1.11,-2.07E+1,1.11,8.70E+3,1.76E-2,4.65E+1,1.76E-2
31,35,66Ga,-2.11E+3,2.63,5.17E+3,8.00E-1,4.15E+3,8.00E-1,8.66E+3,1.66E-2,3.39E+1,1.66E-2
31,38,69Ga,-2.22E+3,5.50E-1,-9.09E+2,1.42,-1.93E+3,1.42,8.72E+3,1.74E-2,5.72E+1,1.74E-2
31,37,68Ga,-1.07E+2,2.35,2.92E+3,1.20,1.89E+3,1.20,8.70E+3,2.10E-2,4.93E+1,2.10E-2
31,29,60Ga,-1.20E+4,3.61E+2,1.45E+4,2.00E+2,1.35E+4,2.00E+2,8.32E+3,3.00,-5.09E+1,3.00
31,28,59Ga,-1.73E+4,4.34E+2,1.34E+4,1.70E+2,1.24E+4,1.70E+2,8.23E+3,3.00,-5.42E+1,3.00
32,45,77Ge,2.70E+3,1.69,-5.22E+3,2.42,-6.24E+3,2.42,8.67E+3,7.00E-4,2.94E+1,7.00E-4
32,45,77Ge,2.70E+3,1.69,-5.22E+3,2.42,-6.24E+3,2.42,8.67E+3,7.00E-4,2.94E+1,7.00E-4
32,46,78Ge,9.54E+2,1.03E+1,-8.15E+3,3.68,-9.17E+3,3.68,8.67E+3,4.53E-2,1.54E+1,4.53E-2
32,43,75Ge,1.17E+3,8.85E-1,-3.39E+3,6.72E-1,-4.41E+3,6.72E-1,8.69E+3,7.00E-4,5.26E+1,7.00E-4
32,43,75Ge,1.17E+3,8.85E-1,-3.39E+3,6.72E-1,-4.41E+3,6.72E-1,8.69E+3,7.00E-4,5.26E+1,7.00E-4
32,44,76Ge,-9.21E+2,8.86E-1,-6.91E+3,1.95,-7.93E+3,1.95,8.70E+3,3.00E-4,4.01E+1,3.00E-4
32,41,73Ge,-3.44E+2,3.85,-1.59E+3,1.67,-2.62E+3,1.67,8.70E+3,8.00E-4,6.87E+1,8.00E-4
32,41,73Ge,-3.44E+2,3.85,-1.59E+3,1.67,-2.62E+3,1.67,8.70E+3,8.00E-4,6.87E+1,8.00E-4
32,42,74Ge,-2.56E+3,1.69,-5.37E+3,2.99,-6.39E+3,2.99,8.72E+3,3.00E-4,5.80E+1,3.00E-4
32,40,72Ge,-4.35E+3,4.08,-3.99E+3,8.21E-1,-5.01E+3,8.21E-1,8.73E+3,1.10E-3,6.52E+1,1.10E-3
32,49,81Ge,6.24E+3,3.34,-8.66E+3,3.85,-9.68E+3,3.85,8.58E+3,2.54E-2,-2.91E+1,2.54E-2
32,49,81Ge,6.24E+3,3.34,-8.66E+3,3.85,-9.68E+3,3.85,8.58E+3,2.54E-2,-2.91E+1,2.54E-2
32,47,79Ge,4.10E+3,3.74E+1,-6.97E+3,3.71E+1,-8.00E+3,3.71E+1,8.63E+3,4.70E-1,-6.19E-1,4.70E-1
32,47,79Ge,4.10E+3,3.74E+1,-6.97E+3,3.71E+1,-8.00E+3,3.71E+1,8.63E+3,4.70E-1,-6.19E-1,4.70E-1
32,48,80Ge,2.67E+3,3.91,-1.03E+4,3.54,-1.13E+4,3.54,8.62E+3,2.57E-2,-1.59E+1,2.57E-2
32,34,66Ge,-9.58E+3,6.16,2.11E+3,2.63,1.09E+3,2.63,8.62E+3,3.64E-2,2.03E+1,3.64E-2
32,35,67Ge,-6.08E+3,4.34,4.20E+3,4.40,3.18E+3,4.40,8.63E+3,6.45E-2,3.98E+1,6.45E-2
32,32,64Ge,-1.47E+4,2.03E+2,4.51E+3,3.99,3.49E+3,3.99,8.52E+3,5.82E-2,-1.84E+1,5.82E-2
32,33,65Ge,-9.54E+3,8.47E+1,6.17E+3,2.30,5.15E+3,2.30,8.55E+3,3.33E-2,6.03,3.33E-2
32,30,62Ge,-1.77E+4,3.31E+2,9.84E+3,1.40E+2,8.82E+3,1.40E+2,8.34E+3,2.00,-2.79E+1,2.00
32,31,63Ge,-1.34E+4,2.04E+2,9.62E+3,3.72E+1,8.60E+3,3.72E+1,8.41E+3,5.91E-1,-2.09E+1,5.91E-1
32,38,70Ge,-6.22E+3,1.62,-1.65E+3,1.45,-2.67E+3,1.45,8.72E+3,1.17E-2,6.06E+1,1.17E-2
32,39,71Ge,-2.01E+3,4.08,2.32E+2,9.34E-2,-7.89E+2,9.34E-2,8.70E+3,1.15E-2,6.97E+1,1.15E-2
32,36,68Ge,-8.08E+3,2.63,1.07E+2,2.35,-9.14E+2,2.35,8.68E+3,2.76E-2,4.58E+1,2.76E-2
32,37,69Ge,-3.98E+3,3.19E+1,2.22E+3,5.50E-1,1.20E+3,5.50E-1,8.68E+3,1.91E-2,6.04E+1,1.91E-2
32,29,61Ge,-1.65E+4,4.24E+2,1.33E+4,3.02E+2,1.23E+4,3.02E+2,8.21E+3,5.00,-4.14E+1,5.00
32,27,59Ge,,,1.73E+4,4.34E+2,1.63E+4,4.34E+2,7.92E+3,7.00,-4.73E+1,7.00
32,28,60Ge,-2.18E+4,5.00E+2,1.20E+4,3.61E+2,1.10E+4,3.61E+2,8.11E+3,5.00,-5.16E+1,5.00
32,56,88Ge,1.09E+4,4.47E+2,-1.71E+4,6.40E+2,-1.81E+4,6.40E+2,8.23E+3,5.00,-4.95E+1,5.00
32,57,89Ge,1.34E+4,5.00E+2,,,,,8.16E+3,4.00,-5.22E+1,4.00
32,54,86Ge,9.56E+3,4.37E+2,-1.56E+4,5.93E+2,-1.66E+4,5.93E+2,8.35E+3,5.09,-4.73E+1,5.09
32,55,87Ge,1.20E+4,3.00E+2,-1.47E+4,5.83E+2,-1.57E+4,5.83E+2,8.28E+3,3.00,-5.22E+1,3.00
32,52,84Ge,7.70E+3,4.47,-1.40E+4,2.99E+1,-1.50E+4,2.99E+1,8.46E+3,3.77E-2,-4.59E+1,3.77E-2
32,53,85Ge,1.00E+4,4.83,-1.33E+4,3.74E+1,-1.44E+4,3.74E+1,8.40E+3,4.39E-2,-5.28E+1,4.39E-2
32,50,82Ge,4.69E+3,4.34,-1.24E+4,3.29,-1.35E+4,3.29,8.56E+3,2.73E-2,-4.20E+1,2.73E-2
32,51,83Ge,8.69E+3,3.69,-1.17E+4,3.55,-1.27E+4,3.55,8.50E+3,2.92E-2,-4.85E+1,2.92E-2
32,58,90Ge,1.25E+4,6.40E+2,,,,,8.10E+3,6.00,-5.03E+1,6.00
33,50,83As,5.67E+3,4.12,-8.69E+3,3.69,-9.71E+3,3.69,8.59E+3,3.37E-2,-2.81E+1,3.37E-2
33,57,90As,1.48E+4,5.18E+2,-1.25E+4,6.40E+2,-1.35E+4,6.40E+2,8.24E+3,4.00,-3.73E+1,4.00
33,58,91As,1.40E+4,5.89E+2,,,,,8.18E+3,4.00,-3.12E+1,4.00
33,55,88As,1.34E+4,2.00E+2,-1.09E+4,4.47E+2,-1.19E+4,4.47E+2,8.35E+3,2.00,-3.57E+1,2.00
33,56,89As,1.24E+4,3.00E+2,-1.34E+4,5.00E+2,-1.45E+4,5.00E+2,8.30E+3,3.00,-2.94E+1,3.00
33,53,86As,1.15E+4,4.26,-9.56E+3,4.37E+2,-1.05E+4,4.37E+2,8.45E+3,4.00E-2,-3.75E+1,4.00E-2
33,54,87As,1.08E+4,3.72,-1.20E+4,3.00E+2,-1.30E+4,3.00E+2,8.41E+3,3.43E-2,-3.03E+1,3.43E-2
33,51,84As,1.00E+4,3.72,-7.70E+3,4.47,-8.72E+3,4.47,8.54E+3,3.77E-2,-3.50E+1,3.77E-2
33,52,85As,9.22E+3,4.03,-1.00E+4,4.83,-1.10E+4,4.83,8.51E+3,3.62E-2,-2.79E+1,3.62E-2
33,59,92As,1.63E+4,6.40E+2,,,,,8.12E+3,5.00,-3.80E+1,5.00
33,46,79As,2.28E+3,5.32,-4.10E+3,3.74E+1,-5.13E+3,3.74E+1,8.67E+3,6.74E-2,2.99E+1,6.74E-2
33,47,80As,5.54E+3,3.44,-2.67E+3,3.91,-3.70E+3,3.91,8.65E+3,4.17E-2,1.04E+1,4.17E-2
33,44,77As,6.83E+2,1.69,-2.70E+3,1.69,-3.72E+3,1.69,8.69E+3,2.20E-2,5.20E+1,2.20E-2
33,45,78As,4.20E+3,9.78,-9.54E+2,1.03E+1,-1.97E+3,1.03E+1,8.67E+3,1.25E-1,3.81E+1,1.25E-1
33,42,75As,-8.64E+2,8.81E-1,-1.17E+3,8.85E-1,-2.19E+3,8.85E-1,8.70E+3,1.18E-2,6.70E+1,1.18E-2
33,43,76As,2.96E+3,8.86E-1,9.21E+2,8.86E-1,-1.00E+2,8.86E-1,8.68E+3,1.17E-2,5.96E+1,1.17E-2
33,40,73As,-2.72E+3,7.39,3.44E+2,3.85,-6.77E+2,3.85,8.68E+3,5.28E-2,7.28E+1,5.28E-2
33,41,74As,1.35E+3,1.69,2.56E+3,1.69,1.54E+3,1.69,8.68E+3,2.29E-2,6.93E+1,2.29E-2
33,48,81As,3.85E+3,2.80,-6.24E+3,3.34,-7.26E+3,3.34,8.64E+3,3.25E-2,-1.20,3.25E-2
33,49,82As,7.48E+3,3.75,-4.69E+3,4.34,-5.71E+3,4.34,8.61E+3,4.55E-2,-1.69E+1,4.55E-2
33,49,82As,7.48E+3,3.75,-4.69E+3,4.34,-5.71E+3,4.34,8.61E+3,4.55E-2,-1.69E+1,4.55E-2
33,35,68As,-4.70E+3,1.91,8.08E+3,2.63,7.06E+3,2.63,8.55E+3,2.71E-2,2.70E+1,2.71E-2
33,36,69As,-6.67E+3,3.20E+1,3.98E+3,3.19E+1,2.96E+3,3.19E+1,8.61E+3,4.63E-1,4.49E+1,4.63E-1
33,33,66As,-1.03E+4,2.00E+2,9.58E+3,6.16,8.55E+3,6.16,8.46E+3,8.61E-2,-1.95E+1,8.61E-2
33,34,67As,-1.00E+4,6.70E+1,6.08E+3,4.34,5.06E+3,4.34,8.53E+3,6.60E-3,1.46E+1,6.60E-3
33,31,64As,-1.26E+4,5.40E+2,1.47E+4,2.03E+2,1.37E+4,2.03E+2,8.28E+3,3.00,-2.59E+1,3.00
33,32,65As,-1.39E+4,3.12E+2,9.54E+3,8.47E+1,8.51E+3,8.47E+1,8.39E+3,1.30,-1.12E+1,1.30
33,30,63As,-1.66E+4,5.39E+2,1.34E+4,2.04E+2,1.23E+4,2.04E+2,8.19E+3,3.00,-2.56E+1,3.00
33,39,72As,-3.61E+2,4.52,4.35E+3,4.08,3.33E+3,4.08,8.66E+3,5.67E-2,6.84E+1,5.67E-2
33,37,70As,-2.40E+3,2.11,6.22E+3,1.62,5.20E+3,1.62,8.62E+3,2.00E-2,5.42E+1,2.00E-2
33,38,71As,-4.74E+3,5.01,2.01E+3,4.08,9.91E+2,4.08,8.66E+3,5.86E-2,6.32E+1,5.86E-2
34,61,95Se,1.33E+4,5.83E+2,,,,,8.11E+3,5.00,-2.73E+1,5.00
34,60,94Se,1.08E+4,5.39E+2,,,,,8.18E+3,5.00,-2.28E+1,5.00
34,50,84Se,1.83E+3,2.57E+1,-1.00E+4,3.72,-1.11E+4,3.72,8.65E+3,2.33E-2,-1.90E+1,2.33E-2
34,51,85Se,6.16E+3,4.03,-9.22E+3,4.03,-1.02E+4,4.03,8.61E+3,3.07E-2,-2.26E+1,3.07E-2
34,58,92Se,9.50E+3,4.00E+2,-1.63E+4,6.40E+2,-1.73E+4,6.40E+2,8.29E+3,4.00,-1.90E+1,4.00
34,59,93Se,1.20E+4,5.88E+2,,,,,8.22E+3,4.00,-2.37E+1,4.00
34,56,90Se,8.20E+3,3.29E+2,-1.48E+4,5.18E+2,-1.58E+4,5.18E+2,8.39E+3,3.66,-1.81E+1,3.66
34,57,91Se,1.05E+4,4.33E+2,-1.40E+4,5.89E+2,-1.51E+4,5.89E+2,8.33E+3,4.75,-2.36E+1,4.75
34,54,88Se,6.83E+3,4.61,-1.34E+4,2.00E+2,-1.44E+4,2.00E+2,8.49E+3,3.82E-2,-1.92E+1,3.82E-2
34,55,89Se,9.28E+3,4.95,-1.24E+4,3.00E+2,-1.34E+4,3.00E+2,8.43E+3,4.19E-2,-2.19E+1,4.19E-2
34,52,86Se,5.12E+3,3.97,-1.15E+4,4.26,-1.25E+4,4.26,8.58E+3,2.93E-2,-1.81E+1,2.93E-2
34,53,87Se,7.46E+3,3.87,-1.08E+4,3.72,-1.18E+4,3.72,8.52E+3,2.58E-2,-2.30E+1,2.58E-2
34,40,74Se,-6.92E+3,5.83,-1.35E+3,1.69,-2.37E+3,1.69,8.68E+3,3.00E-4,6.62E+1,3.00E-4
34,47,81Se,1.58E+3,1.37,-3.85E+3,2.80,-4.87E+3,2.80,8.68E+3,1.21E-2,2.38E+1,1.21E-2
34,47,81Se,1.58E+3,1.37,-3.85E+3,2.80,-4.87E+3,2.80,8.68E+3,1.21E-2,2.38E+1,1.21E-2
34,48,82Se,-9.52E+1,1.07,-7.48E+3,3.75,-8.51E+3,3.75,8.69E+3,5.70E-3,8.44,5.70E-3
34,45,79Se,1.50E+2,1.01,-2.28E+3,5.32,-3.30E+3,5.32,8.69E+3,2.80E-3,4.97E+1,2.80E-3
34,45,79Se,1.50E+2,1.01,-2.28E+3,5.32,-3.30E+3,5.32,8.69E+3,2.80E-3,4.97E+1,2.80E-3
34,46,80Se,-1.87E+3,3.09E-1,-5.54E+3,3.44,-6.56E+3,3.44,8.71E+3,1.18E-2,3.62E+1,1.18E-2
34,43,77Se,-1.36E+3,2.80,-6.83E+2,1.69,-1.70E+3,1.69,8.69E+3,8.00E-4,6.52E+1,8.00E-4
34,43,77Se,-1.36E+3,2.80,-6.83E+2,1.69,-1.70E+3,1.69,8.69E+3,8.00E-4,6.52E+1,8.00E-4
34,44,78Se,-3.57E+3,3.57,-4.20E+3,9.78,-5.23E+3,9.78,8.71E+3,2.30E-3,5.54E+1,2.30E-3
34,41,75Se,-3.06E+3,4.28,8.64E+2,8.81E-1,-1.57E+2,8.81E-1,8.67E+3,1.00E-3,7.11E+1,1.00E-3
34,42,76Se,-4.96E+3,9.32,-2.96E+3,8.86E-1,-3.98E+3,8.86E-1,8.71E+3,3.00E-4,6.53E+1,3.00E-4
34,49,83Se,3.67E+3,4.83,-5.67E+3,4.12,-6.69E+3,4.12,8.65E+3,3.66E-2,-2.17,3.66E-2
34,49,83Se,3.67E+3,4.83,-5.67E+3,4.12,-6.69E+3,4.12,8.65E+3,3.66E-2,-2.17,3.66E-2
34,36,70Se,-1.05E+4,1.49E+1,2.40E+3,2.11,1.38E+3,2.11,8.57E+3,2.25E-2,3.40E+1,2.25E-2
34,37,71Se,-6.64E+3,6.08,4.74E+3,5.01,3.72E+3,5.01,8.58E+3,3.94E-2,5.34E+1,3.94E-2
34,34,68Se,-1.53E+4,2.59E+2,4.70E+3,1.91,3.68E+3,1.91,8.47E+3,7.30E-3,5.12E-1,7.30E-3
34,35,69Se,-1.01E+4,4.20E+1,6.67E+3,3.20E+1,5.65E+3,3.20E+1,8.50E+3,2.16E-2,2.44E+1,2.16E-2
34,32,66Se,-1.80E+4,4.47E+2,1.03E+4,2.00E+2,9.34E+3,2.00E+2,8.30E+3,3.00,-4.74,3.00
34,33,67Se,-1.40E+4,3.07E+2,1.00E+4,6.70E+1,8.98E+3,6.70E+1,8.36E+3,1.00,1.28,1.00
34,30,64Se,,,1.26E+4,5.40E+2,1.16E+4,5.40E+2,8.07E+3,8.00,-2.05E+1,8.00
34,31,65Se,-1.65E+4,5.83E+2,1.39E+4,3.12E+2,1.28E+4,3.12E+2,8.17E+3,5.00,-1.06E+1,5.00
34,38,72Se,-8.80E+3,2.20,3.61E+2,4.52,-6.60E+2,4.52,8.64E+3,2.72E-2,5.56E+1,2.72E-2
34,39,73Se,-4.58E+3,1.00E+1,2.72E+3,7.39,1.70E+3,7.39,8.64E+3,1.01E-1,7.00E+1,1.01E-1
34,39,73Se,-4.58E+3,1.00E+1,2.72E+3,7.39,1.70E+3,7.39,8.64E+3,1.01E-1,7.00E+1,1.01E-1
34,29,63Se,,,1.66E+4,5.39E+2,1.56E+4,5.39E+2,7.91E+3,8.00,-3.26E+1,8.00
35,63,98Br,1.60E+4,5.00E+2,,,,,8.07E+3,4.00,-1.84E+1,4.00
35,62,97Br,1.34E+4,4.20E+2,,,,,8.14E+3,4.00,-1.05E+1,4.00
35,61,96Br,1.48E+4,3.01E+2,,,,,8.18E+3,3.00,-1.17E+1,3.00
35,60,95Br,1.23E+4,3.01E+2,-1.33E+4,5.83E+2,-1.44E+4,5.83E+2,8.24E+3,3.00,-5.33,3.00
35,52,87Br,6.81E+3,3.18,-7.46E+3,3.87,-8.48E+3,3.87,8.60E+3,3.64E-2,-5.59,3.64E-2
35,51,86Br,7.63E+3,3.07,-5.12E+3,3.97,-6.15E+3,3.97,8.63E+3,3.58E-2,-1.44E+1,3.58E-2
35,50,85Br,2.90E+3,3.67,-6.16E+3,4.03,-7.18E+3,4.03,8.67E+3,3.62E-2,-1.07E+1,3.62E-2
35,59,94Br,1.36E+4,2.01E+2,-1.08E+4,5.39E+2,-1.18E+4,5.39E+2,8.28E+3,2.00,-8.09,2.00
35,58,93Br,1.12E+4,4.30E+2,-1.20E+4,5.88E+2,-1.30E+4,5.88E+2,8.34E+3,4.63,-2.41,4.63
35,57,92Br,1.25E+4,7.23,-9.50E+3,4.00E+2,-1.05E+4,4.00E+2,8.38E+3,7.29E-2,-6.73,7.29E-2
35,56,91Br,9.86E+3,4.18,-1.05E+4,4.33E+2,-1.15E+4,4.33E+2,8.44E+3,3.88E-2,-3.15,3.88E-2
35,55,90Br,1.09E+4,3.83,-8.20E+3,3.29E+2,-9.22E+3,3.29E+2,8.47E+3,3.73E-2,-9.36,3.73E-2
35,54,89Br,8.26E+3,3.90,-9.28E+3,4.95,-1.03E+4,4.95,8.53E+3,3.67E-2,-5.76,3.67E-2
35,53,88Br,8.97E+3,4.10,-6.83E+3,4.61,-7.85E+3,4.61,8.56E+3,3.60E-2,-1.44E+1,3.60E-2
35,41,76Br,-1.27E+3,1.01E+1,4.96E+3,9.32,3.94E+3,9.32,8.63E+3,1.22E-1,6.48E+1,1.22E-1
35,41,76Br,-1.27E+3,1.01E+1,4.96E+3,9.32,3.94E+3,9.32,8.63E+3,1.22E-1,6.48E+1,1.22E-1
35,40,75Br,-4.78E+3,9.16,3.06E+3,4.28,2.04E+3,4.28,8.62E+3,5.71E-2,6.70E+1,5.71E-2
35,49,84Br,4.65E+3,2.57E+1,-1.83E+3,2.57E+1,-2.85E+3,2.57E+1,8.67E+3,3.06E-1,1.33,3.06E-1
35,49,84Br,4.65E+3,2.57E+1,-1.83E+3,2.57E+1,-2.85E+3,2.57E+1,8.67E+3,3.06E-1,1.33,3.06E-1
35,48,83Br,9.76E+2,3.79,-3.67E+3,4.83,-4.69E+3,4.83,8.69E+3,4.57E-2,1.69E+1,4.57E-2
35,47,82Br,3.09E+3,9.71E-1,9.52E+1,1.07,-9.26E+2,1.07,8.68E+3,1.18E-2,2.87E+1,1.18E-2
35,47,82Br,3.09E+3,9.71E-1,9.52E+1,1.07,-9.26E+2,1.07,8.68E+3,1.18E-2,2.87E+1,1.18E-2
35,46,81Br,-2.80E+2,4.71E-1,-1.58E+3,1.37,-2.61E+3,1.37,8.69E+3,1.21E-2,4.44E+1,1.21E-2
35,45,80Br,2.00E+3,1.14,1.87E+3,3.09E-1,8.48E+2,3.09E-1,8.67E+3,1.24E-2,5.32E+1,1.24E-2
35,45,80Br,2.00E+3,1.14,1.87E+3,3.09E-1,8.48E+2,3.09E-1,8.67E+3,1.24E-2,5.32E+1,1.24E-2
35,44,79Br,-1.62E+3,3.33,-1.50E+2,1.01,-1.17E+3,1.01,8.68E+3,1.27E-2,6.25E+1,1.27E-2
35,44,79Br,-1.62E+3,3.33,-1.50E+2,1.01,-1.17E+3,1.01,8.68E+3,1.27E-2,6.25E+1,1.27E-2
35,43,78Br,7.26E+2,3.58,3.57E+3,3.57,2.55E+3,3.57,8.66E+3,4.59E-2,6.66E+1,4.59E-2
35,42,77Br,-3.06E+3,3.42,1.36E+3,2.80,3.42E+2,2.80,8.66E+3,3.65E-2,6.94E+1,3.65E-2
35,42,77Br,-3.06E+3,3.42,1.36E+3,2.80,3.42E+2,2.80,8.66E+3,3.65E-2,6.94E+1,3.65E-2
35,38,73Br,-7.09E+3,9.41,4.58E+3,1.00E+1,3.55E+3,1.00E+1,8.56E+3,9.22E-2,5.30E+1,9.22E-2
35,37,72Br,-5.12E+3,8.07,8.80E+3,2.20,7.78E+3,2.20,8.51E+3,1.42E-2,3.93E+1,1.42E-2
35,37,72Br,-5.12E+3,8.07,8.80E+3,2.20,7.78E+3,2.20,8.51E+3,1.42E-2,3.93E+1,1.42E-2
35,36,71Br,-1.01E+4,1.28E+2,6.64E+3,6.08,5.62E+3,6.08,8.48E+3,7.61E-2,2.87E+1,7.61E-2
35,35,70Br,-1.03E+4,2.01E+2,1.05E+4,1.49E+1,9.48E+3,1.49E+1,8.41E+3,2.12E-1,3.03,2.12E-1
35,35,70Br,-1.03E+4,2.01E+2,1.05E+4,1.49E+1,9.48E+3,1.49E+1,8.41E+3,2.12E-1,3.03,2.12E-1
35,34,69Br,-1.41E+4,3.03E+2,1.01E+4,4.20E+1,9.15E+3,4.20E+1,8.34E+3,6.08E-1,1.06E+1,6.08E-1
35,33,68Br,-1.31E+4,5.63E+2,1.53E+4,2.59E+2,1.43E+4,2.59E+2,8.23E+3,4.00,-1.27,4.00
35,39,74Br,-2.95E+3,6.17,6.92E+3,5.83,5.90E+3,5.83,8.58E+3,7.89E-2,5.94E+1,7.89E-2
35,39,74Br,-2.95E+3,6.17,6.92E+3,5.83,5.90E+3,5.83,8.58E+3,7.89E-2,5.94E+1,7.89E-2
36,64,100Kr,1.17E+4,4.00E+2,,,,,8.13E+3,4.00,-6.73,4.00
36,63,99Kr,1.27E+4,4.00E+2,,,,,8.17E+3,4.00,-5.68,4.00
36,62,98Kr,1.02E+4,3.00E+2,-1.60E+4,5.00E+2,-1.70E+4,5.00E+2,8.23E+3,3.00,7.91E-1,3.00
36,61,97Kr,1.10E+4,1.30E+2,-1.34E+4,4.20E+2,-1.44E+4,4.20E+2,8.26E+3,1.34,3.60,1.34
36,60,96Kr,8.27E+3,1.95E+1,-1.48E+4,3.01E+2,-1.58E+4,3.01E+2,8.33E+3,2.00E-1,5.22,2.00E-1
36,65,101Kr,1.39E+4,5.01E+2,,,,,8.07E+3,5.00,-1.55E+1,5.00
36,53,89Kr,5.17E+3,5.83,-8.26E+3,3.90,-9.28E+3,3.90,8.61E+3,2.41E-2,-5.10,2.41E-2
36,52,88Kr,2.91E+3,2.61,-8.97E+3,4.10,-9.99E+3,4.10,8.65E+3,2.96E-2,-2.27,2.96E-2
36,51,87Kr,3.88E+3,2.46E-1,-6.81E+3,3.18,-7.83E+3,3.18,8.67E+3,2.80E-3,-8.91,2.80E-3
36,50,86Kr,-5.18E+2,2.00E-1,-7.63E+3,3.07,-8.65E+3,3.07,8.71E+3,3.00E-4,-7.33,3.00E-4
36,59,95Kr,9.73E+3,2.75E+1,-1.23E+4,3.01E+2,-1.33E+4,3.01E+2,8.36E+3,1.96E-1,4.85,1.96E-1
36,58,94Kr,7.21E+3,1.22E+1,-1.36E+4,2.01E+2,-1.47E+4,2.01E+2,8.42E+3,1.28E-1,5.74,1.28E-1
36,57,93Kr,8.48E+3,8.22,-1.12E+4,4.30E+2,-1.22E+4,4.30E+2,8.45E+3,2.70E-2,2.18,2.70E-2
36,56,92Kr,6.00E+3,6.69,-1.25E+4,7.23,-1.35E+4,7.23,8.51E+3,2.94E-2,2.80,2.94E-2
36,55,91Kr,6.77E+3,8.11,-9.86E+3,4.18,-1.08E+4,4.18,8.54E+3,2.46E-2,-1.32,2.46E-2
36,54,90Kr,4.40E+3,6.71,-1.09E+4,3.83,-1.19E+4,3.83,8.59E+3,2.07E-2,-3.93E-1,2.07E-2
36,42,78Kr,-7.24E+3,3.25,-7.26E+2,3.58,-1.74E+3,3.58,8.66E+3,3.90E-3,5.89E+1,3.90E-3
36,41,77Kr,-5.33E+3,2.35,3.06E+3,3.42,2.04E+3,3.42,8.61E+3,2.54E-2,5.99E+1,2.54E-2
36,40,76Kr,-8.53E+3,4.12,1.27E+3,1.01E+1,2.53E+2,1.01E+1,8.60E+3,5.28E-2,5.31E+1,5.28E-2
36,49,85Kr,6.87E+2,2.00,-2.90E+3,3.67,-3.92E+3,3.67,8.69E+3,2.35E-2,9.80,2.35E-2
36,49,85Kr,6.87E+2,2.00,-2.90E+3,3.67,-3.92E+3,3.67,8.69E+3,2.35E-2,9.80,2.35E-2
36,48,84Kr,-2.68E+3,2.19,-4.65E+3,2.57E+1,-5.67E+3,2.57E+1,8.71E+3,3.00E-4,2.16E+1,3.00E-4
36,47,83Kr,-9.20E+2,2.32,-9.76E+2,3.79,-1.99E+3,3.79,8.69E+3,3.00E-4,3.76E+1,3.00E-4
36,47,83Kr,-9.20E+2,2.32,-9.76E+2,3.79,-1.99E+3,3.79,8.69E+3,3.00E-4,3.76E+1,3.00E-4
36,46,82Kr,-4.40E+3,3.00,-3.09E+3,9.71E-1,-4.11E+3,9.71E-1,8.71E+3,3.00E-4,4.44E+1,3.00E-4
36,45,81Kr,-2.23E+3,5.01,2.80E+2,4.71E-1,-7.41E+2,4.71E-1,8.68E+3,1.33E-2,5.57E+1,1.33E-2
36,45,81Kr,-2.23E+3,5.01,2.80E+2,4.71E-1,-7.41E+2,4.71E-1,8.68E+3,1.33E-2,5.57E+1,1.33E-2
36,44,80Kr,-5.71E+3,1.98,-2.00E+3,1.14,-3.02E+3,1.14,8.69E+3,8.69E-3,5.70E+1,8.69E-3
36,43,79Kr,-3.63E+3,3.94,1.62E+3,3.33,6.03E+2,3.33,8.65E+3,4.41E-2,6.38E+1,4.41E-2
36,43,79Kr,-3.63E+3,3.94,1.62E+3,3.33,6.03E+2,3.33,8.65E+3,4.41E-2,6.38E+1,4.41E-2
36,31,67Kr,,,1.69E+4,5.20E+2,1.59E+4,5.20E+2,7.88E+3,6.00,-7.78E-1,6.00
36,39,75Kr,-7.10E+3,8.18,4.78E+3,9.16,3.76E+3,9.16,8.55E+3,1.08E-1,4.84E+1,1.08E-1
36,38,74Kr,-1.04E+4,3.42,2.95E+3,6.17,1.93E+3,6.17,8.53E+3,2.72E-2,3.75E+1,2.72E-2
36,37,73Kr,-1.05E+4,4.13E+1,7.09E+3,9.41,6.07E+3,9.41,8.46E+3,9.01E-2,3.10E+1,9.01E-2
36,36,72Kr,-1.56E+4,5.00E+2,5.12E+3,8.07,4.09E+3,8.07,8.42E+3,1.11E-1,1.15E+1,1.11E-1
36,35,71Kr,-1.40E+4,4.20E+2,1.01E+4,1.28E+2,9.15E+3,1.28E+2,8.32E+3,1.81,1.20E+1,1.81
36,34,70Kr,,,1.03E+4,2.01E+2,9.30E+3,2.01E+2,8.25E+3,3.00,1.03E+1,3.00
36,33,69Kr,,,1.41E+4,3.03E+2,1.30E+4,3.03E+2,8.12E+3,4.00,9.79,4.00
36,32,68Kr,,,1.31E+4,5.63E+2,1.21E+4,5.63E+2,8.03E+3,7.00,5.92,7.00
37,55,92Rb,8.09E+3,6.41,-6.00E+3,6.69,-7.02E+3,6.69,8.56E+3,6.66E-2,2.49,6.66E-2
37,56,93Rb,7.46E+3,8.87,-8.48E+3,8.22,-9.50E+3,8.22,8.54E+3,8.42E-2,1.16E+1,8.42E-2
37,57,94Rb,1.02E+4,2.62,-7.21E+3,1.22E+1,-8.23E+3,1.22E+1,8.49E+3,2.16E-2,1.04E+1,2.16E-2
37,58,95Rb,9.22E+3,2.02E+1,-9.73E+3,2.75E+1,-1.07E+4,2.75E+1,8.46E+3,2.13E-1,1.79E+1,2.13E-1
37,59,96Rb,1.15E+4,9.10,-8.27E+3,1.95E+1,-9.29E+3,1.95E+1,8.40E+3,3.49E-2,1.55E+1,3.49E-2
37,50,87Rb,2.82E+2,6.30E-3,-3.88E+3,2.46E-1,-4.91E+3,2.46E-1,8.71E+3,3.00E-4,-6.78,3.00E-4
37,51,88Rb,5.31E+3,1.59E-1,-2.91E+3,2.61,-3.93E+3,2.61,8.68E+3,1.80E-3,-8.23,1.80E-3
37,52,89Rb,4.49E+3,5.42,-5.17E+3,5.83,-6.19E+3,5.83,8.66E+3,6.10E-2,3.17,6.10E-2
37,53,90Rb,6.58E+3,6.48,-4.40E+3,6.71,-5.42E+3,6.71,8.63E+3,7.17E-2,-2.43,7.17E-2
37,53,90Rb,6.58E+3,6.48,-4.40E+3,6.71,-5.42E+3,6.71,8.63E+3,7.17E-2,-2.43,7.17E-2
37,54,91Rb,5.90E+3,8.87,-6.77E+3,8.11,-7.79E+3,8.11,8.60E+3,8.57E-2,8.60,8.57E-2
37,44,81Rb,-3.92E+3,5.81,2.23E+3,5.01,1.21E+3,5.01,8.64E+3,6.05E-2,5.89E+1,6.05E-2
37,44,81Rb,-3.92E+3,5.81,2.23E+3,5.01,1.21E+3,5.01,8.64E+3,6.05E-2,5.89E+1,6.05E-2
37,45,82Rb,-1.77E+2,6.70,4.40E+3,3.00,3.38E+3,3.00,8.64E+3,3.67E-2,5.40E+1,3.67E-2
37,45,82Rb,-1.77E+2,6.70,4.40E+3,3.00,3.38E+3,3.00,8.64E+3,3.67E-2,5.40E+1,3.67E-2
37,46,83Rb,-2.27E+3,6.42,9.20E+2,2.32,-1.01E+2,2.32,8.67E+3,2.81E-2,5.02E+1,2.81E-2
37,47,84Rb,8.90E+2,2.33,2.68E+3,2.19,1.65E+3,2.19,8.67E+3,2.61E-2,3.53E+1,2.61E-2
37,47,84Rb,8.90E+2,2.33,2.68E+3,2.19,1.65E+3,2.19,8.67E+3,2.61E-2,3.53E+1,2.61E-2
37,48,85Rb,-1.06E+3,2.81,-6.87E+2,2.00,-1.70E+3,2.00,8.69E+3,3.00E-4,2.69E+1,3.00E-4
37,49,86Rb,1.77E+3,2.00E-1,5.18E+2,2.00E-1,-5.03E+2,2.00E-1,8.69E+3,2.30E-3,4.28,2.30E-3
37,49,86Rb,1.77E+3,2.00E-1,5.18E+2,2.00E-1,-5.03E+2,2.00E-1,8.69E+3,2.30E-3,4.28,2.30E-3
37,40,77Rb,-7.02E+3,8.02,5.33E+3,2.35,4.31E+3,2.35,8.53E+3,1.68E-2,4.43E+1,1.68E-2
37,41,78Rb,-3.76E+3,8.12,7.24E+3,3.25,6.22E+3,3.25,8.55E+3,4.15E-2,4.75E+1,4.15E-2
37,41,78Rb,-3.76E+3,8.12,7.24E+3,3.25,6.22E+3,3.25,8.55E+3,4.15E-2,4.75E+1,4.15E-2
37,42,79Rb,-5.32E+3,7.56,3.63E+3,3.94,2.61E+3,3.94,8.60E+3,2.46E-2,5.66E+1,2.46E-2
37,43,80Rb,-1.86E+3,3.93,5.71E+3,1.98,4.69E+3,1.98,8.61E+3,2.33E-2,5.57E+1,2.33E-2
37,35,72Rb,,,1.56E+4,5.00E+2,1.45E+4,5.00E+2,8.20E+3,7.00,8.21,7.00
37,36,73Rb,-1.40E+4,4.03E+2,1.05E+4,4.13E+1,9.51E+3,4.13E+1,8.30E+3,5.58E-1,1.67E+1,5.58E-1
37,37,74Rb,-1.10E+4,1.00E+2,1.04E+4,3.42,9.39E+3,3.42,8.38E+3,4.09E-2,9.83E-1,4.09E-2
37,38,75Rb,-1.06E+4,2.20E+2,7.10E+3,8.18,6.08E+3,8.18,8.44E+3,1.57E-2,2.31E+1,1.57E-2
37,39,76Rb,-6.23E+3,3.44E+1,8.53E+3,4.12,7.51E+3,4.12,8.48E+3,1.23E-2,2.64E+1,1.23E-2
37,66,103Rb,1.41E+4,4.47E+2,,,,,8.11E+3,4.00,-1.15E+1,4.00
37,67,104Rb,1.63E+4,5.83E+2,,,,,8.05E+3,5.00,-2.20E+1,5.00
37,60,97Rb,1.00E+4,3.88,-1.10E+4,1.30E+2,-1.21E+4,1.30E+2,8.37E+3,1.97E-2,1.83E+1,1.97E-2
37,61,98Rb,1.20E+4,1.64E+1,-1.02E+4,3.00E+2,-1.12E+4,3.00E+2,8.33E+3,1.64E-1,6.36,1.64E-1
37,61,98Rb,1.20E+4,1.64E+1,-1.02E+4,3.00E+2,-1.12E+4,3.00E+2,8.33E+3,1.64E-1,6.36,1.64E-1
37,62,99Rb,1.13E+4,6.22,-1.27E+4,4.00E+2,-1.37E+4,4.00E+2,8.29E+3,4.07E-2,7.71,4.07E-2
37,63,100Rb,1.35E+4,1.48E+1,-1.17E+4,4.00E+2,-1.28E+4,4.00E+2,8.24E+3,1.31E-1,-2.13,1.31E-1
37,64,101Rb,1.27E+4,2.21E+1,-1.39E+4,5.01E+2,-1.50E+4,5.01E+2,8.20E+3,2.02E-1,-1.52,2.02E-1
37,65,102Rb,1.49E+4,1.06E+2,,,,,8.15E+3,8.12E-1,-1.13E+1,8.12E-1
38,67,105Sr,1.23E+4,6.40E+2,,,,,8.15E+3,5.00,-1.49E+1,5.00
38,68,106Sr,1.14E+4,7.81E+2,,,,,8.11E+3,6.00,-1.70E+1,6.00
38,69,107Sr,1.37E+4,8.60E+2,,,,,8.05E+3,7.00,-2.36E+1,7.00
38,60,98Sr,5.86E+3,8.55,-1.20E+4,1.64E+1,-1.30E+4,1.64E+1,8.44E+3,3.29E-2,2.16E+1,3.29E-2
38,61,99Sr,8.12E+3,8.13,-1.13E+4,6.22,-1.24E+4,6.22,8.40E+3,4.79E-2,1.21E+1,4.79E-2
38,62,100Sr,7.50E+3,1.31E+1,-1.35E+4,1.48E+1,-1.45E+4,1.48E+1,8.37E+3,6.92E-2,1.26E+1,6.92E-2
38,63,101Sr,9.72E+3,1.10E+1,-1.27E+4,2.21E+1,-1.37E+4,2.21E+1,8.32E+3,8.40E-2,3.90,8.40E-2
38,64,102Sr,9.01E+3,6.71E+1,-1.49E+4,1.06E+2,-1.59E+4,1.06E+2,8.29E+3,6.57E-1,3.67,6.57E-1
38,65,103Sr,1.11E+4,2.01E+2,-1.41E+4,4.47E+2,-1.51E+4,4.47E+2,8.24E+3,2.00,-6.21,2.00
38,66,104Sr,1.03E+4,3.61E+2,-1.63E+4,5.83E+2,-1.73E+4,5.83E+2,8.20E+3,3.00,-7.35,3.00
38,56,94Sr,3.50E+3,6.42,-1.02E+4,2.62,-1.13E+4,2.62,8.59E+3,1.77E-2,1.18E+1,1.77E-2
38,57,95Sr,6.09E+3,7.23,-9.22E+3,2.02E+1,-1.02E+4,2.02E+1,8.54E+3,6.12E-2,1.25E+1,6.12E-2
38,58,96Sr,5.41E+3,9.72,-1.15E+4,9.10,-1.25E+4,9.10,8.52E+3,8.82E-2,2.02E+1,8.82E-2
38,59,97Sr,7.53E+3,7.51,-1.00E+4,3.88,-1.10E+4,3.88,8.47E+3,3.49E-2,2.08E+1,3.49E-2
38,50,88Sr,-3.62E+3,1.50,-5.31E+3,1.59E-1,-6.33E+3,1.59E-1,8.73E+3,3.00E-4,-9.71,3.00E-4
38,51,89Sr,1.50E+3,3.51E-1,-4.49E+3,5.42,-5.51E+3,5.42,8.70E+3,1.10E-3,-7.93,1.10E-3
38,52,90Sr,5.45E+2,1.40,-6.58E+3,6.48,-7.60E+3,6.48,8.69E+3,1.61E-2,2.21,1.61E-2
38,53,91Sr,2.69E+3,5.24,-5.90E+3,8.87,-6.92E+3,8.87,8.66E+3,5.99E-2,2.12,5.99E-2
38,54,92Sr,1.94E+3,9.38,-8.09E+3,6.41,-9.11E+3,6.41,8.64E+3,3.71E-2,9.56,3.71E-2
38,55,93Sr,4.14E+3,1.16E+1,-7.46E+3,8.87,-8.48E+3,8.87,8.61E+3,8.12E-2,7.14,8.12E-2
38,45,83Sr,-4.59E+3,1.98E+1,2.27E+3,6.42,1.25E+3,6.42,8.63E+3,8.23E-2,4.83E+1,8.23E-2
38,45,83Sr,-4.59E+3,1.98E+1,2.27E+3,6.42,1.25E+3,6.42,8.63E+3,8.23E-2,4.83E+1,8.23E-2
38,46,84Sr,-6.75E+3,4.41,-8.90E+2,2.33,-1.91E+3,2.33,8.67E+3,1.48E-2,4.00E+1,1.48E-2
38,47,85Sr,-3.26E+3,1.91E+1,1.06E+3,2.81,4.20E+1,2.81,8.67E+3,3.31E-2,3.52E+1,3.31E-2
38,47,85Sr,-3.26E+3,1.91E+1,1.06E+3,2.81,4.20E+1,2.81,8.67E+3,3.31E-2,3.52E+1,3.31E-2
38,48,86Sr,-5.24E+3,1.41E+1,-1.77E+3,2.00E-1,-2.79E+3,2.00E-1,8.70E+3,3.00E-4,2.17E+1,3.00E-4
38,49,87Sr,-1.86E+3,1.12,-2.82E+2,6.30E-3,-1.30E+3,6.30E-3,8.70E+3,3.00E-4,8.54,3.00E-4
38,49,87Sr,-1.86E+3,1.12,-2.82E+2,6.30E-3,-1.30E+3,6.30E-3,8.70E+3,3.00E-4,8.54,3.00E-4
38,40,78Sr,-1.10E+4,2.98E+2,3.76E+3,8.12,2.73E+3,8.12,8.50E+3,9.55E-2,2.78E+1,9.55E-2
38,41,79Sr,-7.67E+3,8.04E+1,5.32E+3,7.56,4.30E+3,7.56,8.52E+3,9.39E-2,3.68E+1,9.39E-2
38,42,80Sr,-9.16E+3,7.13,1.86E+3,3.93,8.42E+2,3.93,8.57E+3,4.33E-2,4.15E+1,4.33E-2
38,43,81Sr,-5.81E+3,6.24,3.92E+3,5.81,2.90E+3,5.81,8.58E+3,3.86E-2,5.05E+1,3.86E-2
38,44,82Sr,-7.94E+3,8.13,1.77E+2,6.70,-8.44E+2,6.70,8.63E+3,7.31E-2,4.63E+1,7.31E-2
38,35,73Sr,,,1.40E+4,4.03E+2,1.30E+4,4.03E+2,8.10E+3,5.00,1.08E+1,5.00
38,36,74Sr,,,1.10E+4,1.00E+2,1.00E+4,1.00E+2,8.22E+3,1.00,1.22E+1,1.00
38,37,75Sr,-1.47E+4,3.72E+2,1.06E+4,2.20E+2,9.57E+3,2.20E+2,8.29E+3,2.93,7.01,2.93
38,38,76Sr,-1.59E+4,3.02E+2,6.23E+3,3.44E+1,5.20E+3,3.44E+1,8.39E+3,4.53E-1,6.79,4.53E-1
38,39,77Sr,-1.13E+4,2.03E+2,7.02E+3,8.02,6.00E+3,8.02,8.43E+3,1.02E-1,1.49E+1,1.02E-1
39,69,108Y,1.41E+4,7.21E+2,,,,,8.12E+3,6.00,-1.90E+1,6.00
39,68,107Y,1.20E+4,5.83E+2,-1.37E+4,8.60E+2,-1.47E+4,8.60E+2,8.17E+3,5.00,-8.46,5.00
39,61,100Y,9.05E+3,1.38E+1,-7.50E+3,1.31E+1,-8.52E+3,1.31E+1,8.43E+3,1.11E-1,1.72E+1,1.11E-1
39,61,100Y,9.05E+3,1.38E+1,-7.50E+3,1.31E+1,-8.52E+3,1.31E+1,8.43E+3,1.11E-1,1.72E+1,1.11E-1
39,60,99Y,6.97E+3,1.24E+1,-8.12E+3,8.13,-9.14E+3,8.13,8.47E+3,6.68E-2,2.75E+1,6.68E-2
39,63,102Y,1.04E+4,9.66,-9.01E+3,6.71E+1,-1.00E+4,6.71E+1,8.37E+3,4.00E-2,8.14,4.00E-2
39,63,102Y,1.04E+4,9.66,-9.01E+3,6.71E+1,-1.00E+4,6.71E+1,8.37E+3,4.00E-2,8.14,4.00E-2
39,62,101Y,8.10E+3,1.09E+1,-9.72E+3,1.10E+1,-1.07E+4,1.10E+1,8.41E+3,7.01E-2,1.80E+1,7.01E-2
39,65,104Y,1.16E+4,2.00E+2,-1.03E+4,3.61E+2,-1.13E+4,3.61E+2,8.29E+3,2.00,-1.89,2.00
39,64,103Y,9.35E+3,1.45E+1,-1.11E+4,2.01E+2,-1.21E+4,2.01E+2,8.34E+3,1.08E-1,8.01,1.08E-1
39,67,106Y,1.29E+4,5.39E+2,-1.14E+4,7.81E+2,-1.25E+4,7.81E+2,8.21E+3,5.00,-9.23,5.00
39,66,105Y,1.08E+4,4.00E+2,-1.23E+4,6.40E+2,-1.34E+4,6.40E+2,8.26E+3,4.00,1.05,4.00
39,70,109Y,1.32E+4,8.60E+2,,,,,8.08E+3,6.00,-1.80E+1,6.00
39,58,97Y,6.82E+3,6.70,-7.53E+3,7.51,-8.55E+3,7.51,8.54E+3,6.92E-2,2.65E+1,6.92E-2
39,58,97Y,6.82E+3,6.70,-7.53E+3,7.51,-8.55E+3,7.51,8.54E+3,6.92E-2,2.65E+1,6.92E-2
39,58,97Y,6.82E+3,6.70,-7.53E+3,7.51,-8.55E+3,7.51,8.54E+3,6.92E-2,2.65E+1,6.92E-2
39,57,96Y,7.10E+3,6.07,-5.41E+3,9.72,-6.43E+3,9.72,8.56E+3,6.33E-2,1.35E+1,6.33E-2
39,57,96Y,7.10E+3,6.07,-5.41E+3,9.72,-6.43E+3,9.72,8.56E+3,6.33E-2,1.35E+1,6.33E-2
39,59,98Y,8.99E+3,1.15E+1,-5.86E+3,8.55,-6.88E+3,8.55,8.49E+3,8.08E-2,2.70E+1,8.08E-2
39,59,98Y,8.99E+3,1.15E+1,-5.86E+3,8.55,-6.88E+3,8.55,8.49E+3,8.08E-2,2.70E+1,8.08E-2
39,50,89Y,-2.83E+3,2.76,-1.50E+3,3.51E-1,-2.52E+3,3.51E-1,8.71E+3,3.80E-3,-1.24E+1,3.80E-3
39,50,89Y,-2.83E+3,2.76,-1.50E+3,3.51E-1,-2.52E+3,3.51E-1,8.71E+3,3.80E-3,-1.24E+1,3.80E-3
39,52,91Y,1.54E+3,1.84,-2.69E+3,5.24,-3.72E+3,5.24,8.68E+3,2.03E-2,4.97,2.03E-2
39,52,91Y,1.54E+3,1.84,-2.69E+3,5.24,-3.72E+3,5.24,8.68E+3,2.03E-2,4.97,2.03E-2
39,51,90Y,2.27E+3,3.72E-1,-5.45E+2,1.40,-1.56E+3,1.40,8.69E+3,3.90E-3,-9.85,3.90E-3
39,51,90Y,2.27E+3,3.72E-1,-5.45E+2,1.40,-1.56E+3,1.40,8.69E+3,3.90E-3,-9.85,3.90E-3
39,54,93Y,2.89E+3,1.04E+1,-4.14E+3,1.16E+1,-5.16E+3,1.16E+1,8.64E+3,1.12E-1,1.35E+1,1.12E-1
39,54,93Y,2.89E+3,1.04E+1,-4.14E+3,1.16E+1,-5.16E+3,1.16E+1,8.64E+3,1.12E-1,1.35E+1,1.12E-1
39,53,92Y,3.64E+3,9.12,-1.94E+3,9.38,-2.97E+3,9.38,8.66E+3,9.92E-2,2.57,9.92E-2
39,56,95Y,4.45E+3,6.77,-6.09E+3,7.23,-7.11E+3,7.23,8.60E+3,7.14E-2,1.62E+1,7.14E-2
39,55,94Y,4.91E+3,6.37,-3.50E+3,6.42,-4.52E+3,6.42,8.62E+3,6.79E-2,7.21,6.79E-2
39,47,86Y,-1.31E+3,1.45E+1,5.24E+3,1.41E+1,4.21E+3,1.41E+1,8.63E+3,1.64E-1,3.05E+1,1.64E-1
39,47,86Y,-1.31E+3,1.45E+1,5.24E+3,1.41E+1,4.21E+3,1.41E+1,8.63E+3,1.64E-1,3.05E+1,1.64E-1
39,46,85Y,-4.66E+3,2.00E+1,3.26E+3,1.91E+1,2.23E+3,1.91E+1,8.62E+3,2.23E-1,3.98E+1,2.23E-1
39,46,85Y,-4.66E+3,2.00E+1,3.26E+3,1.91E+1,2.23E+3,1.91E+1,8.62E+3,2.23E-1,3.98E+1,2.23E-1
39,49,88Y,-6.70E+2,5.60,3.62E+3,1.50,2.60E+3,1.50,8.68E+3,1.70E-2,3.40,1.70E-2
39,48,87Y,-3.67E+3,4.29,1.86E+3,1.12,8.39E+2,1.12,8.67E+3,1.30E-2,2.02E+1,1.30E-2
39,48,87Y,-3.67E+3,4.29,1.86E+3,1.12,8.39E+2,1.12,8.67E+3,1.30E-2,2.02E+1,1.30E-2
39,41,80Y,-6.38E+3,3.00E+2,9.16E+3,7.13,8.14E+3,7.13,8.45E+3,7.80E-2,1.70E+1,7.80E-2
39,41,80Y,-6.38E+3,3.00E+2,9.16E+3,7.13,8.14E+3,7.13,8.45E+3,7.80E-2,1.70E+1,7.80E-2
39,40,79Y,-1.10E+4,3.10E+2,7.67E+3,8.04E+1,6.65E+3,8.04E+1,8.41E+3,1.01,1.28E+1,1.01
39,43,82Y,-4.45E+3,5.72,7.94E+3,8.13,6.92E+3,8.13,8.52E+3,6.71E-2,3.58E+1,6.71E-2
39,42,81Y,-8.18E+3,9.23E+1,5.81E+3,6.24,4.79E+3,6.24,8.50E+3,6.67E-2,3.30E+1,6.67E-2
39,45,84Y,-2.47E+3,6.97,6.75E+3,4.41,5.73E+3,4.41,8.58E+3,5.12E-2,4.20E+1,5.12E-2
39,45,84Y,-2.47E+3,6.97,6.75E+3,4.41,5.73E+3,4.41,8.58E+3,5.12E-2,4.20E+1,5.12E-2
39,44,83Y,-6.29E+3,1.97E+1,4.59E+3,1.98E+1,3.56E+3,1.98E+1,8.57E+3,2.24E-1,4.34E+1,2.24E-1
39,44,83Y,-6.29E+3,1.97E+1,4.59E+3,1.98E+1,3.56E+3,1.98E+1,8.57E+3,2.24E-1,4.34E+1,2.24E-1
39,38,77Y,-1.48E+4,4.48E+2,1.13E+4,2.03E+2,1.03E+4,2.03E+2,8.27E+3,3.00,6.42,3.00
39,37,76Y,,,1.59E+4,3.02E+2,1.49E+4,3.02E+2,8.17E+3,4.00,5.28,4.00
39,39,78Y,-1.13E+4,4.99E+2,1.10E+4,2.98E+2,9.97E+3,2.98E+2,8.34E+3,4.00,-4.96,4.00
39,39,78Y,-1.13E+4,4.99E+2,1.10E+4,2.98E+2,9.97E+3,2.98E+2,8.34E+3,4.00,-4.96,4.00
40,69,109Zr,1.09E+4,6.60E+2,-1.32E+4,8.60E+2,-1.42E+4,8.60E+2,8.20E+3,5.00,-5.80,5.00
40,68,108Zr,8.59E+3,4.00E+2,-1.41E+4,7.21E+2,-1.51E+4,7.21E+2,8.25E+3,4.00,1.06,4.00
40,67,107Zr,9.70E+3,3.00E+2,-1.20E+4,5.83E+2,-1.30E+4,5.83E+2,8.28E+3,3.00,2.72,3.00
40,66,106Zr,7.45E+3,2.00E+2,-1.29E+4,5.39E+2,-1.39E+4,5.39E+2,8.33E+3,2.00,1.00E+1,2.00
40,61,101Zr,5.73E+3,9.13,-8.10E+3,1.09E+1,-9.12E+3,1.09E+1,8.48E+3,8.25E-2,2.70E+1,8.25E-2
40,60,100Zr,3.41E+3,1.13E+1,-9.05E+3,1.38E+1,-1.00E+4,1.38E+1,8.52E+3,8.14E-2,3.36E+1,8.14E-2
40,65,105Zr,8.45E+3,1.27E+1,-1.08E+4,4.00E+2,-1.19E+4,4.00E+2,8.35E+3,1.15E-1,1.07E+1,1.15E-1
40,64,104Zr,6.09E+3,9.48,-1.16E+4,2.00E+2,-1.26E+4,2.00E+2,8.40E+3,8.96E-2,1.73E+1,8.96E-2
40,63,103Zr,7.21E+3,1.00E+1,-9.35E+3,1.45E+1,-1.03E+4,1.45E+1,8.42E+3,8.95E-2,1.92E+1,8.95E-2
40,62,102Zr,4.71E+3,9.05,-1.04E+4,9.66,-1.14E+4,9.66,8.46E+3,8.59E-2,2.56E+1,8.59E-2
40,58,98Zr,2.24E+3,9.81,-8.99E+3,1.15E+1,-1.00E+4,1.15E+1,8.58E+3,8.62E-2,2.86E+1,8.62E-2
40,57,97Zr,2.66E+3,4.24,-6.82E+3,6.70,-7.84E+3,6.70,8.60E+3,1.30E-3,1.65E+1,1.30E-3
40,56,96Zr,1.63E+2,1.00E-1,-7.10E+3,6.07,-8.13E+3,6.07,8.63E+3,1.19E-3,1.78E+1,1.19E-3
40,55,95Zr,1.12E+3,9.85E-1,-4.45E+3,6.77,-5.47E+3,6.77,8.64E+3,9.20E-3,1.33E+1,9.20E-3
40,59,99Zr,4.71E+3,1.59E+1,-6.97E+3,1.24E+1,-7.99E+3,1.24E+1,8.53E+3,1.06E-1,3.25E+1,1.06E-1
40,50,90Zr,-6.11E+3,3.31,-2.27E+3,3.72E-1,-3.29E+3,3.72E-1,8.70E+3,1.30E-3,-1.02E+1,1.30E-3
40,50,90Zr,-6.11E+3,3.31,-2.27E+3,3.72E-1,-3.29E+3,3.72E-1,8.70E+3,1.30E-3,-1.02E+1,1.30E-3
40,54,94Zr,-9.00E+2,1.50,-4.91E+3,6.37,-5.93E+3,6.37,8.66E+3,1.80E-3,1.69E+1,1.80E-3
40,53,93Zr,9.08E+1,1.48,-2.89E+3,1.04E+1,-3.91E+3,1.04E+1,8.67E+3,4.90E-3,8.52,4.90E-3
40,52,92Zr,-2.00E+3,1.78,-3.64E+3,9.12,-4.66E+3,9.12,8.69E+3,1.10E-3,7.28,1.10E-3
40,51,91Zr,-1.25E+3,2.92,-1.54E+3,1.84,-2.56E+3,1.84,8.69E+3,1.10E-3,-5.38,1.10E-3
40,47,87Zr,-5.47E+3,7.96,3.67E+3,4.29,2.64E+3,4.29,8.62E+3,4.77E-2,2.45E+1,4.77E-2
40,47,87Zr,-5.47E+3,7.96,3.67E+3,4.29,2.64E+3,4.29,8.62E+3,4.77E-2,2.45E+1,4.77E-2
40,46,86Zr,-8.83E+3,6.55,1.31E+3,1.45E+1,2.92E+2,1.45E+1,8.61E+3,4.15E-2,2.62E+1,4.15E-2
40,45,85Zr,-6.89E+3,7.62,4.66E+3,2.00E+1,3.64E+3,2.00E+1,8.56E+3,7.56E-2,3.14E+1,7.56E-2
40,45,85Zr,-6.89E+3,7.62,4.66E+3,2.00E+1,3.64E+3,2.00E+1,8.56E+3,7.56E-2,3.14E+1,7.56E-2
40,44,84Zr,-1.02E+4,5.51,2.47E+3,6.97,1.45E+3,6.97,8.54E+3,6.55E-2,2.63E+1,6.55E-2
40,49,89Zr,-4.25E+3,2.37E+1,2.83E+3,2.76,1.81E+3,2.76,8.67E+3,3.12E-2,4.73,3.12E-2
40,49,89Zr,-4.25E+3,2.37E+1,2.83E+3,2.76,1.81E+3,2.76,8.67E+3,3.12E-2,4.73,3.12E-2
40,48,88Zr,-7.45E+3,5.78E+1,6.70E+2,5.60,-3.51E+2,5.60,8.66E+3,6.14E-2,1.46E+1,6.14E-2
40,43,83Zr,-8.29E+3,1.62E+2,6.29E+3,1.97E+1,5.27E+3,1.97E+1,8.48E+3,7.75E-2,2.81E+1,7.75E-2
40,42,82Zr,-1.18E+4,3.00E+2,4.45E+3,5.72,3.42E+3,5.72,8.46E+3,1.93E-2,1.70E+1,1.93E-2
40,41,81Zr,-1.11E+4,4.10E+2,8.18E+3,9.23E+1,7.16E+3,9.23E+1,8.39E+3,1.13,1.24E+1,1.13
40,40,80Zr,-1.63E+4,5.00E+2,6.38E+3,3.00E+2,5.36E+3,3.00E+2,8.36E+3,4.00,-7.22,4.00
40,39,79Zr,-1.51E+4,5.83E+2,1.10E+4,3.10E+2,1.00E+4,3.10E+2,8.26E+3,4.00,-2.45,4.00
40,38,78Zr,,,1.13E+4,4.99E+2,1.03E+4,4.99E+2,8.19E+3,5.00,2.42,5.00
40,37,77Zr,,,1.48E+4,4.48E+2,1.38E+4,4.48E+2,8.07E+3,5.00,7.27,5.00
40,72,112Zr,1.16E+4,7.61E+2,,,,,8.08E+3,6.00,-1.47E+1,6.00
40,71,111Zr,1.24E+4,6.71E+2,,,,,8.11E+3,5.00,-1.34E+1,5.00
40,70,110Zr,1.00E+4,9.76E+2,,,,,8.17E+3,5.00,-8.43,5.00
40,73,113Zr,1.38E+4,5.00E+2,,,,,8.02E+3,3.00,-2.05E+1,3.00
41,73,114Nb,1.47E+4,5.83E+2,,,,,8.09E+3,4.00,-1.89E+1,4.00
41,72,113Nb,1.24E+4,5.00E+2,-1.38E+4,5.00E+2,-1.48E+4,5.00E+2,8.14E+3,4.00,-8.65,4.00
41,71,112Nb,1.34E+4,3.61E+2,-1.16E+4,7.61E+2,-1.26E+4,7.61E+2,8.17E+3,3.00,-8.89,3.00
41,70,111Nb,1.09E+4,3.00E+2,-1.24E+4,6.71E+2,-1.35E+4,6.71E+2,8.22E+3,3.00,3.09E-1,3.00
41,75,116Nb,1.59E+4,5.83E+2,,,,,8.01E+3,3.00,-2.91E+1,3.00
41,74,115Nb,1.36E+4,6.40E+2,,,,,8.06E+3,4.00,-2.01E+1,4.00
41,69,110Nb,1.22E+4,8.38E+2,-1.00E+4,9.76E+2,-1.11E+4,9.76E+2,8.25E+3,7.62,1.96E-2,7.62
41,69,110Nb,1.22E+4,8.38E+2,-1.00E+4,9.76E+2,-1.11E+4,9.76E+2,8.25E+3,7.62,1.96E-2,7.62
41,68,109Nb,9.96E+3,4.30E+2,-1.09E+4,6.60E+2,-1.19E+4,6.60E+2,8.29E+3,3.95,9.95,3.95
41,67,108Nb,1.12E+4,1.23E+1,-8.59E+3,4.00E+2,-9.61E+3,4.00E+2,8.32E+3,7.63E-2,1.02E+1,7.63E-2
41,62,103Nb,5.92E+3,1.00E+1,-7.21E+3,1.00E+1,-8.24E+3,1.00E+1,8.48E+3,3.82E-2,3.06E+1,3.82E-2
41,61,102Nb,7.26E+3,8.67,-4.71E+3,9.05,-5.73E+3,9.05,8.50E+3,2.46E-2,3.05E+1,2.46E-2
41,61,102Nb,7.26E+3,8.67,-4.71E+3,9.05,-5.73E+3,9.05,8.50E+3,2.46E-2,3.05E+1,2.46E-2
41,60,101Nb,4.62E+3,3.73,-5.73E+3,9.13,-6.75E+3,9.13,8.53E+3,3.71E-2,3.83E+1,3.71E-2
41,66,107Nb,8.82E+3,1.22E+1,-9.70E+3,3.00E+2,-1.07E+4,3.00E+2,8.36E+3,7.50E-2,1.78E+1,7.50E-2
41,65,106Nb,9.92E+3,9.23,-7.45E+3,2.00E+2,-8.47E+3,2.00E+2,8.39E+3,1.34E-2,1.68E+1,1.34E-2
41,64,105Nb,7.41E+3,9.91,-8.45E+3,1.27E+1,-9.47E+3,1.27E+1,8.43E+3,3.83E-2,2.41E+1,3.83E-2
41,63,104Nb,8.53E+3,9.08,-6.09E+3,9.48,-7.11E+3,9.48,8.45E+3,1.72E-2,2.35E+1,1.72E-2
41,63,104Nb,8.53E+3,9.08,-6.09E+3,9.48,-7.11E+3,9.48,8.45E+3,1.72E-2,2.35E+1,1.72E-2
41,59,100Nb,6.40E+3,7.98,-3.41E+3,1.13E+1,-4.44E+3,1.13E+1,8.54E+3,7.98E-2,3.58E+1,7.98E-2
41,59,100Nb,6.40E+3,7.98,-3.41E+3,1.13E+1,-4.44E+3,1.13E+1,8.54E+3,7.98E-2,3.58E+1,7.98E-2
41,58,99Nb,3.63E+3,1.20E+1,-4.71E+3,1.59E+1,-5.74E+3,1.59E+1,8.57E+3,1.21E-1,3.82E+1,1.21E-1
41,58,99Nb,3.63E+3,1.20E+1,-4.71E+3,1.59E+1,-5.74E+3,1.59E+1,8.57E+3,1.21E-1,3.82E+1,1.21E-1
41,57,98Nb,4.59E+3,5.00,-2.24E+3,9.81,-3.26E+3,9.81,8.59E+3,5.09E-2,2.60E+1,5.09E-2
41,57,98Nb,4.59E+3,5.00,-2.24E+3,9.81,-3.26E+3,9.81,8.59E+3,5.09E-2,2.60E+1,5.09E-2
41,56,97Nb,1.94E+3,4.24,-2.66E+3,4.24,-3.68E+3,4.24,8.62E+3,4.38E-2,2.64E+1,4.38E-2
41,56,97Nb,1.94E+3,4.24,-2.66E+3,4.24,-3.68E+3,4.24,8.62E+3,4.38E-2,2.64E+1,4.38E-2
41,51,92Nb,3.55E+2,1.79,2.00E+3,1.78,9.83E+2,1.78,8.66E+3,1.94E-2,-7.47,1.94E-2
41,51,92Nb,3.55E+2,1.79,2.00E+3,1.78,9.83E+2,1.78,8.66E+3,1.94E-2,-7.47,1.94E-2
41,50,91Nb,-4.42E+3,6.74,1.25E+3,2.92,2.35E+2,2.92,8.67E+3,3.22E-2,-1.08E+1,3.22E-2
41,50,91Nb,-4.42E+3,6.74,1.25E+3,2.92,2.35E+2,2.92,8.67E+3,3.22E-2,-1.08E+1,3.22E-2
41,55,96Nb,3.19E+3,1.07E-1,-1.63E+2,1.00E-1,-1.18E+3,1.00E-1,8.62E+3,1.50E-3,1.90E+1,1.50E-3
41,54,95Nb,9.25E+2,4.93E-1,-1.12E+3,9.85E-1,-2.14E+3,9.85E-1,8.64E+3,5.40E-3,2.15E+1,5.40E-3
41,54,95Nb,9.25E+2,4.93E-1,-1.12E+3,9.85E-1,-2.14E+3,9.85E-1,8.64E+3,5.40E-3,2.15E+1,5.40E-3
41,53,94Nb,2.04E+3,1.49,9.00E+2,1.50,-1.21E+2,1.50,8.64E+3,1.59E-2,1.05E+1,1.59E-2
41,53,94Nb,2.04E+3,1.49,9.00E+2,1.50,-1.21E+2,1.50,8.64E+3,1.59E-2,1.05E+1,1.59E-2
41,52,93Nb,-4.05E+2,1.50,-9.08E+1,1.48,-1.11E+3,1.48,8.66E+3,1.60E-2,8.78,1.60E-2
41,52,93Nb,-4.05E+2,1.50,-9.08E+1,1.48,-1.11E+3,1.48,8.66E+3,1.60E-2,8.78,1.60E-2
41,48,89Nb,-5.61E+3,2.39E+1,4.25E+3,2.37E+1,3.23E+3,2.37E+1,8.61E+3,2.65E-1,1.08E+1,2.65E-1
41,48,89Nb,-5.61E+3,2.39E+1,4.25E+3,2.37E+1,3.23E+3,2.37E+1,8.61E+3,2.65E-1,1.08E+1,2.65E-1
41,47,88Nb,-3.48E+3,5.79E+1,7.45E+3,5.78E+1,6.43E+3,5.78E+1,8.57E+3,6.56E-1,1.61E+1,6.56E-1
41,47,88Nb,-3.48E+3,5.79E+1,7.45E+3,5.78E+1,6.43E+3,5.78E+1,8.57E+3,6.56E-1,1.61E+1,6.56E-1
41,46,87Nb,-6.98E+3,7.37,5.47E+3,7.96,4.45E+3,7.96,8.55E+3,7.82E-2,2.13E+1,7.82E-2
41,46,87Nb,-6.98E+3,7.37,5.47E+3,7.96,4.45E+3,7.96,8.55E+3,7.82E-2,2.13E+1,7.82E-2
41,45,86Nb,-5.02E+3,6.23,8.83E+3,6.55,7.81E+3,6.55,8.50E+3,6.39E-2,1.90E+1,6.39E-2
41,49,90Nb,-2.48E+3,3.31,6.11E+3,3.31,5.08E+3,3.31,8.63E+3,3.69E-2,-1.28,3.69E-2
41,49,90Nb,-2.48E+3,3.31,6.11E+3,3.31,5.08E+3,3.31,8.63E+3,3.69E-2,-1.28,3.69E-2
41,40,81Nb,-1.49E+4,6.40E+2,1.11E+4,4.10E+2,1.01E+4,4.10E+2,8.24E+3,5.00,-4.05,5.00
41,44,85Nb,-8.76E+3,1.63E+1,6.89E+3,7.62,5.87E+3,7.62,8.47E+3,4.82E-2,1.97E+1,4.82E-2
41,44,85Nb,-8.76E+3,1.63E+1,6.89E+3,7.62,5.87E+3,7.62,8.47E+3,4.82E-2,1.97E+1,4.82E-2
41,43,84Nb,-7.02E+3,2.98E+2,1.02E+4,5.51,9.20E+3,5.51,8.41E+3,4.79E-3,9.20,4.79E-3
41,42,83Nb,-1.12E+4,4.32E+2,8.29E+3,1.62E+2,7.27E+3,1.62E+2,8.37E+3,1.95,6.05,1.95
41,41,82Nb,-1.14E+4,5.00E+2,1.18E+4,3.00E+2,1.07E+4,3.00E+2,8.31E+3,4.00,-9.62,4.00
42,70,112Mo,7.77E+3,2.00E+2,-1.34E+4,3.61E+2,-1.44E+4,3.61E+2,8.29E+3,2.00,4.77,2.00
42,75,117Mo,1.24E+4,6.40E+2,,,,,8.09E+3,4.00,-2.42E+1,4.00
42,76,118Mo,1.09E+4,6.40E+2,,,,,8.06E+3,4.00,-3.17E+1,4.00
42,77,119Mo,1.35E+4,5.83E+2,,,,,8.01E+3,3.00,-4.02E+1,3.00
42,71,113Mo,1.01E+4,3.00E+2,-1.24E+4,5.00E+2,-1.34E+4,5.00E+2,8.24E+3,3.00,-8.61E-1,3.00
42,72,114Mo,8.92E+3,5.27E+2,-1.47E+4,5.83E+2,-1.57E+4,5.83E+2,8.21E+3,3.00,-5.41,3.00
42,73,115Mo,1.12E+4,4.45E+2,-1.36E+4,6.40E+2,-1.46E+4,6.40E+2,8.17E+3,3.00,-1.23E+1,3.00
42,74,116Mo,1.00E+4,5.82E+2,-1.59E+4,5.83E+2,-1.70E+4,5.83E+2,8.14E+3,4.00,-1.64E+1,4.00
42,68,110Mo,6.49E+3,2.60E+1,-1.22E+4,8.38E+2,-1.32E+4,8.38E+2,8.35E+3,2.20E-1,1.31E+1,2.20E-1
42,69,111Mo,9.08E+3,6.79,-1.09E+4,3.00E+2,-1.20E+4,3.00E+2,8.31E+3,1.13E-1,9.06,1.13E-1
42,69,111Mo,9.08E+3,6.79,-1.09E+4,3.00E+2,-1.20E+4,3.00E+2,8.31E+3,1.13E-1,9.06,1.13E-1
42,64,106Mo,3.64E+3,1.52E+1,-9.92E+3,9.23,-1.09E+4,9.23,8.47E+3,8.61E-2,2.60E+1,8.61E-2
42,65,107Mo,6.20E+3,1.26E+1,-8.82E+3,1.22E+1,-9.84E+3,1.22E+1,8.44E+3,8.62E-2,2.18E+1,8.62E-2
42,66,108Mo,5.17E+3,1.27E+1,-1.12E+4,1.23E+1,-1.22E+4,1.23E+1,8.42E+3,8.54E-2,2.04E+1,8.54E-2
42,67,109Mo,7.62E+3,1.47E+1,-9.96E+3,4.30E+2,-1.09E+4,4.30E+2,8.38E+3,1.02E-1,1.61E+1,1.02E-1
42,60,102Mo,1.01E+3,1.23E+1,-7.26E+3,8.67,-8.28E+3,8.67,8.56E+3,8.14E-2,3.71E+1,8.14E-2
42,61,103Mo,3.64E+3,1.34E+1,-5.92E+3,1.00E+1,-6.94E+3,1.00E+1,8.53E+3,8.95E-2,3.42E+1,8.95E-2
42,62,104Mo,2.15E+3,2.41E+1,-8.53E+3,9.08,-9.55E+3,9.08,8.52E+3,8.57E-2,3.24E+1,8.57E-2
42,63,105Mo,4.95E+3,3.50E+1,-7.41E+3,9.91,-8.43E+3,9.91,8.49E+3,8.62E-2,2.78E+1,8.62E-2
42,57,99Mo,1.35E+3,8.90E-1,-3.63E+3,1.20E+1,-4.65E+3,1.20E+1,8.60E+3,2.30E-3,3.28E+1,2.30E-3
42,58,100Mo,-1.72E+2,1.37,-6.40E+3,7.98,-7.42E+3,7.98,8.60E+3,3.00E-3,3.55E+1,3.00E-3
42,59,101Mo,2.82E+3,2.40E+1,-4.62E+3,3.73,-5.65E+3,3.73,8.57E+3,3.10E-3,3.93E+1,3.10E-3
42,53,95Mo,-1.69E+3,5.07,-9.25E+2,4.93E-1,-1.94E+3,4.93E-1,8.64E+3,1.30E-3,8.08,1.30E-3
42,54,96Mo,-2.97E+3,5.14,-3.19E+3,1.07E-1,-4.21E+3,1.07E-1,8.65E+3,1.30E-3,1.74E+1,1.30E-3
42,55,97Mo,-3.20E+2,4.11,-1.94E+3,4.24,-2.96E+3,4.24,8.63E+3,1.70E-3,2.09E+1,1.70E-3
42,56,98Mo,-1.68E+3,3.37,-4.59E+3,5.00,-5.61E+3,5.00,8.63E+3,1.80E-3,2.74E+1,1.80E-3
42,50,92Mo,-7.88E+3,3.10,-3.55E+2,1.79,-1.37E+3,1.79,8.65E+3,1.70E-3,-1.77E+1,1.70E-3
42,51,93Mo,-3.20E+3,1.00,4.05E+2,1.50,-6.16E+2,1.50,8.65E+3,2.00E-3,-1.04E+1,2.00E-3
42,51,93Mo,-3.20E+3,1.00,4.05E+2,1.50,-6.16E+2,1.50,8.65E+3,2.00E-3,-1.04E+1,2.00E-3
42,52,94Mo,-4.25E+3,4.06,-2.04E+3,1.49,-3.06E+3,1.49,8.66E+3,1.50E-3,2.18,1.50E-3
42,46,88Mo,-1.10E+4,5.60,3.48E+3,5.79E+1,2.46E+3,5.79E+1,8.52E+3,4.34E-2,4.09,4.34E-2
42,47,89Mo,-7.62E+3,5.46,5.61E+3,2.39E+1,4.58E+3,2.39E+1,8.54E+3,4.40E-2,5.13,4.40E-2
42,47,89Mo,-7.62E+3,5.46,5.61E+3,2.39E+1,4.58E+3,2.39E+1,8.54E+3,4.40E-2,5.13,4.40E-2
42,48,90Mo,-9.44E+3,3.61,2.48E+3,3.31,1.46E+3,3.31,8.59E+3,3.85E-2,-1.67,3.85E-2
42,49,91Mo,-6.22E+3,6.67,4.42E+3,6.74,3.40E+3,6.74,8.61E+3,6.86E-2,-7.40,6.86E-2
42,49,91Mo,-6.22E+3,6.67,4.42E+3,6.74,3.40E+3,6.74,8.61E+3,6.86E-2,-7.40,6.86E-2
42,42,84Mo,-1.64E+4,4.99E+2,7.02E+3,2.98E+2,6.00E+3,2.98E+2,8.32E+3,4.00,-1.26E+1,4.00
42,43,85Mo,-1.16E+4,4.00E+2,8.76E+3,1.63E+1,7.74E+3,1.63E+1,8.36E+3,1.86E-1,5.46E-1,1.86E-1
42,44,86Mo,-1.25E+4,3.00E+2,5.02E+3,6.23,4.00E+3,6.23,8.43E+3,3.41E-2,1.24E-1,3.41E-2
42,45,87Mo,-9.19E+3,5.07,6.98E+3,7.37,5.96E+3,7.37,8.46E+3,3.28E-2,7.34,3.28E-2
42,45,87Mo,-9.19E+3,5.07,6.98E+3,7.37,5.96E+3,7.37,8.46E+3,3.28E-2,7.34,3.28E-2
42,40,82Mo,,,1.14E+4,5.00E+2,1.04E+4,5.00E+2,8.16E+3,5.00,-6.47,5.00
42,41,83Mo,-1.50E+4,6.41E+2,1.12E+4,4.32E+2,1.02E+4,4.32E+2,8.23E+3,5.00,-1.13E+1,5.00
42,39,81Mo,,,1.49E+4,6.40E+2,1.38E+4,6.40E+2,8.05E+3,6.00,-6.10,6.00
43,58,101Tc,1.61E+3,2.40E+1,-2.82E+3,2.40E+1,-3.84E+3,2.40E+1,8.59E+3,2.37E-1,3.69E+1,2.37E-1
43,59,102Tc,4.53E+3,9.16,-1.01E+3,1.23E+1,-2.03E+3,1.23E+1,8.57E+3,8.98E-2,3.67E+1,8.98E-2
43,59,102Tc,4.53E+3,9.16,-1.01E+3,1.23E+1,-2.03E+3,1.23E+1,8.57E+3,8.98E-2,3.67E+1,8.98E-2
43,54,97Tc,-1.10E+3,4.95,3.20E+2,4.11,-7.01E+2,4.11,8.62E+3,4.25E-2,1.58E+1,4.25E-2
43,54,97Tc,-1.10E+3,4.95,3.20E+2,4.11,-7.01E+2,4.11,8.62E+3,4.25E-2,1.58E+1,4.25E-2
43,55,98Tc,1.79E+3,7.15,1.68E+3,3.37,6.61E+2,3.37,8.61E+3,3.45E-2,2.00E+1,3.45E-2
43,56,99Tc,2.97E+2,9.45E-1,-1.35E+3,8.90E-1,-2.37E+3,8.90E-1,8.61E+3,9.20E-3,2.83E+1,9.20E-3
43,56,99Tc,2.97E+2,9.45E-1,-1.35E+3,8.90E-1,-2.37E+3,8.90E-1,8.61E+3,9.20E-3,2.83E+1,9.20E-3
43,57,100Tc,3.20E+3,1.37,1.72E+2,1.37,-8.49E+2,1.37,8.59E+3,1.35E-2,3.03E+1,1.35E-2
43,50,93Tc,-6.38E+3,2.29,3.20E+3,1.00,2.17E+3,1.00,8.60E+3,1.09E-2,-2.45E+1,1.09E-2
43,50,93Tc,-6.38E+3,2.29,3.20E+3,1.00,2.17E+3,1.00,8.60E+3,1.09E-2,-2.45E+1,1.09E-2
43,51,94Tc,-1.57E+3,5.14,4.25E+3,4.06,3.23E+3,4.06,8.60E+3,4.33E-2,-1.72E+1,4.33E-2
43,51,94Tc,-1.57E+3,5.14,4.25E+3,4.06,3.23E+3,4.06,8.60E+3,4.33E-2,-1.72E+1,4.33E-2
43,52,95Tc,-2.56E+3,1.05E+1,1.69E+3,5.07,6.68E+2,5.07,8.62E+3,5.35E-2,-1.76,5.35E-2
43,52,95Tc,-2.56E+3,1.05E+1,1.69E+3,5.07,6.68E+2,5.07,8.62E+3,5.35E-2,-1.76,5.35E-2
43,53,96Tc,2.58E+2,5.14,2.97E+3,5.14,1.95E+3,5.14,8.61E+3,5.36E-2,4.48,5.36E-2
43,53,96Tc,2.58E+2,5.14,2.97E+3,5.14,1.95E+3,5.14,8.61E+3,5.36E-2,4.48,5.36E-2
43,47,90Tc,-5.84E+3,3.86,9.44E+3,3.61,8.42E+3,3.61,8.48E+3,1.14E-2,-8.55,1.14E-2
43,47,90Tc,-5.84E+3,3.86,9.44E+3,3.61,8.42E+3,3.61,8.48E+3,1.14E-2,-8.55,1.14E-2
43,48,91Tc,-7.74E+3,3.24,6.22E+3,6.67,5.20E+3,6.67,8.53E+3,2.60E-2,-1.01E+1,2.60E-2
43,48,91Tc,-7.74E+3,3.24,6.22E+3,6.67,5.20E+3,6.67,8.53E+3,2.60E-2,-1.01E+1,2.60E-2
43,49,92Tc,-4.62E+3,4.12,7.88E+3,3.10,6.86E+3,3.10,8.56E+3,3.37E-2,-1.93E+1,3.37E-2
43,43,86Tc,-1.18E+4,5.00E+2,1.25E+4,3.00E+2,1.15E+4,3.00E+2,8.28E+3,3.00,-2.18E+1,3.00
43,44,87Tc,-1.19E+4,4.00E+2,9.19E+3,5.07,8.17E+3,5.07,8.34E+3,4.82E-2,-9.56,4.82E-2
43,45,88Tc,-7.33E+3,3.00E+2,1.10E+4,5.60,9.99E+3,5.60,8.38E+3,4.66E-2,-9.27,4.66E-2
43,45,88Tc,-7.33E+3,3.00E+2,1.10E+4,5.60,9.99E+3,5.60,8.38E+3,4.66E-2,-9.27,4.66E-2
43,46,89Tc,-9.02E+3,2.45E+1,7.62E+3,5.46,6.59E+3,5.46,8.45E+3,4.29E-2,-5.00,4.29E-2
43,46,89Tc,-9.02E+3,2.45E+1,7.62E+3,5.46,6.59E+3,5.46,8.45E+3,4.29E-2,-5.00,4.29E-2
43,42,85Tc,-1.52E+4,6.40E+2,1.16E+4,4.00E+2,1.06E+4,4.00E+2,8.21E+3,5.00,-1.41E+1,5.00
43,70,113Tc,9.05E+3,3.84E+1,-1.01E+4,3.00E+2,-1.11E+4,3.00E+2,8.32E+3,2.97E-2,9.31,2.97E-2
43,71,114Tc,1.16E+4,4.33E+2,-8.92E+3,5.27E+2,-9.94E+3,5.27E+2,8.29E+3,3.79,1.72,3.79
43,71,114Tc,1.16E+4,4.33E+2,-8.92E+3,5.27E+2,-9.94E+3,5.27E+2,8.29E+3,3.79,1.72,3.79
43,76,119Tc,1.19E+4,5.83E+2,-1.35E+4,5.83E+2,-1.46E+4,5.83E+2,8.12E+3,4.00,-2.69E+1,4.00
43,77,120Tc,1.47E+4,6.40E+2,,,,,8.08E+3,4.00,-3.71E+1,4.00
43,78,121Tc,1.30E+4,6.40E+2,,,,,8.05E+3,4.00,-4.36E+1,4.00
43,79,122Tc,1.54E+4,5.83E+2,,,,,8.01E+3,2.00,-5.53E+1,2.00
43,72,115Tc,1.03E+4,1.97E+2,-1.12E+4,4.45E+2,-1.22E+4,4.45E+2,8.26E+3,2.00,-8.81E-2,2.00
43,73,116Tc,1.28E+4,2.98E+2,-1.00E+4,5.82E+2,-1.10E+4,5.82E+2,8.22E+3,3.00,-8.33,3.00
43,74,117Tc,1.13E+4,5.89E+2,-1.24E+4,6.40E+2,-1.34E+4,6.40E+2,8.19E+3,3.00,-1.12E+1,3.00
43,75,118Tc,1.37E+4,4.47E+2,-1.09E+4,6.40E+2,-1.19E+4,6.40E+2,8.15E+3,3.00,-2.05E+1,3.00
43,69,112Tc,1.03E+4,1.10E+1,-7.77E+3,2.00E+2,-8.80E+3,2.00E+2,8.35E+3,4.92E-2,1.00E+1,4.92E-2
43,60,103Tc,2.66E+3,9.80,-3.64E+3,1.34E+1,-4.67E+3,1.34E+1,8.56E+3,9.52E-2,3.94E+1,9.52E-2
43,65,108Tc,7.73E+3,1.17E+1,-5.17E+3,1.27E+1,-6.19E+3,1.27E+1,8.46E+3,8.12E-2,2.42E+1,8.12E-2
43,66,109Tc,6.45E+3,1.26E+1,-7.62E+3,1.47E+1,-8.64E+3,1.47E+1,8.44E+3,8.87E-2,2.55E+1,8.87E-2
43,67,110Tc,9.03E+3,1.25E+1,-6.49E+3,2.60E+1,-7.52E+3,2.60E+1,8.41E+3,8.63E-2,1.77E+1,8.63E-2
43,68,111Tc,7.76E+3,1.38E+1,-9.08E+3,6.79,-1.01E+4,6.79,8.39E+3,9.53E-2,1.75E+1,9.53E-2
43,61,104Tc,5.59E+3,2.49E+1,-2.15E+3,2.41E+1,-3.17E+3,2.41E+1,8.54E+3,2.39E-1,3.63E+1,2.39E-1
43,62,105Tc,3.64E+3,3.52E+1,-4.95E+3,3.50E+1,-5.97E+3,3.50E+1,8.53E+3,3.35E-1,3.51E+1,3.35E-1
43,63,106Tc,6.54E+3,1.10E+1,-3.64E+3,1.52E+1,-4.67E+3,1.52E+1,8.50E+3,1.15E-1,3.03E+1,1.15E-1
43,64,107Tc,5.11E+3,1.17E+1,-6.20E+3,1.26E+1,-7.22E+3,1.26E+1,8.49E+3,8.11E-2,3.12E+1,8.11E-2
44,81,125Ru,1.34E+4,5.83E+2,,,,,8.02E+3,2.00,-7.25E+1,2.00
44,80,124Ru,1.11E+4,7.21E+2,,,,,8.06E+3,5.00,-6.11E+1,5.00
44,70,114Ru,5.48E+3,7.16E+1,-1.16E+4,4.33E+2,-1.26E+4,4.33E+2,8.38E+3,3.12E-2,8.42,3.12E-2
44,72,116Ru,6.66E+3,7.39E+1,-1.28E+4,2.98E+2,-1.38E+4,2.98E+2,8.32E+3,3.20E-2,-1.19,3.20E-2
44,71,115Ru,8.12E+3,2.61E+1,-1.03E+4,1.97E+2,-1.13E+4,1.97E+2,8.34E+3,2.18E-1,3.72,2.18E-1
44,78,122Ru,1.00E+4,5.83E+2,-1.54E+4,5.83E+2,-1.64E+4,5.83E+2,8.13E+3,4.00,-4.14E+1,4.00
44,77,121Ru,1.16E+4,7.37E+2,-1.30E+4,6.40E+2,-1.41E+4,6.40E+2,8.15E+3,3.00,-3.27E+1,3.00
44,79,123Ru,1.26E+4,6.40E+2,,,,,8.08E+3,4.00,-5.03E+1,4.00
44,74,118Ru,7.88E+3,2.02E+2,-1.37E+4,4.47E+2,-1.47E+4,4.47E+2,8.26E+3,2.00,-1.09E+1,2.00
44,73,117Ru,9.40E+3,4.33E+2,-1.13E+4,5.89E+2,-1.23E+4,5.89E+2,8.28E+3,3.70,-5.72,3.70
44,76,120Ru,8.89E+3,4.47E+2,-1.47E+4,6.40E+2,-1.57E+4,6.40E+2,8.19E+3,3.00,-2.55E+1,3.00
44,75,119Ru,1.07E+4,3.00E+2,-1.19E+4,5.83E+2,-1.29E+4,5.83E+2,8.22E+3,3.00,-1.61E+1,3.00
44,61,105Ru,1.91E+3,2.85,-3.64E+3,3.52E+1,-4.67E+3,3.52E+1,8.56E+3,2.38E-2,3.52E+1,2.38E-2
44,60,104Ru,-1.13E+3,3.36,-5.59E+3,2.49E+1,-6.61E+3,2.49E+1,8.58E+3,2.40E-2,3.32E+1,2.40E-2
44,67,111Ru,5.51E+3,1.18E+1,-7.76E+3,1.38E+1,-8.78E+3,1.38E+1,8.45E+3,8.72E-2,2.02E+1,8.72E-2
44,66,110Ru,2.75E+3,1.94E+1,-9.03E+3,1.25E+1,-1.00E+4,1.25E+1,8.48E+3,8.11E-2,2.37E+1,8.11E-2
44,69,113Ru,6.89E+3,3.89E+1,-9.05E+3,3.84E+1,-1.00E+4,3.84E+1,8.40E+3,3.38E-1,1.25E+1,3.38E-1
44,69,113Ru,6.89E+3,3.89E+1,-9.05E+3,3.84E+1,-1.00E+4,3.84E+1,8.40E+3,3.38E-1,1.25E+1,3.38E-1
44,68,112Ru,4.10E+3,4.51E+1,-1.03E+4,1.10E+1,-1.13E+4,1.10E+1,8.43E+3,8.57E-2,1.62E+1,8.57E-2
44,63,107Ru,3.00E+3,1.48E+1,-5.11E+3,1.17E+1,-6.13E+3,1.17E+1,8.53E+3,8.11E-2,3.18E+1,8.11E-2
44,62,106Ru,3.94E+1,2.12E-1,-6.54E+3,1.10E+1,-7.56E+3,1.10E+1,8.56E+3,5.09E-2,3.27E+1,5.09E-2
44,65,109Ru,4.26E+3,9.82,-6.45E+3,1.26E+1,-7.47E+3,1.26E+1,8.49E+3,8.21E-2,2.73E+1,8.21E-2
44,64,108Ru,1.36E+3,1.64E+1,-7.73E+3,1.17E+1,-8.76E+3,1.17E+1,8.52E+3,8.04E-2,2.92E+1,8.04E-2
44,59,103Ru,7.64E+2,2.25,-2.66E+3,9.80,-3.68E+3,9.80,8.58E+3,4.30E-3,3.37E+1,4.30E-3
44,50,94Ru,-9.67E+3,4.61,1.57E+3,5.14,5.52E+2,5.14,8.58E+3,3.34E-2,-3.58E+1,3.34E-2
44,56,100Ru,-3.63E+3,1.81E+1,-3.20E+3,1.37,-4.22E+3,1.37,8.61E+3,3.40E-3,1.86E+1,3.40E-3
44,55,99Ru,-2.04E+3,1.94E+1,-2.97E+2,9.45E-1,-1.31E+3,9.45E-1,8.60E+3,3.50E-3,1.25E+1,3.50E-3
44,58,102Ru,-2.32E+3,6.39,-4.53E+3,9.16,-5.55E+3,9.16,8.60E+3,4.10E-3,2.84E+1,4.10E-3
44,57,101Ru,-5.45E+2,5.85,-1.61E+3,2.40E+1,-2.63E+3,2.40E+1,8.60E+3,4.10E-3,2.52E+1,4.10E-3
44,52,96Ru,-6.39E+3,1.00E+1,-2.58E+2,5.14,-1.28E+3,5.14,8.60E+3,1.80E-3,-1.34E+1,1.80E-3
44,51,95Ru,-5.11E+3,1.02E+1,2.56E+3,1.05E+1,1.54E+3,1.05E+1,8.58E+3,1.00E-1,-2.62E+1,1.00E-1
44,54,98Ru,-5.04E+3,1.00E+1,-1.79E+3,7.15,-2.81E+3,7.15,8.62E+3,6.59E-2,5.04,6.59E-2
44,53,97Ru,-3.52E+3,3.53E+1,1.10E+3,4.95,8.18E+1,4.95,8.60E+3,2.85E-2,-4.20,2.85E-2
44,49,93Ru,-8.20E+3,3.34,6.38E+3,2.29,5.36E+3,2.29,8.53E+3,2.22E-2,-2.91E+1,2.22E-2
44,49,93Ru,-8.20E+3,3.34,6.38E+3,2.29,5.36E+3,2.29,8.53E+3,2.22E-2,-2.91E+1,2.22E-2
44,48,92Ru,-1.13E+4,5.15,4.62E+3,4.12,3.60E+3,4.12,8.50E+3,2.95E-2,-2.63E+1,2.95E-2
44,45,89Ru,-1.27E+4,3.61E+2,9.02E+3,2.45E+1,8.00E+3,2.45E+1,8.34E+3,2.72E-1,-2.63E+1,2.72E-1
44,44,88Ru,-1.74E+4,5.00E+2,7.33E+3,3.00E+2,6.30E+3,3.00E+2,8.29E+3,3.00,-3.31E+1,3.00
44,47,91Ru,-9.67E+3,2.98E+2,7.74E+3,3.24,6.72E+3,3.24,8.44E+3,2.44E-2,-2.20E+1,2.44E-2
44,47,91Ru,-9.67E+3,2.98E+2,7.74E+3,3.24,6.72E+3,3.24,8.44E+3,2.44E-2,-2.20E+1,2.44E-2
44,46,90Ru,-1.32E+4,2.00E+2,5.84E+3,3.86,4.81E+3,3.86,8.40E+3,4.14E-2,-2.46E+1,4.14E-2
44,41,85Ru,,,1.52E+4,6.40E+2,1.41E+4,6.40E+2,8.02E+3,6.00,-1.67E+1,6.00
44,43,87Ru,,,1.19E+4,4.00E+2,1.09E+4,4.00E+2,8.20E+3,5.00,-2.26E+1,5.00
44,42,86Ru,,,1.18E+4,5.00E+2,1.07E+4,5.00E+2,8.13E+3,5.00,-1.90E+1,5.00
45,82,127Rh,1.34E+4,7.81E+2,,,,,8.06E+3,5.00,-8.05E+1,5.00
45,81,126Rh,1.45E+4,6.40E+2,,,,,8.08E+3,4.00,-7.35E+1,4.00
45,83,128Rh,1.70E+4,5.83E+2,,,,,8.01E+3,2.00,-8.23E+1,2.00
45,80,125Rh,1.21E+4,6.40E+2,-1.34E+4,5.83E+2,-1.44E+4,5.83E+2,8.12E+3,4.00,-6.02E+1,4.00
45,71,116Rh,9.09E+3,7.41E+1,-6.66E+3,7.39E+1,-7.68E+3,7.39E+1,8.37E+3,6.36E-1,3.58,6.36E-1
45,71,116Rh,9.09E+3,7.41E+1,-6.66E+3,7.39E+1,-7.68E+3,7.39E+1,8.37E+3,6.36E-1,3.58,6.36E-1
45,70,115Rh,6.19E+3,1.53E+1,-8.12E+3,2.61E+1,-9.14E+3,2.61E+1,8.41E+3,6.36E-2,9.92,6.36E-2
45,73,118Rh,1.05E+4,2.43E+1,-7.88E+3,2.02E+2,-8.90E+3,2.02E+2,8.32E+3,2.05E-1,-5.23,2.05E-1
45,73,118Rh,1.05E+4,2.43E+1,-7.88E+3,2.02E+2,-8.90E+3,2.02E+2,8.32E+3,2.05E-1,-5.23,2.05E-1
45,72,117Rh,7.52E+3,1.14E+1,-9.40E+3,4.33E+2,-1.04E+4,4.33E+2,8.35E+3,7.60E-2,5.49E-1,7.60E-2
45,79,124Rh,1.36E+4,5.00E+2,-1.11E+4,7.21E+2,-1.21E+4,7.21E+2,8.14E+3,3.00,-5.22E+1,3.00
45,78,123Rh,1.12E+4,8.85E+2,-1.26E+4,6.40E+2,-1.36E+4,6.40E+2,8.18E+3,3.00,-4.04E+1,3.00
45,75,120Rh,1.16E+4,2.00E+2,-8.89E+3,4.47E+2,-9.92E+3,4.47E+2,8.26E+3,2.00,-1.75E+1,2.00
45,74,119Rh,8.58E+3,1.24E+1,-1.07E+4,3.00E+2,-1.17E+4,3.00E+2,8.30E+3,7.83E-2,-1.02E+1,7.83E-2
45,77,122Rh,1.27E+4,3.01E+2,-1.00E+4,5.83E+2,-1.11E+4,5.83E+2,8.20E+3,2.00,-3.37E+1,2.00
45,76,121Rh,9.93E+3,6.19E+2,-1.16E+4,7.37E+2,-1.26E+4,7.37E+2,8.24E+3,5.11,-2.40E+1,5.11
45,60,105Rh,5.66E+2,2.34,-1.91E+3,2.85,-2.93E+3,2.85,8.57E+3,2.38E-2,3.21E+1,2.38E-2
45,60,105Rh,5.66E+2,2.34,-1.91E+3,2.85,-2.93E+3,2.85,8.57E+3,2.38E-2,3.21E+1,2.38E-2
45,62,107Rh,1.50E+3,1.21E+1,-3.00E+3,1.48E+1,-4.02E+3,1.48E+1,8.55E+3,1.12E-1,3.31E+1,1.12E-1
45,61,106Rh,3.54E+3,5.33,-3.94E+1,2.12E-1,-1.06E+3,2.12E-1,8.55E+3,5.08E-2,3.23E+1,5.08E-2
45,61,106Rh,3.54E+3,5.33,-3.94E+1,2.12E-1,-1.06E+3,2.12E-1,8.55E+3,5.08E-2,3.23E+1,5.08E-2
45,68,113Rh,4.82E+3,9.88,-6.89E+3,3.89E+1,-7.92E+3,3.89E+1,8.45E+3,6.31E-2,1.77E+1,6.31E-2
45,67,112Rh,6.58E+3,4.39E+1,-4.10E+3,4.51E+1,-5.12E+3,4.51E+1,8.46E+3,3.93E-1,1.96E+1,3.93E-1
45,67,112Rh,6.58E+3,4.39E+1,-4.10E+3,4.51E+1,-5.12E+3,4.51E+1,8.46E+3,3.93E-1,1.96E+1,3.93E-1
45,69,114Rh,7.78E+3,7.18E+1,-5.48E+3,7.16E+1,-6.51E+3,7.16E+1,8.42E+3,6.27E-1,1.18E+1,6.27E-1
45,69,114Rh,7.78E+3,7.18E+1,-5.48E+3,7.16E+1,-6.51E+3,7.16E+1,8.42E+3,6.27E-1,1.18E+1,6.27E-1
45,64,109Rh,2.60E+3,4.18,-4.26E+3,9.82,-5.28E+3,9.82,8.52E+3,3.71E-2,3.08E+1,3.71E-2
45,63,108Rh,4.49E+3,1.40E+1,-1.36E+3,1.64E+1,-2.39E+3,1.64E+1,8.53E+3,1.29E-1,3.08E+1,1.29E-1
45,63,108Rh,4.49E+3,1.40E+1,-1.36E+3,1.64E+1,-2.39E+3,1.64E+1,8.53E+3,1.29E-1,3.08E+1,1.29E-1
45,66,111Rh,3.68E+3,6.88,-5.51E+3,1.18E+1,-6.54E+3,1.18E+1,8.49E+3,6.17E-2,2.54E+1,6.17E-2
45,65,110Rh,5.50E+3,1.77E+1,-2.75E+3,1.94E+1,-3.77E+3,1.94E+1,8.50E+3,1.61E-1,2.62E+1,1.61E-1
45,65,110Rh,5.50E+3,1.77E+1,-2.75E+3,1.94E+1,-3.77E+3,1.94E+1,8.50E+3,1.61E-1,2.62E+1,1.61E-1
45,51,96Rh,-3.50E+3,1.08E+1,6.39E+3,1.00E+1,5.37E+3,1.00E+1,8.53E+3,1.04E-1,-3.74E+1,1.04E-1
45,51,96Rh,-3.50E+3,1.08E+1,6.39E+3,1.00E+1,5.37E+3,1.00E+1,8.53E+3,1.04E-1,-3.74E+1,1.04E-1
45,50,95Rh,-8.37E+3,4.92,5.11E+3,1.02E+1,4.09E+3,1.02E+1,8.52E+3,4.09E-2,-4.77E+1,4.09E-2
45,50,95Rh,-8.37E+3,4.92,5.11E+3,1.02E+1,4.09E+3,1.02E+1,8.52E+3,4.09E-2,-4.77E+1,4.09E-2
45,57,102Rh,1.11E+3,6.39,2.32E+3,6.39,1.30E+3,6.39,8.57E+3,6.28E-2,1.90E+1,6.28E-2
45,57,102Rh,1.11E+3,6.39,2.32E+3,6.39,1.30E+3,6.39,8.57E+3,6.28E-2,1.90E+1,6.28E-2
45,56,101Rh,-1.98E+3,3.90,5.45E+2,5.85,-4.76E+2,5.85,8.58E+3,5.78E-2,1.37E+1,5.78E-2
45,56,101Rh,-1.98E+3,3.90,5.45E+2,5.85,-4.76E+2,5.85,8.58E+3,5.78E-2,1.37E+1,5.78E-2
45,59,104Rh,2.43E+3,2.65,1.13E+3,3.36,1.14E+2,3.36,8.56E+3,2.21E-2,2.86E+1,2.21E-2
45,59,104Rh,2.43E+3,2.65,1.13E+3,3.36,1.14E+2,3.36,8.56E+3,2.21E-2,2.86E+1,2.21E-2
45,58,103Rh,-5.74E+2,2.39,-7.64E+2,2.25,-1.78E+3,2.25,8.58E+3,2.23E-2,2.60E+1,2.23E-2
45,58,103Rh,-5.74E+2,2.39,-7.64E+2,2.25,-1.78E+3,2.25,8.58E+3,2.23E-2,2.60E+1,2.23E-2
45,53,98Rh,-1.85E+3,1.28E+1,5.04E+3,1.00E+1,4.02E+3,1.00E+1,8.56E+3,1.21E-1,-1.30E+1,1.21E-1
45,53,98Rh,-1.85E+3,1.28E+1,5.04E+3,1.00E+1,4.02E+3,1.00E+1,8.56E+3,1.21E-1,-1.30E+1,1.21E-1
45,52,97Rh,-4.79E+3,3.57E+1,3.52E+3,3.53E+1,2.50E+3,3.53E+1,8.55E+3,3.65E-1,-2.22E+1,3.65E-1
45,52,97Rh,-4.79E+3,3.57E+1,3.52E+3,3.53E+1,2.50E+3,3.53E+1,8.55E+3,3.65E-1,-2.22E+1,3.65E-1
45,55,100Rh,-3.78E+2,2.52E+1,3.63E+3,1.81E+1,2.61E+3,1.81E+1,8.57E+3,1.81E-1,4.82,1.81E-1
45,55,100Rh,-3.78E+2,2.52E+1,3.63E+3,1.81E+1,2.61E+3,1.81E+1,8.57E+3,1.81E-1,4.82,1.81E-1
45,54,99Rh,-3.40E+3,1.89E+1,2.04E+3,1.94E+1,1.01E+3,1.94E+1,8.58E+3,1.96E-1,-1.75,1.96E-1
45,54,99Rh,-3.40E+3,1.89E+1,2.04E+3,1.94E+1,1.01E+3,1.94E+1,8.58E+3,1.96E-1,-1.75,1.96E-1
45,49,94Rh,-6.80E+3,5.45,9.67E+3,4.61,8.65E+3,4.61,8.47E+3,3.59E-2,-4.63E+1,3.59E-2
45,49,94Rh,-6.80E+3,5.45,9.67E+3,4.61,8.65E+3,4.61,8.47E+3,3.59E-2,-4.63E+1,3.59E-2
45,46,91Rh,-1.24E+4,3.00E+2,9.67E+3,2.98E+2,8.64E+3,2.98E+2,8.32E+3,3.00,-3.86E+1,3.00
45,46,91Rh,-1.24E+4,3.00E+2,9.67E+3,2.98E+2,8.64E+3,2.98E+2,8.32E+3,3.00,-3.86E+1,3.00
45,45,90Rh,-1.19E+4,4.47E+2,1.32E+4,2.00E+2,1.22E+4,2.00E+2,8.25E+3,2.00,-4.23E+1,2.00
45,45,90Rh,-1.19E+4,4.47E+2,1.32E+4,2.00E+2,1.22E+4,2.00E+2,8.25E+3,2.00,-4.23E+1,2.00
45,48,93Rh,-1.00E+4,3.70E+2,8.20E+3,3.34,7.18E+3,3.34,8.43E+3,2.83E-2,-3.91E+1,2.83E-2
45,48,93Rh,-1.00E+4,3.70E+2,8.20E+3,3.34,7.18E+3,3.34,8.43E+3,2.83E-2,-3.91E+1,2.83E-2
45,47,92Rh,-8.22E+3,3.45E+2,1.13E+4,5.15,1.02E+4,5.15,8.37E+3,4.76E-2,-4.15E+1,4.76E-2
45,47,92Rh,-8.22E+3,3.45E+2,1.13E+4,5.15,1.02E+4,5.15,8.37E+3,4.76E-2,-4.15E+1,4.76E-2
45,44,89Rh,,,1.27E+4,3.61E+2,1.16E+4,3.61E+2,8.18E+3,4.00,-3.36E+1,4.00
46,83,129Pd,1.39E+4,7.21E+2,,,,,8.08E+3,5.00,-8.05E+1,5.00
46,82,128Pd,1.03E+4,5.83E+2,-1.70E+4,5.83E+2,-1.80E+4,5.83E+2,8.13E+3,4.00,-8.24E+1,4.00
46,85,131Pd,1.50E+4,5.83E+2,,,,,7.99E+3,2.00,-7.13E+1,2.00
46,84,130Pd,1.31E+4,5.20E+2,,,,,8.04E+3,2.00,-7.38E+1,2.00
46,81,127Pd,1.14E+4,5.39E+2,-1.34E+4,7.81E+2,-1.45E+4,7.81E+2,8.16E+3,4.00,-7.40E+1,4.00
46,80,126Pd,8.93E+3,4.47E+2,-1.45E+4,6.40E+2,-1.56E+4,6.40E+2,8.19E+3,3.00,-6.33E+1,3.00
46,80,126Pd,8.93E+3,4.47E+2,-1.45E+4,6.40E+2,-1.56E+4,6.40E+2,8.19E+3,3.00,-6.33E+1,3.00
46,72,118Pd,4.16E+3,3.54,-1.05E+4,2.43E+1,-1.15E+4,2.43E+1,8.40E+3,2.11E-2,4.00E-1,2.11E-2
46,71,117Pd,5.75E+3,1.47E+1,-7.52E+3,1.14E+1,-8.54E+3,1.14E+1,8.41E+3,6.20E-2,6.83,6.20E-2
46,74,120Pd,5.37E+3,5.02,-1.16E+4,2.00E+2,-1.26E+4,2.00E+2,8.35E+3,1.91E-2,-1.17E+1,1.91E-2
46,73,119Pd,7.23E+3,1.68E+1,-8.58E+3,1.24E+1,-9.60E+3,1.24E+1,8.36E+3,6.93E-2,-2.15,6.93E-2
46,73,119Pd,7.23E+3,1.68E+1,-8.58E+3,1.24E+1,-9.60E+3,1.24E+1,8.36E+3,6.93E-2,-2.15,6.93E-2
46,70,116Pd,2.71E+3,7.84,-9.09E+3,7.41E+1,-1.01E+4,7.41E+1,8.44E+3,6.15E-2,1.02E+1,6.15E-2
46,79,125Pd,1.05E+4,5.89E+2,-1.21E+4,6.40E+2,-1.31E+4,6.40E+2,8.21E+3,3.00,-5.20E+1,3.00
46,76,122Pd,6.48E+3,4.29E+1,-1.27E+4,3.01E+2,-1.37E+4,3.01E+2,8.30E+3,1.60E-1,-2.64E+1,1.60E-1
46,75,121Pd,8.22E+3,1.25E+1,-9.93E+3,6.19E+2,-1.09E+4,6.19E+2,8.32E+3,2.77E-2,-1.69E+1,2.77E-2
46,78,124Pd,7.83E+3,3.91E+2,-1.36E+4,5.00E+2,-1.47E+4,5.00E+2,8.25E+3,2.00,-4.32E+1,2.00
46,77,123Pd,9.13E+3,7.90E+2,-1.12E+4,8.85E+2,-1.22E+4,8.85E+2,8.27E+3,6.41,-3.42E+1,6.41
46,77,123Pd,9.13E+3,7.90E+2,-1.12E+4,8.85E+2,-1.22E+4,8.85E+2,8.27E+3,6.41,-3.42E+1,6.41
46,61,107Pd,3.40E+1,2.31,-1.50E+3,1.21E+1,-2.53E+3,1.21E+1,8.56E+3,1.12E-2,2.94E+1,1.12E-2
46,61,107Pd,3.40E+1,2.31,-1.50E+3,1.21E+1,-2.53E+3,1.21E+1,8.56E+3,1.12E-2,2.94E+1,1.12E-2
46,60,106Pd,-2.96E+3,2.81,-3.54E+3,5.33,-4.56E+3,5.33,8.57E+3,1.04E-2,2.43E+1,1.04E-2
46,63,109Pd,1.11E+3,1.40,-2.60E+3,4.18,-3.62E+3,4.18,8.54E+3,1.02E-2,3.11E+1,1.02E-2
46,63,109Pd,1.11E+3,1.40,-2.60E+3,4.18,-3.62E+3,4.18,8.54E+3,1.02E-2,3.11E+1,1.02E-2
46,62,108Pd,-1.91E+3,2.63,-4.49E+3,1.40E+1,-5.51E+3,1.40E+1,8.56E+3,1.03E-2,2.84E+1,1.03E-2
46,69,115Pd,4.55E+3,2.16E+1,-6.19E+3,1.53E+1,-7.21E+3,1.53E+1,8.45E+3,1.17E-1,1.62E+1,1.17E-1
46,69,115Pd,4.55E+3,2.16E+1,-6.19E+3,1.53E+1,-7.21E+3,1.53E+1,8.45E+3,1.17E-1,1.62E+1,1.17E-1
46,68,114Pd,1.44E+3,8.31,-7.78E+3,7.18E+1,-8.80E+3,7.18E+1,8.48E+3,6.10E-2,1.84E+1,6.10E-2
46,65,111Pd,2.22E+3,1.57,-3.68E+3,6.88,-4.70E+3,6.88,8.52E+3,6.60E-3,2.93E+1,6.60E-3
46,65,111Pd,2.22E+3,1.57,-3.68E+3,6.88,-4.70E+3,6.88,8.52E+3,6.60E-3,2.93E+1,6.60E-3
46,64,110Pd,-8.73E+2,1.37,-5.50E+3,1.77E+1,-6.52E+3,1.77E+1,8.54E+3,5.60E-3,2.82E+1,5.60E-3
46,67,113Pd,3.43E+3,1.80E+1,-4.82E+3,9.88,-5.84E+3,9.88,8.49E+3,6.15E-2,2.42E+1,6.15E-2
46,67,113Pd,3.43E+3,1.80E+1,-4.82E+3,9.88,-5.84E+3,9.88,8.49E+3,6.15E-2,2.42E+1,6.15E-2
46,66,112Pd,2.62E+2,6.97,-6.58E+3,4.39E+1,-7.61E+3,4.39E+1,8.52E+3,5.84E-2,2.46E+1,5.84E-2
46,50,96Pd,-1.16E+4,9.01E+1,3.50E+3,1.08E+1,2.48E+3,1.08E+1,8.49E+3,4.37E-2,-6.29E+1,4.37E-2
46,52,98Pd,-8.25E+3,3.30E+1,1.85E+3,1.28E+1,8.32E+2,1.28E+1,8.53E+3,4.84E-2,-3.58E+1,4.84E-2
46,51,97Pd,-6.90E+3,1.29E+1,4.79E+3,3.57E+1,3.76E+3,3.57E+1,8.50E+3,4.99E-2,-5.00E+1,4.99E-2
46,58,104Pd,-4.27E+3,4.00,-2.43E+3,2.65,-3.45E+3,2.65,8.58E+3,1.29E-2,1.57E+1,1.29E-2
46,57,103Pd,-2.65E+3,4.19,5.74E+2,2.39,-4.47E+2,2.39,8.57E+3,8.50E-3,1.08E+1,8.50E-3
46,59,105Pd,-1.34E+3,4.66,-5.66E+2,2.34,-1.58E+3,2.34,8.57E+3,1.08E-2,2.21E+1,1.08E-2
46,54,100Pd,-7.07E+3,1.83E+1,3.78E+2,2.52E+1,-6.43E+2,2.52E+1,8.56E+3,1.76E-1,-1.42E+1,1.76E-1
46,53,99Pd,-5.47E+3,8.08,3.40E+3,1.89E+1,2.37E+3,1.89E+1,8.53E+3,5.16E-2,-2.43E+1,5.16E-2
46,56,102Pd,-5.65E+3,8.18,-1.11E+3,6.39,-2.14E+3,6.39,8.58E+3,4.10E-3,2.55,4.10E-3
46,55,101Pd,-4.09E+3,6.66,1.98E+3,3.90,9.58E+2,3.90,8.56E+3,4.54E-2,-4.77,4.54E-2
46,47,93Pd,-1.25E+4,5.45E+2,1.00E+4,3.70E+2,9.00E+3,3.70E+2,8.31E+3,3.97,-5.43E+1,3.97
46,46,92Pd,-1.72E+4,5.28E+2,8.22E+3,3.45E+2,7.19E+3,3.45E+2,8.27E+3,3.75,-6.01E+1,3.75
46,49,95Pd,-1.00E+4,4.00E+2,8.37E+3,4.92,7.35E+3,4.92,8.42E+3,3.19E-2,-5.88E+1,3.19E-2
46,49,95Pd,-1.00E+4,4.00E+2,8.37E+3,4.92,7.35E+3,4.92,8.42E+3,3.19E-2,-5.88E+1,3.19E-2
46,49,95Pd,-1.00E+4,4.00E+2,8.37E+3,4.92,7.35E+3,4.92,8.42E+3,3.19E-2,-5.88E+1,3.19E-2
46,48,94Pd,-1.37E+4,4.00E+2,6.80E+3,5.45,5.78E+3,5.45,8.39E+3,4.56E-2,-5.79E+1,4.56E-2
46,45,91Pd,,,1.24E+4,3.00E+2,1.13E+4,3.00E+2,8.18E+3,5.00,-5.11E+1,5.00
46,44,90Pd,,,1.19E+4,4.47E+2,1.09E+4,4.47E+2,8.11E+3,4.00,-4.39E+1,4.00
47,85,132Ag,1.60E+4,5.04E+2,,,,,8.05E+3,4.00,-7.23E+1,4.00
47,83,130Ag,1.52E+4,4.25E+2,-1.31E+4,5.20E+2,-1.41E+4,5.20E+2,8.14E+3,3.00,-8.28E+1,3.00
47,84,131Ag,1.44E+4,5.01E+2,-1.50E+4,5.83E+2,-1.60E+4,5.83E+2,8.10E+3,4.00,-7.35E+1,4.00
47,81,128Ag,1.25E+4,3.00E+2,-1.03E+4,5.83E+2,-1.13E+4,5.83E+2,8.21E+3,2.00,-7.68E+1,2.00
47,82,129Ag,1.12E+4,4.00E+2,-1.39E+4,7.21E+2,-1.50E+4,7.21E+2,8.18E+3,3.00,-8.25E+1,3.00
47,82,129Ag,1.12E+4,4.00E+2,-1.39E+4,7.21E+2,-1.50E+4,7.21E+2,8.18E+3,3.00,-8.25E+1,3.00
47,80,127Ag,1.00E+4,2.00E+2,-1.14E+4,5.39E+2,-1.24E+4,5.39E+2,8.24E+3,2.00,-6.52E+1,2.00
47,80,127Ag,1.00E+4,2.00E+2,-1.14E+4,5.39E+2,-1.24E+4,5.39E+2,8.24E+3,2.00,-6.52E+1,2.00
47,74,121Ag,6.67E+3,1.22E+1,-8.22E+3,1.25E+1,-9.24E+3,1.25E+1,8.38E+3,1.00E-1,-1.06E+1,1.00E-1
47,75,122Ag,9.50E+3,3.82E+1,-6.48E+3,4.29E+1,-7.51E+3,4.29E+1,8.35E+3,3.13E-1,-1.91E+1,3.13E-1
47,75,122Ag,9.50E+3,3.82E+1,-6.48E+3,4.29E+1,-7.51E+3,4.29E+1,8.35E+3,3.13E-1,-1.91E+1,3.13E-1
47,72,119Ag,5.33E+3,3.59E+1,-7.23E+3,1.68E+1,-8.26E+3,1.68E+1,8.42E+3,1.23E-1,1.73,1.23E-1
47,72,119Ag,5.33E+3,3.59E+1,-7.23E+3,1.68E+1,-8.26E+3,1.68E+1,8.42E+3,1.23E-1,1.73,1.23E-1
47,73,120Ag,8.30E+3,5.82,-5.37E+3,5.02,-6.39E+3,5.02,8.39E+3,3.73E-2,-5.56,3.73E-2
47,73,120Ag,8.30E+3,5.82,-5.37E+3,5.02,-6.39E+3,5.02,8.39E+3,3.73E-2,-5.56,3.73E-2
47,73,120Ag,8.30E+3,5.82,-5.37E+3,5.02,-6.39E+3,5.02,8.39E+3,3.73E-2,-5.56,3.73E-2
47,70,117Ag,4.23E+3,1.36E+1,-5.75E+3,1.47E+1,-6.78E+3,1.47E+1,8.45E+3,1.16E-1,1.21E+1,1.16E-1
47,70,117Ag,4.23E+3,1.36E+1,-5.75E+3,1.47E+1,-6.78E+3,1.47E+1,8.45E+3,1.16E-1,1.21E+1,1.16E-1
47,71,118Ag,7.14E+3,2.01E+1,-4.16E+3,3.54,-5.18E+3,3.54,8.43E+3,2.13E-2,5.72,2.13E-2
47,71,118Ag,7.14E+3,2.01E+1,-4.16E+3,3.54,-5.18E+3,3.54,8.43E+3,2.13E-2,5.72,2.13E-2
47,78,125Ag,8.82E+3,4.33E+2,-1.05E+4,5.89E+2,-1.15E+4,5.89E+2,8.29E+3,3.46,-4.53E+1,3.46
47,78,125Ag,8.82E+3,4.33E+2,-1.05E+4,5.89E+2,-1.15E+4,5.89E+2,8.29E+3,3.46,-4.53E+1,3.46
47,79,126Ag,1.15E+4,2.00E+2,-8.93E+3,4.47E+2,-9.95E+3,4.47E+2,8.26E+3,2.00,-5.57E+1,2.00
47,79,126Ag,1.15E+4,2.00E+2,-8.93E+3,4.47E+2,-9.95E+3,4.47E+2,8.26E+3,2.00,-5.57E+1,2.00
47,76,123Ag,7.84E+3,3.27E+1,-9.13E+3,7.90E+2,-1.01E+4,7.90E+2,8.33E+3,2.65E-1,-2.55E+1,2.65E-1
47,77,124Ag,1.04E+4,2.51E+2,-7.83E+3,3.91E+2,-8.85E+3,3.91E+2,8.30E+3,2.02,-3.69E+1,2.02
47,77,124Ag,1.04E+4,2.51E+2,-7.83E+3,3.91E+2,-8.85E+3,3.91E+2,8.30E+3,2.02,-3.69E+1,2.02
47,63,110Ag,2.89E+3,1.27,8.73E+2,1.37,-1.48E+2,1.37,8.53E+3,1.17E-2,2.77E+1,1.17E-2
47,63,110Ag,2.89E+3,1.27,8.73E+2,1.37,-1.48E+2,1.37,8.53E+3,1.17E-2,2.77E+1,1.17E-2
47,64,111Ag,1.03E+3,1.41,-2.22E+3,1.57,-3.25E+3,1.57,8.53E+3,1.31E-2,2.86E+1,1.31E-2
47,64,111Ag,1.03E+3,1.41,-2.22E+3,1.57,-3.25E+3,1.57,8.53E+3,1.31E-2,2.86E+1,1.31E-2
47,61,108Ag,1.64E+3,2.63,1.91E+3,2.63,8.95E+2,2.63,8.54E+3,2.21E-2,2.31E+1,2.21E-2
47,61,108Ag,1.64E+3,2.63,1.91E+3,2.63,8.95E+2,2.63,8.54E+3,2.21E-2,2.31E+1,2.21E-2
47,62,109Ag,-2.15E+2,1.77,-1.11E+3,1.40,-2.13E+3,1.40,8.54E+3,1.18E-2,2.67E+1,1.18E-2
47,62,109Ag,-2.15E+2,1.77,-1.11E+3,1.40,-2.13E+3,1.40,8.54E+3,1.18E-2,2.67E+1,1.18E-2
47,60,107Ag,-1.41E+3,2.56,-3.40E+1,2.31,-1.05E+3,2.31,8.55E+3,2.23E-2,2.04E+1,2.23E-2
47,60,107Ag,-1.41E+3,2.56,-3.40E+1,2.31,-1.05E+3,2.31,8.55E+3,2.23E-2,2.04E+1,2.23E-2
47,69,116Ag,6.16E+3,3.26,-2.71E+3,7.84,-3.73E+3,7.84,8.46E+3,2.81E-2,1.65E+1,2.81E-2
47,69,116Ag,6.16E+3,3.26,-2.71E+3,7.84,-3.73E+3,7.84,8.46E+3,2.81E-2,1.65E+1,2.81E-2
47,69,116Ag,6.16E+3,3.26,-2.71E+3,7.84,-3.73E+3,7.84,8.46E+3,2.81E-2,1.65E+1,2.81E-2
47,67,114Ag,5.08E+3,4.57,-1.44E+3,8.31,-2.46E+3,8.31,8.49E+3,4.00E-2,2.36E+1,4.00E-2
47,68,115Ag,3.10E+3,1.82E+1,-4.55E+3,2.16E+1,-5.57E+3,2.16E+1,8.49E+3,1.58E-1,2.03E+1,1.58E-1
47,68,115Ag,3.10E+3,1.82E+1,-4.55E+3,2.16E+1,-5.57E+3,2.16E+1,8.49E+3,1.58E-1,2.03E+1,1.58E-1
47,65,112Ag,3.99E+3,2.43,-2.62E+2,6.97,-1.28E+3,6.97,8.51E+3,2.16E-2,2.74E+1,2.16E-2
47,66,113Ag,2.01E+3,1.66E+1,-3.43E+3,1.80E+1,-4.45E+3,1.80E+1,8.51E+3,1.47E-1,2.57E+1,1.47E-1
47,66,113Ag,2.01E+3,1.66E+1,-3.43E+3,1.80E+1,-4.45E+3,1.80E+1,8.51E+3,1.47E-1,2.57E+1,1.47E-1
47,52,99Ag,-6.78E+3,6.46,5.47E+3,8.08,4.44E+3,8.08,8.47E+3,6.33E-2,-4.80E+1,6.33E-2
47,52,99Ag,-6.78E+3,6.46,5.47E+3,8.08,4.44E+3,8.08,8.47E+3,6.33E-2,-4.80E+1,6.33E-2
47,53,100Ag,-3.94E+3,5.27,7.07E+3,1.83E+1,6.05E+3,1.83E+1,8.48E+3,5.00E-2,-3.70E+1,5.00E-2
47,53,100Ag,-3.94E+3,5.27,7.07E+3,1.83E+1,6.05E+3,1.83E+1,8.48E+3,5.00E-2,-3.70E+1,5.00E-2
47,50,97Ag,-1.01E+4,4.20E+2,6.90E+3,1.29E+1,5.87E+3,1.29E+1,8.42E+3,1.23E-1,-7.91E+1,1.23E-1
47,51,98Ag,-5.43E+3,4.00E+1,8.25E+3,3.30E+1,7.23E+3,3.30E+1,8.44E+3,3.35E-1,-6.62E+1,3.35E-1
47,58,105Ag,-2.73E+3,4.36,1.34E+3,4.66,3.25E+2,4.66,8.55E+3,4.33E-2,1.05E+1,4.33E-2
47,58,105Ag,-2.73E+3,4.36,1.34E+3,4.66,3.25E+2,4.66,8.55E+3,4.33E-2,1.05E+1,4.33E-2
47,59,106Ag,1.89E+2,2.81,2.96E+3,2.81,1.94E+3,2.81,8.54E+3,2.85E-2,1.35E+1,2.85E-2
47,59,106Ag,1.89E+2,2.81,2.96E+3,2.81,1.94E+3,2.81,8.54E+3,2.85E-2,1.35E+1,2.85E-2
47,56,103Ag,-4.15E+3,4.48,2.65E+3,4.19,1.63E+3,4.19,8.53E+3,3.98E-2,-4.56,3.98E-2
47,56,103Ag,-4.15E+3,4.48,2.65E+3,4.19,1.63E+3,4.19,8.53E+3,3.98E-2,-4.56,3.98E-2
47,57,104Ag,-1.14E+3,4.53,4.27E+3,4.00,3.25E+3,4.00,8.53E+3,4.06E-2,1.21,4.06E-2
47,57,104Ag,-1.14E+3,4.53,4.27E+3,4.00,3.25E+3,4.00,8.53E+3,4.06E-2,1.21,4.06E-2
47,54,101Ag,-5.49E+3,5.06,4.09E+3,6.66,3.07E+3,6.66,8.51E+3,4.79E-2,-2.35E+1,4.79E-2
47,54,101Ag,-5.49E+3,5.06,4.09E+3,6.66,3.07E+3,6.66,8.51E+3,4.79E-2,-2.35E+1,4.79E-2
47,55,102Ag,-2.58E+3,8.00,5.65E+3,8.18,4.63E+3,8.18,8.51E+3,8.01E-2,-1.58E+1,8.01E-2
47,55,102Ag,-2.58E+3,8.00,5.65E+3,8.18,4.63E+3,8.18,8.51E+3,8.01E-2,-1.58E+1,8.01E-2
47,49,96Ag,-8.94E+3,4.00E+2,1.16E+4,9.01E+1,1.06E+4,9.01E+1,8.36E+3,9.38E-1,-7.88E+1,9.38E-1
47,49,96Ag,-8.94E+3,4.00E+2,1.16E+4,9.01E+1,1.06E+4,9.01E+1,8.36E+3,9.38E-1,-7.88E+1,9.38E-1
47,47,94Ag,-1.19E+4,6.40E+2,1.37E+4,4.00E+2,1.26E+4,4.00E+2,8.23E+3,4.00,-7.47E+1,4.00
47,47,94Ag,-1.19E+4,6.40E+2,1.37E+4,4.00E+2,1.26E+4,4.00E+2,8.23E+3,4.00,-7.47E+1,4.00
47,47,94Ag,-1.19E+4,6.40E+2,1.37E+4,4.00E+2,1.26E+4,4.00E+2,8.23E+3,4.00,-7.47E+1,4.00
47,48,95Ag,-1.28E+4,4.00E+2,1.00E+4,4.00E+2,9.03E+3,4.00E+2,8.31E+3,4.00,-7.62E+1,4.00
47,45,92Ag,,,1.72E+4,5.28E+2,1.62E+4,5.28E+2,8.08E+3,4.00,-6.18E+1,4.00
47,46,93Ag,,,1.25E+4,5.45E+2,1.15E+4,5.45E+2,8.17E+3,4.00,-6.70E+1,4.00
48,64,112Cd,-2.58E+3,4.24,-3.99E+3,2.43,-5.01E+3,2.43,8.54E+3,2.20E-3,2.08E+1,2.20E-3
48,65,113Cd,3.23E+2,2.65E-1,-2.01E+3,1.66E+1,-3.03E+3,1.66E+1,8.52E+3,2.20E-3,2.27E+1,2.20E-3
48,65,113Cd,3.23E+2,2.65E-1,-2.01E+3,1.66E+1,-3.03E+3,1.66E+1,8.52E+3,2.20E-3,2.27E+1,2.20E-3
48,62,110Cd,-3.87E+3,1.15E+1,-2.89E+3,1.27,-3.91E+3,1.27,8.55E+3,3.50E-3,1.73E+1,3.50E-3
48,63,111Cd,-8.60E+2,3.41,-1.03E+3,1.41,-2.05E+3,1.41,8.53E+3,3.20E-3,2.09E+1,3.20E-3
48,63,111Cd,-8.60E+2,3.41,-1.03E+3,1.41,-2.05E+3,1.41,8.53E+3,3.20E-3,2.09E+1,3.20E-3
48,60,108Cd,-5.13E+3,8.58,-1.64E+3,2.63,-2.66E+3,2.63,8.55E+3,1.04E-2,9.73,1.04E-2
48,61,109Cd,-2.01E+3,4.06,2.15E+2,1.77,-8.06E+2,1.77,8.53E+3,1.41E-2,1.62E+1,1.41E-2
48,68,116Cd,-4.62E+2,2.72E-1,-6.16E+3,3.26,-7.19E+3,3.26,8.51E+3,1.40E-3,1.58E+1,1.40E-3
48,69,117Cd,2.52E+3,4.98,-4.23E+3,1.36E+1,-5.25E+3,1.36E+1,8.48E+3,8.69E-3,1.44E+1,8.69E-3
48,69,117Cd,2.52E+3,4.98,-4.23E+3,1.36E+1,-5.25E+3,1.36E+1,8.48E+3,8.69E-3,1.44E+1,8.69E-3
48,66,114Cd,-1.44E+3,3.81E-1,-5.08E+3,4.57,-6.10E+3,4.57,8.53E+3,2.39E-3,2.01E+1,2.39E-3
48,67,115Cd,1.45E+3,6.51E-1,-3.10E+3,1.82E+1,-4.12E+3,1.82E+1,8.51E+3,5.70E-3,2.04E+1,5.70E-3
48,67,115Cd,1.45E+3,6.51E-1,-3.10E+3,1.82E+1,-4.12E+3,1.82E+1,8.51E+3,5.70E-3,2.04E+1,5.70E-3
48,53,101Cd,-7.29E+3,1.17E+1,5.49E+3,5.06,4.47E+3,5.06,8.45E+3,1.48E-2,-4.97E+1,1.48E-2
48,54,102Cd,-8.96E+3,4.86,2.58E+3,8.00,1.56E+3,8.00,8.48E+3,1.62E-2,-3.77E+1,1.62E-2
48,51,99Cd,-8.55E+3,2.98E+2,6.78E+3,6.46,5.75E+3,6.46,8.39E+3,1.60E-2,-8.06E+1,1.60E-2
48,52,100Cd,-1.00E+4,2.79,3.94E+3,5.27,2.92E+3,5.27,8.43E+3,1.68E-2,-6.37E+1,1.68E-2
48,50,98Cd,-1.37E+4,3.00E+2,5.43E+3,4.00E+1,4.40E+3,4.00E+1,8.37E+3,5.28E-1,-9.74E+1,5.28E-1
48,59,107Cd,-3.42E+3,9.58,1.41E+3,2.56,3.94E+2,2.56,8.53E+3,1.55E-2,5.96,1.55E-2
48,57,105Cd,-4.69E+3,1.03E+1,2.73E+3,4.36,1.71E+3,4.36,8.51E+3,1.33E-2,-7.39,1.33E-2
48,58,106Cd,-6.52E+3,1.21E+1,-1.89E+2,2.81,-1.21E+3,2.81,8.53E+3,1.04E-2,-1.57,1.04E-2
48,55,103Cd,-6.01E+3,9.12,4.15E+3,4.48,3.12E+3,4.48,8.48E+3,1.76E-2,-2.59E+1,1.76E-2
48,56,104Cd,-7.78E+3,6.01,1.14E+3,4.53,1.26E+2,4.53,8.51E+3,1.61E-2,-1.73E+1,1.61E-2
48,48,96Cd,-1.74E+4,6.47E+2,8.94E+3,4.00E+2,7.91E+3,4.00E+2,8.25E+3,4.00,-9.45E+1,4.00
48,48,96Cd,-1.74E+4,6.47E+2,8.94E+3,4.00E+2,7.91E+3,4.00E+2,8.25E+3,4.00,-9.45E+1,4.00
48,49,97Cd,-1.33E+4,5.80E+2,1.01E+4,4.20E+2,9.14E+3,4.20E+2,8.31E+3,4.33,-9.74E+1,4.33
48,49,97Cd,-1.33E+4,5.80E+2,1.01E+4,4.20E+2,9.14E+3,4.20E+2,8.31E+3,4.33,-9.74E+1,4.33
48,49,97Cd,-1.33E+4,5.80E+2,1.01E+4,4.20E+2,9.14E+3,4.20E+2,8.31E+3,4.33,-9.74E+1,4.33
48,46,94Cd,,,1.19E+4,6.40E+2,1.09E+4,6.40E+2,8.10E+3,5.00,-7.97E+1,5.00
48,47,95Cd,,,1.28E+4,4.00E+2,1.18E+4,4.00E+2,8.17E+3,6.00,-8.74E+1,6.00
48,86,134Cd,1.25E+4,3.61E+2,,,,,8.08E+3,2.00,-6.73E+1,2.00
48,84,132Cd,1.19E+4,8.49E+1,-1.60E+4,5.04E+2,-1.70E+4,5.04E+2,8.16E+3,4.55E-1,-7.50E+1,4.55E-1
48,85,133Cd,1.35E+4,2.83E+2,-1.50E+4,5.39E+2,-1.60E+4,5.39E+2,8.12E+3,2.00,-7.21E+1,2.00
48,82,130Cd,8.78E+3,2.24E+1,-1.52E+4,4.25E+2,-1.62E+4,4.25E+2,8.25E+3,1.72E-1,-8.65E+1,1.72E-1
48,83,131Cd,1.28E+4,1.93E+1,-1.44E+4,5.01E+2,-1.54E+4,5.01E+2,8.20E+3,1.46E-1,-8.37E+1,1.46E-1
48,80,128Cd,6.95E+3,6.56,-1.25E+4,3.00E+2,-1.35E+4,3.00E+2,8.30E+3,5.03E-2,-6.92E+1,5.03E-2
48,81,129Cd,9.71E+3,5.66,-1.12E+4,4.00E+2,-1.22E+4,4.00E+2,8.26E+3,4.12E-2,-7.73E+1,4.12E-2
48,81,129Cd,9.71E+3,5.66,-1.12E+4,4.00E+2,-1.22E+4,4.00E+2,8.26E+3,4.12E-2,-7.73E+1,4.12E-2
48,75,123Cd,6.01E+3,1.98E+1,-7.84E+3,3.27E+1,-8.86E+3,3.27E+1,8.39E+3,2.19E-2,-2.09E+1,2.19E-2
48,75,123Cd,6.01E+3,1.98E+1,-7.84E+3,3.27E+1,-8.86E+3,3.27E+1,8.39E+3,2.19E-2,-2.09E+1,2.19E-2
48,76,124Cd,4.16E+3,3.05E+1,-1.04E+4,2.51E+2,-1.14E+4,2.51E+2,8.38E+3,2.10E-2,-3.08E+1,2.10E-2
48,73,121Cd,4.76E+3,2.74E+1,-6.67E+3,1.22E+1,-7.69E+3,1.22E+1,8.43E+3,1.61E-2,-6.70,1.61E-2
48,73,121Cd,4.76E+3,2.74E+1,-6.67E+3,1.22E+1,-7.69E+3,1.22E+1,8.43E+3,1.61E-2,-6.70,1.61E-2
48,74,122Cd,2.95E+3,5.01E+1,-9.50E+3,3.82E+1,-1.05E+4,3.82E+1,8.42E+3,1.88E-2,-1.50E+1,1.88E-2
48,71,119Cd,3.72E+3,3.80E+1,-5.33E+3,3.59E+1,-6.35E+3,3.59E+1,8.46E+3,3.16E-1,6.10,3.16E-1
48,71,119Cd,3.72E+3,3.80E+1,-5.33E+3,3.59E+1,-6.35E+3,3.59E+1,8.46E+3,3.16E-1,6.10,3.16E-1
48,72,120Cd,1.77E+3,4.01E+1,-8.30E+3,5.82,-9.32E+3,5.82,8.45E+3,3.11E-2,-1.92,3.11E-2
48,70,118Cd,5.26E+2,2.14E+1,-7.14E+3,2.01E+1,-8.16E+3,2.01E+1,8.48E+3,1.69E-1,8.18,1.69E-1
48,79,127Cd,8.13E+3,1.17E+1,-1.00E+4,2.00E+2,-1.11E+4,2.00E+2,8.31E+3,4.88E-2,-5.90E+1,4.88E-2
48,79,127Cd,8.13E+3,1.17E+1,-1.00E+4,2.00E+2,-1.11E+4,2.00E+2,8.31E+3,4.88E-2,-5.90E+1,4.88E-2
48,77,125Cd,7.06E+3,3.38,-8.82E+3,4.33E+2,-9.85E+3,4.33E+2,8.35E+3,2.31E-2,-3.89E+1,2.31E-2
48,77,125Cd,7.06E+3,3.38,-8.82E+3,4.33E+2,-9.85E+3,4.33E+2,8.35E+3,2.31E-2,-3.89E+1,2.31E-2
48,78,126Cd,5.55E+3,4.78,-1.15E+4,2.00E+2,-1.25E+4,2.00E+2,8.34E+3,1.83E-2,-4.91E+1,1.83E-2
49,88,137In,1.43E+4,5.00E+2,,,,,8.05E+3,3.00,-5.99E+1,3.00
49,87,136In,1.52E+4,3.61E+2,,,,,8.09E+3,2.00,-6.84E+1,2.00
49,86,135In,1.35E+4,3.00E+2,-1.42E+4,5.00E+2,-1.53E+4,5.00E+2,8.13E+3,2.00,-6.93E+1,2.00
49,85,134In,1.44E+4,2.00E+2,-1.25E+4,3.61E+2,-1.35E+4,3.61E+2,8.17E+3,1.00,-7.87E+1,1.00
49,84,133In,1.31E+4,2.00E+2,-1.35E+4,2.83E+2,-1.45E+4,2.83E+2,8.21E+3,2.00,-8.02E+1,2.00
49,84,133In,1.31E+4,2.00E+2,-1.35E+4,2.83E+2,-1.45E+4,2.83E+2,8.21E+3,2.00,-8.02E+1,2.00
49,83,132In,1.41E+4,6.00E+1,-1.19E+4,8.49E+1,-1.29E+4,8.49E+1,8.25E+3,4.54E-1,-9.12E+1,4.54E-1
49,82,131In,9.24E+3,4.23,-1.28E+4,1.93E+1,-1.38E+4,1.93E+1,8.29E+3,1.68E-2,-9.47E+1,1.68E-2
49,82,131In,9.24E+3,4.23,-1.28E+4,1.93E+1,-1.38E+4,1.93E+1,8.29E+3,1.68E-2,-9.47E+1,1.68E-2
49,82,131In,9.24E+3,4.23,-1.28E+4,1.93E+1,-1.38E+4,1.93E+1,8.29E+3,1.68E-2,-9.47E+1,1.68E-2
49,81,130In,1.02E+4,2.59,-8.78E+3,2.24E+1,-9.81E+3,2.24E+1,8.31E+3,1.38E-2,-8.75E+1,1.38E-2
49,81,130In,1.02E+4,2.59,-8.78E+3,2.24E+1,-9.81E+3,2.24E+1,8.31E+3,1.38E-2,-8.75E+1,1.38E-2
49,81,130In,1.02E+4,2.59,-8.78E+3,2.24E+1,-9.81E+3,2.24E+1,8.31E+3,1.38E-2,-8.75E+1,1.38E-2
49,80,129In,7.75E+3,1.72E+1,-9.71E+3,5.66,-1.07E+4,5.66,8.33E+3,1.53E-2,-7.32E+1,1.53E-2
49,80,129In,7.75E+3,1.72E+1,-9.71E+3,5.66,-1.07E+4,5.66,8.33E+3,1.53E-2,-7.32E+1,1.53E-2
49,80,129In,7.75E+3,1.72E+1,-9.71E+3,5.66,-1.07E+4,5.66,8.33E+3,1.53E-2,-7.32E+1,1.53E-2
49,80,129In,7.75E+3,1.72E+1,-9.71E+3,5.66,-1.07E+4,5.66,8.33E+3,1.53E-2,-7.32E+1,1.53E-2
49,77,126In,8.20E+3,1.14E+1,-5.55E+3,4.78,-6.57E+3,4.78,8.38E+3,3.33E-2,-4.33E+1,3.33E-2
49,77,126In,8.20E+3,1.14E+1,-5.55E+3,4.78,-6.57E+3,4.78,8.38E+3,3.33E-2,-4.33E+1,3.33E-2
49,76,125In,5.48E+3,2.21,-7.06E+3,3.38,-8.08E+3,3.38,8.40E+3,1.42E-2,-3.25E+1,1.42E-2
49,76,125In,5.48E+3,2.21,-7.06E+3,3.38,-8.08E+3,3.38,8.40E+3,1.42E-2,-3.25E+1,1.42E-2
49,75,124In,7.36E+3,3.05E+1,-4.16E+3,3.05E+1,-5.19E+3,3.05E+1,8.41E+3,2.46E-1,-2.37E+1,2.46E-1
49,75,124In,7.36E+3,3.05E+1,-4.16E+3,3.05E+1,-5.19E+3,3.05E+1,8.41E+3,2.46E-1,-2.37E+1,2.46E-1
49,74,123In,4.38E+3,1.98E+1,-6.01E+3,1.98E+1,-7.03E+3,1.98E+1,8.43E+3,1.61E-1,-1.60E+1,1.61E-1
49,74,123In,4.38E+3,1.98E+1,-6.01E+3,1.98E+1,-7.03E+3,1.98E+1,8.43E+3,1.61E-1,-1.60E+1,1.61E-1
49,73,122In,6.36E+3,5.00E+1,-2.95E+3,5.01E+1,-3.98E+3,5.01E+1,8.44E+3,4.10E-1,-8.43,4.10E-1
49,73,122In,6.36E+3,5.00E+1,-2.95E+3,5.01E+1,-3.98E+3,5.01E+1,8.44E+3,4.10E-1,-8.43,4.10E-1
49,73,122In,6.36E+3,5.00E+1,-2.95E+3,5.01E+1,-3.98E+3,5.01E+1,8.44E+3,4.10E-1,-8.43,4.10E-1
49,72,121In,3.36E+3,2.74E+1,-4.76E+3,2.74E+1,-5.78E+3,2.74E+1,8.46E+3,2.26E-1,-1.99,2.26E-1
49,72,121In,3.36E+3,2.74E+1,-4.76E+3,2.74E+1,-5.78E+3,2.74E+1,8.46E+3,2.26E-1,-1.99,2.26E-1
49,71,120In,5.37E+3,4.00E+1,-1.77E+3,4.01E+1,-2.79E+3,4.01E+1,8.46E+3,3.33E-1,3.62,3.33E-1
49,71,120In,5.37E+3,4.00E+1,-1.77E+3,4.01E+1,-2.79E+3,4.01E+1,8.46E+3,3.33E-1,3.62,3.33E-1
49,71,120In,5.37E+3,4.00E+1,-1.77E+3,4.01E+1,-2.79E+3,4.01E+1,8.46E+3,3.33E-1,3.62,3.33E-1
49,70,119In,2.36E+3,7.33,-3.72E+3,3.80E+1,-4.74E+3,3.80E+1,8.48E+3,6.14E-2,8.45,6.14E-2
49,70,119In,2.36E+3,7.33,-3.72E+3,3.80E+1,-4.74E+3,3.80E+1,8.48E+3,6.14E-2,8.45,6.14E-2
49,79,128In,9.17E+3,1.77E+1,-6.95E+3,6.56,-7.97E+3,6.56,8.35E+3,1.03E-2,-6.49E+1,1.03E-2
49,79,128In,9.17E+3,1.77E+1,-6.95E+3,6.56,-7.97E+3,6.56,8.35E+3,1.03E-2,-6.49E+1,1.03E-2
49,79,128In,9.17E+3,1.77E+1,-6.95E+3,6.56,-7.97E+3,6.56,8.35E+3,1.03E-2,-6.49E+1,1.03E-2
49,78,127In,6.58E+3,1.20E+1,-8.13E+3,1.17E+1,-9.16E+3,1.17E+1,8.37E+3,7.88E-2,-5.17E+1,7.88E-2
49,78,127In,6.58E+3,1.20E+1,-8.13E+3,1.17E+1,-9.16E+3,1.17E+1,8.37E+3,7.88E-2,-5.17E+1,7.88E-2
49,78,127In,6.58E+3,1.20E+1,-8.13E+3,1.17E+1,-9.16E+3,1.17E+1,8.37E+3,7.88E-2,-5.17E+1,7.88E-2
49,66,115In,4.97E+2,9.70E-3,-1.45E+3,6.51E-1,-2.47E+3,6.51E-1,8.51E+3,3.00E-4,1.82E+1,3.00E-4
49,66,115In,4.97E+2,9.70E-3,-1.45E+3,6.51E-1,-2.47E+3,6.51E-1,8.51E+3,3.00E-4,1.82E+1,3.00E-4
49,65,114In,1.98E+3,3.01E-1,1.44E+3,3.81E-1,4.23E+2,3.81E-1,8.51E+3,2.70E-3,1.69E+1,2.70E-3
49,65,114In,1.98E+3,3.01E-1,1.44E+3,3.81E-1,4.23E+2,3.81E-1,8.51E+3,2.70E-3,1.69E+1,2.70E-3
49,64,113In,-1.03E+3,1.57,-3.23E+2,2.65E-1,-1.34E+3,2.65E-1,8.52E+3,1.70E-3,1.75E+1,1.70E-3
49,64,113In,-1.03E+3,1.57,-3.23E+2,2.65E-1,-1.34E+3,2.65E-1,8.52E+3,1.70E-3,1.75E+1,1.70E-3
49,63,112In,6.64E+2,4.24,2.58E+3,4.24,1.56E+3,4.24,8.51E+3,3.80E-2,1.41E+1,3.80E-2
49,63,112In,6.64E+2,4.24,2.58E+3,4.24,1.56E+3,4.24,8.51E+3,3.80E-2,1.41E+1,3.80E-2
49,62,111In,-2.45E+3,6.33,8.60E+2,3.41,-1.61E+2,3.41,8.52E+3,3.08E-2,1.26E+1,3.08E-2
49,62,111In,-2.45E+3,6.33,8.60E+2,3.41,-1.61E+2,3.41,8.52E+3,3.08E-2,1.26E+1,3.08E-2
49,61,110In,-6.27E+2,1.79E+1,3.87E+3,1.15E+1,2.85E+3,1.15E+1,8.50E+3,1.05E-1,8.04,1.05E-1
49,61,110In,-6.27E+2,1.79E+1,3.87E+3,1.15E+1,2.85E+3,1.15E+1,8.50E+3,1.05E-1,8.04,1.05E-1
49,60,109In,-3.85E+3,8.88,2.01E+3,4.06,9.92E+2,4.06,8.51E+3,3.64E-2,3.87,3.64E-2
49,60,109In,-3.85E+3,8.88,2.01E+3,4.06,9.92E+2,4.06,8.51E+3,3.64E-2,3.87,3.64E-2
49,60,109In,-3.85E+3,8.88,2.01E+3,4.06,9.92E+2,4.06,8.51E+3,3.64E-2,3.87,3.64E-2
49,69,118In,4.42E+3,7.73,-5.26E+2,2.14E+1,-1.54E+3,2.14E+1,8.48E+3,6.57E-2,1.27E+1,6.57E-2
49,69,118In,4.42E+3,7.73,-5.26E+2,2.14E+1,-1.54E+3,2.14E+1,8.48E+3,6.57E-2,1.27E+1,6.57E-2
49,69,118In,4.42E+3,7.73,-5.26E+2,2.14E+1,-1.54E+3,2.14E+1,8.48E+3,6.57E-2,1.27E+1,6.57E-2
49,68,117In,1.45E+3,4.85,-2.52E+3,4.98,-3.54E+3,4.98,8.50E+3,4.17E-2,1.53E+1,4.17E-2
49,68,117In,1.45E+3,4.85,-2.52E+3,4.98,-3.54E+3,4.98,8.50E+3,4.17E-2,1.53E+1,4.17E-2
49,67,116In,3.27E+3,2.39E-1,4.62E+2,2.72E-1,-5.59E+2,2.72E-1,8.50E+3,1.90E-3,1.67E+1,1.90E-3
49,67,116In,3.27E+3,2.39E-1,4.62E+2,2.72E-1,-5.59E+2,2.72E-1,8.50E+3,1.90E-3,1.67E+1,1.90E-3
49,67,116In,3.27E+3,2.39E-1,4.62E+2,2.72E-1,-5.59E+2,2.72E-1,8.50E+3,1.90E-3,1.67E+1,1.90E-3
49,55,104In,-4.55E+3,8.14,7.78E+3,6.01,6.76E+3,6.01,8.43E+3,5.55E-2,-3.83E+1,5.55E-2
49,55,104In,-4.55E+3,8.14,7.78E+3,6.01,6.76E+3,6.01,8.43E+3,5.55E-2,-3.83E+1,5.55E-2
49,54,103In,-7.54E+3,1.00E+2,6.01E+3,9.12,4.99E+3,9.12,8.42E+3,8.72E-2,-4.96E+1,8.72E-2
49,54,103In,-7.54E+3,1.00E+2,6.01E+3,9.12,4.99E+3,9.12,8.42E+3,8.72E-2,-4.96E+1,8.72E-2
49,53,102In,-5.76E+3,1.00E+2,8.96E+3,4.86,7.94E+3,4.86,8.38E+3,4.48E-2,-6.53E+1,4.48E-2
49,52,101In,-8.23E+3,3.00E+2,7.29E+3,1.17E+1,6.26E+3,1.17E+1,8.37E+3,1.15E-1,-7.94E+1,1.15E-1
49,52,101In,-8.23E+3,3.00E+2,7.29E+3,1.17E+1,6.26E+3,1.17E+1,8.37E+3,1.15E-1,-7.94E+1,1.15E-1
49,51,100In,-7.03E+3,2.40E+2,1.00E+4,2.79,8.99E+3,2.79,8.32E+3,2.24E-2,-1.00E+2,2.24E-2
49,50,99In,-1.34E+4,5.00E+2,8.55E+3,2.98E+2,7.53E+3,2.98E+2,8.30E+3,3.00,-1.17E+2,3.00
49,59,108In,-2.04E+3,9.83,5.13E+3,8.58,4.11E+3,8.58,8.49E+3,8.00E-2,-3.22,8.00E-2
49,59,108In,-2.04E+3,9.83,5.13E+3,8.58,4.11E+3,8.58,8.49E+3,8.00E-2,-3.22,8.00E-2
49,58,107In,-5.05E+3,1.10E+1,3.42E+3,9.58,2.40E+3,9.58,8.49E+3,9.02E-2,-8.77,9.02E-2
49,58,107In,-5.05E+3,1.10E+1,3.42E+3,9.58,2.40E+3,9.58,8.49E+3,9.02E-2,-8.77,9.02E-2
49,57,106In,-3.25E+3,1.32E+1,6.52E+3,1.21E+1,5.50E+3,1.21E+1,8.47E+3,1.15E-1,-1.75E+1,1.15E-1
49,57,106In,-3.25E+3,1.32E+1,6.52E+3,1.21E+1,5.50E+3,1.21E+1,8.47E+3,1.15E-1,-1.75E+1,1.15E-1
49,56,105In,-6.30E+3,1.09E+1,4.69E+3,1.03E+1,3.67E+3,1.03E+1,8.46E+3,9.76E-2,-2.64E+1,9.76E-2
49,56,105In,-6.30E+3,1.09E+1,4.69E+3,1.03E+1,3.67E+3,1.03E+1,8.46E+3,9.76E-2,-2.64E+1,9.76E-2
49,49,98In,,,1.37E+4,3.00E+2,1.27E+4,3.00E+2,8.23E+3,3.00,-1.16E+2,3.00
49,49,98In,,,1.37E+4,3.00E+2,1.27E+4,3.00E+2,8.23E+3,3.00,-1.16E+2,3.00
49,48,97In,,,1.33E+4,5.80E+2,1.23E+4,5.80E+2,8.16E+3,4.00,-1.06E+2,4.00
49,47,96In,,,1.74E+4,6.47E+2,1.64E+4,6.47E+2,8.06E+3,5.00,-9.69E+1,5.00
50,49,99Sn,,,1.34E+4,5.00E+2,1.23E+4,5.00E+2,8.16E+3,6.00,-1.27E+2,6.00
50,51,101Sn,,,8.23E+3,3.00E+2,7.21E+3,3.00E+2,8.28E+3,2.97,-1.20E+2,2.97
50,50,100Sn,,,7.03E+3,2.40E+2,6.00E+3,2.40E+2,8.25E+3,2.40,-1.39E+2,2.40
50,53,103Sn,-1.04E+4,3.16E+2,7.54E+3,1.00E+2,6.51E+3,1.00E+2,8.34E+3,1.00,-7.90E+1,1.00
50,52,102Sn,-1.38E+4,4.12E+2,5.76E+3,1.00E+2,4.73E+3,1.00E+2,8.32E+3,9.81E-1,-9.77E+1,9.81E-1
50,55,105Sn,-9.32E+3,2.21E+1,6.30E+3,1.09E+1,5.28E+3,1.09E+1,8.39E+3,3.78E-2,-4.99E+1,3.78E-2
50,54,104Sn,-1.23E+4,1.02E+2,4.55E+3,8.14,3.53E+3,8.14,8.38E+3,5.52E-2,-6.43E+1,5.52E-2
50,57,107Sn,-7.85E+3,6.73,5.05E+3,1.10E+1,4.03E+3,1.10E+1,8.43E+3,4.96E-2,-2.72E+1,4.96E-2
50,56,106Sn,-1.08E+4,9.02,3.25E+3,1.32E+1,2.23E+3,1.32E+1,8.43E+3,4.80E-2,-3.89E+1,4.80E-2
50,59,109Sn,-6.37E+3,8.80,3.85E+3,8.88,2.83E+3,8.88,8.47E+3,7.29E-2,-9.96,7.29E-2
50,58,108Sn,-9.62E+3,7.69,2.04E+3,9.83,1.02E+3,9.83,8.46E+3,4.97E-2,-1.97E+1,4.97E-2
50,60,110Sn,-8.39E+3,1.50E+1,6.27E+2,1.79E+1,-3.94E+2,1.79E+1,8.49E+3,1.25E-1,-6.42,1.25E-1
50,62,112Sn,-7.05E+3,1.78E+1,-6.64E+2,4.24,-1.68E+3,4.24,8.51E+3,2.60E-3,2.30,2.60E-3
50,61,111Sn,-5.10E+3,1.03E+1,2.45E+3,6.33,1.43E+3,6.33,8.49E+3,4.80E-2,8.67E-1,4.80E-2
50,64,114Sn,-6.06E+3,1.97E+1,-1.98E+3,3.01E-1,-3.01E+3,3.01E-1,8.52E+3,4.00E-4,6.88,4.00E-4
50,63,113Sn,-3.91E+3,1.71E+1,1.03E+3,1.57,1.69E+1,1.57,8.50E+3,1.39E-2,7.19,1.39E-2
50,63,113Sn,-3.91E+3,1.71E+1,1.03E+3,1.57,1.69E+1,1.57,8.50E+3,1.39E-2,7.19,1.39E-2
50,66,116Sn,-4.70E+3,5.15,-3.27E+3,2.39E-1,-4.29E+3,2.39E-1,8.52E+3,9.00E-4,8.38,9.00E-4
50,65,115Sn,-3.03E+3,1.60E+1,-4.97E+2,9.70E-3,-1.51E+3,9.70E-3,8.51E+3,3.00E-4,7.84,3.00E-4
50,68,118Sn,-3.65E+3,2.97,-4.42E+3,7.73,-5.44E+3,7.73,8.51E+3,4.20E-3,6.68,4.20E-3
50,67,117Sn,-1.75E+3,8.44,-1.45E+3,4.85,-2.47E+3,4.85,8.50E+3,4.10E-3,9.30,4.10E-3
50,67,117Sn,-1.75E+3,8.44,-1.45E+3,4.85,-2.47E+3,4.85,8.50E+3,4.10E-3,9.30,4.10E-3
50,69,119Sn,-5.89E+2,6.99,-2.36E+3,7.33,-3.38E+3,7.33,8.49E+3,6.10E-3,6.63,6.10E-3
50,69,119Sn,-5.89E+2,6.99,-2.36E+3,7.33,-3.38E+3,7.33,8.49E+3,6.10E-3,6.63,6.10E-3
50,71,121Sn,4.02E+2,2.52,-3.36E+3,2.74E+1,-4.38E+3,2.74E+1,8.48E+3,8.10E-3,-7.90E-1,8.10E-3
50,71,121Sn,4.02E+2,2.52,-3.36E+3,2.74E+1,-4.38E+3,2.74E+1,8.48E+3,8.10E-3,-7.90E-1,8.10E-3
50,70,120Sn,-2.68E+3,7.13,-5.37E+3,4.00E+1,-6.39E+3,4.00E+1,8.50E+3,7.70E-3,1.12,7.70E-3
50,73,123Sn,1.40E+3,2.42,-4.38E+3,1.98E+1,-5.40E+3,1.98E+1,8.46E+3,2.02E-2,-1.24E+1,2.02E-2
50,73,123Sn,1.40E+3,2.42,-4.38E+3,1.98E+1,-5.40E+3,1.98E+1,8.46E+3,2.02E-2,-1.24E+1,2.02E-2
50,72,122Sn,-1.60E+3,3.21,-6.36E+3,5.00E+1,-7.39E+3,5.00E+1,8.48E+3,2.01E-2,-8.28,2.01E-2
50,75,125Sn,2.36E+3,2.16,-5.48E+3,2.21,-6.50E+3,2.21,8.44E+3,1.06E-2,-2.76E+1,1.06E-2
50,75,125Sn,2.36E+3,2.16,-5.48E+3,2.21,-6.50E+3,2.21,8.44E+3,1.06E-2,-2.76E+1,1.06E-2
50,74,124Sn,-6.12E+2,4.10E-1,-7.36E+3,3.05E+1,-8.38E+3,3.05E+1,8.46E+3,1.06E-2,-2.13E+1,1.06E-2
50,77,127Sn,3.22E+3,1.01E+1,-6.58E+3,1.20E+1,-7.61E+3,1.20E+1,8.42E+3,7.26E-2,-4.59E+1,7.26E-2
50,77,127Sn,3.22E+3,1.01E+1,-6.58E+3,1.20E+1,-7.61E+3,1.20E+1,8.42E+3,7.26E-2,-4.59E+1,7.26E-2
50,76,126Sn,3.78E+2,3.00E+1,-8.20E+3,1.14E+1,-9.22E+3,1.14E+1,8.44E+3,8.48E-2,-3.78E+1,8.48E-2
50,79,129Sn,4.03E+3,2.73E+1,-7.75E+3,1.72E+1,-8.77E+3,1.72E+1,8.39E+3,1.33E-1,-6.73E+1,1.33E-1
50,79,129Sn,4.03E+3,2.73E+1,-7.75E+3,1.72E+1,-8.77E+3,1.72E+1,8.39E+3,1.33E-1,-6.73E+1,1.33E-1
50,78,128Sn,1.26E+3,1.33E+1,-9.17E+3,1.77E+1,-1.01E+4,1.77E+1,8.41E+3,1.38E-1,-5.77E+1,1.38E-1
50,78,128Sn,1.26E+3,1.33E+1,-9.17E+3,1.77E+1,-1.01E+4,1.77E+1,8.41E+3,1.38E-1,-5.77E+1,1.38E-1
50,80,130Sn,2.15E+3,1.41E+1,-1.02E+4,2.59,-1.12E+4,2.59,8.38E+3,1.44E-2,-7.95E+1,1.44E-2
50,80,130Sn,2.15E+3,1.41E+1,-1.02E+4,2.59,-1.12E+4,2.59,8.38E+3,1.44E-2,-7.95E+1,1.44E-2
50,82,132Sn,3.08E+3,3.16,-1.41E+4,6.00E+1,-1.51E+4,6.00E+1,8.35E+3,1.50E-2,-1.04E+2,1.50E-2
50,81,131Sn,4.71E+3,3.96,-9.24E+3,4.23,-1.02E+4,4.23,8.36E+3,2.76E-2,-9.13E+1,2.76E-2
50,81,131Sn,4.71E+3,3.96,-9.24E+3,4.23,-1.02E+4,4.23,8.36E+3,2.76E-2,-9.13E+1,2.76E-2
50,84,134Sn,7.58E+3,4.41,-1.44E+4,2.00E+2,-1.54E+4,2.00E+2,8.27E+3,2.36E-2,-8.62E+1,2.36E-2
50,83,133Sn,8.04E+3,3.66,-1.31E+4,2.00E+2,-1.42E+4,2.00E+2,8.31E+3,1.43E-2,-9.79E+1,1.43E-2
50,86,136Sn,8.33E+3,2.00E+2,-1.52E+4,3.61E+2,-1.62E+4,3.61E+2,8.19E+3,1.00,-7.33E+1,1.00
50,85,135Sn,9.05E+3,4.05,-1.35E+4,3.00E+2,-1.45E+4,3.00E+2,8.23E+3,2.28E-2,-8.17E+1,2.28E-2
50,88,138Sn,9.14E+3,5.00E+2,,,,,8.11E+3,3.00,-6.31E+1,3.00
50,87,137Sn,9.91E+3,3.04E+2,-1.43E+4,5.00E+2,-1.53E+4,5.00E+2,8.15E+3,2.00,-6.99E+1,2.00
50,89,139Sn,1.07E+4,5.65E+2,,,,,8.07E+3,3.00,-6.13E+1,3.00
50,90,140Sn,9.90E+3,6.71E+2,,,,,8.03E+3,2.00,-5.52E+1,2.00
51,54,105Sb,-1.12E+4,3.00E+2,9.32E+3,2.21E+1,8.30E+3,2.21E+1,8.30E+3,2.07E-1,-6.43E+1,2.07E-1
51,53,104Sb,-9.66E+3,3.33E+2,1.23E+4,1.02E+2,1.13E+4,1.02E+2,8.25E+3,1.00,-8.19E+1,1.00
51,56,107Sb,-9.99E+3,1.01E+2,7.85E+3,6.73,6.83E+3,6.73,8.35E+3,3.88E-2,-3.86E+1,3.88E-2
51,55,106Sb,-8.25E+3,1.00E+2,1.08E+4,9.02,9.85E+3,9.02,8.32E+3,7.03E-2,-5.25E+1,7.03E-2
51,58,109Sb,-8.53E+3,6.85,6.37E+3,8.80,5.35E+3,8.80,8.40E+3,4.83E-2,-1.90E+1,4.83E-2
51,57,108Sb,-6.66E+3,7.71,9.62E+3,7.69,8.60E+3,7.69,8.37E+3,5.09E-2,-2.85E+1,5.09E-2
51,59,110Sb,-5.21E+3,8.87,8.39E+3,1.50E+1,7.37E+3,1.50E+1,8.41E+3,5.42E-2,-1.08E+1,5.42E-2
51,61,112Sb,-4.03E+3,1.97E+1,7.05E+3,1.78E+1,6.03E+3,1.78E+1,8.44E+3,1.59E-1,6.53E-1,1.59E-1
51,60,111Sb,-7.24E+3,1.09E+1,5.10E+3,1.03E+1,4.07E+3,1.03E+1,8.44E+3,7.96E-2,-4.76,7.96E-2
51,63,114Sb,-2.60E+3,3.14E+1,6.06E+3,1.97E+1,5.04E+3,1.97E+1,8.46E+3,1.73E-1,1.03E+1,1.73E-1
51,62,113Sb,-6.06E+3,3.28E+1,3.91E+3,1.71E+1,2.88E+3,1.71E+1,8.46E+3,1.52E-1,5.15,1.52E-1
51,65,116Sb,-1.55E+3,2.47E+1,4.70E+3,5.15,3.68E+3,5.15,8.47E+3,4.44E-2,1.32E+1,4.44E-2
51,65,116Sb,-1.55E+3,2.47E+1,4.70E+3,5.15,3.68E+3,5.15,8.47E+3,4.44E-2,1.32E+1,4.44E-2
51,64,115Sb,-4.94E+3,3.22E+1,3.03E+3,1.60E+1,2.00E+3,1.60E+1,8.48E+3,1.39E-1,1.14E+1,1.39E-1
51,67,118Sb,-3.05E+2,1.85E+1,3.65E+3,2.97,2.63E+3,2.97,8.47E+3,2.56E-2,1.50E+1,2.56E-2
51,67,118Sb,-3.05E+2,1.85E+1,3.65E+3,2.97,2.63E+3,2.97,8.47E+3,2.56E-2,1.50E+1,2.56E-2
51,66,117Sb,-3.54E+3,1.30E+1,1.75E+3,8.44,7.36E+2,8.44,8.48E+3,7.21E-2,1.46E+1,7.21E-2
51,69,120Sb,9.45E+2,7.35,2.68E+3,7.13,1.65E+3,7.13,8.47E+3,6.00E-2,1.31E+1,6.00E-2
51,69,120Sb,9.45E+2,7.35,2.68E+3,7.13,1.65E+3,7.13,8.47E+3,6.00E-2,1.31E+1,6.00E-2
51,68,119Sb,-2.29E+3,2.00,5.89E+2,6.99,-4.32E+2,6.99,8.48E+3,5.88E-2,1.41E+1,5.88E-2
51,68,119Sb,-2.29E+3,2.00,5.89E+2,6.99,-4.32E+2,6.99,8.48E+3,5.88E-2,1.41E+1,5.88E-2
51,70,121Sb,-1.05E+3,2.57E+1,-4.02E+2,2.52,-1.42E+3,2.52,8.48E+3,2.07E-2,9.80,2.07E-2
51,72,123Sb,-5.19E+1,6.61E-2,-1.40E+3,2.42,-2.43E+3,2.42,8.47E+3,1.10E-2,6.67E-1,1.10E-2
51,71,122Sb,1.97E+3,2.12,1.60E+3,3.21,5.83E+2,3.21,8.46E+3,2.05E-2,6.05,2.05E-2
51,71,122Sb,1.97E+3,2.12,1.60E+3,3.21,5.83E+2,3.21,8.46E+3,2.05E-2,6.05,2.05E-2
51,74,125Sb,7.66E+2,2.12,-2.36E+3,2.16,-3.38E+3,2.16,8.45E+3,2.01E-2,-1.19E+1,2.01E-2
51,73,124Sb,2.90E+3,1.31E-1,6.12E+2,4.10E-1,-4.09E+2,4.10E-1,8.45E+3,1.10E-2,-4.46,1.10E-2
51,73,124Sb,2.90E+3,1.31E-1,6.12E+2,4.10E-1,-4.09E+2,4.10E-1,8.45E+3,1.10E-2,-4.46,1.10E-2
51,73,124Sb,2.90E+3,1.31E-1,6.12E+2,4.10E-1,-4.09E+2,4.10E-1,8.45E+3,1.10E-2,-4.46,1.10E-2
51,76,127Sb,1.58E+3,4.91,-3.22E+3,1.01E+1,-4.25E+3,1.01E+1,8.43E+3,4.00E-2,-2.73E+1,4.00E-2
51,75,126Sb,3.67E+3,3.18E+1,-3.78E+2,3.00E+1,-1.39E+3,3.00E+1,8.44E+3,2.52E-1,-1.87E+1,2.52E-1
51,75,126Sb,3.67E+3,3.18E+1,-3.78E+2,3.00E+1,-1.39E+3,3.00E+1,8.44E+3,2.52E-1,-1.87E+1,2.52E-1
51,75,126Sb,3.67E+3,3.18E+1,-3.78E+2,3.00E+1,-1.39E+3,3.00E+1,8.44E+3,2.52E-1,-1.87E+1,2.52E-1
51,78,129Sb,2.37E+3,2.12E+1,-4.03E+3,2.73E+1,-5.06E+3,2.73E+1,8.41E+3,1.64E-1,-4.58E+1,1.64E-1
51,78,129Sb,2.37E+3,2.12E+1,-4.03E+3,2.73E+1,-5.06E+3,2.73E+1,8.41E+3,1.64E-1,-4.58E+1,1.64E-1
51,77,128Sb,4.36E+3,1.87E+1,-1.26E+3,1.33E+1,-2.29E+3,1.33E+1,8.42E+3,1.46E-1,-3.61E+1,1.46E-1
51,77,128Sb,4.36E+3,1.87E+1,-1.26E+3,1.33E+1,-2.29E+3,1.33E+1,8.42E+3,1.46E-1,-3.61E+1,1.46E-1
51,79,130Sb,5.06E+3,1.42E+1,-2.15E+3,1.41E+1,-3.17E+3,1.41E+1,8.39E+3,1.09E-1,-5.57E+1,1.09E-1
51,79,130Sb,5.06E+3,1.42E+1,-2.15E+3,1.41E+1,-3.17E+3,1.41E+1,8.39E+3,1.09E-1,-5.57E+1,1.09E-1
51,81,132Sb,5.55E+3,4.27,-3.08E+3,3.16,-4.11E+3,3.16,8.37E+3,1.87E-2,-7.92E+1,1.87E-2
51,81,132Sb,5.55E+3,4.27,-3.08E+3,3.16,-4.11E+3,3.16,8.37E+3,1.87E-2,-7.92E+1,1.87E-2
51,80,131Sb,3.22E+3,2.08,-4.71E+3,3.96,-5.73E+3,3.96,8.39E+3,1.59E-2,-6.63E+1,1.59E-2
51,83,134Sb,8.51E+3,4.12,-7.58E+3,4.41,-8.60E+3,4.41,8.32E+3,2.29E-2,-8.62E+1,2.29E-2
51,83,134Sb,8.51E+3,4.12,-7.58E+3,4.41,-8.60E+3,4.41,8.32E+3,2.29E-2,-8.62E+1,2.29E-2
51,82,133Sb,4.01E+3,3.51,-8.04E+3,3.66,-9.07E+3,3.66,8.36E+3,2.35E-2,-8.97E+1,2.35E-2
51,85,136Sb,9.91E+3,6.25,-8.33E+3,2.00E+2,-9.35E+3,2.00E+2,8.25E+3,4.29E-2,-7.04E+1,4.29E-2
51,84,135Sb,8.03E+3,3.15,-9.05E+3,4.05,-1.00E+4,4.05,8.29E+3,1.96E-2,-7.28E+1,1.96E-2
51,87,138Sb,1.10E+4,3.00E+2,-9.14E+3,5.00E+2,-1.01E+4,5.00E+2,8.17E+3,2.00,-5.80E+1,2.00
51,86,137Sb,9.24E+3,5.22E+1,-9.91E+3,3.04E+2,-1.09E+4,3.04E+2,8.21E+3,3.80E-1,-5.94E+1,3.80E-1
51,89,140Sb,1.19E+4,6.00E+2,-9.90E+3,6.71E+2,-1.09E+4,6.71E+2,8.10E+3,4.00,-4.84E+1,4.00
51,88,139Sb,1.01E+4,4.00E+2,-1.07E+4,5.65E+2,-1.17E+4,5.65E+2,8.14E+3,3.00,-4.88E+1,3.00
51,90,141Sb,1.11E+4,6.40E+2,,,,,8.06E+3,4.00,-4.10E+1,4.00
51,91,142Sb,1.29E+4,5.83E+2,,,,,8.02E+3,2.00,-4.10E+1,2.00
52,54,106Te,-1.49E+4,4.12E+2,8.25E+3,1.00E+2,7.23E+3,1.00E+2,8.23E+3,9.48E-1,-6.54E+1,9.48E-1
52,55,107Te,-1.12E+4,3.16E+2,9.99E+3,1.01E+2,8.97E+3,1.01E+2,8.25E+3,1.00,-4.90E+1,1.00
52,52,104Te,,,9.66E+3,3.33E+2,8.64E+3,3.33E+2,8.15E+3,3.05,-9.87E+1,3.05
52,53,105Te,,,1.12E+4,3.00E+2,1.01E+4,3.00E+2,8.18E+3,2.85,-8.06E+1,2.85
52,58,110Te,-1.17E+4,6.22E+1,5.21E+3,8.87,4.19E+3,8.87,8.35E+3,5.98E-2,-1.96E+1,5.98E-2
52,59,111Te,-8.63E+3,7.99,7.24E+3,1.09E+1,6.22E+3,1.09E+1,8.36E+3,5.79E-2,-8.79,5.79E-2
52,56,108Te,-1.30E+4,1.01E+2,6.66E+3,7.71,5.64E+3,7.71,8.30E+3,5.01E-2,-3.97E+1,5.01E-2
52,57,109Te,-1.00E+4,8.03,8.53E+3,6.85,7.51E+3,6.85,8.31E+3,4.02E-2,-2.67E+1,4.02E-2
52,61,113Te,-7.22E+3,2.90E+1,6.06E+3,3.28E+1,5.04E+3,3.28E+1,8.40E+3,2.47E-1,5.06,2.47E-1
52,62,114Te,-9.25E+3,3.15E+1,2.60E+3,3.14E+1,1.58E+3,3.14E+1,8.43E+3,2.14E-1,6.95,2.14E-1
52,60,112Te,-1.05E+4,1.32E+1,4.03E+3,1.97E+1,3.00E+3,1.97E+1,8.40E+3,7.49E-2,-4.13,7.49E-2
52,65,117Te,-4.65E+3,2.81E+1,3.54E+3,1.30E+1,2.52E+3,1.30E+1,8.45E+3,1.15E-1,1.92E+1,1.15E-1
52,65,117Te,-4.65E+3,2.81E+1,3.54E+3,1.30E+1,2.52E+3,1.30E+1,8.45E+3,1.15E-1,1.92E+1,1.15E-1
52,66,118Te,-6.71E+3,2.69E+1,3.05E+2,1.85E+1,-7.16E+2,1.85E+1,8.46E+3,1.55E-1,1.75E+1,1.55E-1
52,63,115Te,-5.72E+3,4.01E+1,4.94E+3,3.22E+1,3.91E+3,3.22E+1,8.43E+3,2.43E-1,1.51E+1,2.43E-1
52,63,115Te,-5.72E+3,4.01E+1,4.94E+3,3.22E+1,3.91E+3,3.22E+1,8.43E+3,2.43E-1,1.51E+1,2.43E-1
52,64,116Te,-7.84E+3,7.53E+1,1.55E+3,2.47E+1,5.36E+2,2.47E+1,8.45E+3,2.08E-1,1.39E+1,2.08E-1
52,69,121Te,-2.29E+3,2.59E+1,1.05E+3,2.57E+1,3.40E+1,2.57E+1,8.46E+3,2.13E-1,1.73E+1,2.13E-1
52,69,121Te,-2.29E+3,2.59E+1,1.05E+3,2.57E+1,3.40E+1,2.57E+1,8.46E+3,2.13E-1,1.73E+1,2.13E-1
52,67,119Te,-3.40E+3,2.28E+1,2.29E+3,2.00,1.27E+3,2.00,8.46E+3,6.12E-2,2.03E+1,6.12E-2
52,67,119Te,-3.40E+3,2.28E+1,2.29E+3,2.00,1.27E+3,2.00,8.46E+3,6.12E-2,2.03E+1,6.12E-2
52,68,120Te,-5.61E+3,1.50E+1,-9.45E+2,7.35,-1.96E+3,7.35,8.47E+3,1.46E-2,1.69E+1,1.46E-2
52,72,124Te,-3.15E+3,1.85,-2.90E+3,1.31E-1,-3.92E+3,1.31E-1,8.47E+3,1.09E-2,5.13,1.09E-2
52,73,125Te,-1.85E+2,6.00E-2,-7.66E+2,2.12,-1.78E+3,2.12,8.45E+3,1.08E-2,2.37,1.08E-2
52,73,125Te,-1.85E+2,6.00E-2,-7.66E+2,2.12,-1.78E+3,2.12,8.45E+3,1.08E-2,2.37,1.08E-2
52,70,122Te,-4.23E+3,5.00,-1.97E+3,2.12,-3.00E+3,2.12,8.47E+3,1.11E-2,1.25E+1,1.11E-2
52,71,123Te,-1.22E+3,3.44,5.19E+1,6.61E-2,-9.70E+2,6.61E-2,8.46E+3,1.10E-2,1.10E+1,1.10E-2
52,71,123Te,-1.22E+3,3.44,5.19E+1,6.61E-2,-9.70E+2,6.61E-2,8.46E+3,1.10E-2,1.10E+1,1.10E-2
52,76,128Te,-1.25E+3,3.68,-4.36E+3,1.87E+1,-5.38E+3,1.87E+1,8.44E+3,5.50E-3,-1.84E+1,5.50E-3
52,77,129Te,1.50E+3,3.13,-2.37E+3,2.12E+1,-3.39E+3,2.12E+1,8.43E+3,5.50E-3,-2.49E+1,5.50E-3
52,77,129Te,1.50E+3,3.13,-2.37E+3,2.12E+1,-3.39E+3,2.12E+1,8.43E+3,5.50E-3,-2.49E+1,5.50E-3
52,74,126Te,-2.15E+3,3.67,-3.67E+3,3.18E+1,-4.69E+3,3.18E+1,8.46E+3,1.07E-2,-5.22,1.07E-2
52,75,127Te,7.02E+2,3.56,-1.58E+3,4.91,-2.60E+3,4.91,8.44E+3,1.08E-2,-9.64,1.08E-2
52,75,127Te,7.02E+2,3.56,-1.58E+3,4.91,-2.60E+3,4.91,8.44E+3,1.08E-2,-9.64,1.08E-2
52,78,130Te,-4.16E+2,3.15,-5.06E+3,1.42E+1,-6.08E+3,1.42E+1,8.43E+3,3.00E-4,-3.44E+1,3.00E-4
52,79,131Te,2.23E+3,6.07E-1,-3.22E+3,2.08,-4.25E+3,2.08,8.41E+3,5.00E-4,-4.30E+1,5.00E-4
52,79,131Te,2.23E+3,6.07E-1,-3.22E+3,2.08,-4.25E+3,2.08,8.41E+3,5.00E-4,-4.30E+1,5.00E-4
52,79,131Te,2.23E+3,6.07E-1,-3.22E+3,2.08,-4.25E+3,2.08,8.41E+3,5.00E-4,-4.30E+1,5.00E-4
52,80,132Te,5.15E+2,3.48,-5.55E+3,4.27,-6.57E+3,4.27,8.40E+3,2.64E-2,-5.30E+1,2.64E-2
52,83,135Te,6.05E+3,2.68,-8.03E+3,3.15,-9.06E+3,3.15,8.34E+3,1.28E-2,-6.87E+1,1.28E-2
52,84,136Te,5.11E+3,1.41E+1,-9.91E+3,6.25,-1.09E+4,6.25,8.31E+3,1.68E-2,-6.06E+1,1.68E-2
52,81,133Te,2.92E+3,6.25,-4.01E+3,3.51,-5.03E+3,3.51,8.38E+3,1.55E-2,-6.38E+1,1.55E-2
52,81,133Te,2.92E+3,6.25,-4.01E+3,3.51,-5.03E+3,3.51,8.38E+3,1.55E-2,-6.38E+1,1.55E-2
52,82,134Te,1.50E+3,4.93,-8.51E+3,4.12,-9.53E+3,4.12,8.38E+3,2.05E-2,-7.40E+1,2.05E-2
52,87,139Te,8.26E+3,5.34,-1.01E+4,4.00E+2,-1.11E+4,4.00E+2,8.21E+3,2.54E-2,-4.47E+1,2.54E-2
52,88,140Te,7.23E+3,1.87E+1,-1.19E+4,6.00E+2,-1.29E+4,6.00E+2,8.18E+3,1.02E-1,-3.88E+1,1.02E-1
52,85,137Te,7.05E+3,8.64,-9.24E+3,5.22E+1,-1.02E+4,5.22E+1,8.28E+3,1.53E-2,-5.61E+1,1.53E-2
52,86,138Te,6.28E+3,7.06,-1.10E+4,3.00E+2,-1.20E+4,3.00E+2,8.25E+3,2.74E-2,-4.89E+1,2.74E-2
52,89,141Te,9.25E+3,4.00E+2,-1.11E+4,6.40E+2,-1.21E+4,6.40E+2,8.14E+3,3.00,-3.57E+1,3.00
52,90,142Te,8.25E+3,5.00E+2,-1.29E+4,5.83E+2,-1.39E+4,5.83E+2,8.11E+3,4.00,-3.12E+1,4.00
52,91,143Te,1.02E+4,5.39E+2,,,,,8.07E+3,3.00,-2.80E+1,3.00
52,92,144Te,9.11E+3,5.00E+2,,,,,8.04E+3,2.00,-2.42E+1,2.00
52,93,145Te,1.11E+4,5.83E+2,,,,,7.99E+3,2.00,-2.33E+1,2.00
53,55,108I,-1.01E+4,3.93E+2,1.30E+4,1.01E+2,1.19E+4,1.01E+2,8.17E+3,1.00,-5.45E+1,1.00
53,56,109I,-1.15E+4,3.00E+2,1.00E+4,8.03,9.02E+3,8.03,8.22E+3,6.17E-2,-3.89E+1,6.17E-2
53,59,112I,-7.03E+3,1.31E+1,1.05E+4,1.32E+1,9.48E+3,1.32E+1,8.29E+3,9.15E-2,-9.88,9.15E-2
53,57,110I,-8.54E+3,1.18E+2,1.17E+4,6.22E+1,1.07E+4,6.22E+1,8.24E+3,5.63E-1,-2.95E+1,5.63E-1
53,58,111I,-1.04E+4,1.16E+2,8.63E+3,7.99,7.61E+3,7.99,8.28E+3,4.28E-2,-1.80E+1,4.28E-2
53,62,115I,-7.68E+3,3.13E+1,5.72E+3,4.01E+1,4.70E+3,4.01E+1,8.37E+3,2.51E-1,9.06,2.51E-1
53,63,116I,-4.37E+3,7.58E+1,7.84E+3,7.53E+1,6.82E+3,7.53E+1,8.38E+3,6.46E-1,1.32E+1,6.46E-1
53,60,113I,-8.91E+3,1.05E+1,7.22E+3,2.90E+1,6.20E+3,2.90E+1,8.33E+3,7.09E-2,-1.92,7.09E-2
53,61,114I,-5.55E+3,2.29E+1,9.25E+3,3.15E+1,8.22E+3,3.15E+1,8.34E+3,1.75E-1,4.69,1.75E-1
53,61,114I,-5.55E+3,2.29E+1,9.25E+3,3.15E+1,8.22E+3,3.15E+1,8.34E+3,1.75E-1,4.69,1.75E-1
53,66,119I,-4.98E+3,2.40E+1,3.40E+3,2.28E+1,2.38E+3,2.28E+1,8.42E+3,1.82E-1,2.03E+1,1.82E-1
53,67,120I,-1.57E+3,1.91E+1,5.61E+3,1.50E+1,4.59E+3,1.50E+1,8.42E+3,1.25E-1,2.27E+1,1.25E-1
53,67,120I,-1.57E+3,1.91E+1,5.61E+3,1.50E+1,4.59E+3,1.50E+1,8.42E+3,1.25E-1,2.27E+1,1.25E-1
53,64,117I,-6.25E+3,2.75E+1,4.65E+3,2.81E+1,3.63E+3,2.81E+1,8.40E+3,2.18E-1,1.72E+1,2.18E-1
53,65,118I,-2.89E+3,2.23E+1,6.71E+3,2.69E+1,5.69E+3,2.69E+1,8.40E+3,1.67E-1,2.03E+1,1.67E-1
53,65,118I,-2.89E+3,2.23E+1,6.71E+3,2.69E+1,5.69E+3,2.69E+1,8.40E+3,1.67E-1,2.03E+1,1.67E-1
53,68,121I,-3.76E+3,1.12E+1,2.29E+3,2.59E+1,1.27E+3,2.59E+1,8.44E+3,3.90E-2,2.01E+1,3.90E-2
53,69,122I,-7.24E+2,1.22E+1,4.23E+3,5.00,3.21E+3,5.00,8.43E+3,4.25E-2,1.87E+1,4.25E-2
53,70,123I,-2.69E+3,9.68,1.22E+3,3.44,2.06E+2,3.44,8.44E+3,3.00E-2,1.64E+1,3.00E-2
53,73,126I,1.23E+3,3.77,2.15E+3,3.67,1.13E+3,3.67,8.43E+3,3.00E-2,5.99,3.00E-2
53,74,127I,-6.62E+2,2.04,-7.02E+2,3.56,-1.72E+3,3.56,8.44E+3,2.85E-2,1.28,2.85E-2
53,71,124I,3.02E+2,1.86,3.15E+3,1.85,2.13E+3,1.85,8.44E+3,1.85E-2,1.37E+1,1.85E-2
53,72,125I,-1.63E+3,4.25E-1,1.85E+2,6.00E-2,-8.36E+2,6.00E-2,8.45E+3,1.08E-2,1.01E+1,1.08E-2
53,77,130I,2.94E+3,3.15,4.16E+2,3.15,-6.05E+2,3.15,8.42E+3,2.43E-2,-1.71E+1,2.43E-2
53,77,130I,2.94E+3,3.15,4.16E+2,3.15,-6.05E+2,3.15,8.42E+3,2.43E-2,-1.71E+1,2.43E-2
53,78,131I,9.70E+2,6.04E-1,-2.23E+3,6.07E-1,-3.25E+3,6.07E-1,8.42E+3,4.60E-3,-2.50E+1,4.60E-3
53,75,128I,2.12E+3,3.62,1.25E+3,3.68,2.33E+2,3.68,8.43E+3,2.83E-2,-4.25,2.83E-2
53,76,129I,1.88E+2,3.15,-1.50E+3,3.13,-2.52E+3,3.13,8.43E+3,2.44E-2,-1.05E+1,2.44E-2
53,79,132I,3.57E+3,4.06,-5.15E+2,3.48,-1.53E+3,3.48,8.40E+3,3.08E-2,-3.37E+1,3.08E-2
53,79,132I,3.57E+3,4.06,-5.15E+2,3.48,-1.53E+3,3.48,8.40E+3,3.08E-2,-3.37E+1,3.08E-2
53,80,133I,1.78E+3,6.37,-2.92E+3,6.25,-3.94E+3,6.25,8.40E+3,4.44E-2,-4.23E+1,4.44E-2
53,80,133I,1.78E+3,6.37,-2.92E+3,6.25,-3.94E+3,6.25,8.40E+3,4.44E-2,-4.23E+1,4.44E-2
53,81,134I,4.08E+3,4.85,-1.50E+3,4.93,-2.53E+3,4.93,8.38E+3,3.62E-2,-5.35E+1,3.62E-2
53,81,134I,4.08E+3,4.85,-1.50E+3,4.93,-2.53E+3,4.93,8.38E+3,3.62E-2,-5.35E+1,3.62E-2
53,84,137I,6.02E+3,8.38,-7.05E+3,8.64,-8.07E+3,8.64,8.32E+3,6.12E-2,-4.86E+1,6.12E-2
53,85,138I,7.99E+3,6.58,-6.28E+3,7.06,-7.30E+3,7.06,8.29E+3,4.32E-2,-4.71E+1,4.32E-2
53,82,135I,2.63E+3,3.82,-6.05E+3,2.68,-7.07E+3,2.68,8.38E+3,1.53E-2,-6.21E+1,1.53E-2
53,83,136I,6.88E+3,1.41E+1,-5.11E+3,1.41E+1,-6.14E+3,1.41E+1,8.35E+3,1.04E-1,-5.84E+1,1.04E-1
53,83,136I,6.88E+3,1.41E+1,-5.11E+3,1.41E+1,-6.14E+3,1.41E+1,8.35E+3,1.04E-1,-5.84E+1,1.04E-1
53,88,141I,8.27E+3,1.60E+1,-9.25E+3,4.00E+2,-1.02E+4,4.00E+2,8.20E+3,1.12E-1,-2.90E+1,1.12E-1
53,89,142I,1.04E+4,5.62,-8.25E+3,5.00E+2,-9.27E+3,5.00E+2,8.16E+3,3.48E-2,-2.77E+1,3.48E-2
53,86,139I,7.17E+3,4.54,-8.26E+3,5.34,-9.28E+3,5.34,8.26E+3,2.88E-2,-3.82E+1,2.88E-2
53,87,140I,9.38E+3,1.23E+1,-7.23E+3,1.87E+1,-8.26E+3,1.87E+1,8.22E+3,8.64E-2,-3.60E+1,8.64E-2
53,87,140I,9.38E+3,1.23E+1,-7.23E+3,1.87E+1,-8.26E+3,1.87E+1,8.22E+3,8.64E-2,-3.60E+1,8.64E-2
53,87,140I,9.38E+3,1.23E+1,-7.23E+3,1.87E+1,-8.26E+3,1.87E+1,8.22E+3,8.64E-2,-3.60E+1,8.64E-2
53,91,144I,1.15E+4,4.00E+2,-9.11E+3,5.00E+2,-1.01E+4,5.00E+2,8.09E+3,3.00,-2.00E+1,3.00
53,92,145I,1.03E+4,5.00E+2,-1.11E+4,5.83E+2,-1.21E+4,5.83E+2,8.06E+3,3.00,-1.50E+1,3.00
53,90,143I,9.41E+3,2.00E+2,-1.02E+4,5.39E+2,-1.12E+4,5.39E+2,8.13E+3,1.00,-2.17E+1,1.00
53,93,146I,1.24E+4,3.01E+2,,,,,8.03E+3,2.00,-1.58E+1,2.00
53,94,147I,1.11E+4,3.61E+2,,,,,8.00E+3,2.00,-1.15E+1,2.00
54,71,125Xe,-3.10E+3,7.78,1.63E+3,4.25E-1,6.14E+2,4.25E-1,8.43E+3,1.12E-2,1.53E+1,1.12E-2
54,71,125Xe,-3.10E+3,7.78,1.63E+3,4.25E-1,6.14E+2,4.25E-1,8.43E+3,1.12E-2,1.53E+1,1.12E-2
54,70,124Xe,-5.92E+3,9.25,-3.02E+2,1.86,-1.32E+3,1.86,8.43E+3,1.10E-2,1.56E+1,1.10E-2
54,75,129Xe,-1.19E+3,4.55,-1.88E+2,3.15,-1.21E+3,3.15,8.43E+3,3.00E-4,7.13E-1,3.00E-4
54,75,129Xe,-1.19E+3,4.55,-1.88E+2,3.15,-1.21E+3,3.15,8.43E+3,3.00E-4,7.13E-1,3.00E-4
54,74,128Xe,-3.92E+3,5.37,-2.12E+3,3.62,-3.14E+3,3.62,8.44E+3,3.00E-4,3.85,3.00E-4
54,73,127Xe,-2.08E+3,6.41,6.62E+2,2.04,-3.59E+2,2.04,8.43E+3,3.22E-2,9.21,3.22E-2
54,73,127Xe,-2.08E+3,6.41,6.62E+2,2.04,-3.59E+2,2.04,8.43E+3,3.22E-2,9.21,3.22E-2
54,72,126Xe,-4.79E+3,1.03E+1,-1.23E+3,3.77,-2.25E+3,3.77,8.44E+3,3.00E-4,1.09E+1,3.00E-4
54,79,133Xe,4.27E+2,2.40,-1.78E+3,6.37,-2.80E+3,6.37,8.41E+3,1.80E-2,-2.48E+1,1.80E-2
54,79,133Xe,4.27E+2,2.40,-1.78E+3,6.37,-2.80E+3,6.37,8.41E+3,1.80E-2,-2.48E+1,1.80E-2
54,78,132Xe,-2.12E+3,1.03,-3.57E+3,4.06,-4.59E+3,4.06,8.42E+3,3.00E-4,-1.81E+1,3.00E-4
54,77,131Xe,-3.58E+2,1.77E-1,-9.70E+2,6.04E-1,-1.99E+3,6.04E-1,8.42E+3,3.00E-4,-1.03E+1,3.00E-4
54,77,131Xe,-3.58E+2,1.77E-1,-9.70E+2,6.04E-1,-1.99E+3,6.04E-1,8.42E+3,3.00E-4,-1.03E+1,3.00E-4
54,76,130Xe,-2.98E+3,8.35,-2.94E+3,3.15,-3.96E+3,3.15,8.43E+3,3.00E-4,-5.84,3.00E-4
54,82,136Xe,-9.03E+1,1.87,-6.88E+3,1.41E+1,-7.90E+3,1.41E+1,8.39E+3,3.00E-4,-5.04E+1,3.00E-4
54,81,135Xe,1.16E+3,3.66,-2.63E+3,3.82,-3.65E+3,3.82,8.39E+3,2.72E-2,-4.24E+1,2.72E-2
54,81,135Xe,1.16E+3,3.66,-2.63E+3,3.82,-3.65E+3,3.82,8.39E+3,2.72E-2,-4.24E+1,2.72E-2
54,80,134Xe,-1.23E+3,1.60E-2,-4.08E+3,4.85,-5.10E+3,4.85,8.41E+3,3.00E-4,-3.31E+1,3.00E-4
54,80,134Xe,-1.23E+3,1.60E-2,-4.08E+3,4.85,-5.10E+3,4.85,8.41E+3,3.00E-4,-3.31E+1,3.00E-4
54,86,140Xe,4.06E+3,8.52,-9.38E+3,1.23E+1,-1.04E+4,1.23E+1,8.29E+3,1.66E-2,-3.04E+1,1.66E-2
54,85,139Xe,5.05E+3,3.79,-7.17E+3,4.54,-8.19E+3,4.54,8.31E+3,1.54E-2,-3.55E+1,1.54E-2
54,84,138Xe,2.91E+3,9.57,-7.99E+3,6.58,-9.01E+3,6.58,8.34E+3,2.03E-2,-3.91E+1,2.03E-2
54,83,137Xe,4.16E+3,3.19E-1,-6.02E+3,8.38,-7.04E+3,8.38,8.36E+3,8.00E-4,-4.56E+1,8.00E-4
54,89,143Xe,7.47E+3,8.89,-9.41E+3,2.00E+2,-1.04E+4,2.00E+2,8.19E+3,3.25E-2,-1.93E+1,3.25E-2
54,88,142Xe,5.28E+3,7.56,-1.04E+4,5.62,-1.14E+4,5.62,8.23E+3,1.90E-2,-2.21E+1,1.90E-2
54,87,141Xe,6.28E+3,9.63,-8.27E+3,1.60E+1,-9.29E+3,1.60E+1,8.25E+3,2.05E-2,-2.64E+1,2.05E-2
54,93,147Xe,9.52E+3,2.00E+2,-1.11E+4,3.61E+2,-1.22E+4,3.61E+2,8.07E+3,1.00,-8.13,1.00
54,92,146Xe,7.35E+3,2.43E+1,-1.24E+4,3.01E+2,-1.34E+4,3.01E+2,8.11E+3,1.65E-1,-9.91,1.65E-1
54,91,145Xe,8.56E+3,1.43E+1,-1.03E+4,5.00E+2,-1.13E+4,5.00E+2,8.13E+3,7.71E-2,-1.26E+1,7.71E-2
54,90,144Xe,6.39E+3,2.08E+1,-1.15E+4,4.00E+2,-1.25E+4,4.00E+2,8.17E+3,3.69E-2,-1.53E+1,3.69E-2
54,96,150Xe,9.18E+3,5.00E+2,,,,,7.98E+3,2.00,-6.02,2.00
54,95,149Xe,1.03E+4,5.00E+2,,,,,8.00E+3,2.00,-6.79,2.00
54,94,148Xe,8.26E+3,3.00E+2,,,,,8.04E+3,2.00,-6.79,2.00
54,57,111Xe,-1.16E+4,2.31E+2,1.04E+4,1.16E+2,9.41E+3,1.16E+2,8.18E+3,1.00,-2.90E+1,1.00
54,56,110Xe,,,8.54E+3,1.18E+2,7.52E+3,1.18E+2,8.15E+3,9.18E-1,-4.42E+1,9.18E-1
54,55,109Xe,,,1.15E+4,3.00E+2,1.04E+4,3.00E+2,8.10E+3,2.75,-5.61E+1,2.75
54,54,108Xe,,,1.01E+4,3.93E+2,9.11E+3,3.93E+2,8.07E+3,3.51,-7.09E+1,3.51
54,59,113Xe,-1.04E+4,1.09E+1,8.91E+3,1.05E+1,7.89E+3,1.05E+1,8.24E+3,6.05E-2,-1.11E+1,6.05E-2
54,58,112Xe,-1.36E+4,1.16E+2,7.03E+3,1.31E+1,6.01E+3,1.31E+1,8.23E+3,7.40E-2,-2.27E+1,7.40E-2
54,60,114Xe,-1.23E+4,8.57E+1,5.55E+3,2.29E+1,4.53E+3,2.29E+1,8.28E+3,9.81E-2,-6.63,9.81E-2
54,64,118Xe,-9.66E+3,1.64E+1,2.89E+3,2.23E+1,1.86E+3,2.23E+1,8.37E+3,8.80E-2,1.30E+1,8.80E-2
54,63,117Xe,-7.69E+3,6.32E+1,6.25E+3,2.75E+1,5.23E+3,2.75E+1,8.34E+3,8.87E-2,1.28E+1,8.87E-2
54,62,116Xe,-1.10E+4,1.01E+2,4.37E+3,7.58E+1,3.35E+3,7.58E+1,8.33E+3,1.12E-1,5.48,1.12E-1
54,61,115Xe,-8.95E+3,1.03E+2,7.68E+3,3.13E+1,6.65E+3,3.13E+1,8.30E+3,1.05E-1,3.38,1.05E-1
54,68,122Xe,-7.21E+3,3.54E+1,7.24E+2,1.22E+1,-2.97E+2,1.22E+1,8.42E+3,9.11E-2,1.76E+1,9.11E-2
54,67,121Xe,-5.37E+3,1.39E+1,3.76E+3,1.12E+1,2.74E+3,1.12E+1,8.40E+3,8.47E-2,2.00E+1,8.47E-2
54,66,120Xe,-8.28E+3,1.54E+1,1.57E+3,1.91E+1,5.52E+2,1.91E+1,8.40E+3,9.85E-2,1.69E+1,9.85E-2
54,65,119Xe,-6.48E+3,1.73E+1,4.98E+3,2.40E+1,3.96E+3,2.40E+1,8.37E+3,8.72E-2,1.81E+1,8.72E-2
54,69,123Xe,-4.20E+3,1.54E+1,2.69E+3,9.68,1.67E+3,9.68,8.42E+3,7.75E-2,1.91E+1,7.75E-2
55,58,113Cs,-1.20E+4,3.00E+2,1.04E+4,1.09E+1,9.41E+3,1.09E+1,8.14E+3,7.59E-2,-2.40E+1,7.59E-2
55,57,112Cs,,,1.36E+4,1.16E+2,1.25E+4,1.16E+2,8.10E+3,1.00,-3.60E+1,1.00
55,59,114Cs,-8.78E+3,1.33E+2,1.23E+4,8.57E+1,1.13E+4,8.57E+1,8.17E+3,7.46E-1,-1.50E+1,7.46E-1
55,61,116Cs,-7.66E+3,2.24E+2,1.10E+4,1.01E+2,9.98E+3,1.01E+2,8.23E+3,1.00,-3.73E-1,1.00
55,61,116Cs,-7.66E+3,2.24E+2,1.10E+4,1.01E+2,9.98E+3,1.01E+2,8.23E+3,1.00,-3.73E-1,1.00
55,60,115Cs,-1.07E+4,2.25E+2,8.95E+3,1.03E+2,7.93E+3,1.03E+2,8.21E+3,1.00,-7.50,1.00
55,65,120Cs,-5.00E+3,3.00E+2,8.28E+3,1.54E+1,7.26E+3,1.54E+1,8.32E+3,8.30E-2,1.44E+1,8.30E-2
55,65,120Cs,-5.00E+3,3.00E+2,8.28E+3,1.54E+1,7.26E+3,1.54E+1,8.32E+3,8.30E-2,1.44E+1,8.30E-2
55,64,119Cs,-7.71E+3,2.00E+2,6.48E+3,1.73E+1,5.46E+3,1.73E+1,8.31E+3,1.17E-1,1.30E+1,1.17E-1
55,64,119Cs,-7.71E+3,2.00E+2,6.48E+3,1.73E+1,5.46E+3,1.73E+1,8.31E+3,1.17E-1,1.30E+1,1.17E-1
55,63,118Cs,-6.21E+3,2.01E+2,9.66E+3,1.64E+1,8.64E+3,1.64E+1,8.28E+3,1.08E-1,9.22,1.08E-1
55,63,118Cs,-6.21E+3,2.01E+2,9.66E+3,1.64E+1,8.64E+3,1.64E+1,8.28E+3,1.08E-1,9.22,1.08E-1
55,62,117Cs,-9.03E+3,2.58E+2,7.69E+3,6.32E+1,6.67E+3,6.32E+1,8.27E+3,5.33E-1,4.73,5.33E-1
55,62,117Cs,-9.03E+3,2.58E+2,7.69E+3,6.32E+1,6.67E+3,6.32E+1,8.27E+3,5.33E-1,4.73,5.33E-1
55,69,124Cs,-2.65E+3,1.54E+1,5.92E+3,9.25,4.90E+3,9.25,8.38E+3,7.38E-2,1.78E+1,7.38E-2
55,69,124Cs,-2.65E+3,1.54E+1,5.92E+3,9.25,4.90E+3,9.25,8.38E+3,7.38E-2,1.78E+1,7.38E-2
55,68,123Cs,-5.38E+3,1.71E+1,4.20E+3,1.54E+1,3.18E+3,1.54E+1,8.38E+3,9.85E-2,1.95E+1,9.85E-2
55,68,123Cs,-5.38E+3,1.71E+1,4.20E+3,1.54E+1,3.18E+3,1.54E+1,8.38E+3,9.85E-2,1.95E+1,9.85E-2
55,67,122Cs,-3.53E+3,4.37E+1,7.21E+3,3.54E+1,6.18E+3,3.54E+1,8.35E+3,2.76E-1,1.86E+1,2.76E-1
55,67,122Cs,-3.53E+3,4.37E+1,7.21E+3,3.54E+1,6.18E+3,3.54E+1,8.35E+3,2.76E-1,1.86E+1,2.76E-1
55,67,122Cs,-3.53E+3,4.37E+1,7.21E+3,3.54E+1,6.18E+3,3.54E+1,8.35E+3,2.76E-1,1.86E+1,2.76E-1
55,66,121Cs,-6.35E+3,1.41E+2,5.37E+3,1.39E+1,4.35E+3,1.39E+1,8.35E+3,1.18E-1,1.81E+1,1.18E-1
55,66,121Cs,-6.35E+3,1.41E+2,5.37E+3,1.39E+1,4.35E+3,1.39E+1,8.35E+3,1.18E-1,1.81E+1,1.18E-1
55,72,127Cs,-3.42E+3,1.26E+1,2.08E+3,6.41,1.05E+3,6.41,8.41E+3,4.39E-2,1.45E+1,4.39E-2
55,71,126Cs,-1.68E+3,1.62E+1,4.79E+3,1.03E+1,3.77E+3,1.03E+1,8.39E+3,8.22E-2,1.52E+1,8.22E-2
55,70,125Cs,-4.42E+3,1.34E+1,3.10E+3,7.78,2.08E+3,7.78,8.39E+3,6.19E-2,1.81E+1,6.19E-2
55,76,131Cs,-1.37E+3,4.51E-1,3.58E+2,1.77E-1,-6.63E+2,1.77E-1,8.41E+3,1.40E-3,1.46,1.40E-3
55,75,130Cs,3.57E+2,8.36,2.98E+3,8.35,1.95E+3,8.35,8.40E+3,6.43E-2,4.87,6.43E-2
55,75,130Cs,3.57E+2,8.36,2.98E+3,8.35,1.95E+3,8.35,8.40E+3,6.43E-2,4.87,6.43E-2
55,74,129Cs,-2.43E+3,1.05E+1,1.19E+3,4.55,1.75E+2,4.55,8.41E+3,3.53E-2,9.34,3.53E-2
55,73,128Cs,-5.62E+2,5.61,3.92E+3,5.37,2.90E+3,5.37,8.40E+3,4.20E-2,1.18E+1,4.20E-2
55,79,134Cs,2.05E+3,2.50E-1,1.23E+3,1.60E-2,2.12E+2,1.60E-2,8.39E+3,3.00E-4,-1.70E+1,3.00E-4
55,79,134Cs,2.05E+3,2.50E-1,1.23E+3,1.60E-2,2.12E+2,1.60E-2,8.39E+3,3.00E-4,-1.70E+1,3.00E-4
55,78,133Cs,-5.17E+2,9.92E-1,-4.27E+2,2.40,-1.44E+3,2.40,8.40E+3,3.00E-4,-9.77,3.00E-4
55,77,132Cs,1.28E+3,1.47,2.12E+3,1.03,1.10E+3,1.03,8.40E+3,7.90E-3,-4.42,7.90E-3
55,83,138Cs,5.37E+3,9.15,-2.91E+3,9.57,-3.93E+3,9.57,8.36E+3,6.64E-2,-3.64E+1,6.64E-2
55,83,138Cs,5.37E+3,9.15,-2.91E+3,9.57,-3.93E+3,9.57,8.36E+3,6.64E-2,-3.64E+1,6.64E-2
55,82,137Cs,1.17E+3,1.72E-1,-4.16E+3,3.19E-1,-5.18E+3,3.19E-1,8.38E+3,2.20E-3,-4.09E+1,2.20E-3
55,81,136Cs,2.54E+3,1.85,9.03E+1,1.87,-9.31E+2,1.87,8.38E+3,1.38E-2,-3.42E+1,1.38E-2
55,81,136Cs,2.54E+3,1.85,9.03E+1,1.87,-9.31E+2,1.87,8.38E+3,1.38E-2,-3.42E+1,1.38E-2
55,80,135Cs,2.68E+2,2.86E-1,-1.16E+3,3.66,-2.19E+3,3.66,8.40E+3,2.70E-3,-2.41E+1,2.70E-3
55,80,135Cs,2.68E+2,2.86E-1,-1.16E+3,3.66,-2.19E+3,3.66,8.40E+3,2.70E-3,-2.41E+1,2.70E-3
55,87,142Cs,7.32E+3,8.36,-5.28E+3,7.56,-6.30E+3,7.56,8.26E+3,4.97E-2,-2.04E+1,4.97E-2
55,86,141Cs,5.25E+3,9.61,-6.28E+3,9.63,-7.30E+3,9.63,8.29E+3,6.51E-2,-2.10E+1,6.51E-2
55,85,140Cs,6.21E+3,9.86,-4.06E+3,8.52,-5.08E+3,8.52,8.31E+3,5.86E-2,-2.78E+1,5.86E-2
55,84,139Cs,4.21E+3,3.12,-5.05E+3,3.79,-6.07E+3,3.79,8.34E+3,2.25E-2,-2.91E+1,2.25E-2
55,89,144Cs,8.49E+3,2.04E+1,-6.39E+3,2.08E+1,-7.42E+3,2.08E+1,8.21E+3,1.39E-1,-1.38E+1,1.39E-1
55,88,143Cs,6.26E+3,9.73,-7.47E+3,8.89,-8.49E+3,8.89,8.24E+3,5.30E-2,-1.47E+1,5.30E-2
55,90,145Cs,7.46E+3,1.24E+1,-8.56E+3,1.43E+1,-9.58E+3,1.43E+1,8.18E+3,6.25E-2,-8.47,6.25E-2
55,94,149Cs,9.53E+3,4.00E+2,-1.03E+4,5.00E+2,-1.13E+4,5.00E+2,8.07E+3,3.00,-1.04,3.00
55,93,148Cs,1.06E+4,1.31E+1,-8.26E+3,3.00E+2,-9.28E+3,3.00E+2,8.09E+3,8.81E-2,-4.04,8.81E-2
55,92,147Cs,8.34E+3,2.14E+1,-9.52E+3,2.00E+2,-1.05E+4,2.00E+2,8.13E+3,5.70E-2,-3.97,5.70E-2
55,91,146Cs,9.55E+3,3.39,-7.35E+3,2.43E+1,-8.37E+3,2.43E+1,8.15E+3,1.98E-2,-7.88,1.98E-2
55,97,152Cs,1.24E+4,6.40E+2,,,,,7.98E+3,3.00,-4.11,3.00
55,96,151Cs,1.06E+4,6.40E+2,,,,,8.01E+3,3.00,-2.42E-2,3.00
55,95,150Cs,1.17E+4,4.00E+2,-9.18E+3,5.00E+2,-1.02E+4,5.00E+2,8.03E+3,3.00,-2.82,3.00
56,92,148Ba,5.16E+3,1.95E+1,-1.06E+4,1.31E+1,-1.16E+4,1.31E+1,8.16E+3,1.01E-2,-4.10E-1,1.01E-2
56,93,149Ba,7.38E+3,2.00E+2,-9.53E+3,4.00E+2,-1.05E+4,4.00E+2,8.13E+3,1.68E-2,-3.07E-1,1.68E-2
56,94,150Ba,6.42E+3,6.21,-1.17E+4,4.00E+2,-1.27E+4,4.00E+2,8.11E+3,3.79E-2,1.45E-1,3.79E-2
56,95,151Ba,8.37E+3,5.91E+2,-1.06E+4,6.40E+2,-1.16E+4,6.40E+2,8.07E+3,3.00,-7.18E-1,3.00
56,90,146Ba,4.35E+3,2.43,-9.55E+3,3.39,-1.05E+4,3.39,8.21E+3,1.21E-2,-3.72,1.21E-2
56,91,147Ba,6.41E+3,2.24E+1,-8.34E+3,2.14E+1,-9.36E+3,2.14E+1,8.18E+3,1.34E-1,-1.88,1.34E-1
56,96,152Ba,7.68E+3,5.00E+2,-1.24E+4,6.40E+2,-1.35E+4,6.40E+2,8.05E+3,3.00,-5.95E-3,3.00
56,97,153Ba,9.59E+3,5.00E+2,,,,,8.02E+3,3.00,-1.10,3.00
56,98,154Ba,8.61E+3,5.83E+2,,,,,8.00E+3,3.00,-1.96,3.00
56,58,114Ba,,,8.78E+3,1.33E+2,7.75E+3,1.33E+2,8.08E+3,9.00E-1,-3.17E+1,9.00E-1
56,59,115Ba,,,1.07E+4,2.25E+2,9.75E+3,2.25E+2,8.11E+3,2.00,-1.99E+1,2.00
56,60,116Ba,-1.43E+4,3.79E+2,7.66E+3,2.24E+2,6.64E+3,2.24E+2,8.16E+3,2.00,-1.21E+1,2.00
56,61,117Ba,-1.11E+4,3.21E+2,9.03E+3,2.58E+2,8.01E+3,2.58E+2,8.18E+3,2.13,-7.98,2.13
56,62,118Ba,-1.25E+4,3.61E+2,6.21E+3,2.01E+2,5.18E+3,2.01E+2,8.22E+3,2.00,-1.35,2.00
56,67,123Ba,-7.00E+3,1.96E+2,5.38E+3,1.71E+1,4.36E+3,1.71E+1,8.33E+3,9.85E-2,1.49E+1,9.85E-2
56,68,124Ba,-8.83E+3,5.80E+1,2.65E+3,1.54E+1,1.62E+3,1.54E+1,8.35E+3,1.00E-1,1.47E+1,1.00E-1
56,69,125Ba,-5.90E+3,2.76E+1,4.42E+3,1.34E+1,3.39E+3,1.34E+1,8.35E+3,8.79E-2,1.72E+1,8.79E-2
56,63,119Ba,-9.57E+3,3.61E+2,7.71E+3,2.00E+2,6.69E+3,2.00E+2,8.24E+3,1.68,2.63,1.68
56,64,120Ba,-1.13E+4,4.24E+2,5.00E+3,3.00E+2,3.97E+3,3.00E+2,8.28E+3,2.50,6.55,2.50
56,65,121Ba,-8.55E+3,3.32E+2,6.35E+3,1.41E+2,5.33E+3,1.41E+2,8.29E+3,1.17,9.28,1.17
56,66,122Ba,-1.00E+4,2.99E+2,3.53E+3,4.37E+1,2.51E+3,4.37E+1,8.32E+3,2.29E-1,1.09E+1,2.29E-1
56,70,126Ba,-7.69E+3,9.13E+1,1.68E+3,1.62E+1,6.58E+2,1.62E+1,8.37E+3,9.92E-2,1.55E+1,9.92E-2
56,71,127Ba,-4.92E+3,2.77E+1,3.42E+3,1.26E+1,2.40E+3,1.26E+1,8.37E+3,8.93E-2,1.67E+1,8.93E-2
56,71,127Ba,-4.92E+3,2.77E+1,3.42E+3,1.26E+1,2.40E+3,1.26E+1,8.37E+3,8.93E-2,1.67E+1,8.93E-2
56,72,128Ba,-6.74E+3,5.44E+1,5.62E+2,5.61,-4.59E+2,5.61,8.39E+3,1.26E-2,1.38E+1,1.26E-2
56,73,129Ba,-3.73E+3,2.16E+1,2.43E+3,1.05E+1,1.41E+3,1.05E+1,8.39E+3,8.14E-2,1.42E+1,8.14E-2
56,73,129Ba,-3.73E+3,2.16E+1,2.43E+3,1.05E+1,1.41E+3,1.05E+1,8.39E+3,8.14E-2,1.42E+1,8.14E-2
56,78,134Ba,-3.73E+3,1.99E+1,-2.05E+3,2.50E-1,-3.08E+3,2.50E-1,8.40E+3,1.90E-3,-6.37,1.90E-3
56,79,135Ba,-1.20E+3,9.42,-2.68E+2,2.86E-1,-1.29E+3,2.86E-1,8.39E+3,1.80E-3,-1.14E+1,1.80E-3
56,79,135Ba,-1.20E+3,9.42,-2.68E+2,2.86E-1,-1.29E+3,2.86E-1,8.39E+3,1.80E-3,-1.14E+1,1.80E-3
56,74,130Ba,-5.62E+3,2.59E+1,-3.57E+2,8.36,-1.37E+3,8.36,8.40E+3,2.20E-3,9.79,2.20E-3
56,75,131Ba,-2.90E+3,2.79E+1,1.37E+3,4.51E-1,3.54E+2,4.51E-1,8.39E+3,3.20E-3,8.12,3.20E-3
56,75,131Ba,-2.90E+3,2.79E+1,1.37E+3,4.51E-1,3.54E+2,4.51E-1,8.39E+3,3.20E-3,8.12,3.20E-3
56,76,132Ba,-4.71E+3,3.63E+1,-1.28E+3,1.47,-2.30E+3,1.47,8.40E+3,8.00E-3,2.99,8.00E-3
56,77,133Ba,-2.05E+3,2.79E+1,5.17E+2,9.92E-1,-5.04E+2,9.92E-1,8.40E+3,7.50E-3,-1.92E-1,7.50E-3
56,77,133Ba,-2.05E+3,2.79E+1,5.17E+2,9.92E-1,-5.04E+2,9.92E-1,8.40E+3,7.50E-3,-1.92E-1,7.50E-3
56,81,137Ba,-5.80E+2,1.62,-1.17E+3,1.72E-1,-2.19E+3,1.72E-1,8.39E+3,1.80E-3,-2.64E+1,1.80E-3
56,81,137Ba,-5.80E+2,1.62,-1.17E+3,1.72E-1,-2.19E+3,1.72E-1,8.39E+3,1.80E-3,-2.64E+1,1.80E-3
56,82,138Ba,-1.74E+3,3.38E-1,-5.37E+3,9.15,-6.39E+3,9.15,8.39E+3,1.80E-3,-3.30E+1,1.80E-3
56,83,139Ba,2.30E+3,6.57E-1,-4.21E+3,3.12,-5.23E+3,3.12,8.36E+3,1.80E-3,-2.82E+1,1.80E-3
56,84,140Ba,1.04E+3,7.90,-6.21E+3,9.86,-7.24E+3,9.86,8.35E+3,5.64E-2,-2.24E+1,5.64E-2
56,80,136Ba,-2.84E+3,5.31E+1,-2.54E+3,1.85,-3.57E+3,1.85,8.40E+3,1.80E-3,-1.85E+1,1.80E-3
56,80,136Ba,-2.84E+3,5.31E+1,-2.54E+3,1.85,-3.57E+3,1.85,8.40E+3,1.80E-3,-1.85E+1,1.80E-3
56,89,145Ba,5.31E+3,1.49E+1,-7.46E+3,1.24E+1,-8.48E+3,1.24E+1,8.23E+3,5.85E-2,-7.41,5.85E-2
56,85,141Ba,3.19E+3,6.55,-5.25E+3,9.61,-6.27E+3,9.61,8.32E+3,3.77E-2,-1.95E+1,3.77E-2
56,86,142Ba,2.18E+3,8.37,-7.32E+3,8.36,-8.34E+3,8.36,8.31E+3,4.17E-2,-1.52E+1,4.17E-2
56,87,143Ba,4.23E+3,9.96,-6.26E+3,9.73,-7.28E+3,9.73,8.28E+3,4.72E-2,-1.27E+1,4.72E-2
56,88,144Ba,3.08E+3,1.47E+1,-8.49E+3,2.04E+1,-9.51E+3,2.04E+1,8.26E+3,4.96E-2,-9.51,4.96E-2
57,60,117La,,,1.11E+4,3.21E+2,1.01E+4,3.21E+2,8.08E+3,2.00,-1.87E+1,2.00
57,63,120La,-7.84E+3,5.83E+2,1.13E+4,4.24E+2,1.02E+4,4.24E+2,8.17E+3,2.00,-7.93E-1,2.00
57,68,125La,-7.10E+3,1.97E+2,5.90E+3,2.76E+1,4.88E+3,2.76E+1,8.30E+3,2.08E-1,1.41E+1,2.08E-1
57,68,125La,-7.10E+3,1.97E+2,5.90E+3,2.76E+1,4.88E+3,2.76E+1,8.30E+3,2.08E-1,1.41E+1,2.08E-1
57,69,126La,-4.15E+3,9.47E+1,7.69E+3,9.13E+1,6.67E+3,9.13E+1,8.31E+3,7.18E-1,1.49E+1,7.18E-1
57,69,126La,-4.15E+3,9.47E+1,7.69E+3,9.13E+1,6.67E+3,9.13E+1,8.31E+3,7.18E-1,1.49E+1,7.18E-1
57,64,121La,-9.50E+3,5.00E+2,8.55E+3,3.32E+2,7.53E+3,3.32E+2,8.21E+3,2.00,3.26,2.00
57,65,122La,-6.66E+3,4.99E+2,1.00E+4,2.99E+2,9.04E+3,2.99E+2,8.23E+3,2.00,5.52,2.00
57,66,123La,-8.36E+3,3.57E+2,7.00E+3,1.96E+2,5.98E+3,1.96E+2,8.26E+3,2.00,8.72,2.00
57,67,124La,-5.34E+3,3.03E+2,8.83E+3,5.80E+1,7.80E+3,5.80E+1,8.27E+3,4.57E-1,1.15E+1,4.57E-1
57,67,124La,-5.34E+3,3.03E+2,8.83E+3,5.80E+1,7.80E+3,5.80E+1,8.27E+3,4.57E-1,1.15E+1,4.57E-1
57,71,128La,-3.09E+3,6.12E+1,6.74E+3,5.44E+1,5.72E+3,5.44E+1,8.33E+3,4.25E-1,1.68E+1,4.25E-1
57,71,128La,-3.09E+3,6.12E+1,6.74E+3,5.44E+1,5.72E+3,5.44E+1,8.33E+3,4.25E-1,1.68E+1,4.25E-1
57,72,129La,-5.03E+3,3.51E+1,3.73E+3,2.16E+1,2.71E+3,2.16E+1,8.35E+3,1.65E-1,1.58E+1,1.65E-1
57,72,129La,-5.03E+3,3.51E+1,3.73E+3,2.16E+1,2.71E+3,2.16E+1,8.35E+3,1.65E-1,1.58E+1,1.65E-1
57,73,130La,-2.20E+3,3.81E+1,5.62E+3,2.59E+1,4.60E+3,2.59E+1,8.35E+3,1.99E-1,1.45E+1,1.99E-1
57,74,131La,-4.06E+3,4.30E+1,2.90E+3,2.79E+1,1.88E+3,2.79E+1,8.37E+3,2.13E-1,1.35E+1,2.13E-1
57,70,127La,-5.91E+3,3.88E+1,4.92E+3,2.77E+1,3.89E+3,2.77E+1,8.33E+3,2.04E-1,1.69E+1,2.04E-1
57,70,127La,-5.91E+3,3.88E+1,4.92E+3,2.77E+1,3.89E+3,2.77E+1,8.33E+3,2.04E-1,1.69E+1,2.04E-1
57,79,136La,4.71E+2,5.31E+1,2.84E+3,5.31E+1,1.82E+3,5.31E+1,8.37E+3,3.91E-1,-6.07,3.91E-1
57,79,136La,4.71E+2,5.31E+1,2.84E+3,5.31E+1,1.82E+3,5.31E+1,8.37E+3,3.91E-1,-6.07,3.91E-1
57,75,132La,-1.25E+3,4.17E+1,4.71E+3,3.63E+1,3.68E+3,3.63E+1,8.36E+3,2.75E-1,1.07E+1,2.75E-1
57,75,132La,-1.25E+3,4.17E+1,4.71E+3,3.63E+1,3.68E+3,3.63E+1,8.36E+3,2.75E-1,1.07E+1,2.75E-1
57,76,133La,-3.07E+3,3.23E+1,2.05E+3,2.79E+1,1.03E+3,2.79E+1,8.37E+3,2.10E-1,8.39,2.10E-1
57,77,134La,-3.85E+2,2.85E+1,3.73E+3,1.99E+1,2.70E+3,1.99E+1,8.37E+3,1.48E-1,3.52,1.48E-1
57,78,135La,-2.02E+3,4.61,1.20E+3,9.42,1.85E+2,9.42,8.38E+3,6.99E-2,-9.82E-2,6.99E-2
57,82,139La,-2.64E+2,1.99,-2.30E+3,6.57E-1,-3.33E+3,6.57E-1,8.37E+3,4.40E-3,-2.53E+1,4.40E-3
57,83,140La,3.76E+3,1.33,-1.04E+3,7.90,-2.06E+3,7.90,8.35E+3,4.30E-3,-2.11E+1,4.30E-3
57,84,141La,2.50E+3,3.92,-3.19E+3,6.55,-4.21E+3,6.55,8.34E+3,2.93E-2,-1.48E+1,2.93E-2
57,85,142La,4.50E+3,5.84,-2.18E+3,8.37,-3.20E+3,8.37,8.32E+3,4.43E-2,-1.39E+1,4.43E-2
57,80,137La,-1.22E+3,1.60,5.80E+2,1.62,-4.41E+2,1.62,8.38E+3,1.20E-2,-1.09E+1,1.20E-2
57,81,138La,1.05E+3,4.01E-1,1.74E+3,3.38E-1,7.26E+2,3.38E-1,8.37E+3,3.00E-3,-2.00E+1,3.00E-3
57,86,143La,3.43E+3,7.58,-4.23E+3,9.96,-5.25E+3,9.96,8.30E+3,5.13E-2,-7.54,5.13E-2
57,87,144La,5.58E+3,1.32E+1,-3.08E+3,1.47E+1,-4.10E+3,1.47E+1,8.28E+3,8.98E-2,-6.72,8.98E-2
57,88,145La,4.23E+3,3.52E+1,-5.31E+3,1.49E+1,-6.34E+3,1.49E+1,8.26E+3,8.46E-2,-2.28,8.46E-2
57,89,146La,6.40E+3,1.47E+1,-4.35E+3,2.43,-5.37E+3,2.43,8.23E+3,1.15E-2,-2.26,1.15E-2
57,89,146La,6.40E+3,1.47E+1,-4.35E+3,2.43,-5.37E+3,2.43,8.23E+3,1.15E-2,-2.26,1.15E-2
57,93,150La,8.53E+3,1.19E+1,-6.42E+3,6.21,-7.44E+3,6.21,8.14E+3,1.68E-2,1.66,1.68E-2
57,94,151La,7.91E+3,4.35E+2,-8.37E+3,5.91E+2,-9.39E+3,5.91E+2,8.12E+3,2.88,4.62,2.88
57,95,152La,9.69E+3,3.61E+2,-7.68E+3,5.00E+2,-8.70E+3,5.00E+2,8.10E+3,2.00,1.82E-1,2.00
57,96,153La,8.85E+3,3.61E+2,-9.59E+3,5.00E+2,-1.06E+4,5.00E+2,8.08E+3,2.00,1.93,2.00
57,90,147La,5.33E+3,1.37E+1,-6.41E+3,2.24E+1,-7.43E+3,2.24E+1,8.22E+3,7.29E-2,2.90,7.29E-2
57,91,148La,7.68E+3,2.24E+1,-5.16E+3,1.95E+1,-6.18E+3,1.95E+1,8.19E+3,1.31E-1,2.69,1.31E-1
57,92,149La,6.45E+3,2.00E+2,-7.38E+3,2.00E+2,-8.41E+3,2.00E+2,8.17E+3,1.34,4.76,1.34
57,97,154La,1.06E+4,3.61E+2,-8.61E+3,5.83E+2,-9.63E+3,5.83E+2,8.05E+3,2.00,-1.03,2.00
57,98,155La,9.85E+3,5.00E+2,,,,,8.02E+3,3.00,1.06,3.00
57,99,156La,1.17E+4,5.00E+2,,,,,7.99E+3,3.00,-2.23,3.00
57,100,157La,1.08E+4,5.00E+2,,,,,7.97E+3,2.00,3.53E-1,2.00
58,100,158Ce,7.61E+3,5.00E+2,,,,,8.01E+3,3.00,-1.05,3.00
58,63,121Ce,-1.11E+4,6.41E+2,9.50E+3,5.00E+2,8.47E+3,5.00E+2,8.13E+3,3.00,-9.72,3.00
58,64,122Ce,-1.30E+4,6.41E+2,6.66E+3,4.99E+2,5.64E+3,4.99E+2,8.17E+3,3.00,-6.18,3.00
58,69,127Ce,-7.43E+3,1.98E+2,5.91E+3,3.88E+1,4.89E+3,3.88E+1,8.28E+3,2.27E-1,1.13E+1,2.27E-1
58,69,127Ce,-7.43E+3,1.98E+2,5.91E+3,3.88E+1,4.89E+3,3.88E+1,8.28E+3,2.27E-1,1.13E+1,2.27E-1
58,65,123Ce,-1.00E+4,4.99E+2,8.36E+3,3.57E+2,7.34E+3,3.57E+2,8.19E+3,2.00,-1.26,2.00
58,66,124Ce,-1.17E+4,4.99E+2,5.34E+3,3.03E+2,4.32E+3,3.03E+2,8.22E+3,2.00,1.29,2.00
58,67,125Ce,-8.58E+3,3.58E+2,7.10E+3,1.97E+2,6.08E+3,1.97E+2,8.24E+3,2.00,5.96,2.00
58,67,125Ce,-8.58E+3,3.58E+2,7.10E+3,1.97E+2,6.08E+3,1.97E+2,8.24E+3,2.00,5.96,2.00
58,68,126Ce,-1.04E+4,1.98E+2,4.15E+3,9.47E+1,3.13E+3,9.47E+1,8.27E+3,2.21E-1,6.87,2.21E-1
58,72,130Ce,-8.24E+3,7.00E+1,2.20E+3,3.81E+1,1.18E+3,3.81E+1,8.33E+3,2.15E-1,1.29E+1,2.15E-1
58,73,131Ce,-5.40E+3,5.54E+1,4.06E+3,4.30E+1,3.03E+3,4.30E+1,8.33E+3,2.50E-1,1.47E+1,2.50E-1
58,73,131Ce,-5.40E+3,5.54E+1,4.06E+3,4.30E+1,3.03E+3,4.30E+1,8.33E+3,2.50E-1,1.47E+1,2.50E-1
58,74,132Ce,-7.24E+3,3.53E+1,1.25E+3,4.17E+1,2.32E+2,4.17E+1,8.35E+3,1.54E-1,1.18E+1,1.54E-1
58,75,133Ce,-4.48E+3,2.05E+1,3.07E+3,3.23E+1,2.05E+3,3.23E+1,8.34E+3,1.23E-1,1.20E+1,1.23E-1
58,75,133Ce,-4.48E+3,2.05E+1,3.07E+3,3.23E+1,2.05E+3,3.23E+1,8.34E+3,1.23E-1,1.20E+1,1.23E-1
58,70,128Ce,-9.20E+3,4.08E+1,3.09E+3,6.12E+1,2.06E+3,6.12E+1,8.30E+3,2.18E-1,1.14E+1,2.18E-1
58,71,129Ce,-6.51E+3,4.08E+1,5.03E+3,3.51E+1,4.01E+3,3.51E+1,8.31E+3,2.16E-1,1.42E+1,2.16E-1
58,76,134Ce,-6.30E+3,2.87E+1,3.85E+2,2.85E+1,-6.36E+2,2.85E+1,8.36E+3,1.52E-1,7.61,1.52E-1
58,77,135Ce,-3.68E+3,1.56E+1,2.02E+3,4.61,1.00E+3,4.61,8.36E+3,7.60E-2,5.11,7.60E-2
58,77,135Ce,-3.68E+3,1.56E+1,2.02E+3,4.61,1.00E+3,4.61,8.36E+3,7.60E-2,5.11,7.60E-2
58,78,136Ce,-5.16E+3,1.14E+1,-4.71E+2,5.31E+1,-1.49E+3,5.31E+1,8.37E+3,2.39E-3,7.38E-1,2.39E-3
58,79,137Ce,-2.71E+3,8.13,1.22E+3,1.60,2.00E+2,1.60,8.36E+3,2.60E-3,-2.64,2.60E-3
58,79,137Ce,-2.71E+3,8.13,1.22E+3,1.60,2.00E+2,1.60,8.36E+3,2.60E-3,-2.64,2.60E-3
58,83,141Ce,5.83E+2,1.17,-2.50E+3,3.92,-3.52E+3,3.92,8.35E+3,9.29E-3,-1.64E+1,9.29E-3
58,84,142Ce,-7.46E+2,2.48,-4.50E+3,5.84,-5.53E+3,5.84,8.34E+3,1.72E-2,-1.11E+1,1.72E-2
58,85,143Ce,1.46E+3,1.86,-3.43E+3,7.58,-4.45E+3,7.58,8.32E+3,1.71E-2,-7.72,1.71E-2
58,86,144Ce,3.18E+2,8.32E-1,-5.58E+3,1.32E+1,-6.60E+3,1.32E+1,8.31E+3,1.97E-2,-3.79,1.97E-2
58,80,138Ce,-4.43E+3,1.00E+1,-1.05E+3,4.01E-1,-2.07E+3,4.01E-1,8.37E+3,3.60E-3,-8.82,3.60E-3
58,80,138Ce,-4.43E+3,1.00E+1,-1.05E+3,4.01E-1,-2.07E+3,4.01E-1,8.37E+3,3.60E-3,-8.82,3.60E-3
58,81,139Ce,-2.12E+3,2.99,2.64E+2,1.99,-7.57E+2,1.99,8.37E+3,1.50E-2,-1.54E+1,1.50E-2
58,81,139Ce,-2.12E+3,2.99,2.64E+2,1.99,-7.57E+2,1.99,8.37E+3,1.50E-2,-1.54E+1,1.50E-2
58,82,140Ce,-3.38E+3,6.00,-3.76E+3,1.33,-4.78E+3,1.33,8.37E+3,9.40E-3,-2.11E+1,9.40E-3
58,87,145Ce,2.55E+3,3.36E+1,-4.23E+3,3.52E+1,-5.25E+3,3.52E+1,8.28E+3,2.33E-1,-3.52E-1,2.33E-1
58,88,146Ce,1.04E+3,3.24E+1,-6.40E+3,1.47E+1,-7.42E+3,1.47E+1,8.27E+3,1.00E-1,2.35,1.00E-1
58,89,147Ce,3.43E+3,1.55E+1,-5.33E+3,1.37E+1,-6.35E+3,1.37E+1,8.25E+3,5.84E-2,4.60,5.84E-2
58,94,152Ce,4.77E+3,2.01E+2,-9.69E+3,3.61E+2,-1.07E+4,3.61E+2,8.16E+3,1.00,2.70,1.00
58,95,153Ce,6.65E+3,2.01E+2,-8.85E+3,3.61E+2,-9.87E+3,3.61E+2,8.13E+3,1.00,3.03E-1,1.00
58,96,154Ce,5.64E+3,2.24E+2,-1.06E+4,3.61E+2,-1.17E+4,3.61E+2,8.11E+3,1.00,9.75E-1,1.00
58,97,155Ce,7.63E+3,3.00E+2,-9.85E+3,5.00E+2,-1.08E+4,5.00E+2,8.08E+3,2.00,-9.87E-1,2.00
58,90,148Ce,2.13E+3,1.25E+1,-7.68E+3,2.24E+1,-8.71E+3,2.24E+1,8.24E+3,7.56E-2,5.62,7.56E-2
58,91,149Ce,4.36E+3,1.42E+1,-6.45E+3,2.00E+2,-7.47E+3,2.00E+2,8.21E+3,6.88E-2,5.98,6.88E-2
58,92,150Ce,3.45E+3,1.42E+1,-8.53E+3,1.19E+1,-9.55E+3,1.19E+1,8.20E+3,7.80E-2,5.71,7.80E-2
58,93,151Ce,5.55E+3,2.11E+1,-7.91E+3,4.35E+2,-8.93E+3,4.35E+2,8.17E+3,1.17E-1,2.86,1.17E-1
58,98,156Ce,6.63E+3,3.00E+2,-1.17E+4,5.00E+2,-1.27E+4,5.00E+2,8.06E+3,2.00,-1.04,2.00
58,99,157Ce,8.50E+3,4.00E+2,-1.08E+4,5.00E+2,-1.18E+4,5.00E+2,8.03E+3,3.00,-2.41,3.00
59,100,159Pr,8.95E+3,4.01E+2,-9.43E+3,6.40E+2,-1.04E+4,6.40E+2,8.03E+3,3.00,1.52,3.00
59,101,160Pr,1.05E+4,4.02E+2,,,,,8.00E+3,2.00,-2.15,2.00
59,102,161Pr,9.74E+3,6.40E+2,,,,,7.98E+3,3.00,5.81E-1,3.00
59,85,144Pr,2.99E+3,2.40,-3.18E+2,8.32E-1,-1.34E+3,8.32E-1,8.31E+3,1.88E-2,-3.48,1.88E-2
59,85,144Pr,2.99E+3,2.40,-3.18E+2,8.32E-1,-1.34E+3,8.32E-1,8.31E+3,1.88E-2,-3.48,1.88E-2
59,84,143Pr,9.34E+2,1.36,-1.46E+3,1.86,-2.48E+3,1.86,8.32E+3,1.27E-2,-5.09,1.27E-2
59,87,146Pr,4.25E+3,3.43E+1,-1.04E+3,3.24E+1,-2.06E+3,3.24E+1,8.28E+3,2.35E-1,5.33,2.35E-1
59,86,145Pr,1.80E+3,7.03,-2.55E+3,3.36E+1,-3.58E+3,3.36E+1,8.30E+3,4.92E-2,2.41,4.92E-2
59,81,140Pr,-4.28E+2,6.95,3.38E+3,6.00,2.36E+3,6.00,8.34E+3,4.39E-2,-1.10E+1,4.39E-2
59,80,139Pr,-2.81E+3,2.76E+1,2.12E+3,2.99,1.10E+3,2.99,8.34E+3,2.63E-2,-3.73,2.63E-2
59,83,142Pr,2.16E+3,1.36,7.46E+2,2.48,-2.75E+2,2.48,8.33E+3,1.06E-2,-1.14E+1,1.06E-2
59,83,142Pr,2.16E+3,1.36,7.46E+2,2.48,-2.75E+2,2.48,8.33E+3,1.06E-2,-1.14E+1,1.06E-2
59,82,141Pr,-1.82E+3,2.80,-5.83E+2,1.17,-1.60E+3,1.17,8.35E+3,1.06E-2,-1.57E+1,1.06E-2
59,89,148Pr,4.87E+3,1.50E+1,-2.13E+3,1.25E+1,-3.15E+3,1.25E+1,8.24E+3,1.01E-1,8.58,1.01E-1
59,89,148Pr,4.87E+3,1.50E+1,-2.13E+3,1.25E+1,-3.15E+3,1.25E+1,8.24E+3,1.01E-1,8.58,1.01E-1
59,88,147Pr,2.70E+3,1.58E+1,-3.43E+3,1.55E+1,-4.45E+3,1.55E+1,8.27E+3,1.07E-1,8.83,1.07E-1
59,90,149Pr,3.33E+3,1.00E+1,-4.36E+3,1.42E+1,-5.39E+3,1.42E+1,8.23E+3,6.63E-2,1.09E+1,6.63E-2
59,96,155Pr,6.86E+3,1.94E+1,-7.63E+3,3.00E+2,-8.65E+3,3.00E+2,8.13E+3,1.11E-1,2.47,1.11E-1
59,95,154Pr,7.72E+3,1.00E+2,-5.64E+3,2.24E+2,-6.66E+3,2.24E+2,8.14E+3,6.49E-1,1.50,6.49E-1
59,98,157Pr,8.05E+3,3.82,-8.50E+3,4.00E+2,-9.52E+3,4.00E+2,8.08E+3,2.02E-2,1.77,2.02E-2
59,97,156Pr,8.75E+3,1.65,-6.63E+3,3.00E+2,-7.65E+3,3.00E+2,8.10E+3,6.60E-3,-5.49E-1,6.60E-3
59,92,151Pr,4.16E+3,1.16E+1,-5.55E+3,2.11E+1,-6.57E+3,2.11E+1,8.20E+3,7.72E-2,6.82,7.72E-2
59,91,150Pr,5.37E+3,9.06,-3.45E+3,1.42E+1,-4.47E+3,1.42E+1,8.21E+3,6.01E-2,6.94,6.01E-2
59,94,153Pr,5.76E+3,1.21E+1,-6.65E+3,2.01E+2,-7.68E+3,2.01E+2,8.17E+3,7.77E-2,3.96,7.77E-2
59,93,152Pr,6.39E+3,3.07E+1,-4.77E+3,2.01E+2,-5.79E+3,2.01E+2,8.18E+3,1.22E-1,2.20,1.22E-1
59,99,158Pr,9.68E+3,3.00E+2,-7.61E+3,5.00E+2,-8.63E+3,5.00E+2,8.05E+3,2.00,-1.73,2.00
59,62,121Pr,,,1.11E+4,6.41E+2,1.01E+4,6.41E+2,8.03E+3,4.00,-2.37E+1,4.00
59,65,124Pr,-8.32E+3,6.41E+2,1.17E+4,4.99E+2,1.07E+4,4.99E+2,8.12E+3,3.00,-7.12,3.00
59,67,126Pr,-6.94E+3,3.58E+2,1.04E+4,1.98E+2,9.47E+3,1.98E+2,8.18E+3,2.00,3.35E-1,2.00
59,66,125Pr,-1.00E+4,5.00E+2,8.58E+3,3.58E+2,7.56E+3,3.58E+2,8.16E+3,2.00,-4.02,2.00
59,69,128Pr,-5.80E+3,2.02E+2,9.20E+3,4.08E+1,8.18E+3,4.08E+1,8.22E+3,2.32E-1,6.54,2.32E-1
59,68,127Pr,-8.63E+3,3.58E+2,7.43E+3,1.98E+2,6.41E+3,1.98E+2,8.21E+3,2.00,3.92,2.00
59,74,133Pr,-5.60E+3,4.82E+1,4.48E+3,2.05E+1,3.45E+3,2.05E+1,8.31E+3,9.40E-2,1.36E+1,9.40E-2
59,74,133Pr,-5.60E+3,4.82E+1,4.48E+3,2.05E+1,3.45E+3,2.05E+1,8.31E+3,9.40E-2,1.36E+1,9.40E-2
59,73,132Pr,-3.80E+3,3.76E+1,7.24E+3,3.53E+1,6.21E+3,3.53E+1,8.29E+3,2.18E-1,1.32E+1,2.18E-1
59,76,135Pr,-4.72E+3,2.24E+1,3.68E+3,1.56E+1,2.65E+3,1.56E+1,8.32E+3,8.75E-2,1.03E+1,8.75E-2
59,75,134Pr,-2.88E+3,2.35E+1,6.30E+3,2.87E+1,5.28E+3,2.87E+1,8.31E+3,1.51E-1,1.18E+1,1.51E-1
59,75,134Pr,-2.88E+3,2.35E+1,6.30E+3,2.87E+1,5.28E+3,2.87E+1,8.31E+3,1.51E-1,1.18E+1,1.51E-1
59,70,129Pr,-7.39E+3,2.04E+2,6.51E+3,4.08E+1,5.49E+3,4.08E+1,8.25E+3,2.31E-1,1.07E+1,2.31E-1
59,72,131Pr,-6.53E+3,5.30E+1,5.40E+3,5.54E+1,4.38E+3,5.54E+1,8.28E+3,3.58E-1,1.32E+1,3.58E-1
59,72,131Pr,-6.53E+3,5.30E+1,5.40E+3,5.54E+1,4.38E+3,5.54E+1,8.28E+3,3.58E-1,1.32E+1,3.58E-1
59,71,130Pr,-4.57E+3,7.00E+1,8.24E+3,7.00E+1,7.22E+3,7.00E+1,8.26E+3,4.94E-1,1.15E+1,4.94E-1
59,71,130Pr,-4.57E+3,7.00E+1,8.24E+3,7.00E+1,7.22E+3,7.00E+1,8.26E+3,4.94E-1,1.15E+1,4.94E-1
59,78,137Pr,-3.61E+3,1.42E+1,2.71E+3,8.13,1.69E+3,8.13,8.34E+3,5.94E-2,4.62,5.94E-2
59,77,136Pr,-2.14E+3,1.64E+1,5.16E+3,1.14E+1,4.14E+3,1.14E+1,8.33E+3,8.42E-2,6.06,8.42E-2
59,79,138Pr,-1.11E+3,1.53E+1,4.43E+3,1.00E+1,3.41E+3,1.00E+1,8.33E+3,7.26E-2,2.00E-1,7.26E-2
59,79,138Pr,-1.11E+3,1.53E+1,4.43E+3,1.00E+1,3.41E+3,1.00E+1,8.33E+3,7.26E-2,2.00E-1,7.26E-2
60,103,163Nd,8.88E+3,6.40E+2,,,,,7.99E+3,3.00,-6.86E-1,3.00
60,101,161Nd,7.85E+3,4.00E+2,-9.74E+3,6.40E+2,-1.07E+4,6.40E+2,8.04E+3,2.00,-1.02,2.00
60,102,162Nd,7.03E+3,5.00E+2,,,,,8.02E+3,2.00,4.25E-1,2.00
60,100,160Nd,6.17E+3,4.66E+1,-1.05E+4,4.02E+2,-1.15E+4,4.02E+2,8.06E+3,2.91E-1,8.24E-1,2.91E-1
60,74,134Nd,-8.88E+3,4.35E+1,2.88E+3,2.35E+1,1.85E+3,2.35E+1,8.28E+3,8.82E-2,9.75,8.82E-2
60,73,133Nd,-6.92E+3,6.85E+1,5.60E+3,4.82E+1,4.58E+3,4.82E+1,8.26E+3,3.50E-1,1.10E+1,3.50E-1
60,73,133Nd,-6.92E+3,6.85E+1,5.60E+3,4.82E+1,4.58E+3,4.82E+1,8.26E+3,3.50E-1,1.10E+1,3.50E-1
60,72,132Nd,-9.79E+3,1.51E+2,3.80E+3,3.76E+1,2.77E+3,3.76E+1,8.25E+3,1.83E-1,8.06,1.83E-1
60,71,131Nd,-7.99E+3,2.02E+2,6.53E+3,5.30E+1,5.51E+3,5.30E+1,8.23E+3,2.10E-1,7.45,2.10E-1
60,70,130Nd,-1.11E+4,2.02E+2,4.57E+3,7.00E+1,3.55E+3,7.00E+1,8.22E+3,2.15E-1,1.82,2.15E-1
60,79,139Nd,-4.51E+3,2.58E+1,2.81E+3,2.76E+1,1.78E+3,2.76E+1,8.32E+3,1.98E-1,1.29,1.98E-1
60,79,139Nd,-4.51E+3,2.58E+1,2.81E+3,2.76E+1,1.78E+3,2.76E+1,8.32E+3,1.98E-1,1.29,1.98E-1
60,78,138Nd,-7.10E+3,1.60E+1,1.11E+3,1.53E+1,8.96E+1,1.53E+1,8.32E+3,8.40E-2,3.59,8.40E-2
60,77,137Nd,-5.51E+3,1.75E+1,3.61E+3,1.42E+1,2.59E+3,1.42E+1,8.30E+3,8.56E-2,6.56,8.56E-2
60,77,137Nd,-5.51E+3,1.75E+1,3.61E+3,1.42E+1,2.59E+3,1.42E+1,8.30E+3,8.56E-2,6.56,8.56E-2
60,76,136Nd,-8.02E+3,7.00E+1,2.14E+3,1.64E+1,1.11E+3,1.64E+1,8.30E+3,8.69E-2,7.93,8.69E-2
60,75,135Nd,-6.15E+3,8.50E+1,4.72E+3,2.24E+1,3.70E+3,2.24E+1,8.28E+3,1.41E-1,1.10E+1,1.41E-1
60,75,135Nd,-6.15E+3,8.50E+1,4.72E+3,2.24E+1,3.70E+3,2.24E+1,8.28E+3,1.41E-1,1.10E+1,1.41E-1
60,85,145Nd,-1.64E+2,2.53,-1.80E+3,7.03,-2.82E+3,7.03,8.30E+3,8.80E-3,-3.30E-1,8.80E-3
60,84,144Nd,-2.33E+3,2.64,-2.99E+3,2.40,-4.01E+3,2.40,8.32E+3,8.69E-3,-4.29,8.69E-3
60,83,143Nd,-1.04E+3,2.68,-9.34E+2,1.36,-1.95E+3,1.36,8.33E+3,8.80E-3,-9.76,8.80E-3
60,82,142Nd,-4.80E+3,2.36E+1,-2.16E+3,1.36,-3.18E+3,1.36,8.34E+3,8.80E-3,-1.44E+1,8.80E-3
60,81,141Nd,-3.66E+3,1.43E+1,1.82E+3,2.80,8.01E+2,2.80,8.33E+3,2.25E-2,-9.22,2.25E-2
60,81,141Nd,-3.66E+3,1.43E+1,1.82E+3,2.80,8.01E+2,2.80,8.33E+3,2.25E-2,-9.22,2.25E-2
60,80,140Nd,-6.04E+3,2.40E+1,4.28E+2,6.95,-5.93E+2,6.95,8.33E+3,2.33E-2,-3.95,2.33E-2
60,89,149Nd,1.68E+3,2.45,-3.33E+3,1.00E+1,-4.35E+3,1.00E+1,8.25E+3,1.38E-2,1.27E+1,1.38E-2
60,88,148Nd,-5.42E+2,5.87,-4.87E+3,1.50E+1,-5.89E+3,1.50E+1,8.27E+3,1.39E-2,9.96,1.39E-2
60,87,147Nd,8.95E+2,5.66E-1,-2.70E+3,1.58E+1,-3.72E+3,1.58E+1,8.28E+3,8.69E-3,7.59,8.69E-3
60,86,146Nd,-1.47E+3,4.11,-4.25E+3,3.43E+1,-5.27E+3,3.43E+1,8.30E+3,8.69E-3,3.56,8.69E-3
60,96,156Nd,3.96E+3,1.76,-8.75E+3,1.65,-9.77E+3,1.65,8.15E+3,8.40E-3,1.89,8.40E-3
60,95,155Nd,4.65E+3,1.02E+1,-6.86E+3,1.94E+1,-7.89E+3,1.94E+1,8.17E+3,5.91E-2,1.27,5.91E-2
60,94,154Nd,2.68E+3,2.50E+1,-7.72E+3,1.00E+2,-8.74E+3,1.00E+2,8.19E+3,6.70E-3,4.34,6.70E-3
60,93,153Nd,3.31E+3,9.35,-5.76E+3,1.21E+1,-6.78E+3,1.21E+1,8.20E+3,1.80E-2,3.43,1.80E-2
60,92,152Nd,1.10E+3,1.85E+1,-6.39E+3,3.07E+1,-7.41E+3,3.07E+1,8.22E+3,1.61E-1,7.24,1.61E-1
60,91,151Nd,2.44E+3,4.47,-4.16E+3,1.16E+1,-5.18E+3,1.16E+1,8.23E+3,7.50E-3,1.00E+1,7.50E-3
60,90,150Nd,-8.26E+1,2.00E+1,-5.37E+3,9.06,-6.40E+3,9.06,8.24E+3,7.50E-3,1.19E+1,7.50E-3
60,99,159Nd,6.83E+3,3.14E+1,-8.95E+3,4.01E+2,-9.97E+3,4.01E+2,8.08E+3,1.87E-1,-1.06,1.87E-1
60,98,158Nd,5.27E+3,1.57,-9.68E+3,3.00E+2,-1.07E+4,3.00E+2,8.11E+3,8.30E-3,1.19,8.30E-3
60,97,157Nd,5.80E+3,7.32,-8.05E+3,3.82,-9.08E+3,3.82,8.13E+3,1.36E-2,-7.75E-1,1.36E-2
60,69,129Nd,-9.19E+3,3.62E+2,7.39E+3,2.04E+2,6.37E+3,2.04E+2,8.19E+3,2.00,6.42E-1,2.00
60,69,129Nd,-9.19E+3,3.62E+2,7.39E+3,2.04E+2,6.37E+3,2.04E+2,8.19E+3,2.00,6.42E-1,2.00
60,68,128Nd,-1.23E+4,3.61E+2,5.80E+3,2.02E+2,4.77E+3,2.02E+2,8.17E+3,2.00,-4.21,2.00
60,67,127Nd,-1.06E+4,5.00E+2,8.63E+3,3.58E+2,7.61E+3,3.58E+2,8.14E+3,2.00,-7.98,2.00
60,66,126Nd,-1.36E+4,5.83E+2,6.94E+3,3.58E+2,5.92E+3,3.58E+2,8.12E+3,2.00,-1.27E+1,2.00
60,65,125Nd,,,1.00E+4,5.00E+2,8.97E+3,5.00E+2,8.08E+3,3.00,-1.61E+1,3.00
61,69,130Pm,-7.77E+3,4.47E+2,1.11E+4,2.02E+2,1.01E+4,2.02E+2,8.13E+3,2.00,-3.80,2.00
61,68,129Pm,-1.08E+4,5.83E+2,9.19E+3,3.62E+2,8.17E+3,3.62E+2,8.11E+3,2.00,-9.14,2.00
61,67,128Pm,-9.07E+3,5.83E+2,1.23E+4,3.61E+2,1.12E+4,3.61E+2,8.07E+3,2.00,-1.22E+1,2.00
61,75,136Pm,-4.35E+3,7.01E+1,8.02E+3,7.00E+1,7.00E+3,7.00E+1,8.24E+3,5.07E-1,1.01E+1,5.07E-1
61,75,136Pm,-4.35E+3,7.01E+1,8.02E+3,7.00E+1,7.00E+3,7.00E+1,8.24E+3,5.07E-1,1.01E+1,5.07E-1
61,74,135Pm,-7.20E+3,1.75E+2,6.15E+3,8.50E+1,5.12E+3,8.50E+1,8.23E+3,6.14E-1,1.00E+1,6.14E-1
61,74,135Pm,-7.20E+3,1.75E+2,6.15E+3,8.50E+1,5.12E+3,8.50E+1,8.23E+3,6.14E-1,1.00E+1,6.14E-1
61,73,134Pm,-5.38E+3,2.00E+2,8.88E+3,4.35E+1,7.86E+3,4.35E+1,8.21E+3,3.12E-1,8.42,3.12E-1
61,73,134Pm,-5.38E+3,2.00E+2,8.88E+3,4.35E+1,7.86E+3,4.35E+1,8.21E+3,3.12E-1,8.42,3.12E-1
61,72,133Pm,-8.17E+3,3.02E+2,6.92E+3,6.85E+1,5.90E+3,6.85E+1,8.20E+3,3.78E-1,5.86,3.78E-1
61,72,133Pm,-8.17E+3,3.02E+2,6.92E+3,6.85E+1,5.90E+3,6.85E+1,8.20E+3,3.78E-1,5.86,3.78E-1
61,71,132Pm,-6.48E+3,3.35E+2,9.79E+3,1.51E+2,8.77E+3,1.51E+2,8.17E+3,1.00,2.90,1.00
61,70,131Pm,-9.49E+3,4.47E+2,7.99E+3,2.02E+2,6.97E+3,2.02E+2,8.16E+3,2.00,1.21E-1,2.00
61,79,140Pm,-2.75E+3,2.72E+1,6.04E+3,2.40E+1,5.02E+3,2.40E+1,8.28E+3,1.73E-1,2.26,1.73E-1
61,79,140Pm,-2.75E+3,2.72E+1,6.04E+3,2.40E+1,5.02E+3,2.40E+1,8.28E+3,1.73E-1,2.26,1.73E-1
61,78,139Pm,-5.12E+3,1.74E+1,4.51E+3,2.58E+1,3.49E+3,2.58E+1,8.28E+3,9.78E-2,7.00,9.78E-2
61,78,139Pm,-5.12E+3,1.74E+1,4.51E+3,2.58E+1,3.49E+3,2.58E+1,8.28E+3,9.78E-2,7.00,9.78E-2
61,77,138Pm,-3.41E+3,1.65E+1,7.10E+3,1.60E+1,6.08E+3,1.60E+1,8.26E+3,8.40E-2,8.43,8.40E-2
61,76,137Pm,-6.08E+3,3.14E+1,5.51E+3,1.75E+1,4.48E+3,1.75E+1,8.26E+3,9.52E-2,1.04E+1,9.52E-2
61,76,137Pm,-6.08E+3,3.14E+1,5.51E+3,1.75E+1,4.48E+3,1.75E+1,8.26E+3,9.52E-2,1.04E+1,9.52E-2
61,86,147Pm,2.24E+2,2.94E-1,-8.95E+2,5.66E-1,-1.91E+3,5.66E-1,8.28E+3,8.80E-3,8.20,8.80E-3
61,85,146Pm,1.54E+3,3.00,1.47E+3,4.11,4.49E+2,4.11,8.28E+3,2.93E-2,2.67,2.93E-2
61,84,145Pm,-6.16E+2,2.53,1.64E+2,2.53,-8.57E+2,2.53,8.30E+3,1.93E-2,-1.86E-1,1.93E-2
61,83,144Pm,5.49E+2,2.66,2.33E+3,2.64,1.30E+3,2.64,8.30E+3,2.02E-2,-7.26,2.02E-2
61,82,143Pm,-3.44E+3,3.56,1.04E+3,2.68,1.96E+1,2.68,8.31E+3,2.06E-2,-1.15E+1,2.06E-2
61,81,142Pm,-2.15E+3,2.36E+1,4.80E+3,2.36E+1,3.78E+3,2.36E+1,8.30E+3,1.66E-1,-8.43,1.66E-1
61,80,141Pm,-4.58E+3,1.63E+1,3.66E+3,1.43E+1,2.64E+3,1.43E+1,8.30E+3,9.90E-2,-9.14E-1,9.90E-2
61,89,150Pm,3.45E+3,2.00E+1,8.26E+1,2.00E+1,-9.39E+2,2.00E+1,8.24E+3,1.33E-1,1.66E+1,1.33E-1
61,88,149Pm,1.07E+3,1.87,-1.68E+3,2.45,-2.71E+3,2.45,8.26E+3,1.47E-2,1.54E+1,1.47E-2
61,87,148Pm,2.47E+3,5.64,5.42E+2,5.87,-4.79E+2,5.87,8.26E+3,3.83E-2,1.04E+1,3.83E-2
61,87,148Pm,2.47E+3,5.64,5.42E+2,5.87,-4.79E+2,5.87,8.26E+3,3.83E-2,1.04E+1,3.83E-2
61,97,158Pm,6.14E+3,4.86,-5.27E+3,1.57,-6.29E+3,1.57,8.14E+3,5.60E-3,-2.09,5.60E-3
61,96,157Pm,4.38E+3,8.26,-5.80E+3,7.32,-6.82E+3,7.32,8.16E+3,4.46E-2,1.82,4.46E-2
61,95,156Pm,5.19E+3,8.60,-3.96E+3,1.76,-4.98E+3,1.76,8.17E+3,7.60E-3,5.71E-1,7.60E-3
61,95,156Pm,5.19E+3,8.60,-3.96E+3,1.76,-4.98E+3,1.76,8.17E+3,7.60E-3,5.71E-1,7.60E-3
61,94,155Pm,3.25E+3,4.90,-4.65E+3,1.02E+1,-5.67E+3,1.02E+1,8.19E+3,3.04E-2,4.91,3.04E-2
61,93,154Pm,4.18E+3,2.50E+1,-2.68E+3,2.50E+1,-3.70E+3,2.50E+1,8.20E+3,1.62E-1,4.69,1.62E-1
61,93,154Pm,4.18E+3,2.50E+1,-2.68E+3,2.50E+1,-3.70E+3,2.50E+1,8.20E+3,1.62E-1,4.69,1.62E-1
61,92,153Pm,1.91E+3,9.08,-3.31E+3,9.35,-4.33E+3,9.35,8.22E+3,5.92E-2,9.21,5.92E-2
61,91,152Pm,3.50E+3,2.58E+1,-1.10E+3,1.85E+1,-2.12E+3,1.85E+1,8.22E+3,1.70E-1,1.11E+1,1.70E-1
61,91,152Pm,3.50E+3,2.58E+1,-1.10E+3,1.85E+1,-2.12E+3,1.85E+1,8.22E+3,1.70E-1,1.11E+1,1.70E-1
61,91,152Pm,3.50E+3,2.58E+1,-1.10E+3,1.85E+1,-2.12E+3,1.85E+1,8.22E+3,1.70E-1,1.11E+1,1.70E-1
61,90,151Pm,1.19E+3,4.47,-2.44E+3,4.47,-3.46E+3,4.47,8.24E+3,3.05E-2,1.48E+1,3.05E-2
61,99,160Pm,7.33E+3,2.83,-6.17E+3,4.66E+1,-7.19E+3,4.66E+1,8.10E+3,1.28E-2,-1.99,1.28E-2
61,99,160Pm,7.33E+3,2.83,-6.17E+3,4.66E+1,-7.19E+3,4.66E+1,8.10E+3,1.28E-2,-1.99,1.28E-2
61,98,159Pm,5.65E+3,1.16E+1,-6.83E+3,3.14E+1,-7.85E+3,3.14E+1,8.12E+3,6.31E-2,1.13,6.31E-2
61,104,165Pm,8.84E+3,6.40E+2,,,,,7.99E+3,3.00,2.56,3.00
61,100,161Pm,6.58E+3,1.13E+1,-7.85E+3,4.00E+2,-8.87E+3,4.00E+2,8.08E+3,5.61E-2,5.79E-1,5.61E-2
61,101,162Pm,8.33E+3,3.00E+2,-7.03E+3,5.00E+2,-8.05E+3,5.00E+2,8.06E+3,2.00,-2.26,2.00
61,102,163Pm,7.64E+3,4.00E+2,-8.88E+3,6.40E+2,-9.90E+3,6.40E+2,8.04E+3,2.00,1.24E-2,2.00
61,103,164Pm,9.56E+3,4.00E+2,,,,,8.01E+3,2.00,-1.19,2.00
62,67,129Sm,,,1.08E+4,5.83E+2,9.82E+3,5.83E+2,8.02E+3,4.00,-1.82E+1,4.00
62,68,130Sm,-1.41E+4,6.71E+2,7.77E+3,4.47E+2,6.74E+3,4.47E+2,8.06E+3,3.00,-1.50E+1,3.00
62,69,131Sm,-1.08E+4,5.65E+2,9.49E+3,4.47E+2,8.46E+3,4.47E+2,8.08E+3,3.00,-9.47,3.00
62,77,139Sm,-6.98E+3,1.70E+1,5.12E+3,1.74E+1,4.09E+3,1.74E+1,8.24E+3,7.83E-2,5.46,7.83E-2
62,77,139Sm,-6.98E+3,1.70E+1,5.12E+3,1.74E+1,4.09E+3,1.74E+1,8.24E+3,7.83E-2,5.46,7.83E-2
62,78,140Sm,-8.47E+3,5.00E+1,2.75E+3,2.72E+1,1.73E+3,2.72E+1,8.26E+3,8.93E-2,3.11,8.93E-2
62,79,141Sm,-6.00E+3,1.42E+1,4.58E+3,1.63E+1,3.56E+3,1.63E+1,8.26E+3,6.05E-2,2.64,6.05E-2
62,79,141Sm,-6.00E+3,1.42E+1,4.58E+3,1.63E+1,3.56E+3,1.63E+1,8.26E+3,6.05E-2,2.64,6.05E-2
62,70,132Sm,-1.29E+4,5.00E+2,6.48E+3,3.35E+2,5.46E+3,3.35E+2,8.12E+3,2.00,-7.54,2.00
62,71,133Sm,-9.99E+3,4.22E+2,8.17E+3,3.02E+2,7.15E+3,3.02E+2,8.13E+3,2.00,-2.61,2.00
62,71,133Sm,-9.99E+3,4.22E+2,8.17E+3,3.02E+2,7.15E+3,3.02E+2,8.13E+3,2.00,-2.61,2.00
62,72,134Sm,-1.15E+4,3.58E+2,5.38E+3,2.00E+2,4.36E+3,2.00E+2,8.16E+3,1.00,5.32E-1,1.00
62,73,135Sm,-8.70E+3,2.49E+2,7.20E+3,1.75E+2,6.18E+3,1.75E+2,8.17E+3,1.14,4.63,1.14
62,74,136Sm,-1.05E+4,1.96E+2,4.35E+3,7.01E+1,3.33E+3,7.01E+1,8.20E+3,9.19E-2,4.17,9.19E-2
62,75,137Sm,-7.84E+3,2.89E+1,6.08E+3,3.14E+1,5.05E+3,3.14E+1,8.21E+3,2.08E-1,6.49,2.08E-1
62,76,138Sm,-9.74E+3,3.03E+1,3.41E+3,1.65E+1,2.39E+3,1.65E+1,8.23E+3,8.56E-2,5.03,8.56E-2
62,88,150Sm,-2.25E+3,6.18,-3.45E+3,2.00E+1,-4.47E+3,2.00E+1,8.26E+3,7.40E-3,1.44E+1,7.40E-3
62,89,151Sm,7.66E+1,5.37E-1,-1.19E+3,4.47,-2.21E+3,4.47,8.24E+3,7.40E-3,1.79E+1,7.40E-3
62,80,142Sm,-7.67E+3,3.00E+1,2.15E+3,2.36E+1,1.13E+3,2.36E+1,8.28E+3,1.31E-2,-3.23,1.31E-2
62,81,143Sm,-5.27E+3,1.13E+1,3.44E+3,3.56,2.42E+3,3.56,8.28E+3,1.91E-2,-7.62,1.91E-2
62,81,143Sm,-5.27E+3,1.13E+1,3.44E+3,3.56,2.42E+3,3.56,8.28E+3,1.91E-2,-7.62,1.91E-2
62,82,144Sm,-6.34E+3,1.08E+1,-5.49E+2,2.66,-1.57E+3,2.66,8.30E+3,1.01E-2,-1.27E+1,1.01E-2
62,83,145Sm,-2.65E+3,2.72,6.16E+2,2.53,-4.05E+2,2.53,8.29E+3,1.02E-2,-7.62,1.02E-2
62,84,146Sm,-3.87E+3,5.86,-1.54E+3,3.00,-2.56E+3,3.00,8.29E+3,2.08E-2,-1.65,2.08E-2
62,85,147Sm,-1.72E+3,2.28,-2.24E+2,2.94E-1,-1.24E+3,2.94E-1,8.28E+3,8.60E-3,2.96,8.60E-3
62,86,148Sm,-3.03E+3,9.96,-2.47E+3,5.64,-3.49E+3,5.64,8.27E+3,8.40E-3,7.44,8.40E-3
62,87,149Sm,-6.94E+2,3.78,-1.07E+3,1.87,-2.09E+3,1.87,8.26E+3,7.80E-3,1.20E+1,7.80E-3
62,102,164Sm,5.30E+3,4.59,-9.56E+3,4.00E+2,-1.05E+4,4.00E+2,8.06E+3,2.50E-2,1.34,2.50E-2
62,101,163Sm,5.97E+3,7.41,-7.64E+3,4.00E+2,-8.66E+3,4.00E+2,8.08E+3,4.51E-2,-4.16E-2,4.51E-2
62,100,162Sm,4.34E+3,3.76,-8.33E+3,3.00E+2,-9.36E+3,3.00E+2,8.10E+3,2.18E-2,2.53,2.18E-2
62,106,168Sm,7.61E+3,5.00E+2,,,,,7.97E+3,2.00,7.37,2.00
62,105,167Sm,8.44E+3,6.40E+2,,,,,7.99E+3,3.00,4.40,3.00
62,104,166Sm,6.29E+3,4.12E+2,,,,,8.02E+3,2.00,2.12,2.00
62,103,165Sm,7.21E+3,4.00E+2,-8.84E+3,6.40E+2,-9.86E+3,6.40E+2,8.04E+3,2.00,7.09E-1,2.00
62,99,161Sm,5.11E+3,1.24E+1,-6.58E+3,1.13E+1,-7.60E+3,1.13E+1,8.12E+3,4.23E-2,1.34,4.23E-2
62,90,152Sm,-1.87E+3,6.85E-1,-3.50E+3,2.58E+1,-4.53E+3,2.58E+1,8.24E+3,6.70E-3,1.55E+1,6.70E-3
62,91,153Sm,8.07E+2,7.06E-1,-1.91E+3,9.08,-2.93E+3,9.08,8.22E+3,6.70E-3,1.45E+1,6.70E-3
62,92,154Sm,-7.17E+2,1.10,-4.18E+3,2.50E+1,-5.21E+3,2.50E+1,8.22E+3,8.50E-3,1.13E+1,8.50E-3
62,93,155Sm,1.62E+3,1.20,-3.25E+3,4.90,-4.27E+3,4.90,8.21E+3,8.60E-3,8.17,8.60E-3
62,94,156Sm,7.22E+2,7.90,-5.19E+3,8.60,-6.21E+3,8.60,8.20E+3,5.46E-2,7.17,5.46E-2
62,95,157Sm,2.78E+3,6.11,-4.38E+3,8.26,-5.40E+3,8.26,8.18E+3,2.82E-2,4.27,2.82E-2
62,96,158Sm,2.01E+3,5.11,-6.14E+3,4.86,-7.16E+3,4.86,8.17E+3,3.03E-2,4.63,3.03E-2
62,97,159Sm,3.83E+3,7.32,-5.65E+3,1.16E+1,-6.67E+3,1.16E+1,8.15E+3,3.73E-2,1.73,3.73E-2
62,98,160Sm,3.26E+3,2.15,-7.33E+3,2.83,-8.36E+3,2.83,8.14E+3,1.22E-2,3.19,1.22E-2
63,107,170Eu,9.98E+3,7.07E+2,,,,,7.96E+3,3.00,5.77,3.00
63,106,169Eu,8.23E+3,6.40E+2,,,,,7.99E+3,3.00,5.91,3.00
63,101,164Eu,6.46E+3,2.29,-5.30E+3,4.59,-6.32E+3,4.59,8.09E+3,1.26E-2,-1.73,1.26E-2
63,100,163Eu,4.81E+3,1.20,-5.97E+3,7.41,-6.99E+3,7.41,8.11E+3,5.60E-3,1.62,5.60E-3
63,103,166Eu,7.62E+3,1.00E+2,-6.29E+3,4.12E+2,-7.32E+3,4.12E+2,8.05E+3,1.00,-1.05,1.00
63,102,165Eu,5.79E+3,5.37,-7.21E+3,4.00E+2,-8.24E+3,4.00E+2,8.08E+3,3.16E-2,4.08E-1,3.16E-2
63,105,168Eu,8.89E+3,5.00E+2,-7.61E+3,5.00E+2,-8.63E+3,5.00E+2,8.01E+3,2.00,1.24,2.00
63,104,167Eu,7.00E+3,4.00E+2,-8.44E+3,6.40E+2,-9.46E+3,6.40E+2,8.03E+3,2.00,2.13,2.00
63,67,130Eu,,,1.41E+4,6.71E+2,1.31E+4,6.71E+2,7.95E+3,4.00,-2.35E+1,4.00
63,68,131Eu,,,1.08E+4,5.65E+2,9.79E+3,5.65E+2,7.99E+3,3.00,-2.10E+1,3.00
63,69,132Eu,,,1.29E+4,5.00E+2,1.19E+4,5.00E+2,8.01E+3,3.00,-1.40E+1,3.00
63,78,141Eu,-6.70E+3,2.34E+1,6.00E+3,1.42E+1,4.98E+3,1.42E+1,8.21E+3,8.96E-2,4.98,8.96E-2
63,78,141Eu,-6.70E+3,2.34E+1,6.00E+3,1.42E+1,4.98E+3,1.42E+1,8.21E+3,8.96E-2,4.98,8.96E-2
63,79,142Eu,-4.34E+3,4.10E+1,7.67E+3,3.00E+1,6.65E+3,3.00E+1,8.22E+3,2.11E-1,7.08E-1,2.11E-1
63,79,142Eu,-4.34E+3,4.10E+1,7.67E+3,3.00E+1,6.65E+3,3.00E+1,8.22E+3,2.11E-1,7.08E-1,2.11E-1
63,71,134Eu,-8.27E+3,5.00E+2,1.15E+4,3.58E+2,1.05E+4,3.58E+2,8.07E+3,2.00,-5.76,2.00
63,72,135Eu,-9.89E+3,4.45E+2,8.70E+3,2.49E+2,7.68E+3,2.49E+2,8.10E+3,1.00,-1.55,1.00
63,73,136Eu,-7.15E+3,3.57E+2,1.05E+4,1.96E+2,9.54E+3,1.96E+2,8.12E+3,1.00,1.35,1.00
63,73,136Eu,-7.15E+3,3.57E+2,1.05E+4,1.96E+2,9.54E+3,1.96E+2,8.12E+3,1.00,1.35,1.00
63,74,137Eu,-8.93E+3,2.98E+2,7.84E+3,2.89E+1,6.82E+3,2.89E+1,8.15E+3,3.20E-2,3.56,3.20E-2
63,75,138Eu,-6.09E+3,2.02E+2,9.74E+3,3.03E+1,8.72E+3,3.03E+1,8.16E+3,2.02E-1,5.55,2.02E-1
63,76,139Eu,-7.76E+3,1.96E+2,6.98E+3,1.70E+1,5.96E+3,1.70E+1,8.18E+3,9.46E-2,5.73,9.46E-2
63,77,140Eu,-5.20E+3,5.86E+1,8.47E+3,5.00E+1,7.44E+3,5.00E+1,8.19E+3,3.68E-1,3.77,3.68E-1
63,77,140Eu,-5.20E+3,5.86E+1,8.47E+3,5.00E+1,7.44E+3,5.00E+1,8.19E+3,3.68E-1,3.77,3.68E-1
63,89,152Eu,1.81E+3,7.00E-1,1.87E+3,6.85E-1,8.52E+2,6.85E-1,8.22E+3,7.70E-3,1.94E+1,7.70E-3
63,89,152Eu,1.81E+3,7.00E-1,1.87E+3,6.85E-1,8.52E+2,6.85E-1,8.22E+3,7.70E-3,1.94E+1,7.70E-3
63,89,152Eu,1.81E+3,7.00E-1,1.87E+3,6.85E-1,8.52E+2,6.85E-1,8.22E+3,7.70E-3,1.94E+1,7.70E-3
63,80,143Eu,-6.01E+3,2.00E+2,5.27E+3,1.13E+1,4.25E+3,1.13E+1,8.24E+3,7.67E-2,-1.81,7.67E-2
63,81,144Eu,-3.85E+3,2.99E+1,6.34E+3,1.08E+1,5.32E+3,1.08E+1,8.25E+3,7.49E-2,-9.53,7.49E-2
63,82,145Eu,-5.06E+3,1.99E+1,2.65E+3,2.72,1.63E+3,2.72,8.26E+3,2.11E-2,-1.16E+1,2.11E-2
63,83,146Eu,-1.03E+3,7.07,3.87E+3,5.86,2.85E+3,5.86,8.26E+3,4.12E-2,-7.18,4.12E-2
63,84,147Eu,-2.18E+3,2.52,1.72E+3,2.28,6.99E+2,2.28,8.26E+3,1.75E-2,5.24E-1,1.75E-2
63,85,148Eu,-2.80E+1,9.96,3.03E+3,9.96,2.01E+3,9.96,8.25E+3,6.73E-2,4.18,6.73E-2
63,86,149Eu,-1.31E+3,4.13,6.94E+2,3.78,-3.27E+2,3.78,8.25E+3,2.62E-2,1.04E+1,2.62E-2
63,87,150Eu,9.71E+2,3.54,2.25E+3,6.18,1.23E+3,6.18,8.24E+3,4.15E-2,1.35E+1,4.15E-2
63,87,150Eu,9.71E+2,3.54,2.25E+3,6.18,1.23E+3,6.18,8.24E+3,4.15E-2,1.35E+1,4.15E-2
63,88,151Eu,-4.64E+2,2.77,-7.66E+1,5.37E-1,-1.09E+3,5.37E-1,8.23E+3,7.70E-3,1.84E+1,7.70E-3
63,90,153Eu,-4.84E+2,7.15E-1,-8.07E+2,7.06E-1,-1.82E+3,7.06E-1,8.22E+3,7.70E-3,1.73E+1,7.70E-3
63,91,154Eu,1.96E+3,7.53E-1,7.17E+2,1.10,-3.04E+2,1.10,8.21E+3,7.70E-3,1.47E+1,7.70E-3
63,91,154Eu,1.96E+3,7.53E-1,7.17E+2,1.10,-3.04E+2,1.10,8.21E+3,7.70E-3,1.47E+1,7.70E-3
63,92,155Eu,2.51E+2,8.68E-1,-1.62E+3,1.20,-2.64E+3,1.20,8.21E+3,8.10E-3,1.24E+1,8.10E-3
63,93,156Eu,2.45E+3,3.40,-7.22E+2,7.90,-1.74E+3,7.90,8.20E+3,2.25E-2,7.98,2.25E-2
63,94,157Eu,1.36E+3,4.19,-2.78E+3,6.11,-3.80E+3,6.11,8.19E+3,2.70E-2,7.69,2.70E-2
63,95,158Eu,3.41E+3,2.25,-2.01E+3,5.11,-3.04E+3,5.11,8.18E+3,1.29E-2,3.71,1.29E-2
63,96,159Eu,2.51E+3,4.36,-3.83E+3,7.32,-4.85E+3,7.32,8.17E+3,2.72E-2,4.77,2.72E-2
63,97,160Eu,4.44E+3,1.44,-3.26E+3,2.15,-4.28E+3,2.15,8.16E+3,5.70E-3,7.74E-1,5.70E-3
63,97,160Eu,4.44E+3,1.44,-3.26E+3,2.15,-4.28E+3,2.15,8.16E+3,5.70E-3,7.74E-1,5.70E-3
63,98,161Eu,3.71E+3,1.05E+1,-5.11E+3,1.24E+1,-6.14E+3,1.24E+1,8.14E+3,6.46E-2,2.43,6.46E-2
63,99,162Eu,5.55E+3,4.17,-4.34E+3,3.76,-5.36E+3,3.76,8.12E+3,8.10E-3,-5.20E-1,8.10E-3
63,99,162Eu,5.55E+3,4.17,-4.34E+3,3.76,-5.36E+3,3.76,8.12E+3,8.10E-3,-5.20E-1,8.10E-3
64,79,143Gd,-7.81E+3,2.06E+2,6.01E+3,2.00E+2,4.98E+3,2.00E+2,8.19E+3,1.40,-1.86,1.40
64,79,143Gd,-7.81E+3,2.06E+2,6.01E+3,2.00E+2,4.98E+3,2.00E+2,8.19E+3,1.40,-1.86,1.40
64,70,134Gd,,,8.27E+3,5.00E+2,7.24E+3,5.00E+2,8.00E+3,3.00,-1.79E+1,3.00
64,72,136Gd,-1.31E+4,5.82E+2,7.15E+3,3.57E+2,6.13E+3,3.57E+2,8.06E+3,2.00,-8.57,2.00
64,71,135Gd,-1.11E+4,5.65E+2,9.89E+3,4.45E+2,8.87E+3,4.45E+2,8.02E+3,3.00,-1.16E+1,3.00
64,74,138Gd,-1.20E+4,3.61E+2,6.09E+3,2.02E+2,5.06E+3,2.02E+2,8.11E+3,1.00,-2.15,1.00
64,73,137Gd,-1.02E+4,4.99E+2,8.93E+3,2.98E+2,7.91E+3,2.98E+2,8.08E+3,2.00,-3.69,2.00
64,76,140Gd,-1.13E+4,8.00E+2,5.20E+3,5.86E+1,4.18E+3,5.86E+1,8.15E+3,1.99E-1,-7.56E-1,1.99E-1
64,75,139Gd,-9.50E+3,3.57E+2,7.76E+3,1.96E+2,6.74E+3,1.96E+2,8.12E+3,1.00,-2.30E-1,1.00
64,75,139Gd,-9.50E+3,3.57E+2,7.76E+3,1.96E+2,6.74E+3,1.96E+2,8.12E+3,1.00,-2.30E-1,1.00
64,78,142Gd,-1.04E+4,7.00E+2,4.34E+3,4.10E+1,3.32E+3,4.10E+1,8.19E+3,1.96E-1,-9.41E-1,1.96E-1
64,77,141Gd,-8.68E+3,1.07E+2,6.70E+3,2.34E+1,5.67E+3,2.34E+1,8.16E+3,1.40E-1,9.59E-1,1.40E-1
64,77,141Gd,-8.68E+3,1.07E+2,6.70E+3,2.34E+1,5.67E+3,2.34E+1,8.16E+3,1.40E-1,9.59E-1,1.40E-1
64,81,145Gd,-6.52E+3,1.09E+2,5.06E+3,1.99E+1,4.04E+3,1.99E+1,8.22E+3,1.36E-1,-9.84,1.36E-1
64,81,145Gd,-6.52E+3,1.09E+2,5.06E+3,1.99E+1,4.04E+3,1.99E+1,8.22E+3,1.36E-1,-9.84,1.36E-1
64,80,144Gd,-9.39E+3,3.95E+1,3.85E+3,2.99E+1,2.83E+3,2.99E+1,8.22E+3,1.94E-1,-6.08,1.94E-1
64,83,147Gd,-4.61E+3,8.14,2.18E+3,2.52,1.16E+3,2.52,8.24E+3,1.28E-2,-9.17,1.28E-2
64,82,146Gd,-8.32E+3,4.47E+1,1.03E+3,7.07,9.78,7.07,8.24E+3,2.79E-2,-1.50E+1,2.79E-2
64,85,149Gd,-3.63E+3,4.33,1.31E+3,4.13,2.92E+2,4.13,8.23E+3,2.22E-2,2.72,2.22E-2
64,84,148Gd,-5.73E+3,1.25E+1,2.80E+1,9.96,-9.93E+2,9.96,8.24E+3,9.90E-3,-2.51,9.90E-3
64,87,151Gd,-2.56E+3,3.76,4.64E+2,2.77,-5.57E+2,2.77,8.23E+3,1.98E-2,1.27E+1,1.98E-2
64,86,150Gd,-4.65E+3,8.37,-9.71E+2,3.54,-1.99E+3,3.54,8.24E+3,4.04E-2,7.82,4.04E-2
64,89,153Gd,-1.56E+3,3.84,4.84E+2,7.15E-1,-5.37E+2,7.15E-1,8.22E+3,6.60E-3,1.89E+1,6.60E-3
64,88,152Gd,-3.99E+3,4.00E+1,-1.81E+3,7.00E-1,-2.84E+3,7.00E-1,8.23E+3,6.60E-3,1.54E+1,6.60E-3
64,90,154Gd,-3.54E+3,4.52E+1,-1.96E+3,7.53E-1,-2.98E+3,7.53E-1,8.22E+3,6.50E-3,1.66E+1,6.50E-3
64,92,156Gd,-2.44E+3,3.67,-2.45E+3,3.40,-3.47E+3,3.40,8.21E+3,6.30E-3,1.35E+1,6.30E-3
64,91,155Gd,-8.19E+2,9.78,-2.51E+2,8.68E-1,-1.27E+3,8.68E-1,8.21E+3,6.30E-3,1.62E+1,6.30E-3
64,94,158Gd,-1.21E+3,9.79E-1,-3.41E+3,2.25,-4.44E+3,2.25,8.20E+3,6.20E-3,9.48,6.20E-3
64,93,157Gd,-6.00E+1,2.97E-1,-1.36E+3,4.19,-2.38E+3,4.19,8.20E+3,6.20E-3,1.09E+1,6.20E-3
64,96,160Gd,-1.05E+2,1.02,-4.44E+3,1.44,-5.47E+3,1.44,8.18E+3,7.00E-3,6.23,7.00E-3
64,95,159Gd,9.70E+2,7.49E-1,-2.51E+3,4.36,-3.54E+3,4.36,8.18E+3,6.20E-3,7.09,6.20E-3
64,98,162Gd,1.59E+3,4.46,-5.55E+3,4.17,-6.57E+3,4.17,8.15E+3,2.45E-2,3.99,2.45E-2
64,97,161Gd,1.95E+3,1.44,-3.71E+3,1.05E+1,-4.73E+3,1.05E+1,8.16E+3,9.29E-3,3.45,9.29E-3
64,99,163Gd,3.20E+3,4.13,-4.81E+3,1.20,-5.83E+3,1.20,8.14E+3,4.90E-3,1.82,4.90E-3
64,99,163Gd,3.20E+3,4.13,-4.81E+3,1.20,-5.83E+3,1.20,8.14E+3,4.90E-3,1.82,4.90E-3
64,104,168Gd,4.63E+3,3.00E+2,-8.89E+3,5.00E+2,-9.92E+3,5.00E+2,8.06E+3,2.00,2.49,2.00
64,103,167Gd,5.10E+3,5.55,-7.00E+3,4.00E+2,-8.02E+3,4.00E+2,8.07E+3,3.12E-2,1.08E-1,3.12E-2
64,102,166Gd,3.43E+3,2.15,-7.62E+3,1.00E+2,-8.64E+3,1.00E+2,8.09E+3,9.50E-3,2.14,9.50E-3
64,101,165Gd,4.06E+3,2.01,-5.79E+3,5.37,-6.81E+3,5.37,8.11E+3,7.90E-3,3.76E-1,7.90E-3
64,100,164Gd,2.41E+3,2.11,-6.46E+3,2.29,-7.48E+3,2.29,8.12E+3,6.10E-3,2.97,6.10E-3
64,108,172Gd,6.72E+3,5.83E+2,,,,,7.97E+3,2.00,7.96,2.00
64,107,171Gd,7.56E+3,6.40E+2,,,,,7.99E+3,3.00,6.14,3.00
64,106,170Gd,5.86E+3,5.83E+2,-9.98E+3,7.07E+2,-1.10E+4,7.07E+2,8.01E+3,3.00,5.61,3.00
64,105,169Gd,6.59E+3,5.00E+2,-8.23E+3,6.40E+2,-9.25E+3,6.40E+2,8.03E+3,2.00,2.34,2.00
65,101,166Tb,4.77E+3,1.66,-3.43E+3,2.15,-4.45E+3,2.15,8.11E+3,8.80E-3,-6.31E-1,8.80E-3
65,100,165Tb,3.02E+3,1.69,-4.06E+3,2.01,-5.08E+3,2.01,8.13E+3,9.29E-3,2.45,9.29E-3
65,103,168Tb,5.77E+3,1.40E+2,-4.63E+3,3.00E+2,-5.65E+3,3.00E+2,8.08E+3,2.50E-2,-1.65,2.50E-2
65,102,167Tb,4.02E+3,4.44,-5.10E+3,5.55,-6.12E+3,5.55,8.10E+3,1.15E-2,1.52,1.15E-2
65,109,174Tb,9.16E+3,7.07E+2,,,,,7.96E+3,3.00,5.21,3.00
65,108,173Tb,7.23E+3,6.40E+2,,,,,7.98E+3,3.00,6.17,3.00
65,105,170Tb,7.00E+3,3.61E+2,-5.86E+3,5.83E+2,-6.88E+3,5.83E+2,8.04E+3,2.00,-5.67E-1,2.00
65,104,169Tb,5.11E+3,4.25E+2,-6.59E+3,5.00E+2,-7.61E+3,5.00E+2,8.06E+3,2.00,7.52E-1,2.00
65,107,172Tb,8.07E+3,5.83E+2,-6.72E+3,5.83E+2,-7.74E+3,5.83E+2,8.00E+3,3.00,2.71,3.00
65,106,171Tb,6.24E+3,4.47E+2,-7.56E+3,6.40E+2,-8.58E+3,6.40E+2,8.03E+3,2.00,3.40,2.00
65,80,145Tb,-8.15E+3,1.11E+2,6.52E+3,1.09E+2,5.50E+3,1.09E+2,8.17E+3,7.64E-1,-8.62,7.64E-1
65,82,147Tb,-6.54E+3,1.19E+1,4.61E+3,8.14,3.59E+3,8.14,8.20E+3,5.51E-2,-1.27E+1,5.51E-2
65,82,147Tb,-6.54E+3,1.19E+1,4.61E+3,8.14,3.59E+3,8.14,8.20E+3,5.51E-2,-1.27E+1,5.51E-2
65,81,146Tb,-5.20E+3,4.51E+1,8.32E+3,4.47E+1,7.30E+3,4.47E+1,8.18E+3,3.07E-1,-1.12E+1,3.07E-1
65,81,146Tb,-5.20E+3,4.51E+1,8.32E+3,4.47E+1,7.30E+3,4.47E+1,8.18E+3,3.07E-1,-1.12E+1,3.07E-1
65,84,149Tb,-3.79E+3,9.13,3.63E+3,4.33,2.61E+3,4.33,8.20E+3,2.44E-2,4.78E-1,2.44E-2
65,84,149Tb,-3.79E+3,9.13,3.63E+3,4.33,2.61E+3,4.33,8.20E+3,2.44E-2,4.78E-1,2.44E-2
65,83,148Tb,-2.67E+3,9.59,5.73E+3,1.25E+1,4.71E+3,1.25E+1,8.20E+3,8.42E-2,-8.16,8.42E-2
65,83,148Tb,-2.67E+3,9.59,5.73E+3,1.25E+1,4.71E+3,1.25E+1,8.20E+3,8.42E-2,-8.16,8.42E-2
65,86,151Tb,-2.87E+3,4.94,2.56E+3,3.76,1.54E+3,3.76,8.20E+3,2.71E-2,1.09E+1,2.71E-2
65,86,151Tb,-2.87E+3,4.94,2.56E+3,3.76,1.54E+3,3.76,8.20E+3,2.71E-2,1.09E+1,2.71E-2
65,85,150Tb,-1.79E+3,8.38,4.65E+3,8.37,3.63E+3,8.37,8.20E+3,4.91E-2,2.89,4.91E-2
65,85,150Tb,-1.79E+3,8.38,4.65E+3,8.37,3.63E+3,8.37,8.20E+3,4.91E-2,2.89,4.91E-2
65,88,153Tb,-2.17E+3,1.93,1.56E+3,3.84,5.47E+2,3.84,8.20E+3,2.58E-2,1.79E+1,2.58E-2
65,87,152Tb,-5.99E+2,4.02E+1,3.99E+3,4.00E+1,2.96E+3,4.00E+1,8.20E+3,2.63E-1,1.36E+1,2.63E-1
65,87,152Tb,-5.99E+2,4.02E+1,3.99E+3,4.00E+1,2.96E+3,4.00E+1,8.20E+3,2.63E-1,1.36E+1,2.63E-1
65,89,154Tb,2.37E+2,4.59E+1,3.54E+3,4.52E+1,2.52E+3,4.52E+1,8.19E+3,2.94E-1,1.93E+1,2.94E-1
65,89,154Tb,2.37E+2,4.59E+1,3.54E+3,4.52E+1,2.52E+3,4.52E+1,8.19E+3,2.94E-1,1.93E+1,2.94E-1
65,89,154Tb,2.37E+2,4.59E+1,3.54E+3,4.52E+1,2.52E+3,4.52E+1,8.19E+3,2.94E-1,1.93E+1,2.94E-1
65,91,156Tb,4.38E+2,3.67,2.44E+3,3.67,1.42E+3,3.67,8.19E+3,2.42E-2,1.59E+1,2.42E-2
65,91,156Tb,4.38E+2,3.67,2.44E+3,3.67,1.42E+3,3.67,8.19E+3,2.42E-2,1.59E+1,2.42E-2
65,91,156Tb,4.38E+2,3.67,2.44E+3,3.67,1.42E+3,3.67,8.19E+3,2.42E-2,1.59E+1,2.42E-2
65,90,155Tb,-2.09E+3,1.89,8.19E+2,9.78,-2.02E+2,9.78,8.20E+3,6.34E-2,1.74E+1,6.34E-2
65,93,158Tb,9.36E+2,2.47,1.21E+3,9.79E-1,1.97E+2,9.79E-1,8.18E+3,8.00E-3,1.08E+1,8.00E-3
65,93,158Tb,9.36E+2,2.47,1.21E+3,9.79E-1,1.97E+2,9.79E-1,8.18E+3,8.00E-3,1.08E+1,8.00E-3
65,92,157Tb,-1.33E+3,5.12,6.00E+1,2.97E-1,-9.61E+2,2.97E-1,8.19E+3,6.50E-3,1.40E+1,6.50E-3
65,95,160Tb,1.83E+3,1.10,1.05E+2,1.02,-9.16E+2,1.02,8.17E+3,6.90E-3,7.06,6.90E-3
65,94,159Tb,-3.65E+2,1.15,-9.70E+2,7.49E-1,-1.99E+3,7.49E-1,8.18E+3,6.90E-3,1.01E+1,6.90E-3
65,97,162Tb,2.30E+3,2.16,-1.59E+3,4.46,-2.62E+3,4.46,8.16E+3,1.27E-2,5.14E-1,1.27E-2
65,97,162Tb,2.30E+3,2.16,-1.59E+3,4.46,-2.62E+3,4.46,8.16E+3,1.27E-2,5.14E-1,1.27E-2
65,96,161Tb,5.93E+2,1.20,-1.95E+3,1.44,-2.97E+3,1.44,8.17E+3,7.60E-3,6.61,7.60E-3
65,99,164Tb,3.86E+3,1.98,-2.41E+3,2.11,-3.43E+3,2.11,8.13E+3,1.14E-2,5.74E-1,1.14E-2
65,99,164Tb,3.86E+3,1.98,-2.41E+3,2.11,-3.43E+3,2.11,8.13E+3,1.14E-2,5.74E-1,1.14E-2
65,98,163Tb,1.78E+3,4.00,-3.20E+3,4.13,-4.22E+3,4.13,8.15E+3,2.48E-2,3.29,2.48E-2
65,70,135Tb,,,1.11E+4,5.65E+2,1.01E+4,5.65E+2,7.93E+3,3.00,-2.39E+1,3.00
65,73,138Tb,-8.66E+3,5.86E+2,1.20E+4,3.61E+2,1.10E+4,3.61E+2,8.01E+3,2.00,-8.43,2.00
65,75,140Tb,-7.65E+3,8.95E+2,1.13E+4,8.00E+2,1.02E+4,8.00E+2,8.06E+3,5.71,-2.74,5.71
65,74,139Tb,-1.04E+4,5.82E+2,9.50E+3,3.57E+2,8.47E+3,3.57E+2,8.05E+3,2.00,-5.00,2.00
65,77,142Tb,-6.44E+3,2.00E+2,1.04E+4,7.00E+2,9.37E+3,7.00E+2,8.11E+3,4.93,-5.49E-2,4.93
65,77,142Tb,-6.44E+3,2.00E+2,1.04E+4,7.00E+2,9.37E+3,7.00E+2,8.11E+3,4.93,-5.49E-2,4.93
65,76,141Tb,-9.15E+3,3.16E+2,8.68E+3,1.07E+2,7.66E+3,1.07E+2,8.09E+3,7.46E-1,-2.89E-1,7.46E-1
65,79,144Tb,-5.79E+3,2.88E+1,9.39E+3,3.95E+1,8.36E+3,3.95E+1,8.15E+3,1.94E-1,-3.40,1.94E-1
65,79,144Tb,-5.79E+3,2.88E+1,9.39E+3,3.95E+1,8.36E+3,3.95E+1,8.15E+3,1.94E-1,-3.40,1.94E-1
65,78,143Tb,-8.25E+3,5.28E+1,7.81E+3,2.06E+2,6.79E+3,2.06E+2,8.13E+3,3.58E-1,-2.99E-1,3.58E-1
65,78,143Tb,-8.25E+3,5.28E+1,7.81E+3,2.06E+2,6.79E+3,2.06E+2,8.13E+3,3.58E-1,-2.99E-1,3.58E-1
66,75,141Dy,-1.10E+4,4.99E+2,9.15E+3,3.16E+2,8.13E+3,3.16E+2,8.02E+3,2.00,-9.47,2.00
66,76,142Dy,-1.28E+4,8.31E+2,6.44E+3,2.00E+2,5.41E+3,2.00E+2,8.06E+3,5.00,-9.59,5.00
66,73,139Dy,,,1.04E+4,5.82E+2,9.40E+3,5.82E+2,7.97E+3,4.00,-1.43E+1,4.00
66,74,140Dy,-1.35E+4,6.41E+2,7.65E+3,8.95E+2,6.63E+3,8.95E+2,8.00E+3,3.00,-1.22E+1,3.00
66,79,145Dy,-9.12E+3,9.90,8.15E+3,1.11E+2,7.13E+3,1.11E+2,8.11E+3,4.50E-2,-6.86,4.50E-2
66,79,145Dy,-9.12E+3,9.90,8.15E+3,1.11E+2,7.13E+3,1.11E+2,8.11E+3,4.50E-2,-6.86,4.50E-2
66,77,143Dy,-1.01E+4,2.98E+2,8.25E+3,5.28E+1,7.22E+3,5.28E+1,8.07E+3,9.12E-2,-6.65,9.12E-2
66,77,143Dy,-1.01E+4,2.98E+2,8.25E+3,5.28E+1,7.22E+3,5.28E+1,8.07E+3,9.12E-2,-6.65,9.12E-2
66,78,144Dy,-1.19E+4,1.11E+1,5.79E+3,2.88E+1,4.77E+3,2.88E+1,8.10E+3,4.97E-2,-8.18,4.97E-2
66,82,148Dy,-9.86E+3,8.42E+1,2.67E+3,9.59,1.65E+3,9.59,8.18E+3,5.89E-2,-1.75E+1,5.89E-2
66,83,149Dy,-6.04E+3,1.27E+1,3.79E+3,9.13,2.77E+3,9.13,8.17E+3,6.16E-2,-1.08E+1,6.16E-2
66,83,149Dy,-6.04E+3,1.27E+1,3.79E+3,9.13,2.77E+3,9.13,8.17E+3,6.16E-2,-1.08E+1,6.16E-2
66,80,146Dy,-1.13E+4,9.39,5.20E+3,4.51E+1,4.18E+3,4.51E+1,8.14E+3,4.59E-2,-1.15E+1,4.59E-2
66,80,146Dy,-1.13E+4,9.39,5.20E+3,4.51E+1,4.18E+3,4.51E+1,8.14E+3,4.59E-2,-1.15E+1,4.59E-2
66,81,147Dy,-8.43E+3,1.01E+1,6.54E+3,1.19E+1,5.52E+3,1.19E+1,8.15E+3,6.02E-2,-1.36E+1,6.02E-2
66,81,147Dy,-8.43E+3,1.01E+1,6.54E+3,1.19E+1,5.52E+3,1.19E+1,8.15E+3,6.02E-2,-1.36E+1,6.02E-2
66,86,152Dy,-6.51E+3,1.33E+1,5.99E+2,4.02E+1,-4.22E+2,4.02E+1,8.19E+3,3.02E-2,5.94,3.02E-2
66,87,153Dy,-4.13E+3,6.15,2.17E+3,1.93,1.14E+3,1.93,8.18E+3,2.62E-2,1.12E+1,2.62E-2
66,84,150Dy,-7.36E+3,1.44E+1,1.79E+3,8.38,7.74E+2,8.38,8.18E+3,2.88E-2,-4.49,2.88E-2
66,85,151Dy,-5.12E+3,8.75,2.87E+3,4.94,1.84E+3,4.94,8.18E+3,2.14E-2,1.33,2.14E-2
66,88,154Dy,-5.75E+3,1.01E+1,-2.37E+2,4.59E+1,-1.25E+3,4.59E+1,8.19E+3,4.83E-2,1.34E+1,4.83E-2
66,89,155Dy,-3.11E+3,1.65E+1,2.09E+3,1.89,1.07E+3,1.89,8.18E+3,6.22E-2,1.73E+1,6.22E-2
66,90,156Dy,-4.99E+3,3.84E+1,-4.38E+2,3.67,-1.46E+3,3.67,8.19E+3,6.30E-3,1.57E+1,6.30E-3
66,93,159Dy,-1.83E+3,2.68,3.65E+2,1.15,-6.56E+2,1.15,8.18E+3,9.10E-3,1.26E+1,9.10E-3
66,94,160Dy,-3.29E+3,1.50E+1,-1.83E+3,1.10,-2.85E+3,1.10,8.18E+3,4.40E-3,1.10E+1,4.40E-3
66,91,157Dy,-2.59E+3,2.37E+1,1.33E+3,5.12,3.17E+2,5.12,8.18E+3,3.28E-2,1.60E+1,3.28E-2
66,92,158Dy,-4.21E+3,2.70E+1,-9.36E+2,2.47,-1.95E+3,2.47,8.19E+3,1.48E-2,1.41E+1,1.48E-2
66,97,163Dy,-2.83,2.22E-2,-1.78E+3,4.00,-2.80E+3,4.00,8.16E+3,4.30E-3,4.90,4.30E-3
66,98,164Dy,-9.87E+2,1.37,-3.86E+3,1.98,-4.88E+3,1.98,8.15E+3,4.20E-3,4.15,4.20E-3
66,95,161Dy,-8.59E+2,2.13,-5.93E+2,1.20,-1.61E+3,1.20,8.17E+3,4.30E-3,9.44,4.30E-3
66,96,162Dy,-2.14E+3,3.09,-2.30E+3,2.16,-3.32E+3,2.16,8.17E+3,4.30E-3,7.75,4.30E-3
66,99,165Dy,1.28E+3,7.50E-1,-3.02E+3,1.69,-4.04E+3,1.69,8.14E+3,4.20E-3,2.44,4.20E-3
66,99,165Dy,1.28E+3,7.50E-1,-3.02E+3,1.69,-4.04E+3,1.69,8.14E+3,4.20E-3,2.44,4.20E-3
66,110,176Dy,5.78E+3,7.07E+2,,,,,7.96E+3,3.00,7.61,3.00
66,102,168Dy,1.50E+3,1.43E+2,-5.77E+3,1.40E+2,-6.79E+3,1.40E+2,8.11E+3,8.33E-1,1.63,8.33E-1
66,101,167Dy,2.36E+3,6.55,-4.02E+3,4.44,-5.05E+3,4.44,8.12E+3,2.40E-2,1.19,2.40E-2
66,100,166Dy,4.85E+2,8.50E-1,-4.77E+3,1.66,-5.79E+3,1.66,8.13E+3,4.79E-3,3.13,4.79E-3
66,106,172Dy,3.72E+3,3.58E+2,-8.07E+3,5.83E+2,-9.09E+3,5.83E+2,8.04E+3,2.00,2.39,2.00
66,106,172Dy,3.72E+3,3.58E+2,-8.07E+3,5.83E+2,-9.09E+3,5.83E+2,8.04E+3,2.00,2.39,2.00
66,105,171Dy,4.50E+3,6.33E+2,-6.24E+3,4.47E+2,-7.26E+3,4.47E+2,8.06E+3,1.00,8.16E-1,1.00
66,104,170Dy,2.52E+3,2.06E+2,-7.00E+3,3.61E+2,-8.02E+3,3.61E+2,8.08E+3,1.00,4.04E-1,1.00
66,103,169Dy,3.20E+3,3.00E+2,-5.11E+3,4.25E+2,-6.13E+3,4.25E+2,8.09E+3,1.77,-6.23E-1,1.77
66,109,175Dy,6.57E+3,6.40E+2,,,,,7.98E+3,3.00,5.05,3.00
66,108,174Dy,4.73E+3,5.83E+2,-9.16E+3,7.07E+2,-1.01E+4,7.07E+2,8.01E+3,3.00,4.39,3.00
66,107,173Dy,5.61E+3,4.99E+2,-7.23E+3,6.40E+2,-8.25E+3,6.40E+2,8.02E+3,2.00,2.37,2.00
67,73,140Ho,,,1.35E+4,6.41E+2,1.24E+4,6.41E+2,7.90E+3,4.00,-2.13E+1,4.00
67,76,143Ho,-1.08E+4,4.99E+2,1.01E+4,2.98E+2,9.09E+3,2.98E+2,7.99E+3,2.00,-1.11E+1,2.00
67,77,144Ho,-8.00E+3,1.96E+2,1.19E+4,1.11E+1,1.09E+4,1.11E+1,8.01E+3,5.89E-2,-9.34,5.89E-2
67,74,141Ho,,,1.10E+4,4.99E+2,9.99E+3,4.99E+2,7.94E+3,3.00,-1.64E+1,3.00
67,75,142Ho,-9.32E+3,6.41E+2,1.28E+4,8.31E+2,1.18E+4,8.31E+2,7.96E+3,3.00,-1.37E+1,3.00
67,78,145Ho,-9.88E+3,2.00E+2,9.12E+3,9.90,8.10E+3,9.90,8.04E+3,5.14E-2,-9.15,5.14E-2
67,79,146Ho,-6.91E+3,9.39,1.13E+4,9.39,1.02E+4,9.39,8.06E+3,4.51E-2,-8.43,4.51E-2
67,80,147Ho,-9.14E+3,3.85E+1,8.43E+3,1.01E+1,7.41E+3,1.01E+1,8.09E+3,3.40E-2,-1.21E+1,3.40E-2
67,83,150Ho,-4.11E+3,1.35E+1,7.36E+3,1.44E+1,6.34E+3,1.44E+1,8.13E+3,9.45E-2,-1.14E+1,9.45E-2
67,83,150Ho,-4.11E+3,1.35E+1,7.36E+3,1.44E+1,6.34E+3,1.44E+1,8.13E+3,9.45E-2,-1.14E+1,9.45E-2
67,84,151Ho,-5.35E+3,1.84E+1,5.12E+3,8.75,4.10E+3,8.75,8.14E+3,5.50E-2,-3.27,5.50E-2
67,84,151Ho,-5.35E+3,1.84E+1,5.12E+3,8.75,4.10E+3,8.75,8.14E+3,5.50E-2,-3.27,5.50E-2
67,81,148Ho,-6.51E+3,8.44E+1,9.86E+3,8.42E+1,8.84E+3,8.42E+1,8.10E+3,5.66E-1,-1.58E+1,5.66E-1
67,81,148Ho,-6.51E+3,8.44E+1,9.86E+3,8.42E+1,8.84E+3,8.42E+1,8.10E+3,5.66E-1,-1.58E+1,5.66E-1
67,82,149Ho,-7.90E+3,3.04E+1,6.04E+3,1.27E+1,5.02E+3,1.27E+1,8.13E+3,8.04E-2,-1.72E+1,8.04E-2
67,82,149Ho,-7.90E+3,3.04E+1,6.04E+3,1.27E+1,5.02E+3,1.27E+1,8.13E+3,8.04E-2,-1.72E+1,8.04E-2
67,87,154Ho,-2.03E+3,9.46,5.75E+3,1.01E+1,4.73E+3,1.01E+1,8.15E+3,5.34E-2,1.12E+1,5.34E-2
67,87,154Ho,-2.03E+3,9.46,5.75E+3,1.01E+1,4.73E+3,1.01E+1,8.15E+3,5.34E-2,1.12E+1,5.34E-2
67,88,155Ho,-3.83E+3,1.84E+1,3.11E+3,1.65E+1,2.09E+3,1.65E+1,8.15E+3,1.12E-1,1.45E+1,1.12E-1
67,85,152Ho,-3.10E+3,9.81,6.51E+3,1.33E+1,5.49E+3,1.33E+1,8.14E+3,8.24E-2,1.20,8.24E-2
67,85,152Ho,-3.10E+3,9.81,6.51E+3,1.33E+1,5.49E+3,1.33E+1,8.14E+3,8.24E-2,1.20,8.24E-2
67,86,153Ho,-4.54E+3,9.88,4.13E+3,6.15,3.10E+3,6.15,8.15E+3,3.31E-2,7.69,3.31E-2
67,86,153Ho,-4.54E+3,9.88,4.13E+3,6.15,3.10E+3,6.15,8.15E+3,3.31E-2,7.69,3.31E-2
67,89,156Ho,-1.32E+3,4.56E+1,4.99E+3,3.84E+1,3.96E+3,3.84E+1,8.15E+3,2.46E-1,1.58E+1,2.46E-1
67,89,156Ho,-1.32E+3,4.56E+1,4.99E+3,3.84E+1,3.96E+3,3.84E+1,8.15E+3,2.46E-1,1.58E+1,2.46E-1
67,89,156Ho,-1.32E+3,4.56E+1,4.99E+3,3.84E+1,3.96E+3,3.84E+1,8.15E+3,2.46E-1,1.58E+1,2.46E-1
67,90,157Ho,-3.41E+3,3.36E+1,2.59E+3,2.37E+1,1.56E+3,2.37E+1,8.16E+3,1.49E-1,1.68E+1,1.49E-1
67,91,158Ho,-8.83E+2,3.70E+1,4.21E+3,2.70E+1,3.19E+3,2.70E+1,8.15E+3,1.71E-1,1.62E+1,1.71E-1
67,91,158Ho,-8.83E+2,3.70E+1,4.21E+3,2.70E+1,3.19E+3,2.70E+1,8.15E+3,1.71E-1,1.62E+1,1.71E-1
67,91,158Ho,-8.83E+2,3.70E+1,4.21E+3,2.70E+1,3.19E+3,2.70E+1,8.15E+3,1.71E-1,1.62E+1,1.71E-1
67,94,161Ho,-1.99E+3,9.00,8.59E+2,2.13,-1.62E+2,2.13,8.16E+3,1.34E-2,1.25E+1,1.34E-2
67,94,161Ho,-1.99E+3,9.00,8.59E+2,2.13,-1.62E+2,2.13,8.16E+3,1.34E-2,1.25E+1,1.34E-2
67,95,162Ho,2.93E+2,3.10,2.14E+3,3.09,1.11E+3,3.09,8.15E+3,1.91E-2,9.98,1.91E-2
67,95,162Ho,2.93E+2,3.10,2.14E+3,3.09,1.11E+3,3.09,8.15E+3,1.91E-2,9.98,1.91E-2
67,92,159Ho,-2.76E+3,2.00,1.83E+3,2.68,8.15E+2,2.68,8.16E+3,1.91E-2,1.53E+1,1.91E-2
67,92,159Ho,-2.76E+3,2.00,1.83E+3,2.68,8.15E+2,2.68,8.16E+3,1.91E-2,1.53E+1,1.91E-2
67,93,160Ho,-3.18E+2,2.85E+1,3.29E+3,1.50E+1,2.26E+3,1.50E+1,8.15E+3,9.39E-2,1.40E+1,9.39E-2
67,93,160Ho,-3.18E+2,2.85E+1,3.29E+3,1.50E+1,2.26E+3,1.50E+1,8.15E+3,9.39E-2,1.40E+1,9.39E-2
67,93,160Ho,-3.18E+2,2.85E+1,3.29E+3,1.50E+1,2.26E+3,1.50E+1,8.15E+3,9.39E-2,1.40E+1,9.39E-2
67,98,165Ho,-3.76E+2,9.57E-1,-1.28E+3,7.50E-1,-2.30E+3,7.50E-1,8.14E+3,4.79E-3,4.57,4.79E-3
67,99,166Ho,1.85E+3,7.79E-1,-4.85E+2,8.50E-1,-1.50E+3,8.50E-1,8.13E+3,4.70E-3,1.54,4.70E-3
67,99,166Ho,1.85E+3,7.79E-1,-4.85E+2,8.50E-1,-1.50E+3,8.50E-1,8.13E+3,4.70E-3,1.54,4.70E-3
67,96,163Ho,-1.21E+3,4.57,2.83,2.22E-2,-1.01E+3,2.22E-2,8.15E+3,4.30E-3,8.89,4.30E-3
67,96,163Ho,-1.21E+3,4.57,2.83,2.22E-2,-1.01E+3,2.22E-2,8.15E+3,4.30E-3,8.89,4.30E-3
67,97,164Ho,9.62E+2,1.37,9.87E+2,1.37,-3.48E+1,1.37,8.14E+3,8.50E-3,5.49,8.50E-3
67,97,164Ho,9.62E+2,1.37,9.87E+2,1.37,-3.48E+1,1.37,8.14E+3,8.50E-3,5.49,8.50E-3
67,101,168Ho,2.93E+3,3.00E+1,-1.50E+3,1.43E+2,-2.52E+3,1.43E+2,8.11E+3,1.78E-1,-2.26E-1,1.78E-1
67,101,168Ho,2.93E+3,3.00E+1,-1.50E+3,1.43E+2,-2.52E+3,1.43E+2,8.11E+3,1.78E-1,-2.26E-1,1.78E-1
67,100,167Ho,1.00E+3,5.18,-2.36E+3,6.55,-3.39E+3,6.55,8.13E+3,3.11E-2,2.59,3.11E-2
67,103,170Ho,3.87E+3,5.00E+1,-2.52E+3,2.06E+2,-3.54E+3,2.06E+2,8.09E+3,2.94E-1,-1.44,2.94E-1
67,103,170Ho,3.87E+3,5.00E+1,-2.52E+3,2.06E+2,-3.54E+3,2.06E+2,8.09E+3,2.94E-1,-1.44,2.94E-1
67,102,169Ho,2.12E+3,2.00E+1,-3.20E+3,3.00E+2,-4.22E+3,3.00E+2,8.10E+3,1.18E-1,1.42,1.18E-1
67,105,172Ho,4.99E+3,1.96E+2,-3.72E+3,3.58E+2,-4.74E+3,3.58E+2,8.06E+3,1.00,-1.38,1.00
67,104,171Ho,3.20E+3,6.00E+2,-4.50E+3,6.33E+2,-5.52E+3,6.33E+2,8.08E+3,3.50,7.72E-1,3.50
67,107,174Ho,6.08E+3,4.23E+2,-4.73E+3,5.83E+2,-5.76E+3,5.83E+2,8.03E+3,2.00,-3.59E-1,2.00
67,106,173Ho,4.30E+3,3.57E+2,-5.61E+3,4.99E+2,-6.63E+3,4.99E+2,8.05E+3,2.00,8.96E-1,2.00
67,109,176Ho,7.24E+3,6.41E+2,-5.78E+3,7.07E+2,-6.80E+3,7.07E+2,7.99E+3,3.00,2.67,3.00
67,108,175Ho,5.35E+3,5.66E+2,-6.57E+3,6.40E+2,-7.59E+3,6.40E+2,8.01E+3,2.00,3.30,2.00
67,110,177Ho,6.57E+3,7.09E+2,,,,,7.98E+3,3.00,6.83,3.00
67,111,178Ho,8.13E+3,7.78E+2,,,,,7.95E+3,3.00,5.92,3.00
68,108,176Er,2.74E+3,4.13E+2,-7.24E+3,6.41E+2,-8.26E+3,6.41E+2,8.03E+3,2.00,2.25,2.00
68,107,175Er,3.65E+3,4.04E+2,-5.35E+3,5.66E+2,-6.37E+3,5.66E+2,8.04E+3,2.00,1.04,2.00
68,106,174Er,1.91E+3,3.01E+2,-6.08E+3,4.23E+2,-7.10E+3,4.23E+2,8.06E+3,2.00,1.62,2.00
68,106,174Er,1.91E+3,3.01E+2,-6.08E+3,4.23E+2,-7.10E+3,4.23E+2,8.06E+3,2.00,1.62,2.00
68,105,173Er,2.60E+3,1.96E+2,-4.30E+3,3.57E+2,-5.32E+3,3.57E+2,8.07E+3,1.00,-2.64E-1,1.00
68,104,172Er,8.90E+2,4.54,-4.99E+3,1.96E+2,-6.02E+3,1.96E+2,8.09E+3,2.30E-2,1.36,2.30E-2
68,103,171Er,1.49E+3,1.07,-3.20E+3,6.00E+2,-4.22E+3,6.00E+2,8.09E+3,8.20E-3,3.42E-1,8.20E-3
68,102,170Er,-3.12E+2,1.78,-3.87E+3,5.00E+1,-4.89E+3,5.00E+1,8.11E+3,8.20E-3,2.49,8.20E-3
68,101,169Er,3.53E+2,7.72E-1,-2.12E+3,2.00E+1,-3.14E+3,2.00E+1,8.11E+3,1.80E-3,1.81,1.80E-3
68,100,168Er,-1.67E+3,1.68,-2.93E+3,3.00E+1,-3.95E+3,3.00E+1,8.12E+3,1.60E-3,3.78,1.60E-3
68,109,177Er,4.71E+3,5.41E+2,-6.57E+3,7.09E+2,-7.59E+3,7.09E+2,8.01E+3,3.00,2.24,3.00
68,112,180Er,4.99E+3,6.40E+2,,,,,7.96E+3,3.00,8.78,3.00
68,111,179Er,5.82E+3,6.40E+2,,,,,7.97E+3,3.00,5.56,3.00
68,110,178Er,3.98E+3,6.67E+2,-8.13E+3,7.78E+2,-9.15E+3,7.78E+2,7.99E+3,3.00,4.90,3.00
68,78,146Er,-1.32E+4,2.00E+2,6.91E+3,9.39,5.89E+3,9.39,8.01E+3,4.59E-2,-1.82E+1,4.59E-2
68,77,145Er,-1.16E+4,2.80E+2,9.88E+3,2.00E+2,8.85E+3,2.00E+2,7.97E+3,1.00,-1.68E+1,1.00
68,77,145Er,-1.16E+4,2.80E+2,9.88E+3,2.00E+2,8.85E+3,2.00E+2,7.97E+3,1.00,-1.68E+1,1.00
68,76,144Er,-1.44E+4,4.45E+2,8.00E+3,1.96E+2,6.98E+3,1.96E+2,7.95E+3,1.00,-2.04E+1,1.00
68,75,143Er,,,1.08E+4,4.99E+2,9.86E+3,4.99E+2,7.91E+3,3.00,-2.05E+1,3.00
68,79,147Er,-1.06E+4,3.87E+1,9.14E+3,3.85E+1,8.12E+3,3.85E+1,8.02E+3,2.59E-1,-1.62E+1,2.59E-1
68,79,147Er,-1.06E+4,3.87E+1,9.14E+3,3.85E+1,8.12E+3,3.85E+1,8.02E+3,2.59E-1,-1.62E+1,2.59E-1
68,81,149Er,-9.80E+3,2.02E+2,7.90E+3,3.04E+1,6.88E+3,3.04E+1,8.07E+3,1.87E-1,-2.14E+1,1.87E-1
68,81,149Er,-9.80E+3,2.02E+2,7.90E+3,3.04E+1,6.88E+3,3.04E+1,8.07E+3,1.87E-1,-2.14E+1,1.87E-1
68,80,148Er,-1.27E+4,1.44E+1,6.51E+3,8.44E+1,5.49E+3,8.44E+1,8.05E+3,6.92E-2,-1.99E+1,6.92E-2
68,85,153Er,-6.49E+3,1.28E+1,4.54E+3,9.88,3.52E+3,9.88,8.11E+3,6.07E-2,-2.83,6.07E-2
68,84,152Er,-8.77E+3,5.47E+1,3.10E+3,9.81,2.08E+3,9.81,8.11E+3,5.81E-2,-9.62,5.81E-2
68,83,151Er,-7.49E+3,2.54E+1,5.35E+3,1.84E+1,4.33E+3,1.84E+1,8.10E+3,1.09E-1,-1.62E+1,1.09E-1
68,83,151Er,-7.49E+3,2.54E+1,5.35E+3,1.84E+1,4.33E+3,1.84E+1,8.10E+3,1.09E-1,-1.62E+1,1.09E-1
68,82,150Er,-1.13E+4,1.96E+2,4.11E+3,1.35E+1,3.09E+3,1.35E+1,8.10E+3,1.14E-1,-2.34E+1,1.14E-1
68,89,157Er,-4.70E+3,3.85E+1,3.41E+3,3.36E+1,2.39E+3,3.36E+1,8.13E+3,1.68E-1,1.36E+1,1.68E-1
68,88,156Er,-7.37E+3,2.67E+1,1.32E+3,4.56E+1,3.04E+2,4.56E+1,8.14E+3,1.57E-1,8.33,1.57E-1
68,87,155Er,-5.58E+3,1.15E+1,3.83E+3,1.84E+1,2.80E+3,1.84E+1,8.12E+3,3.92E-2,6.85,3.92E-2
68,86,154Er,-8.17E+3,1.49E+1,2.03E+3,9.46,1.01E+3,9.46,8.13E+3,3.22E-2,1.00,3.22E-2
68,92,160Er,-5.76E+3,3.91E+1,3.18E+2,2.85E+1,-7.03E+2,2.85E+1,8.15E+3,1.51E-1,1.37E+1,1.51E-1
68,91,159Er,-3.99E+3,2.81E+1,2.76E+3,2.00,1.74E+3,2.00,8.14E+3,2.29E-2,1.49E+1,2.29E-2
68,90,158Er,-6.60E+3,3.13E+1,8.83E+2,3.70E+1,-1.38E+2,3.70E+1,8.14E+3,1.59E-1,1.28E+1,1.59E-1
68,96,164Er,-4.03E+3,2.50E+1,-9.62E+2,1.37,-1.98E+3,1.37,8.14E+3,4.30E-3,9.77,4.30E-3
68,95,163Er,-2.43E+3,3.00,1.21E+3,4.57,1.88E+2,4.57,8.14E+3,2.84E-2,1.17E+1,2.84E-2
68,94,162Er,-4.85E+3,2.60E+1,-2.93E+2,3.10,-1.31E+3,3.10,8.15E+3,4.70E-3,1.22E+1,4.70E-3
68,93,161Er,-3.30E+3,2.92E+1,1.99E+3,9.00,9.72E+2,9.00,8.14E+3,5.45E-2,1.38E+1,5.45E-2
68,99,167Er,-7.46E+2,1.26,-1.00E+3,5.18,-2.03E+3,5.18,8.13E+3,1.70E-3,3.93,1.70E-3
68,99,167Er,-7.46E+2,1.26,-1.00E+3,5.18,-2.03E+3,5.18,8.13E+3,1.70E-3,3.93,1.70E-3
68,98,166Er,-3.03E+3,1.15E+1,-1.85E+3,7.79E-1,-2.87E+3,7.79E-1,8.14E+3,2.00E-3,6.31,2.00E-3
68,97,165Er,-1.59E+3,1.48,3.76E+2,9.57E-1,-6.45E+2,9.57E-1,8.13E+3,5.60E-3,8.38,5.60E-3
69,75,144Tm,,,1.44E+4,4.45E+2,1.34E+4,4.45E+2,7.85E+3,3.00,-2.57E+1,3.00
69,79,148Tm,-8.53E+3,4.00E+2,1.27E+4,1.44E+1,1.16E+4,1.44E+1,7.96E+3,6.92E-2,-1.95E+1,6.92E-2
69,78,147Tm,,,1.06E+4,3.87E+1,9.61E+3,3.87E+1,7.94E+3,4.65E-2,-2.05E+1,4.65E-2
69,77,146Tm,,,1.32E+4,2.00E+2,1.22E+4,2.00E+2,7.91E+3,1.00,-2.25E+1,1.00
69,77,146Tm,,,1.32E+4,2.00E+2,1.22E+4,2.00E+2,7.91E+3,1.00,-2.25E+1,1.00
69,77,146Tm,,,1.32E+4,2.00E+2,1.22E+4,2.00E+2,7.91E+3,1.00,-2.25E+1,1.00
69,76,145Tm,,,1.16E+4,2.80E+2,1.06E+4,2.80E+2,7.88E+3,1.00,-2.28E+1,1.00
69,82,151Tm,-9.22E+3,3.00E+2,7.49E+3,2.54E+1,6.47E+3,2.54E+1,8.05E+3,1.28E-1,-2.50E+1,1.28E-1
69,82,151Tm,-9.22E+3,3.00E+2,7.49E+3,2.54E+1,6.47E+3,2.54E+1,8.05E+3,1.28E-1,-2.50E+1,1.28E-1
69,81,150Tm,-7.66E+3,3.58E+2,1.13E+4,1.96E+2,1.03E+4,1.96E+2,8.02E+3,1.00,-2.36E+1,1.00
69,80,149Tm,-1.06E+4,3.61E+2,9.80E+3,2.02E+2,8.77E+3,2.02E+2,8.00E+3,1.00,-2.30E+1,1.00
69,86,155Tm,-6.12E+3,1.93E+1,5.58E+3,1.15E+1,4.56E+3,1.15E+1,8.08E+3,6.40E-2,1.03,6.40E-2
69,86,155Tm,-6.12E+3,1.93E+1,5.58E+3,1.15E+1,4.56E+3,1.15E+1,8.08E+3,6.40E-2,1.03,6.40E-2
69,85,154Tm,-4.49E+3,1.39E+1,8.17E+3,1.49E+1,7.15E+3,1.49E+1,8.07E+3,9.36E-2,-4.53,9.36E-2
69,85,154Tm,-4.49E+3,1.39E+1,8.17E+3,1.49E+1,7.15E+3,1.49E+1,8.07E+3,9.36E-2,-4.53,9.36E-2
69,84,153Tm,-6.81E+3,2.01E+2,6.49E+3,1.28E+1,5.47E+3,1.28E+1,8.07E+3,7.83E-2,-1.03E+1,7.83E-2
69,84,153Tm,-6.81E+3,2.01E+2,6.49E+3,1.28E+1,5.47E+3,1.28E+1,8.07E+3,7.83E-2,-1.03E+1,7.83E-2
69,83,152Tm,-5.44E+3,1.39E+2,8.77E+3,5.47E+1,7.75E+3,5.47E+1,8.05E+3,3.55E-1,-1.90E+1,3.55E-1
69,83,152Tm,-5.44E+3,1.39E+2,8.77E+3,5.47E+1,7.75E+3,5.47E+1,8.05E+3,3.55E-1,-1.90E+1,3.55E-1
69,89,158Tm,-2.69E+3,2.64E+1,6.60E+3,3.13E+1,5.57E+3,3.13E+1,8.10E+3,1.59E-1,1.18E+1,1.59E-1
69,88,157Tm,-5.28E+3,2.99E+1,4.70E+3,3.85E+1,3.68E+3,3.85E+1,8.10E+3,1.78E-1,9.48,1.78E-1
69,87,156Tm,-3.56E+3,1.25E+1,7.37E+3,2.67E+1,6.35E+3,2.67E+1,8.08E+3,9.15E-2,5.11,9.15E-2
69,93,162Tm,-1.65E+3,3.01E+1,4.85E+3,2.60E+1,3.83E+3,2.60E+1,8.11E+3,1.60E-1,1.38E+1,1.60E-1
69,93,162Tm,-1.65E+3,3.01E+1,4.85E+3,2.60E+1,3.83E+3,2.60E+1,8.11E+3,1.60E-1,1.38E+1,1.60E-1
69,92,161Tm,-4.06E+3,3.17E+1,3.30E+3,2.92E+1,2.28E+3,2.92E+1,8.12E+3,1.73E-1,1.44E+1,1.73E-1
69,92,161Tm,-4.06E+3,3.17E+1,3.30E+3,2.92E+1,2.28E+3,2.92E+1,8.12E+3,1.73E-1,1.44E+1,1.73E-1
69,91,160Tm,-2.13E+3,3.31E+1,5.76E+3,3.91E+1,4.74E+3,3.91E+1,8.11E+3,2.04E-1,1.43E+1,2.04E-1
69,91,160Tm,-2.13E+3,3.31E+1,5.76E+3,3.91E+1,4.74E+3,3.91E+1,8.11E+3,2.04E-1,1.43E+1,2.04E-1
69,90,159Tm,-4.73E+3,3.30E+1,3.99E+3,2.81E+1,2.96E+3,2.81E+1,8.11E+3,1.75E-1,1.31E+1,1.75E-1
69,97,166Tm,-2.92E+2,1.35E+1,3.03E+3,1.15E+1,2.01E+3,1.15E+1,8.11E+3,6.96E-2,9.34,6.96E-2
69,97,166Tm,-2.92E+2,1.35E+1,3.03E+3,1.15E+1,2.01E+3,1.15E+1,8.11E+3,6.96E-2,9.34,6.96E-2
69,96,165Tm,-2.63E+3,2.65E+1,1.59E+3,1.48,5.69E+2,1.48,8.12E+3,1.01E-2,1.11E+1,1.01E-2
69,95,164Tm,-8.96E+2,2.92E+1,4.03E+3,2.50E+1,3.01E+3,2.50E+1,8.11E+3,1.52E-1,1.27E+1,1.52E-1
69,95,164Tm,-8.96E+2,2.92E+1,4.03E+3,2.50E+1,3.01E+3,2.50E+1,8.11E+3,1.52E-1,1.27E+1,1.52E-1
69,94,163Tm,-3.43E+3,1.60E+1,2.43E+3,3.00,1.41E+3,3.00,8.12E+3,3.37E-2,1.34E+1,3.37E-2
69,99,168Tm,2.67E+2,1.67,1.67E+3,1.68,6.54E+2,1.68,8.11E+3,1.00E-2,4.60,1.00E-2
69,98,167Tm,-1.95E+3,3.79,7.46E+2,1.26,-2.75E+2,1.26,8.12E+3,7.50E-3,7.57,7.50E-3
69,109,178Tm,5.43E+3,3.00E+2,-3.98E+3,6.67E+2,-5.00E+3,6.67E+2,8.01E+3,2.00,-1.94E-2,2.00
69,108,177Tm,3.41E+3,2.00E+2,-4.71E+3,5.41E+2,-5.73E+3,5.41E+2,8.03E+3,1.00,1.29,1.00
69,108,177Tm,3.41E+3,2.00E+2,-4.71E+3,5.41E+2,-5.73E+3,5.41E+2,8.03E+3,1.00,1.29,1.00
69,105,174Tm,3.08E+3,4.47E+1,-1.91E+3,3.01E+2,-2.93E+3,3.01E+2,8.07E+3,2.57E-1,-1.96,2.57E-1
69,105,174Tm,3.08E+3,4.47E+1,-1.91E+3,3.01E+2,-2.93E+3,3.01E+2,8.07E+3,2.57E-1,-1.96,2.57E-1
69,104,173Tm,1.29E+3,4.40,-2.60E+3,1.96E+2,-3.62E+3,1.96E+2,8.08E+3,2.54E-2,4.30E-1,2.54E-2
69,107,176Tm,4.12E+3,1.00E+2,-2.74E+3,4.13E+2,-3.76E+3,4.13E+2,8.04E+3,5.68E-1,-6.88E-1,5.68E-1
69,106,175Tm,2.38E+3,5.00E+1,-3.65E+3,4.04E+2,-4.68E+3,4.04E+2,8.06E+3,2.85E-1,4.90E-1,2.85E-1
69,101,170Tm,9.68E+2,7.31E-1,3.12E+2,1.78,-7.09E+2,1.78,8.10E+3,4.30E-3,9.96E-1,4.30E-3
69,100,169Tm,-8.99E+2,7.56E-1,-3.53E+2,7.72E-1,-1.37E+3,7.72E-1,8.11E+3,4.40E-3,4.65,4.40E-3
69,103,172Tm,1.88E+3,5.48,-8.90E+2,4.54,-1.91E+3,4.54,8.09E+3,3.19E-2,-1.58,3.19E-2
69,102,171Tm,9.65E+1,9.71E-1,-1.49E+3,1.07,-2.51E+3,1.07,8.10E+3,5.70E-3,2.04,5.70E-3
69,112,181Tm,5.64E+3,5.82E+2,,,,,7.96E+3,3.00,6.30,3.00
69,111,180Tm,6.55E+3,5.00E+2,-4.99E+3,6.40E+2,-6.01E+3,6.40E+2,7.98E+3,2.00,3.54,2.00
69,110,179Tm,4.73E+3,4.47E+2,-5.82E+3,6.40E+2,-6.84E+3,6.40E+2,8.00E+3,2.00,3.23,2.00
70,79,149Yb,,,1.06E+4,3.61E+2,9.58E+3,3.61E+2,7.92E+3,2.00,-2.88E+1,2.00
70,89,159Yb,-6.12E+3,4.15E+1,4.73E+3,3.30E+1,3.71E+3,3.30E+1,8.07E+3,1.10E-1,7.16,1.10E-1
70,86,156Yb,-9.56E+3,5.49E+1,3.56E+3,1.25E+1,2.54E+3,1.25E+1,8.06E+3,5.97E-2,-6.71,5.97E-2
70,85,155Yb,-7.95E+3,2.54E+1,6.12E+3,1.93E+1,5.10E+3,1.93E+1,8.04E+3,1.07E-1,-1.07E+1,1.07E-1
70,88,158Yb,-8.79E+3,1.68E+1,2.69E+3,2.64E+1,1.67E+3,2.64E+1,8.07E+3,5.05E-2,1.67,5.05E-2
70,87,157Yb,-6.98E+3,1.42E+1,5.28E+3,2.99E+1,4.26E+3,2.99E+1,8.06E+3,6.95E-2,-1.88E-1,6.95E-2
70,82,152Yb,-1.28E+4,2.46E+2,5.44E+3,1.39E+2,4.42E+3,1.39E+2,8.01E+3,9.84E-1,-3.40E+1,9.84E-1
70,81,151Yb,-1.12E+4,4.25E+2,9.22E+3,3.00E+2,8.20E+3,3.00E+2,7.98E+3,1.99,-3.22E+1,1.99
70,81,151Yb,-1.12E+4,4.25E+2,9.22E+3,3.00E+2,8.20E+3,3.00E+2,7.98E+3,1.99,-3.22E+1,1.99
70,84,154Yb,-1.02E+4,2.01E+2,4.49E+3,1.39E+1,3.47E+3,1.39E+1,8.03E+3,1.12E-1,-1.79E+1,1.12E-1
70,83,153Yb,-8.78E+3,2.50E+2,6.81E+3,2.01E+2,5.79E+3,2.01E+2,8.02E+3,1.00,-2.57E+1,1.00
70,80,150Yb,-1.40E+4,4.24E+2,7.66E+3,3.58E+2,6.63E+3,3.58E+2,7.96E+3,2.00,-3.23E+1,2.00
70,97,167Yb,-3.06E+3,3.74E+1,1.95E+3,3.79,9.31E+2,3.79,8.10E+3,2.37E-2,1.02E+1,2.37E-2
70,96,166Yb,-5.57E+3,3.06E+1,2.92E+2,1.35E+1,-7.29E+2,1.35E+1,8.11E+3,4.22E-2,1.04E+1,4.22E-2
70,99,169Yb,-2.29E+3,3.00,8.99E+2,7.56E-1,-1.22E+2,7.56E-1,8.10E+3,1.10E-3,6.88,1.10E-3
70,99,169Yb,-2.29E+3,3.00,8.99E+2,7.56E-1,-1.22E+2,7.56E-1,8.10E+3,1.10E-3,6.88,1.10E-3
70,98,168Yb,-4.50E+3,3.79E+1,-2.67E+2,1.67,-1.28E+3,1.67,8.11E+3,6.00E-4,8.23,6.00E-4
70,93,163Yb,-4.50E+3,3.17E+1,3.43E+3,1.60E+1,2.41E+3,1.60E+1,8.09E+3,9.27E-2,1.27E+1,9.27E-2
70,92,162Yb,-6.98E+3,7.65E+1,1.65E+3,3.01E+1,6.34E+2,3.01E+1,8.10E+3,9.32E-2,1.07E+1,9.32E-2
70,95,165Yb,-3.85E+3,3.54E+1,2.63E+3,2.65E+1,1.61E+3,2.65E+1,8.10E+3,1.60E-1,1.18E+1,1.60E-1
70,94,164Yb,-6.36E+3,3.17E+1,8.96E+2,2.92E+1,-1.25E+2,2.92E+1,8.10E+3,9.21E-2,1.13E+1,9.21E-2
70,91,161Yb,-5.27E+3,3.17E+1,4.06E+3,3.17E+1,3.04E+3,3.17E+1,8.09E+3,9.38E-2,1.10E+1,9.38E-2
70,90,160Yb,-7.89E+3,5.70E+1,2.13E+3,3.31E+1,1.11E+3,3.31E+1,8.09E+3,3.43E-2,7.60,3.43E-2
70,101,171Yb,-1.47E+3,1.86,-9.65E+1,9.71E-1,-1.11E+3,9.71E-1,8.09E+3,3.00E-4,4.06,3.00E-4
70,100,170Yb,-3.45E+3,1.68E+1,-9.68E+2,7.31E-1,-1.99E+3,7.31E-1,8.10E+3,3.00E-4,6.12,3.00E-4
70,112,182Yb,2.87E+3,4.47E+2,-7.41E+3,6.40E+2,-8.43E+3,6.40E+2,7.98E+3,2.00,4.54,2.00
70,111,181Yb,3.70E+3,3.24E+2,-5.64E+3,5.82E+2,-6.67E+3,5.82E+2,7.99E+3,2.00,2.33,2.00
70,110,180Yb,1.95E+3,3.08E+2,-6.55E+3,5.00E+2,-7.57E+3,5.00E+2,8.01E+3,2.00,1.45,2.00
70,105,175Yb,4.70E+2,1.20,-2.38E+3,5.00E+1,-3.40E+3,5.00E+1,8.07E+3,5.00E-4,3.34E-2,5.00E-4
70,104,174Yb,-1.37E+3,1.56,-3.08E+3,4.47E+1,-4.10E+3,4.47E+1,8.08E+3,3.00E-4,1.61,3.00E-4
70,103,173Yb,-6.70E+2,1.56,-1.29E+3,4.40,-2.31E+3,4.40,8.08E+3,3.00E-4,9.42E-1,3.00E-4
70,102,172Yb,-2.51E+3,2.33,-1.88E+3,5.48,-2.90E+3,5.48,8.09E+3,3.00E-4,3.65,3.00E-4
70,109,179Yb,2.41E+3,2.00E+2,-4.73E+3,4.47E+2,-5.76E+3,4.47E+2,8.02E+3,1.00,-3.03E-1,1.00
70,108,178Yb,6.60E+2,6.96,-5.43E+3,3.00E+2,-6.45E+3,3.00E+2,8.04E+3,3.70E-2,6.56E-1,3.70E-2
70,107,177Yb,1.39E+3,1.24,-3.41E+3,2.00E+2,-4.43E+3,2.00E+2,8.04E+3,1.30E-3,9.83E-3,1.30E-3
70,107,177Yb,1.39E+3,1.24,-3.41E+3,2.00E+2,-4.43E+3,2.00E+2,8.04E+3,1.30E-3,9.83E-3,1.30E-3
70,106,176Yb,-1.08E+2,1.21,-4.12E+3,1.00E+2,-5.14E+3,1.00E+2,8.06E+3,3.00E-4,2.05,3.00E-4
70,106,176Yb,-1.08E+2,1.21,-4.12E+3,1.00E+2,-5.14E+3,1.00E+2,8.06E+3,3.00E-4,2.05,3.00E-4
70,115,185Yb,5.48E+3,5.83E+2,,,,,7.92E+3,3.00,6.22,3.00
70,114,184Yb,3.70E+3,5.41E+2,,,,,7.95E+3,3.00,5.88,3.00
70,113,183Yb,4.71E+3,4.08E+2,,,,,7.96E+3,2.00,5.10,2.00
71,102,173Lu,-1.46E+3,2.79E+1,6.70E+2,1.56,-3.51E+2,1.56,8.07E+3,9.10E-3,5.13,9.10E-3
71,101,172Lu,-3.33E+2,2.45E+1,2.51E+3,2.33,1.49E+3,2.33,8.07E+3,1.36E-2,5.00,1.36E-2
71,101,172Lu,-3.33E+2,2.45E+1,2.51E+3,2.33,1.49E+3,2.33,8.07E+3,1.36E-2,5.00,1.36E-2
71,104,175Lu,-6.83E+2,1.95,-4.70E+2,1.20,-1.49E+3,1.20,8.06E+3,6.90E-3,3.00,6.90E-3
71,103,174Lu,2.74E+2,2.16,1.37E+3,1.56,3.52E+2,1.56,8.07E+3,8.99E-3,1.85,8.99E-3
71,103,174Lu,2.74E+2,2.16,1.37E+3,1.56,3.52E+2,1.56,8.07E+3,8.99E-3,1.85,8.99E-3
71,106,177Lu,4.96E+2,7.92E-1,-1.39E+3,1.24,-2.41E+3,1.24,8.05E+3,6.90E-3,2.86,6.90E-3
71,106,177Lu,4.96E+2,7.92E-1,-1.39E+3,1.24,-2.41E+3,1.24,8.05E+3,6.90E-3,2.86,6.90E-3
71,105,176Lu,1.19E+3,8.74E-1,1.08E+2,1.21,-9.13E+2,1.21,8.05E+3,6.90E-3,4.22E-1,6.90E-3
71,105,176Lu,1.19E+3,8.74E-1,1.08E+2,1.21,-9.13E+2,1.21,8.05E+3,6.90E-3,4.22E-1,6.90E-3
71,108,179Lu,1.40E+3,5.06,-2.41E+3,2.00E+2,-3.44E+3,2.00E+2,8.03E+3,2.88E-2,1.87,2.88E-2
71,107,178Lu,2.09E+3,2.05,-6.60E+2,6.96,-1.68E+3,6.96,8.04E+3,1.27E-2,-1.50E-1,1.27E-2
71,107,178Lu,2.09E+3,2.05,-6.60E+2,6.96,-1.68E+3,6.96,8.04E+3,1.27E-2,-1.50E-1,1.27E-2
71,109,180Lu,3.10E+3,7.07E+1,-1.95E+3,3.08E+2,-2.97E+3,3.08E+2,8.02E+3,3.92E-1,-1.08,3.92E-1
71,111,182Lu,4.28E+3,2.00E+2,-2.87E+3,4.47E+2,-3.89E+3,4.47E+2,7.99E+3,1.00,8.14E-1,1.00
71,110,181Lu,2.60E+3,1.25E+2,-3.70E+3,3.24E+2,-4.73E+3,3.24E+2,8.01E+3,6.94E-1,2.36,6.94E-1
71,100,171Lu,-2.39E+3,2.89E+1,1.47E+3,1.86,4.56E+2,1.86,8.08E+3,1.09E-2,7.44,1.09E-2
71,100,171Lu,-2.39E+3,2.89E+1,1.47E+3,1.86,4.56E+2,1.86,8.08E+3,1.09E-2,7.44,1.09E-2
71,113,184Lu,5.19E+3,2.04E+2,-3.70E+3,5.41E+2,-4.72E+3,5.41E+2,7.96E+3,1.00,2.71,1.00
71,112,183Lu,3.56E+3,8.55E+1,-4.71E+3,4.08E+2,-5.73E+3,4.08E+2,7.98E+3,4.37E-1,3.75,4.37E-1
71,115,186Lu,6.10E+3,4.03E+2,,,,,7.93E+3,2.00,3.87,2.00
71,114,185Lu,4.35E+3,3.07E+2,-5.48E+3,5.83E+2,-6.50E+3,5.83E+2,7.95E+3,2.00,4.99,2.00
71,117,188Lu,7.00E+3,5.00E+2,,,,,7.90E+3,2.00,4.46,2.00
71,116,187Lu,5.23E+3,4.47E+2,,,,,7.92E+3,2.00,5.76,2.00
71,87,158Lu,-5.10E+3,1.49E+1,8.79E+3,1.68E+1,7.77E+3,1.68E+1,8.01E+3,9.56E-2,-3.62,9.56E-2
71,86,157Lu,-7.58E+3,2.01E+2,6.98E+3,1.42E+1,5.95E+3,1.42E+1,8.01E+3,7.69E-2,-8.30,7.69E-2
71,86,157Lu,-7.58E+3,2.01E+2,6.98E+3,1.42E+1,5.95E+3,1.42E+1,8.01E+3,7.69E-2,-8.30,7.69E-2
71,89,160Lu,-4.33E+3,5.76E+1,7.89E+3,5.70E+1,6.87E+3,5.70E+1,8.03E+3,3.55E-1,3.75,3.55E-1
71,89,160Lu,-4.33E+3,5.76E+1,7.89E+3,5.70E+1,6.87E+3,5.70E+1,8.03E+3,3.55E-1,3.75,3.55E-1
71,88,159Lu,-6.85E+3,4.12E+1,6.12E+3,4.15E+1,5.10E+3,4.15E+1,8.03E+3,2.36E-1,8.62E-1,2.36E-1
71,83,154Lu,-6.93E+3,3.61E+2,1.02E+4,2.01E+2,9.24E+3,2.01E+2,7.96E+3,1.00,-2.88E+1,1.00
71,83,154Lu,-6.93E+3,3.61E+2,1.02E+4,2.01E+2,9.24E+3,2.01E+2,7.96E+3,1.00,-2.88E+1,1.00
71,82,153Lu,-1.10E+4,3.35E+2,8.78E+3,2.50E+2,7.76E+3,2.50E+2,7.95E+3,9.80E-1,-3.72E+1,9.80E-1
71,85,156Lu,-5.88E+3,1.39E+2,9.56E+3,5.49E+1,8.54E+3,5.49E+1,7.99E+3,3.46E-1,-1.45E+1,3.46E-1
71,85,156Lu,-5.88E+3,1.39E+2,9.56E+3,5.49E+1,8.54E+3,5.49E+1,7.99E+3,3.46E-1,-1.45E+1,3.46E-1
71,84,155Lu,-8.23E+3,3.01E+2,7.95E+3,2.54E+1,6.93E+3,2.54E+1,7.98E+3,1.24E-1,-2.01E+1,1.24E-1
71,84,155Lu,-8.23E+3,3.01E+2,7.95E+3,2.54E+1,6.93E+3,2.54E+1,7.98E+3,1.24E-1,-2.01E+1,1.24E-1
71,81,152Lu,,,1.28E+4,2.46E+2,1.18E+4,2.46E+2,7.92E+3,1.00,-3.64E+1,1.00
71,80,151Lu,,,1.12E+4,4.25E+2,1.02E+4,4.25E+2,7.90E+3,2.00,-3.59E+1,2.00
71,80,151Lu,,,1.12E+4,4.25E+2,1.02E+4,4.25E+2,7.90E+3,2.00,-3.59E+1,2.00
71,98,169Lu,-3.36E+3,2.81E+1,2.29E+3,3.00,1.27E+3,3.00,8.08E+3,1.78E-2,9.34,1.78E-2
71,98,169Lu,-3.36E+3,2.81E+1,2.29E+3,3.00,1.27E+3,3.00,8.08E+3,1.78E-2,9.34,1.78E-2
71,97,168Lu,-1.71E+3,4.71E+1,4.50E+3,3.79E+1,3.48E+3,3.79E+1,8.08E+3,2.26E-1,9.67,2.26E-1
71,97,168Lu,-1.71E+3,4.71E+1,4.50E+3,3.79E+1,3.48E+3,3.79E+1,8.08E+3,2.26E-1,9.67,2.26E-1
71,99,170Lu,-1.05E+3,3.26E+1,3.45E+3,1.68E+1,2.43E+3,1.68E+1,8.08E+3,9.90E-2,7.26,9.90E-2
71,99,170Lu,-1.05E+3,3.26E+1,3.45E+3,1.68E+1,2.43E+3,1.68E+1,8.08E+3,9.90E-2,7.26,9.90E-2
71,94,165Lu,-4.80E+3,3.85E+1,3.85E+3,3.54E+1,2.83E+3,3.54E+1,8.07E+3,1.60E-1,1.15E+1,1.60E-1
71,93,164Lu,-2.82E+3,3.21E+1,6.36E+3,3.17E+1,5.34E+3,3.17E+1,8.06E+3,1.70E-1,1.15E+1,1.70E-1
71,96,167Lu,-4.05E+3,4.65E+1,3.06E+3,3.74E+1,2.04E+3,3.74E+1,8.08E+3,2.23E-1,1.13E+1,2.23E-1
71,96,167Lu,-4.05E+3,4.65E+1,3.06E+3,3.74E+1,2.04E+3,3.74E+1,8.08E+3,2.23E-1,1.13E+1,2.23E-1
71,95,166Lu,-2.16E+3,4.08E+1,5.57E+3,3.06E+1,4.55E+3,3.06E+1,8.07E+3,1.79E-1,1.21E+1,1.79E-1
71,95,166Lu,-2.16E+3,4.08E+1,5.57E+3,3.06E+1,4.55E+3,3.06E+1,8.07E+3,1.79E-1,1.21E+1,1.79E-1
71,95,166Lu,-2.16E+3,4.08E+1,5.57E+3,3.06E+1,4.55E+3,3.06E+1,8.07E+3,1.79E-1,1.21E+1,1.79E-1
71,90,161Lu,-6.24E+3,3.64E+1,5.27E+3,3.17E+1,4.24E+3,3.17E+1,8.05E+3,1.73E-1,6.41,1.73E-1
71,92,163Lu,-5.52E+3,3.79E+1,4.50E+3,3.17E+1,3.48E+3,3.17E+1,8.06E+3,1.71E-1,9.98,1.71E-1
71,91,162Lu,-3.66E+3,7.55E+1,6.98E+3,7.65E+1,5.96E+3,7.65E+1,8.05E+3,4.63E-1,8.18,4.63E-1
71,91,162Lu,-3.66E+3,7.55E+1,6.98E+3,7.65E+1,5.96E+3,7.65E+1,8.05E+3,4.63E-1,8.18,4.63E-1
71,91,162Lu,-3.66E+3,7.55E+1,6.98E+3,7.65E+1,5.96E+3,7.65E+1,8.05E+3,4.63E-1,8.18,4.63E-1
71,79,150Lu,,,1.40E+4,4.24E+2,1.30E+4,4.24E+2,7.86E+3,2.00,-3.48E+1,2.00
72,89,161Hf,-7.53E+3,3.37E+1,6.24E+3,3.64E+1,5.22E+3,3.64E+1,8.00E+3,1.45E-1,-1.00,1.45E-1
72,87,159Hf,-8.41E+3,2.58E+1,6.85E+3,4.12E+1,5.83E+3,4.12E+1,7.98E+3,1.05E-1,-9.83,1.05E-1
72,88,160Hf,-1.01E+4,5.51E+1,4.33E+3,5.76E+1,3.30E+3,5.76E+1,8.00E+3,5.96E-2,-7.05,5.96E-2
72,85,157Hf,-9.25E+3,2.50E+2,7.58E+3,2.01E+2,6.56E+3,2.01E+2,7.96E+3,1.00,-2.17E+1,1.00
72,86,158Hf,-1.09E+4,2.01E+2,5.10E+3,1.49E+1,4.08E+3,1.49E+1,7.98E+3,1.10E-1,-1.67E+1,1.10E-1
72,83,155Hf,-1.03E+4,4.24E+2,8.23E+3,3.01E+2,7.21E+3,3.01E+2,7.92E+3,2.00,-3.68E+1,2.00
72,84,156Hf,-1.18E+4,3.35E+2,5.88E+3,1.39E+2,4.85E+3,1.39E+2,7.95E+3,9.59E-1,-3.02E+1,9.59E-1
72,81,153Hf,,,1.10E+4,3.35E+2,1.00E+4,3.35E+2,7.88E+3,2.00,-4.41E+1,2.00
72,82,154Hf,,,6.93E+3,3.61E+2,5.91E+3,3.61E+2,7.91E+3,2.00,-4.55E+1,2.00
72,98,170Hf,-6.11E+3,3.95E+1,1.05E+3,3.26E+1,3.03E+1,3.26E+1,8.07E+3,1.64E-1,8.40,1.64E-1
72,99,171Hf,-3.71E+3,4.01E+1,2.39E+3,2.89E+1,1.37E+3,2.89E+1,8.06E+3,1.68E-1,8.34,1.68E-1
72,99,171Hf,-3.71E+3,4.01E+1,2.39E+3,2.89E+1,1.37E+3,2.89E+1,8.06E+3,1.68E-1,8.34,1.68E-1
72,96,168Hf,-6.96E+3,3.95E+1,1.71E+3,4.71E+1,6.90E+2,4.71E+1,8.06E+3,1.66E-1,8.85,1.66E-1
72,97,169Hf,-4.42E+3,3.95E+1,3.36E+3,2.81E+1,2.34E+3,2.81E+1,8.06E+3,1.65E-1,1.01E+1,1.65E-1
72,94,166Hf,-7.76E+3,3.95E+1,2.16E+3,4.08E+1,1.14E+3,4.08E+1,8.05E+3,1.68E-1,7.92,1.68E-1
72,95,167Hf,-5.11E+3,3.95E+1,4.05E+3,4.65E+1,3.03E+3,4.65E+1,8.05E+3,1.67E-1,1.01E+1,1.67E-1
72,92,164Hf,-8.53E+3,3.21E+1,2.82E+3,3.21E+1,1.80E+3,3.21E+1,8.04E+3,9.64E-2,4.96,9.64E-2
72,93,165Hf,-5.78E+3,3.10E+1,4.80E+3,3.85E+1,3.78E+3,3.85E+1,8.04E+3,1.69E-1,8.63,1.69E-1
72,90,162Hf,-9.38E+3,6.38E+1,3.66E+3,7.55E+1,2.64E+3,7.55E+1,8.02E+3,5.53E-2,1.24E-1,5.53E-2
72,91,163Hf,-6.73E+3,4.59E+1,5.52E+3,3.79E+1,4.50E+3,3.79E+1,8.02E+3,1.57E-1,4.88,1.57E-1
72,109,181Hf,1.03E+3,1.92,-2.60E+3,1.25E+2,-3.62E+3,1.25E+2,8.02E+3,7.90E-3,1.19,7.90E-3
72,108,180Hf,-8.45E+2,2.34,-3.10E+3,7.07E+1,-4.12E+3,7.07E+1,8.03E+3,7.90E-3,2.66,7.90E-3
72,108,180Hf,-8.45E+2,2.34,-3.10E+3,7.07E+1,-4.12E+3,7.07E+1,8.03E+3,7.90E-3,2.66,7.90E-3
72,107,179Hf,-1.05E+2,4.08E-1,-1.40E+3,5.06,-2.42E+3,5.06,8.03E+3,7.90E-3,2.45,7.90E-3
72,107,179Hf,-1.05E+2,4.08E-1,-1.40E+3,5.06,-2.42E+3,5.06,8.03E+3,7.90E-3,2.45,7.90E-3
72,107,179Hf,-1.05E+2,4.08E-1,-1.40E+3,5.06,-2.42E+3,5.06,8.03E+3,7.90E-3,2.45,7.90E-3
72,106,178Hf,-1.83E+3,5.20E+1,-2.09E+3,2.05,-3.11E+3,2.05,8.04E+3,8.00E-3,4.31,8.00E-3
72,106,178Hf,-1.83E+3,5.20E+1,-2.09E+3,2.05,-3.11E+3,2.05,8.04E+3,8.00E-3,4.31,8.00E-3
72,106,178Hf,-1.83E+3,5.20E+1,-2.09E+3,2.05,-3.11E+3,2.05,8.04E+3,8.00E-3,4.31,8.00E-3
72,105,177Hf,-1.16E+3,3.00,-4.96E+2,7.92E-1,-1.51E+3,7.92E-1,8.05E+3,8.00E-3,3.45,8.00E-3
72,105,177Hf,-1.16E+3,3.00,-4.96E+2,7.92E-1,-1.51E+3,7.92E-1,8.05E+3,8.00E-3,3.45,8.00E-3
72,105,177Hf,-1.16E+3,3.00,-4.96E+2,7.92E-1,-1.51E+3,7.92E-1,8.05E+3,8.00E-3,3.45,8.00E-3
72,104,176Hf,-3.21E+3,3.07E+1,-1.19E+3,8.74E-1,-2.21E+3,8.74E-1,8.06E+3,8.40E-3,4.91,8.40E-3
72,103,175Hf,-2.07E+3,2.80E+1,6.83E+2,1.95,-3.38E+2,1.95,8.06E+3,1.30E-2,5.04,1.30E-2
72,102,174Hf,-4.10E+3,2.80E+1,-2.74E+2,2.16,-1.29E+3,2.16,8.06E+3,1.30E-2,6.36,1.30E-2
72,101,173Hf,-3.01E+3,3.95E+1,1.46E+3,2.79E+1,4.47E+2,2.79E+1,8.06E+3,1.61E-1,6.26,1.61E-1
72,100,172Hf,-5.07E+3,3.71E+1,3.33E+2,2.45E+1,-6.88E+2,2.45E+1,8.07E+3,1.42E-1,7.59,1.42E-1
72,110,182Hf,3.81E+2,6.30,-4.28E+3,2.00E+2,-5.30E+3,2.00E+2,8.01E+3,3.39E-2,3.20,3.39E-2
72,110,182Hf,3.81E+2,6.30,-4.28E+3,2.00E+2,-5.30E+3,2.00E+2,8.01E+3,3.39E-2,3.20,3.39E-2
72,118,190Hf,3.92E+3,4.47E+2,,,,,7.90E+3,2.00,5.33,2.00
72,117,189Hf,4.80E+3,3.61E+2,,,,,7.91E+3,2.00,4.40,2.00
72,116,188Hf,3.08E+3,3.61E+2,-7.00E+3,5.00E+2,-8.03E+3,5.00E+2,7.93E+3,2.00,5.28,2.00
72,115,187Hf,3.89E+3,2.08E+2,-5.23E+3,4.47E+2,-6.25E+3,4.47E+2,7.94E+3,1.00,4.02,1.00
72,114,186Hf,2.18E+3,7.89E+1,-6.10E+3,4.03E+2,-7.12E+3,4.03E+2,7.96E+3,2.75E-1,5.37,2.75E-1
72,114,186Hf,2.18E+3,7.89E+1,-6.10E+3,4.03E+2,-7.12E+3,4.03E+2,7.96E+3,2.75E-1,5.37,2.75E-1
72,113,185Hf,3.07E+3,6.58E+1,-4.35E+3,3.07E+2,-5.38E+3,3.07E+2,7.97E+3,3.47E-1,4.02,3.47E-1
72,112,184Hf,1.34E+3,3.00E+1,-5.19E+3,2.04E+2,-6.22E+3,2.04E+2,7.99E+3,2.15E-1,4.60,2.15E-1
72,112,184Hf,1.34E+3,3.00E+1,-5.19E+3,2.04E+2,-6.22E+3,2.04E+2,7.99E+3,2.15E-1,4.60,2.15E-1
72,112,184Hf,1.34E+3,3.00E+1,-5.19E+3,2.04E+2,-6.22E+3,2.04E+2,7.99E+3,2.15E-1,4.60,2.15E-1
72,111,183Hf,2.01E+3,3.00E+1,-3.56E+3,8.55E+1,-4.58E+3,8.55E+1,8.00E+3,1.64E-1,2.08,1.64E-1
73,88,161Ta,-8.27E+3,2.02E+2,7.53E+3,3.37E+1,6.51E+3,3.37E+1,7.95E+3,1.51E-1,-9.20,1.51E-1
73,88,161Ta,-8.27E+3,2.02E+2,7.53E+3,3.37E+1,6.51E+3,3.37E+1,7.95E+3,1.51E-1,-9.20,1.51E-1
73,89,162Ta,-5.78E+3,6.33E+1,9.38E+3,6.38E+1,8.36E+3,6.38E+1,7.96E+3,3.90E-1,-5.04,3.90E-1
73,86,159Ta,-9.00E+3,3.01E+2,8.41E+3,2.58E+1,7.39E+3,2.58E+1,7.92E+3,1.23E-1,-1.97E+1,1.23E-1
73,86,159Ta,-9.00E+3,3.01E+2,8.41E+3,2.58E+1,7.39E+3,2.58E+1,7.92E+3,1.23E-1,-1.97E+1,1.23E-1
73,87,160Ta,-6.49E+3,1.39E+2,1.01E+4,5.51E+1,9.09E+3,5.51E+1,7.93E+3,3.39E-1,-1.48E+1,3.39E-1
73,87,160Ta,-6.49E+3,1.39E+2,1.01E+4,5.51E+1,9.09E+3,5.51E+1,7.93E+3,3.39E-1,-1.48E+1,3.39E-1
73,84,157Ta,-9.90E+3,4.27E+2,9.25E+3,2.50E+2,8.23E+3,2.50E+2,7.89E+3,9.55E-1,-3.38E+1,9.55E-1
73,85,158Ta,-7.42E+3,3.61E+2,1.09E+4,2.01E+2,9.96E+3,2.01E+2,7.90E+3,1.00,-2.65E+1,1.00
73,82,155Ta,,,1.03E+4,4.24E+2,9.30E+3,4.24E+2,7.85E+3,2.00,-5.05E+1,2.00
73,83,156Ta,,,1.18E+4,3.35E+2,1.07E+4,3.35E+2,7.87E+3,2.00,-4.23E+1,2.00
73,83,156Ta,,,1.18E+4,3.35E+2,1.07E+4,3.35E+2,7.87E+3,2.00,-4.23E+1,2.00
73,99,172Ta,-2.23E+3,3.95E+1,5.07E+3,3.71E+1,4.05E+3,3.71E+1,8.03E+3,1.62E-1,8.25,1.62E-1
73,97,170Ta,-2.84E+3,3.09E+1,6.11E+3,3.95E+1,5.09E+3,3.95E+1,8.03E+3,1.64E-1,9.30,1.64E-1
73,98,171Ta,-4.63E+3,3.95E+1,3.71E+3,4.01E+1,2.68E+3,4.01E+1,8.03E+3,1.63E-1,9.08,1.63E-1
73,95,168Ta,-3.50E+3,3.09E+1,6.96E+3,3.95E+1,5.94E+3,3.95E+1,8.01E+3,1.66E-1,8.70,1.66E-1
73,96,169Ta,-5.37E+3,3.19E+1,4.42E+3,3.95E+1,3.40E+3,3.95E+1,8.03E+3,1.65E-1,9.14,1.65E-1
73,93,166Ta,-4.21E+3,2.95E+1,7.76E+3,3.95E+1,6.73E+3,3.95E+1,8.00E+3,1.68E-1,6.22,1.68E-1
73,94,167Ta,-6.25E+3,3.36E+1,5.11E+3,3.95E+1,4.09E+3,3.95E+1,8.01E+3,1.67E-1,7.18,1.67E-1
73,91,164Ta,-5.04E+3,2.95E+1,8.53E+3,3.21E+1,7.51E+3,3.21E+1,7.98E+3,1.70E-1,1.39,1.70E-1
73,92,165Ta,-6.98E+3,2.91E+1,5.78E+3,3.10E+1,4.76E+3,3.10E+1,8.00E+3,8.23E-2,3.27,8.23E-2
73,90,163Ta,-7.62E+3,6.97E+1,6.73E+3,4.59E+1,5.71E+3,4.59E+1,7.98E+3,2.33E-1,-1.35,2.33E-1
73,108,181Ta,-2.05E+2,1.94,-1.03E+3,1.92,-2.05E+3,1.92,8.02E+3,8.69E-3,1.63,8.69E-3
73,107,180Ta,7.02E+2,2.35,8.45E+2,2.34,-1.76E+2,2.34,8.02E+3,1.15E-2,9.38E-1,1.15E-2
73,107,180Ta,7.02E+2,2.35,8.45E+2,2.34,-1.76E+2,2.34,8.02E+3,1.15E-2,9.38E-1,1.15E-2
73,109,182Ta,1.81E+3,1.52,-3.81E+2,6.30,-1.40E+3,6.30,8.01E+3,8.69E-3,-2.98E-1,8.69E-3
73,109,182Ta,1.81E+3,1.52,-3.81E+2,6.30,-1.40E+3,6.30,8.01E+3,8.69E-3,-2.98E-1,8.69E-3
73,109,182Ta,1.81E+3,1.52,-3.81E+2,6.30,-1.40E+3,6.30,8.01E+3,8.69E-3,-2.98E-1,8.69E-3
73,104,177Ta,-2.01E+3,2.81E+1,1.16E+3,3.00,1.44E+2,3.00,8.04E+3,1.87E-2,6.07,1.87E-2
73,103,176Ta,-7.23E+2,4.15E+1,3.21E+3,3.07E+1,2.18E+3,3.07E+1,8.03E+3,1.74E-1,6.03,1.74E-1
73,106,179Ta,-1.06E+3,1.45E+1,1.05E+2,4.08E-1,-9.16E+2,4.08E-1,8.03E+3,8.20E-3,4.25,8.20E-3
73,105,178Ta,-1.91E+2,5.00E+1,1.83E+3,5.20E+1,8.15E+2,5.20E+1,8.03E+3,0.0,2.70,0.0
73,105,178Ta,-1.91E+2,5.00E+1,1.83E+3,5.20E+1,8.15E+2,5.20E+1,8.03E+3,0.0,2.70,0.0
73,105,178Ta,-1.91E+2,5.00E+1,1.83E+3,5.20E+1,8.15E+2,5.20E+1,8.03E+3,0.0,2.70,0.0
73,100,173Ta,-3.66E+3,3.95E+1,3.01E+3,3.95E+1,1.99E+3,3.95E+1,8.04E+3,1.61E-1,8.64,1.61E-1
73,102,175Ta,-2.77E+3,3.95E+1,2.07E+3,2.80E+1,1.05E+3,2.80E+1,8.04E+3,1.59E-1,7.50,1.59E-1
73,101,174Ta,-1.51E+3,3.95E+1,4.10E+3,2.80E+1,3.08E+3,2.80E+1,8.04E+3,1.60E-1,7.10,1.60E-1
73,121,194Ta,7.28E+3,5.83E+2,,,,,7.86E+3,3.00,-2.98,3.00
73,120,193Ta,5.38E+3,4.47E+2,,,,,7.88E+3,2.00,-3.27E-1,2.00
73,119,192Ta,6.52E+3,4.47E+2,,,,,7.89E+3,2.00,-3.79E-1,2.00
73,118,191Ta,4.65E+3,3.03E+2,,,,,7.91E+3,2.00,2.17,2.00
73,115,188Ta,4.75E+3,2.00E+2,-3.08E+3,3.61E+2,-4.10E+3,3.61E+2,7.94E+3,1.00,1.52,1.00
73,115,188Ta,4.75E+3,2.00E+2,-3.08E+3,3.61E+2,-4.10E+3,3.61E+2,7.94E+3,1.00,1.52,1.00
73,114,187Ta,3.00E+3,5.59E+1,-3.89E+3,2.08E+2,-4.91E+3,2.08E+2,7.96E+3,2.98E-1,3.42,2.98E-1
73,114,187Ta,3.00E+3,5.59E+1,-3.89E+3,2.08E+2,-4.91E+3,2.08E+2,7.96E+3,2.98E-1,3.42,2.98E-1
73,114,187Ta,3.00E+3,5.59E+1,-3.89E+3,2.08E+2,-4.91E+3,2.08E+2,7.96E+3,2.98E-1,3.42,2.98E-1
73,117,190Ta,5.64E+3,2.03E+2,-3.92E+3,4.47E+2,-4.94E+3,4.47E+2,7.92E+3,1.00,8.46E-1,1.00
73,116,189Ta,3.85E+3,2.83E+2,-4.80E+3,3.61E+2,-5.83E+3,3.61E+2,7.93E+3,1.00,3.22,1.00
73,111,184Ta,2.86E+3,2.60E+1,-1.34E+3,3.00E+1,-2.36E+3,3.00E+1,7.99E+3,1.41E-1,7.18E-1,1.41E-1
73,110,183Ta,1.07E+3,1.54,-2.01E+3,3.00E+1,-3.03E+3,3.00E+1,8.00E+3,8.69E-3,2.01,8.69E-3
73,113,186Ta,3.90E+3,6.00E+1,-2.18E+3,7.89E+1,-3.20E+3,7.89E+1,7.97E+3,3.22E-1,1.62,3.22E-1
73,113,186Ta,3.90E+3,6.00E+1,-2.18E+3,7.89E+1,-3.20E+3,7.89E+1,7.97E+3,3.22E-1,1.62,3.22E-1
73,113,186Ta,3.90E+3,6.00E+1,-2.18E+3,7.89E+1,-3.20E+3,7.89E+1,7.97E+3,3.22E-1,1.62,3.22E-1
73,112,185Ta,1.99E+3,1.41E+1,-3.07E+3,6.58E+1,-4.09E+3,6.58E+1,7.98E+3,7.65E-2,2.85,7.65E-2
74,117,191W,3.17E+3,4.31E+1,-4.65E+3,3.03E+2,-5.67E+3,3.03E+2,7.93E+3,2.19E-1,-7.90E-1,2.19E-1
74,118,192W,1.96E+3,2.12E+2,-6.52E+3,4.47E+2,-7.54E+3,4.47E+2,7.92E+3,1.00,-1.69,1.00
74,119,193W,4.04E+3,2.04E+2,-5.38E+3,4.47E+2,-6.40E+3,4.47E+2,7.90E+3,1.00,-2.87,1.00
74,113,187W,1.31E+3,1.12,-3.00E+3,5.59E+1,-4.03E+3,5.59E+1,7.97E+3,6.50E-3,4.91E-1,6.50E-3
74,114,188W,3.49E+2,3.00,-4.75E+3,2.00E+2,-5.77E+3,2.00E+2,7.96E+3,1.64E-2,1.13,1.64E-2
74,115,189W,2.17E+3,2.00E+2,-3.85E+3,2.83E+2,-4.87E+3,2.83E+2,7.95E+3,1.00,5.36E-1,1.00
74,116,190W,1.21E+3,3.55E+1,-5.64E+3,2.03E+2,-6.67E+3,2.03E+2,7.94E+3,1.86E-1,1.03E-1,1.86E-1
74,110,184W,-1.48E+3,4.19,-2.86E+3,2.60E+1,-3.88E+3,2.60E+1,8.00E+3,4.00E-3,1.31,4.00E-3
74,111,185W,4.31E+2,6.61E-1,-1.99E+3,1.41E+1,-3.01E+3,1.41E+1,7.99E+3,4.00E-3,7.51E-1,4.00E-3
74,111,185W,4.31E+2,6.61E-1,-1.99E+3,1.41E+1,-3.01E+3,1.41E+1,7.99E+3,4.00E-3,7.51E-1,4.00E-3
74,112,186W,-5.81E+2,1.23,-3.90E+3,6.00E+1,-4.92E+3,6.00E+1,7.98E+3,6.50E-3,1.24,6.50E-3
74,120,194W,2.85E+3,3.61E+2,-7.28E+3,5.83E+2,-8.30E+3,5.83E+2,7.89E+3,2.00,-4.53,2.00
74,121,195W,4.82E+3,4.24E+2,,,,,7.88E+3,2.00,-5.85,2.00
74,122,196W,3.62E+3,5.00E+2,,,,,7.87E+3,2.00,-7.74,2.00
74,123,197W,5.48E+3,5.00E+2,,,,,7.85E+3,2.00,-9.11,2.00
74,106,180W,-3.79E+3,2.14E+1,-7.02E+2,2.35,-1.72E+3,2.35,8.02E+3,8.00E-3,3.76,8.00E-3
74,107,181W,-1.71E+3,1.26E+1,2.05E+2,1.94,-8.16E+2,1.94,8.01E+3,8.00E-3,1.88,8.00E-3
74,108,182W,-2.80E+3,1.01E+2,-1.81E+3,1.52,-2.83E+3,1.52,8.01E+3,4.10E-3,1.27,4.10E-3
74,109,183W,-5.56E+2,8.00,-1.07E+3,1.54,-2.09E+3,1.54,8.00E+3,4.10E-3,1.53E-1,4.10E-3
74,109,183W,-5.56E+2,8.00,-1.07E+3,1.54,-2.09E+3,1.54,8.00E+3,4.10E-3,1.53E-1,4.10E-3
74,102,176W,-5.57E+3,3.95E+1,7.23E+2,4.15E+1,-2.98E+2,4.15E+1,8.03E+3,1.58E-1,6.55,1.58E-1
74,103,177W,-3.43E+3,3.95E+1,2.01E+3,2.81E+1,9.91E+2,2.81E+1,8.02E+3,1.57E-1,6.12,1.57E-1
74,104,178W,-4.75E+3,3.18E+1,1.91E+2,5.00E+1,-8.30E+2,5.00E+1,8.02E+3,8.54E-2,5.72,8.54E-2
74,105,179W,-2.71E+3,2.68E+1,1.06E+3,1.45E+1,4.02E+1,1.45E+1,8.02E+3,8.14E-2,4.19,8.14E-2
74,105,179W,-2.71E+3,2.68E+1,1.06E+3,1.45E+1,4.02E+1,1.45E+1,8.02E+3,8.14E-2,4.19,8.14E-2
74,100,174W,-6.55E+3,3.95E+1,1.51E+3,3.95E+1,4.91E+2,3.95E+1,8.02E+3,1.60E-1,6.69,1.60E-1
74,101,175W,-4.34E+3,3.95E+1,2.77E+3,3.95E+1,1.75E+3,3.95E+1,8.02E+3,1.59E-1,6.47,1.59E-1
74,89,163W,-8.90E+3,6.12E+1,7.62E+3,6.97E+1,6.60E+3,6.97E+1,7.93E+3,3.58E-1,-1.07E+1,3.58E-1
74,88,162W,-1.15E+4,2.01E+2,5.78E+3,6.33E+1,4.76E+3,6.33E+1,7.92E+3,1.09E-1,-1.74E+1,1.09E-1
74,87,161W,-9.66E+3,2.50E+2,8.27E+3,2.02E+2,7.25E+3,2.02E+2,7.90E+3,1.00,-2.14E+1,1.00
74,86,160W,-1.24E+4,3.35E+2,6.49E+3,1.39E+2,5.47E+3,1.39E+2,7.89E+3,9.36E-1,-2.98E+1,9.36E-1
74,85,159W,-1.06E+4,4.27E+2,9.00E+3,3.01E+2,7.98E+3,3.01E+2,7.86E+3,2.00,-3.47E+1,2.00
74,84,158W,,,7.42E+3,3.61E+2,6.40E+3,3.61E+2,7.85E+3,2.00,-4.31E+1,2.00
74,83,157W,,,9.90E+3,4.27E+2,8.88E+3,4.27E+2,7.82E+3,3.00,-5.09E+1,3.00
74,99,173W,-5.17E+3,3.95E+1,3.66E+3,3.95E+1,2.64E+3,3.95E+1,8.01E+3,1.61E-1,7.13,1.61E-1
74,98,172W,-7.53E+3,4.52E+1,2.23E+3,3.95E+1,1.21E+3,3.95E+1,8.02E+3,1.62E-1,6.35,1.62E-1
74,97,171W,-5.83E+3,3.95E+1,4.63E+3,3.95E+1,3.61E+3,3.95E+1,8.00E+3,1.63E-1,7.36,1.63E-1
74,96,170W,-8.38E+3,1.74E+1,2.84E+3,3.09E+1,1.82E+3,3.09E+1,8.00E+3,7.76E-2,5.12,7.76E-2
74,95,169W,-6.50E+3,1.91E+1,5.37E+3,3.19E+1,4.35E+3,3.19E+1,7.99E+3,9.13E-2,5.74,9.13E-2
74,94,168W,-9.09E+3,3.35E+1,3.50E+3,3.09E+1,2.47E+3,3.09E+1,7.99E+3,7.89E-2,2.30,7.89E-2
74,93,167W,-7.25E+3,4.40E+1,6.25E+3,3.36E+1,5.23E+3,3.36E+1,7.97E+3,1.12E-1,2.79,1.12E-1
74,92,166W,-1.00E+4,8.87E+1,4.21E+3,2.95E+1,3.18E+3,2.95E+1,7.97E+3,5.70E-2,-2.27,5.70E-2
74,91,165W,-8.20E+3,3.49E+1,6.98E+3,2.91E+1,5.96E+3,2.91E+1,7.95E+3,1.56E-1,-3.22,1.56E-1
74,90,164W,-1.07E+4,5.54E+1,5.04E+3,2.95E+1,4.02E+3,2.95E+1,7.95E+3,5.90E-2,-8.62,5.90E-2
75,118,193Re,3.16E+3,3.91E+1,-4.04E+3,2.04E+2,-5.06E+3,2.04E+2,7.92E+3,2.02E-1,-4.62,2.02E-1
75,119,194Re,5.17E+3,2.00E+2,-2.85E+3,3.61E+2,-3.87E+3,3.61E+2,7.90E+3,1.00,-6.41,1.00
75,119,194Re,5.17E+3,2.00E+2,-2.85E+3,3.61E+2,-3.87E+3,3.61E+2,7.90E+3,1.00,-6.41,1.00
75,119,194Re,5.17E+3,2.00E+2,-2.85E+3,3.61E+2,-3.87E+3,3.61E+2,7.90E+3,1.00,-6.41,1.00
75,116,191Re,2.04E+3,1.02E+1,-3.17E+3,4.31E+1,-4.19E+3,4.31E+1,7.94E+3,5.37E-2,-2.23,5.37E-2
75,117,192Re,4.29E+3,7.08E+1,-1.96E+3,2.12E+2,-2.99E+3,2.12E+2,7.93E+3,3.68E-1,-3.98,3.68E-1
75,110,185Re,-1.01E+3,4.19E-1,-4.31E+2,6.61E-1,-1.45E+3,6.61E-1,7.99E+3,4.40E-3,3.20E-1,4.40E-3
75,111,186Re,1.07E+3,8.33E-1,5.81E+2,1.23,-4.40E+2,1.23,7.98E+3,4.40E-3,-1.04,4.40E-3
75,111,186Re,1.07E+3,8.33E-1,5.81E+2,1.23,-4.40E+2,1.23,7.98E+3,4.40E-3,-1.04,4.40E-3
75,114,189Re,1.00E+3,8.16,-2.17E+3,2.00E+2,-3.19E+3,2.00E+2,7.96E+3,4.33E-2,-4.74E-1,4.33E-2
75,115,190Re,3.12E+3,4.78,-1.21E+3,3.55E+1,-2.23E+3,3.55E+1,7.94E+3,2.56E-2,-2.55,2.56E-2
75,115,190Re,3.12E+3,4.78,-1.21E+3,3.55E+1,-2.23E+3,3.55E+1,7.94E+3,2.56E-2,-2.55,2.56E-2
75,112,187Re,2.46,1.60E-3,-1.31E+3,1.12,-2.33E+3,1.12,7.97E+3,3.90E-3,-1.22E-2,3.90E-3
75,113,188Re,2.12E+3,1.52E-1,-3.49E+2,3.00,-1.37E+3,3.00,7.96E+3,3.90E-3,-1.47,3.90E-3
75,113,188Re,2.12E+3,1.52E-1,-3.49E+2,3.00,-1.37E+3,3.00,7.96E+3,3.90E-3,-1.47,3.90E-3
75,121,196Re,5.91E+3,3.03E+2,-3.62E+3,5.00E+2,-4.64E+3,5.00E+2,7.88E+3,2.00,-9.63,2.00
75,122,197Re,4.72E+3,3.61E+2,-5.48E+3,5.00E+2,-6.50E+3,5.00E+2,7.87E+3,2.00,-1.02E+1,2.00
75,120,195Re,3.95E+3,3.05E+2,-4.82E+3,4.24E+2,-5.84E+3,4.24E+2,7.90E+3,2.00,-6.72,2.00
75,123,198Re,6.61E+3,4.47E+2,,,,,7.86E+3,2.00,-1.32E+1,2.00
75,124,199Re,5.54E+3,4.47E+2,,,,,7.85E+3,2.00,-1.29E+1,2.00
75,107,182Re,-8.37E+2,1.04E+2,2.80E+3,1.01E+2,1.77E+3,1.01E+2,7.99E+3,5.60E-1,1.28,5.60E-1
75,107,182Re,-8.37E+2,1.04E+2,2.80E+3,1.01E+2,1.77E+3,1.01E+2,7.99E+3,5.60E-1,1.28,5.60E-1
75,108,183Re,-2.14E+3,5.04E+1,5.56E+2,8.00,-4.65E+2,8.00,8.00E+3,4.39E-2,2.73E-1,4.39E-2
75,105,180Re,-1.48E+3,2.65E+1,3.79E+3,2.14E+1,2.77E+3,2.14E+1,7.99E+3,1.18E-1,4.18,1.18E-1
75,106,181Re,-2.96E+3,2.82E+1,1.71E+3,1.26E+1,6.94E+2,1.26E+1,8.00E+3,6.93E-2,3.41,6.93E-2
75,109,184Re,3.27E+1,4.13,1.48E+3,4.19,4.63E+2,4.19,7.99E+3,2.31E-2,-9.05E-1,2.31E-2
75,109,184Re,3.27E+1,4.13,1.48E+3,4.19,4.63E+2,4.19,7.99E+3,2.31E-2,-9.05E-1,2.31E-2
75,100,175Re,-5.18E+3,3.03E+1,4.34E+3,3.95E+1,3.32E+3,3.95E+1,7.99E+3,1.59E-1,6.88,1.59E-1
75,103,178Re,-2.10E+3,3.10E+1,4.75E+3,3.18E+1,3.73E+3,3.18E+1,7.99E+3,1.57E-1,6.21,1.57E-1
75,104,179Re,-3.56E+3,2.91E+1,2.71E+3,2.68E+1,1.68E+3,2.68E+1,8.00E+3,1.37E-1,6.14,1.37E-1
75,101,176Re,-2.93E+3,3.00E+1,5.57E+3,3.95E+1,4.55E+3,3.95E+1,7.99E+3,1.58E-1,6.24,1.58E-1
75,102,177Re,-4.31E+3,3.15E+1,3.43E+3,3.95E+1,2.41E+3,3.95E+1,8.00E+3,1.57E-1,6.82,1.57E-1
75,89,164Re,-7.04E+3,1.40E+2,1.07E+4,5.54E+1,9.74E+3,5.54E+1,7.88E+3,3.32E-1,-1.55E+1,3.32E-1
75,89,164Re,-7.04E+3,1.40E+2,1.07E+4,5.54E+1,9.74E+3,5.54E+1,7.88E+3,3.32E-1,-1.55E+1,3.32E-1
75,88,163Re,-9.66E+3,3.01E+2,8.90E+3,6.12E+1,7.88E+3,6.12E+1,7.87E+3,1.13E-1,-2.08E+1,1.13E-1
75,88,163Re,-9.66E+3,3.01E+2,8.90E+3,6.12E+1,7.88E+3,6.12E+1,7.87E+3,1.13E-1,-2.08E+1,1.13E-1
75,87,162Re,-7.95E+3,3.61E+2,1.15E+4,2.01E+2,1.05E+4,2.01E+2,7.84E+3,1.00,-2.69E+1,1.00
75,87,162Re,-7.95E+3,3.61E+2,1.15E+4,2.01E+2,1.05E+4,2.01E+2,7.84E+3,1.00,-2.69E+1,1.00
75,86,161Re,-1.06E+4,4.27E+2,9.66E+3,2.50E+2,8.64E+3,2.50E+2,7.83E+3,9.31E-1,-3.41E+1,9.31E-1
75,86,161Re,-1.06E+4,4.27E+2,9.66E+3,2.50E+2,8.64E+3,2.50E+2,7.83E+3,9.31E-1,-3.41E+1,9.31E-1
75,85,160Re,,,1.24E+4,3.35E+2,1.14E+4,3.35E+2,7.81E+3,2.00,-4.07E+1,2.00
75,84,159Re,,,1.06E+4,4.27E+2,9.60E+3,4.27E+2,7.79E+3,2.00,-4.84E+1,2.00
75,84,159Re,,,1.06E+4,4.27E+2,9.60E+3,4.27E+2,7.79E+3,2.00,-4.84E+1,2.00
75,99,174Re,-3.67E+3,2.97E+1,6.55E+3,3.95E+1,5.53E+3,3.95E+1,7.98E+3,1.60E-1,6.31,1.60E-1
75,98,173Re,-6.11E+3,3.16E+1,5.17E+3,3.95E+1,4.15E+3,3.95E+1,7.98E+3,1.61E-1,6.63,1.61E-1
75,97,172Re,-4.32E+3,3.77E+1,7.53E+3,4.52E+1,6.50E+3,4.52E+1,7.97E+3,2.06E-1,5.77,2.06E-1
75,97,172Re,-4.32E+3,3.77E+1,7.53E+3,4.52E+1,6.50E+3,4.52E+1,7.97E+3,2.06E-1,5.77,2.06E-1
75,96,171Re,-6.95E+3,3.33E+1,5.83E+3,3.95E+1,4.81E+3,3.95E+1,7.96E+3,1.63E-1,4.82,1.63E-1
75,95,170Re,-4.97E+3,1.50E+1,8.38E+3,1.74E+1,7.36E+3,1.74E+1,7.95E+3,6.72E-2,3.51,6.72E-2
75,95,170Re,-4.97E+3,1.50E+1,8.38E+3,1.74E+1,7.36E+3,1.74E+1,7.95E+3,6.72E-2,3.51,6.72E-2
75,94,169Re,-7.68E+3,2.83E+1,6.50E+3,1.91E+1,5.48E+3,1.91E+1,7.95E+3,6.73E-2,1.03,6.73E-2
75,94,169Re,-7.68E+3,2.83E+1,6.50E+3,1.91E+1,5.48E+3,1.91E+1,7.95E+3,6.73E-2,1.03,6.73E-2
75,93,168Re,-5.79E+3,3.23E+1,9.09E+3,3.35E+1,8.07E+3,3.35E+1,7.93E+3,1.83E-1,-1.38,1.83E-1
75,92,167Re,-8.33E+3,9.00E+1,7.25E+3,4.40E+1,6.23E+3,4.40E+1,7.92E+3,0.0,-4.24,0.0
75,92,167Re,-8.33E+3,9.00E+1,7.25E+3,4.40E+1,6.23E+3,4.40E+1,7.92E+3,0.0,-4.24,0.0
75,91,166Re,-6.40E+3,8.83E+1,1.00E+4,8.87E+1,9.02E+3,8.87E+1,7.90E+3,5.31E-1,-6.78,5.31E-1
75,90,165Re,-8.91E+3,2.02E+2,8.20E+3,3.49E+1,7.17E+3,3.49E+1,7.90E+3,1.43E-1,-1.07E+1,1.43E-1
75,90,165Re,-8.91E+3,2.02E+2,8.20E+3,3.49E+1,7.17E+3,3.49E+1,7.90E+3,1.43E-1,-1.07E+1,1.43E-1
76,90,166Os,-1.21E+4,2.01E+2,6.40E+3,8.83E+1,5.38E+3,8.83E+1,7.86E+3,1.08E-1,-1.86E+1,1.08E-1
76,91,167Os,-9.42E+3,8.29E+1,8.33E+3,9.00E+1,7.31E+3,9.00E+1,7.87E+3,4.84E-1,-1.21E+1,4.84E-1
76,92,168Os,-1.13E+4,5.60E+1,5.79E+3,3.23E+1,4.77E+3,3.23E+1,7.89E+3,5.89E-2,-1.03E+1,5.89E-2
76,93,169Os,-8.62E+3,3.48E+1,7.68E+3,2.83E+1,6.66E+3,2.83E+1,7.90E+3,1.53E-1,-4.72,1.53E-1
76,94,170Os,-1.07E+4,1.02E+2,4.97E+3,1.50E+1,3.95E+3,1.50E+1,7.92E+3,5.74E-2,-3.99,5.74E-2
76,95,171Os,-7.88E+3,4.25E+1,6.95E+3,3.33E+1,5.93E+3,3.33E+1,7.92E+3,1.06E-1,9.67E-1,1.06E-1
76,96,172Os,-9.86E+3,3.48E+1,4.32E+3,3.77E+1,3.30E+3,3.77E+1,7.94E+3,7.42E-2,5.01E-1,7.42E-2
76,97,173Os,-7.16E+3,1.82E+1,6.11E+3,3.16E+1,5.09E+3,3.16E+1,7.94E+3,8.64E-2,3.89,8.64E-2
76,98,174Os,-9.20E+3,1.52E+1,3.67E+3,2.97E+1,2.65E+3,2.97E+1,7.95E+3,5.89E-2,3.13,5.89E-2
76,99,175Os,-6.71E+3,1.70E+1,5.18E+3,3.03E+1,4.16E+3,3.03E+1,7.96E+3,6.73E-2,4.56,6.73E-2
76,85,161Os,,,1.06E+4,4.27E+2,9.62E+3,4.27E+2,7.76E+3,2.00,-4.90E+1,2.00
76,86,162Os,,,7.95E+3,3.61E+2,6.93E+3,3.61E+2,7.79E+3,2.00,-4.31E+1,2.00
76,87,163Os,-1.10E+4,5.00E+2,9.66E+3,3.01E+2,8.64E+3,3.01E+2,7.80E+3,2.00,-3.50E+1,2.00
76,88,164Os,-1.29E+4,3.50E+2,7.04E+3,1.40E+2,6.02E+3,1.40E+2,7.83E+3,9.14E-1,-3.03E+1,9.14E-1
76,89,165Os,-1.01E+4,2.55E+2,8.91E+3,2.02E+2,7.89E+3,2.02E+2,7.84E+3,1.00,-2.25E+1,1.00
76,126,202Os,4.11E+3,5.00E+2,,,,,7.83E+3,2.00,-2.03E+1,2.00
76,127,203Os,7.10E+3,5.65E+2,,,,,7.81E+3,2.00,-1.51E+1,2.00
76,120,196Os,1.15E+3,5.54E+1,-5.91E+3,3.03E+2,-6.93E+3,3.03E+2,7.91E+3,2.04E-1,-1.19E+1,2.04E-1
76,121,197Os,3.18E+3,2.01E+2,-4.72E+3,3.61E+2,-5.75E+3,3.61E+2,7.89E+3,1.00,-1.33E+1,1.00
76,122,198Os,2.11E+3,2.83E+2,-6.61E+3,4.47E+2,-7.63E+3,4.47E+2,7.89E+3,1.00,-1.46E+1,1.00
76,123,199Os,4.12E+3,2.04E+2,-5.54E+3,4.47E+2,-6.56E+3,4.47E+2,7.87E+3,1.00,-1.63E+1,1.00
76,124,200Os,3.02E+3,3.58E+2,,,,,7.86E+3,1.00,-1.89E+1,1.00
76,125,201Os,5.00E+3,3.61E+2,,,,,7.84E+3,1.00,-1.96E+1,1.00
76,115,191Os,3.13E+2,1.14,-2.04E+3,1.02E+1,-3.06E+3,1.02E+1,7.95E+3,3.50E-3,-4.14,3.50E-3
76,115,191Os,3.13E+2,1.14,-2.04E+3,1.02E+1,-3.06E+3,1.02E+1,7.95E+3,3.50E-3,-4.14,3.50E-3
76,116,192Os,-1.04E+3,2.39,-4.29E+3,7.08E+1,-5.31E+3,7.08E+1,7.94E+3,1.21E-2,-6.22,1.21E-2
76,116,192Os,-1.04E+3,2.39,-4.29E+3,7.08E+1,-5.31E+3,7.08E+1,7.94E+3,1.21E-2,-6.22,1.21E-2
76,117,193Os,1.14E+3,2.40,-3.16E+3,3.91E+1,-4.18E+3,3.91E+1,7.93E+3,1.20E-2,-8.02,1.20E-2
76,118,194Os,9.66E+1,2.00,-5.17E+3,2.00E+2,-6.19E+3,2.00E+2,7.93E+3,1.24E-2,-9.39,1.24E-2
76,119,195Os,2.18E+3,5.59E+1,-3.95E+3,3.05E+2,-4.97E+3,3.05E+2,7.91E+3,2.86E-1,-1.04E+1,2.86E-1
76,119,195Os,2.18E+3,5.59E+1,-3.95E+3,3.05E+2,-4.97E+3,3.05E+2,7.91E+3,2.86E-1,-1.04E+1,2.86E-1
76,110,186Os,-3.82E+3,1.65E+1,-1.07E+3,8.33E-1,-2.09E+3,8.33E-1,7.98E+3,4.10E-3,3.62E-1,4.10E-3
76,111,187Os,-1.66E+3,2.79E+1,-2.46,1.60E-3,-1.02E+3,1.60E-3,7.97E+3,3.90E-3,-1.50E-1,3.90E-3
76,112,188Os,-2.79E+3,9.41,-2.12E+3,1.52E-1,-3.14E+3,1.52E-1,7.97E+3,3.90E-3,-1.07,3.90E-3
76,113,189Os,-5.37E+2,1.25E+1,-1.00E+3,8.16,-2.02E+3,8.16,7.96E+3,3.50E-3,-1.37,3.50E-3
76,113,189Os,-5.37E+2,1.25E+1,-1.00E+3,8.16,-2.02E+3,8.16,7.96E+3,3.50E-3,-1.37,3.50E-3
76,114,190Os,-1.95E+3,1.21,-3.12E+3,4.78,-4.14E+3,4.78,7.96E+3,3.40E-3,-3.01,3.40E-3
76,114,190Os,-1.95E+3,1.21,-3.12E+3,4.78,-4.14E+3,4.78,7.96E+3,3.40E-3,-3.01,3.40E-3
76,104,180Os,-6.37E+3,2.68E+1,1.48E+3,2.65E+1,4.59E+2,2.65E+1,7.98E+3,8.73E-2,4.87,8.73E-2
76,105,181Os,-4.08E+3,2.58E+1,2.96E+3,2.82E+1,1.94E+3,2.82E+1,7.98E+3,1.40E-1,4.80,1.40E-1
76,105,181Os,-4.08E+3,2.58E+1,2.96E+3,2.82E+1,1.94E+3,2.82E+1,7.98E+3,1.40E-1,4.80,1.40E-1
76,106,182Os,-5.55E+3,3.02E+1,8.37E+2,1.04E+2,-1.84E+2,1.04E+2,7.98E+3,1.19E-1,3.46,1.19E-1
76,107,183Os,-3.46E+3,5.28E+1,2.14E+3,5.04E+1,1.12E+3,5.04E+1,7.98E+3,2.72E-1,2.16,2.72E-1
76,107,183Os,-3.46E+3,5.28E+1,2.14E+3,5.04E+1,1.12E+3,5.04E+1,7.98E+3,2.72E-1,2.16,2.72E-1
76,108,184Os,-4.64E+3,2.79E+1,-3.27E+1,4.13,-1.05E+3,4.13,7.98E+3,4.49E-3,1.39,4.49E-3
76,109,185Os,-2.47E+3,2.79E+1,1.01E+3,4.19E-1,-8.85,4.19E-1,7.98E+3,4.49E-3,9.20E-1,4.49E-3
76,100,176Os,-8.24E+3,1.36E+1,2.93E+3,3.00E+1,1.90E+3,3.00E+1,7.97E+3,6.22E-2,4.42,6.22E-2
76,101,177Os,-5.90E+3,2.45E+1,4.31E+3,3.15E+1,3.29E+3,3.15E+1,7.97E+3,8.26E-2,5.14,8.26E-2
76,102,178Os,-7.28E+3,2.32E+1,2.10E+3,3.10E+1,1.08E+3,3.10E+1,7.98E+3,7.66E-2,5.17,7.66E-2
76,103,179Os,-4.93E+3,1.83E+1,3.56E+3,2.91E+1,2.54E+3,2.91E+1,7.97E+3,8.66E-2,5.64,8.66E-2
77,123,200Ir,5.03E+3,1.97E+2,-3.02E+3,3.58E+2,-4.04E+3,3.58E+2,7.87E+3,1.00,-2.19E+1,1.00
77,124,201Ir,3.90E+3,2.06E+2,-5.00E+3,3.61E+2,-6.02E+3,3.61E+2,7.87E+3,1.00,-2.22E+1,1.00
77,121,198Ir,4.19E+3,2.00E+2,-2.11E+3,2.83E+2,-3.13E+3,2.83E+2,7.89E+3,1.00,-1.76E+1,1.00
77,122,199Ir,2.99E+3,4.10E+1,-4.12E+3,2.04E+2,-5.14E+3,2.04E+2,7.89E+3,2.06E-1,-1.88E+1,2.06E-1
77,120,197Ir,2.15E+3,2.01E+1,-3.18E+3,2.01E+2,-4.20E+3,2.01E+2,7.90E+3,1.02E-1,-1.44E+1,1.02E-1
77,120,197Ir,2.15E+3,2.01E+1,-3.18E+3,2.01E+2,-4.20E+3,2.01E+2,7.90E+3,1.02E-1,-1.44E+1,1.02E-1
77,127,204Ir,8.05E+3,4.47E+2,,,,,7.82E+3,2.00,-2.06E+1,2.00
77,128,205Ir,7.22E+3,5.83E+2,,,,,7.80E+3,2.00,-1.32E+1,2.00
77,125,202Ir,6.05E+3,3.01E+2,-4.11E+3,5.00E+2,-5.13E+3,5.00E+2,7.85E+3,1.00,-2.47E+1,1.00
77,126,203Ir,5.14E+3,4.47E+2,-7.10E+3,5.65E+2,-8.12E+3,5.65E+2,7.84E+3,2.00,-2.41E+1,2.00
77,112,189Ir,-1.98E+3,1.36E+1,5.37E+2,1.25E+1,-4.84E+2,1.25E+1,7.95E+3,6.65E-2,-6.17E-1,6.65E-2
77,113,190Ir,5.52E+2,1.28,1.95E+3,1.21,9.32E+2,1.21,7.94E+3,7.20E-3,-1.89,7.20E-3
77,113,190Ir,5.52E+2,1.28,1.95E+3,1.21,9.32E+2,1.21,7.94E+3,7.20E-3,-1.89,7.20E-3
77,113,190Ir,5.52E+2,1.28,1.95E+3,1.21,9.32E+2,1.21,7.94E+3,7.20E-3,-1.89,7.20E-3
77,110,187Ir,-2.86E+3,3.68E+1,1.66E+3,2.79E+1,6.47E+2,2.79E+1,7.96E+3,1.49E-1,2.01,1.49E-1
77,110,187Ir,-2.86E+3,3.68E+1,1.66E+3,2.79E+1,6.47E+2,2.79E+1,7.96E+3,1.49E-1,2.01,1.49E-1
77,111,188Ir,-5.23E+2,8.68,2.79E+3,9.41,1.77E+3,9.41,7.95E+3,5.01E-2,-1.21E-1,5.01E-2
77,118,195Ir,1.10E+3,1.26,-2.18E+3,5.59E+1,-3.20E+3,5.59E+1,7.92E+3,6.80E-3,-1.08E+1,6.80E-3
77,118,195Ir,1.10E+3,1.26,-2.18E+3,5.59E+1,-3.20E+3,5.59E+1,7.92E+3,6.80E-3,-1.08E+1,6.80E-3
77,119,196Ir,3.20E+3,3.84E+1,-1.15E+3,5.54E+1,-2.18E+3,5.54E+1,7.91E+3,1.96E-1,-1.39E+1,1.96E-1
77,119,196Ir,3.20E+3,3.84E+1,-1.15E+3,5.54E+1,-2.18E+3,5.54E+1,7.91E+3,1.96E-1,-1.39E+1,1.96E-1
77,116,193Ir,-5.66E+1,2.99E-1,-1.14E+3,2.40,-2.16E+3,2.40,7.93E+3,6.90E-3,-7.22,6.90E-3
77,116,193Ir,-5.66E+1,2.99E-1,-1.14E+3,2.40,-2.16E+3,2.40,7.93E+3,6.90E-3,-7.22,6.90E-3
77,117,194Ir,2.22E+3,1.25,-9.66E+1,2.00,-1.11E+3,2.00,7.92E+3,6.90E-3,-1.01E+1,6.90E-3
77,117,194Ir,2.22E+3,1.25,-9.66E+1,2.00,-1.11E+3,2.00,7.92E+3,6.90E-3,-1.01E+1,6.90E-3
77,114,191Ir,-1.01E+3,3.63,-3.13E+2,1.14,-1.33E+3,1.14,7.94E+3,6.90E-3,-3.37,6.90E-3
77,114,191Ir,-1.01E+3,3.63,-3.13E+2,1.14,-1.33E+3,1.14,7.94E+3,6.90E-3,-3.37,6.90E-3
77,114,191Ir,-1.01E+3,3.63,-3.13E+2,1.14,-1.33E+3,1.14,7.94E+3,6.90E-3,-3.37,6.90E-3
77,115,192Ir,1.45E+3,2.27,1.04E+3,2.39,2.46E+1,2.39,7.93E+3,6.80E-3,-5.39,6.80E-3
77,115,192Ir,1.45E+3,2.27,1.04E+3,2.39,2.46E+1,2.39,7.93E+3,6.80E-3,-5.39,6.80E-3
77,115,192Ir,1.45E+3,2.27,1.04E+3,2.39,2.46E+1,2.39,7.93E+3,6.80E-3,-5.39,6.80E-3
77,101,178Ir,-4.25E+3,2.13E+1,7.28E+3,2.32E+1,6.26E+3,2.32E+1,7.93E+3,1.05E-1,5.34,1.05E-1
77,102,179Ir,-5.81E+3,1.26E+1,4.93E+3,1.83E+1,3.91E+3,1.83E+1,7.94E+3,5.46E-2,5.62,5.46E-2
77,100,177Ir,-6.67E+3,2.48E+1,5.90E+3,2.45E+1,4.88E+3,2.45E+1,7.93E+3,1.11E-1,5.13,1.11E-1
77,109,186Ir,-1.30E+3,2.73E+1,3.82E+3,1.65E+1,2.80E+3,1.65E+1,7.95E+3,8.88E-2,2.10,8.88E-2
77,109,186Ir,-1.30E+3,2.73E+1,3.82E+3,1.65E+1,2.80E+3,1.65E+1,7.95E+3,8.88E-2,2.10,8.88E-2
77,107,184Ir,-2.27E+3,3.15E+1,4.64E+3,2.79E+1,3.61E+3,2.79E+1,7.95E+3,1.51E-1,2.64,1.51E-1
77,108,185Ir,-3.64E+3,3.80E+1,2.47E+3,2.79E+1,1.44E+3,2.79E+1,7.96E+3,1.51E-1,2.62,1.51E-1
77,105,182Ir,-2.88E+3,2.47E+1,5.55E+3,3.02E+1,4.53E+3,3.02E+1,7.95E+3,1.15E-1,4.65,1.15E-1
77,106,183Ir,-4.42E+3,2.84E+1,3.46E+3,5.28E+1,2.43E+3,5.28E+1,7.96E+3,1.34E-1,4.33,1.34E-1
77,103,180Ir,-3.54E+3,2.39E+1,6.37E+3,2.68E+1,5.35E+3,2.68E+1,7.94E+3,1.20E-1,5.36,1.20E-1
77,104,181Ir,-5.08E+3,1.46E+1,4.08E+3,2.58E+1,3.06E+3,2.58E+1,7.95E+3,2.90E-2,5.32,2.90E-2
77,90,167Ir,-1.03E+4,3.07E+2,9.42E+3,8.29E+1,8.40E+3,8.29E+1,7.81E+3,1.09E-1,-2.21E+1,1.09E-1
77,90,167Ir,-1.03E+4,3.07E+2,9.42E+3,8.29E+1,8.40E+3,8.29E+1,7.81E+3,1.09E-1,-2.21E+1,1.09E-1
77,91,168Ir,-7.65E+3,1.40E+2,1.13E+4,5.60E+1,1.03E+4,5.60E+1,7.82E+3,3.28E-1,-1.69E+1,3.28E-1
77,91,168Ir,-7.65E+3,1.40E+2,1.13E+4,5.60E+1,1.03E+4,5.60E+1,7.82E+3,3.28E-1,-1.69E+1,3.28E-1
77,92,169Ir,-9.62E+3,2.02E+2,8.62E+3,3.48E+1,7.60E+3,3.48E+1,7.84E+3,1.37E-1,-1.29E+1,1.37E-1
77,92,169Ir,-9.62E+3,2.02E+2,8.62E+3,3.48E+1,7.60E+3,3.48E+1,7.84E+3,1.37E-1,-1.29E+1,1.37E-1
77,93,170Ir,-6.88E+3,1.02E+2,1.07E+4,1.02E+2,9.72E+3,1.02E+2,7.85E+3,1.00,-7.30,1.00
77,93,170Ir,-6.88E+3,1.02E+2,1.07E+4,1.02E+2,9.72E+3,1.02E+2,7.85E+3,1.00,-7.30,1.00
77,94,171Ir,-8.94E+3,8.96E+1,7.88E+3,4.25E+1,6.86E+3,4.25E+1,7.87E+3,2.24E-1,-5.28,2.24E-1
77,94,171Ir,-8.94E+3,8.96E+1,7.88E+3,4.25E+1,6.86E+3,4.25E+1,7.87E+3,2.24E-1,-5.28,2.24E-1
77,95,172Ir,-6.27E+3,3.40E+1,9.86E+3,3.48E+1,8.84E+3,3.48E+1,7.88E+3,1.88E-1,-2.03,1.88E-1
77,95,172Ir,-6.27E+3,3.40E+1,9.86E+3,3.48E+1,8.84E+3,3.48E+1,7.88E+3,1.88E-1,-2.03,1.88E-1
77,96,173Ir,-8.33E+3,6.43E+1,7.16E+3,1.82E+1,6.14E+3,1.82E+1,7.89E+3,6.09E-2,-4.29E-1,6.09E-2
77,96,173Ir,-8.33E+3,6.43E+1,7.16E+3,1.82E+1,6.14E+3,1.82E+1,7.89E+3,6.09E-2,-4.29E-1,6.09E-2
77,97,174Ir,-5.46E+3,1.52E+1,9.20E+3,1.52E+1,8.18E+3,1.52E+1,7.90E+3,6.45E-2,2.82,6.45E-2
77,97,174Ir,-5.46E+3,1.52E+1,9.20E+3,1.52E+1,8.18E+3,1.52E+1,7.90E+3,6.45E-2,2.82,6.45E-2
77,98,175Ir,-7.68E+3,2.23E+1,6.71E+3,1.70E+1,5.68E+3,1.70E+1,7.91E+3,7.08E-2,3.46,7.08E-2
77,98,175Ir,-7.68E+3,2.23E+1,6.71E+3,1.70E+1,5.68E+3,1.70E+1,7.91E+3,7.08E-2,3.46,7.08E-2
77,99,176Ir,-4.94E+3,1.50E+1,8.24E+3,1.36E+1,7.22E+3,1.36E+1,7.92E+3,4.59E-2,4.41,4.59E-2
77,87,164Ir,,,1.29E+4,3.50E+2,1.19E+4,3.50E+2,7.75E+3,2.00,-4.14E+1,2.00
77,88,165Ir,-1.12E+4,4.30E+2,1.01E+4,2.55E+2,9.12E+3,2.55E+2,7.77E+3,1.00,-3.43E+1,1.00
77,88,165Ir,-1.12E+4,4.30E+2,1.01E+4,2.55E+2,9.12E+3,2.55E+2,7.77E+3,1.00,-3.43E+1,1.00
77,89,166Ir,-8.52E+3,3.61E+2,1.21E+4,2.01E+2,1.11E+4,2.01E+2,7.78E+3,1.00,-2.76E+1,1.00
77,89,166Ir,-8.52E+3,3.61E+2,1.21E+4,2.01E+2,1.11E+4,2.01E+2,7.78E+3,1.00,-2.76E+1,1.00
78,130,208Pt,5.41E+3,5.00E+2,,,,,7.78E+3,2.00,-6.58,2.00
78,100,178Pt,-9.69E+3,1.44E+1,4.25E+3,2.13E+1,3.23E+3,2.13E+1,7.90E+3,5.69E-2,1.80,5.69E-2
78,101,179Pt,-7.27E+3,1.41E+1,5.81E+3,1.26E+1,4.79E+3,1.26E+1,7.91E+3,4.46E-2,3.28,4.46E-2
78,106,184Pt,-7.01E+3,2.67E+1,2.27E+3,3.15E+1,1.25E+3,3.15E+1,7.94E+3,8.01E-2,3.81,8.01E-2
78,107,185Pt,-4.82E+3,2.59E+1,3.64E+3,3.80E+1,2.62E+3,3.80E+1,7.93E+3,1.39E-1,3.91,1.39E-1
78,107,185Pt,-4.82E+3,2.59E+1,3.64E+3,3.80E+1,2.62E+3,3.80E+1,7.93E+3,1.39E-1,3.91,1.39E-1
78,108,186Pt,-6.14E+3,3.02E+1,1.30E+3,2.73E+1,2.85E+2,2.73E+1,7.94E+3,1.16E-1,2.89,1.16E-1
78,109,187Pt,-3.65E+3,2.74E+1,2.86E+3,3.68E+1,1.84E+3,3.68E+1,7.94E+3,1.28E-1,3.91,1.28E-1
78,102,180Pt,-8.80E+3,1.11E+1,3.54E+3,2.39E+1,2.52E+3,2.39E+1,7.92E+3,5.58E-2,3.27,5.58E-2
78,103,181Pt,-6.51E+3,2.42E+1,5.08E+3,1.46E+1,4.05E+3,1.46E+1,7.92E+3,7.56E-2,4.27,7.56E-2
78,104,182Pt,-7.86E+3,2.28E+1,2.88E+3,2.47E+1,1.86E+3,2.47E+1,7.93E+3,7.19E-2,4.10,7.19E-2
78,105,183Pt,-5.58E+3,1.70E+1,4.42E+3,2.84E+1,3.40E+3,2.84E+1,7.93E+3,7.77E-2,4.87,7.77E-2
78,105,183Pt,-5.58E+3,1.70E+1,4.42E+3,2.84E+1,3.40E+3,2.84E+1,7.93E+3,7.77E-2,4.87,7.77E-2
78,110,188Pt,-5.44E+3,5.95,5.23E+2,8.68,-4.98E+2,8.68,7.94E+3,2.82E-2,1.18,2.82E-2
78,111,189Pt,-2.88E+3,2.24E+1,1.98E+3,1.36E+1,9.58E+2,1.36E+1,7.94E+3,5.34E-2,1.26,5.34E-2
78,112,190Pt,-4.47E+3,3.50,-5.52E+2,1.28,-1.57E+3,1.28,7.94E+3,3.50E-3,-1.71,3.50E-3
78,117,195Pt,-2.26E+2,9.99E-1,-1.10E+3,1.26,-2.12E+3,1.26,7.92E+3,2.60E-3,-1.17E+1,2.60E-3
78,117,195Pt,-2.26E+2,9.99E-1,-1.10E+3,1.26,-2.12E+3,1.26,7.92E+3,2.60E-3,-1.17E+1,2.60E-3
78,118,196Pt,-1.50E+3,2.96,-3.20E+3,3.84E+1,-4.23E+3,3.84E+1,7.92E+3,2.60E-3,-1.46E+1,2.60E-3
78,119,197Pt,7.19E+2,5.02E-1,-2.15E+3,2.01E+1,-3.17E+3,2.01E+1,7.91E+3,2.70E-3,-1.66E+1,2.70E-3
78,119,197Pt,7.19E+2,5.02E-1,-2.15E+3,2.01E+1,-3.17E+3,2.01E+1,7.91E+3,2.70E-3,-1.66E+1,2.70E-3
78,113,191Pt,-1.90E+3,6.42,1.01E+3,3.63,-1.15E+1,3.63,7.93E+3,2.16E-2,-2.05,2.16E-2
78,114,192Pt,-3.51E+3,1.56E+1,-1.45E+3,2.27,-2.47E+3,2.27,7.94E+3,1.34E-2,-5.48,1.34E-2
78,115,193Pt,-1.07E+3,8.76,5.66E+1,2.99E-1,-9.65E+2,2.99E-1,7.93E+3,7.00E-3,-6.46,7.00E-3
78,115,193Pt,-1.07E+3,8.76,5.66E+1,2.99E-1,-9.65E+2,2.99E-1,7.93E+3,7.00E-3,-6.46,7.00E-3
78,116,194Pt,-2.54E+3,2.11,-2.22E+3,1.25,-3.25E+3,1.25,7.93E+3,2.60E-3,-9.96,2.60E-3
78,120,198Pt,-3.23E+2,2.05,-4.19E+3,2.00E+2,-5.21E+3,2.00E+2,7.91E+3,1.06E-2,-1.91E+1,1.06E-2
78,121,199Pt,1.70E+3,2.12,-2.99E+3,4.10E+1,-4.01E+3,4.10E+1,7.90E+3,1.09E-2,-2.11E+1,1.09E-2
78,121,199Pt,1.70E+3,2.12,-2.99E+3,4.10E+1,-4.01E+3,4.10E+1,7.90E+3,1.09E-2,-2.11E+1,1.09E-2
78,122,200Pt,6.40E+2,3.34E+1,-5.03E+3,1.97E+2,-6.05E+3,1.97E+2,7.89E+3,1.00E-1,-2.38E+1,1.00E-1
78,123,201Pt,2.66E+3,5.00E+1,-3.90E+3,2.06E+2,-4.92E+3,2.06E+2,7.88E+3,2.49E-1,-2.55E+1,2.49E-1
78,128,206Pt,4.95E+3,4.24E+2,,,,,7.82E+3,1.00,-1.78E+1,1.00
78,129,207Pt,6.50E+3,5.00E+2,,,,,7.79E+3,2.00,-1.30E+1,2.00
78,124,202Pt,1.66E+3,3.42E+1,-6.05E+3,3.01E+2,-7.07E+3,3.01E+2,7.88E+3,1.24E-1,-2.82E+1,1.24E-1
78,125,203Pt,3.63E+3,2.00E+2,-5.14E+3,4.47E+2,-6.16E+3,4.47E+2,7.86E+3,1.00,-2.99E+1,1.00
78,125,203Pt,3.63E+3,2.00E+2,-5.14E+3,4.47E+2,-6.16E+3,4.47E+2,7.86E+3,1.00,-2.99E+1,1.00
78,126,204Pt,2.77E+3,2.83E+2,-8.05E+3,4.47E+2,-9.07E+3,4.47E+2,7.85E+3,1.00,-3.01E+1,1.00
78,127,205Pt,5.75E+3,3.61E+2,-7.22E+3,5.83E+2,-8.24E+3,5.83E+2,7.83E+3,1.00,-2.44E+1,1.00
78,88,166Pt,,,8.52E+3,3.61E+2,7.50E+3,3.61E+2,7.73E+3,2.00,-4.34E+1,2.00
78,87,165Pt,,,1.12E+4,4.30E+2,1.02E+4,4.30E+2,7.70E+3,2.00,-4.85E+1,2.00
78,89,167Pt,,,1.03E+4,3.07E+2,9.29E+3,3.07E+2,7.74E+3,2.00,-3.47E+1,2.00
78,91,169Pt,-1.06E+4,3.59E+2,9.62E+3,2.02E+2,8.60E+3,2.02E+2,7.78E+3,1.00,-2.32E+1,1.00
78,90,168Pt,-1.35E+4,4.27E+2,7.65E+3,1.40E+2,6.63E+3,1.40E+2,7.77E+3,8.92E-1,-3.11E+1,8.92E-1
78,93,171Pt,-9.90E+3,8.35E+1,8.94E+3,8.96E+1,7.92E+3,8.96E+1,7.81E+3,4.73E-1,-1.31E+1,4.73E-1
78,92,170Pt,-1.25E+4,2.02E+2,6.88E+3,1.02E+2,5.86E+3,1.02E+2,7.80E+3,1.07E-1,-1.98E+1,1.07E-1
78,95,173Pt,-9.10E+3,6.73E+1,8.33E+3,6.43E+1,7.30E+3,6.43E+1,7.84E+3,3.66E-1,-5.71,3.66E-1
78,94,172Pt,-1.17E+4,5.71E+1,6.27E+3,3.40E+1,5.25E+3,3.40E+1,7.83E+3,6.03E-2,-1.15E+1,6.03E-2
78,97,175Pt,-8.30E+3,4.28E+1,7.68E+3,2.23E+1,6.66E+3,2.23E+1,7.86E+3,1.06E-1,4.11E-1,1.06E-1
78,96,174Pt,-1.12E+4,1.02E+2,5.46E+3,1.52E+1,4.44E+3,1.52E+1,7.86E+3,5.94E-2,-5.25,5.94E-2
78,99,177Pt,-7.82E+3,1.79E+1,6.67E+3,2.48E+1,5.65E+3,2.48E+1,7.89E+3,8.47E-2,2.09,8.47E-2
78,98,176Pt,-1.04E+4,3.55E+1,4.94E+3,1.50E+1,3.92E+3,1.50E+1,7.88E+3,7.22E-2,-8.13E-1,7.22E-2
79,92,171Au,-1.09E+4,3.07E+2,9.90E+3,8.35E+1,8.88E+3,8.35E+1,7.75E+3,1.21E-1,-2.33E+1,1.21E-1
79,92,171Au,-1.09E+4,3.07E+2,9.90E+3,8.35E+1,8.88E+3,8.35E+1,7.75E+3,1.21E-1,-2.33E+1,1.21E-1
79,91,170Au,-9.11E+3,3.62E+2,1.25E+4,2.02E+2,1.15E+4,2.02E+2,7.73E+3,1.00,-2.88E+1,1.00
79,91,170Au,-9.11E+3,3.62E+2,1.25E+4,2.02E+2,1.15E+4,2.02E+2,7.73E+3,1.00,-2.88E+1,1.00
79,94,173Au,-1.01E+4,2.02E+2,9.10E+3,6.73E+1,8.08E+3,6.73E+1,7.78E+3,1.31E-1,-1.42E+1,1.31E-1
79,94,173Au,-1.01E+4,2.02E+2,9.10E+3,6.73E+1,8.08E+3,6.73E+1,7.78E+3,1.31E-1,-1.42E+1,1.31E-1
79,93,172Au,-8.25E+3,1.40E+2,1.17E+4,5.71E+1,1.07E+4,5.71E+1,7.76E+3,3.26E-1,-1.83E+1,3.26E-1
79,93,172Au,-8.25E+3,1.40E+2,1.17E+4,5.71E+1,1.07E+4,5.71E+1,7.76E+3,3.26E-1,-1.83E+1,3.26E-1
79,96,175Au,-9.43E+3,8.97E+1,8.30E+3,4.28E+1,7.28E+3,4.28E+1,7.81E+3,2.20E-1,-6.61,2.20E-1
79,96,175Au,-9.43E+3,8.97E+1,8.30E+3,4.28E+1,7.28E+3,4.28E+1,7.81E+3,2.20E-1,-6.61,2.20E-1
79,95,174Au,-7.41E+3,1.02E+2,1.12E+4,1.02E+2,1.02E+4,1.02E+2,7.79E+3,1.00,-9.07,1.00
79,95,174Au,-7.41E+3,1.02E+2,1.12E+4,1.02E+2,1.02E+4,1.02E+2,7.79E+3,1.00,-9.07,1.00
79,98,177Au,-8.76E+3,8.53E+1,7.82E+3,1.79E+1,6.80E+3,1.79E+1,7.84E+3,5.63E-2,-1.82,5.63E-2
79,98,177Au,-8.76E+3,8.53E+1,7.82E+3,1.79E+1,6.80E+3,1.79E+1,7.84E+3,5.63E-2,-1.82,5.63E-2
79,97,176Au,-6.73E+3,3.49E+1,1.04E+4,3.55E+1,9.39E+3,3.55E+1,7.82E+3,1.88E-1,-3.40,1.88E-1
79,97,176Au,-6.73E+3,3.49E+1,1.04E+4,3.55E+1,9.39E+3,3.55E+1,7.82E+3,1.88E-1,-3.40,1.88E-1
79,99,178Au,-5.98E+3,1.48E+1,9.69E+3,1.44E+1,8.67E+3,1.44E+1,7.84E+3,5.76E-2,9.21E-1,5.76E-2
79,99,178Au,-5.98E+3,1.48E+1,9.69E+3,1.44E+1,8.67E+3,1.44E+1,7.84E+3,5.76E-2,9.21E-1,5.76E-2
79,109,188Au,-2.17E+3,7.30,5.44E+3,5.95,4.42E+3,5.95,7.91E+3,1.44E-2,3.12,1.44E-2
79,100,179Au,-8.05E+3,3.04E+1,7.27E+3,1.41E+1,6.25E+3,1.41E+1,7.86E+3,6.53E-2,1.92,6.53E-2
79,103,182Au,-4.72E+3,2.11E+1,7.86E+3,2.28E+1,6.84E+3,2.28E+1,7.88E+3,1.03E-1,3.99,1.03E-1
79,104,183Au,-6.38E+3,1.17E+1,5.58E+3,1.70E+1,4.55E+3,1.70E+1,7.89E+3,5.15E-2,4.80,5.15E-2
79,101,180Au,-5.37E+3,1.35E+1,8.80E+3,1.11E+1,7.78E+3,1.11E+1,7.87E+3,2.64E-2,2.97,2.64E-2
79,102,181Au,-7.21E+3,2.52E+1,6.51E+3,2.42E+1,5.48E+3,2.42E+1,7.88E+3,1.10E-1,4.06,1.10E-1
79,107,186Au,-3.17E+3,2.39E+1,6.14E+3,3.02E+1,5.12E+3,3.02E+1,7.90E+3,1.12E-1,3.70,1.12E-1
79,108,187Au,-4.91E+3,2.59E+1,3.65E+3,2.74E+1,2.63E+3,2.74E+1,7.91E+3,1.20E-1,3.42,1.20E-1
79,108,187Au,-4.91E+3,2.59E+1,3.65E+3,2.74E+1,2.63E+3,2.74E+1,7.91E+3,1.20E-1,3.42,1.20E-1
79,105,184Au,-3.97E+3,2.42E+1,7.01E+3,2.67E+1,5.99E+3,2.67E+1,7.90E+3,1.21E-1,4.26,1.21E-1
79,105,184Au,-3.97E+3,2.42E+1,7.01E+3,2.67E+1,5.99E+3,2.67E+1,7.90E+3,1.21E-1,4.26,1.21E-1
79,106,185Au,-5.67E+3,1.38E+1,4.82E+3,2.59E+1,3.80E+3,2.59E+1,7.90E+3,1.41E-2,4.81,1.41E-2
79,106,185Au,-5.67E+3,1.38E+1,4.82E+3,2.59E+1,3.80E+3,2.59E+1,7.90E+3,1.41E-2,4.81,1.41E-2
79,110,189Au,-3.95E+3,3.74E+1,2.88E+3,2.24E+1,1.86E+3,2.24E+1,7.92E+3,1.06E-1,1.44,1.06E-1
79,110,189Au,-3.95E+3,3.74E+1,2.88E+3,2.24E+1,1.86E+3,2.24E+1,7.92E+3,1.06E-1,1.44,1.06E-1
79,111,190Au,-1.46E+3,1.62E+1,4.47E+3,3.50,3.45E+3,3.50,7.91E+3,1.81E-2,-2.24E-1,1.81E-2
79,111,190Au,-1.46E+3,1.62E+1,4.47E+3,3.50,3.45E+3,3.50,7.91E+3,1.81E-2,-2.24E-1,1.81E-2
79,114,193Au,-2.34E+3,1.43E+1,1.07E+3,8.76,5.28E+1,8.76,7.92E+3,4.49E-2,-6.69,4.49E-2
79,114,193Au,-2.34E+3,1.43E+1,1.07E+3,8.76,5.28E+1,8.76,7.92E+3,4.49E-2,-6.69,4.49E-2
79,115,194Au,-2.79E+1,3.58,2.54E+3,2.11,1.52E+3,2.11,7.91E+3,1.09E-2,-9.47,1.09E-2
79,115,194Au,-2.79E+1,3.58,2.54E+3,2.11,1.52E+3,2.11,7.91E+3,1.09E-2,-9.47,1.09E-2
79,115,194Au,-2.79E+1,3.58,2.54E+3,2.11,1.52E+3,2.11,7.91E+3,1.09E-2,-9.47,1.09E-2
79,112,191Au,-3.20E+3,2.27E+1,1.90E+3,6.42,8.78E+2,6.42,7.92E+3,2.58E-2,-2.45,2.58E-2
79,112,191Au,-3.20E+3,2.27E+1,1.90E+3,6.42,8.78E+2,6.42,7.92E+3,2.58E-2,-2.45,2.58E-2
79,113,192Au,-7.60E+2,2.21E+1,3.51E+3,1.56E+1,2.49E+3,1.56E+1,7.92E+3,8.24E-2,-4.42,8.24E-2
79,113,192Au,-7.60E+2,2.21E+1,3.51E+3,1.56E+1,2.49E+3,1.56E+1,7.92E+3,8.24E-2,-4.42,8.24E-2
79,118,197Au,-5.99E+2,3.20,-7.19E+2,5.02E-1,-1.74E+3,5.02E-1,7.91E+3,2.80E-3,-1.74E+1,2.80E-3
79,118,197Au,-5.99E+2,3.20,-7.19E+2,5.02E-1,-1.74E+3,5.02E-1,7.91E+3,2.80E-3,-1.74E+1,2.80E-3
79,119,198Au,1.37E+3,4.90E-1,3.23E+2,2.05,-6.98E+2,2.05,7.90E+3,2.70E-3,-2.15E+1,2.70E-3
79,119,198Au,1.37E+3,4.90E-1,3.23E+2,2.05,-6.98E+2,2.05,7.90E+3,2.70E-3,-2.15E+1,2.70E-3
79,116,195Au,-1.55E+3,2.31E+1,2.26E+2,9.99E-1,-7.95E+2,9.99E-1,7.92E+3,5.70E-3,-1.19E+1,5.70E-3
79,116,195Au,-1.55E+3,2.31E+1,2.26E+2,9.99E-1,-7.95E+2,9.99E-1,7.92E+3,5.70E-3,-1.19E+1,5.70E-3
79,117,196Au,6.87E+2,3.11,1.50E+3,2.96,4.83E+2,2.96,7.91E+3,1.51E-2,-1.51E+1,1.51E-2
79,117,196Au,6.87E+2,3.11,1.50E+3,2.96,4.83E+2,2.96,7.91E+3,1.51E-2,-1.51E+1,1.51E-2
79,117,196Au,6.87E+2,3.11,1.50E+3,2.96,4.83E+2,2.96,7.91E+3,1.51E-2,-1.51E+1,1.51E-2
79,121,200Au,2.26E+3,2.67E+1,-6.40E+2,3.34E+1,-1.66E+3,3.34E+1,7.89E+3,1.33E-1,-2.69E+1,1.33E-1
79,121,200Au,2.26E+3,2.67E+1,-6.40E+2,3.34E+1,-1.66E+3,3.34E+1,7.89E+3,1.33E-1,-2.69E+1,1.33E-1
79,122,201Au,1.26E+3,3.14,-2.66E+3,5.00E+1,-3.68E+3,5.00E+1,7.89E+3,1.60E-2,-2.80E+1,1.60E-2
79,120,199Au,4.52E+2,6.12E-1,-1.70E+3,2.12,-2.72E+3,2.12,7.90E+3,2.70E-3,-2.29E+1,2.70E-3
79,125,204Au,4.30E+3,2.00E+2,-2.77E+3,2.83E+2,-3.79E+3,2.83E+2,7.86E+3,1.00,-3.52E+1,1.00
79,126,205Au,3.71E+3,2.00E+2,-5.75E+3,3.61E+2,-6.77E+3,3.61E+2,7.86E+3,1.00,-3.42E+1,1.00
79,126,205Au,3.71E+3,2.00E+2,-5.75E+3,3.61E+2,-6.77E+3,3.61E+2,7.86E+3,1.00,-3.42E+1,1.00
79,123,202Au,2.99E+3,2.32E+1,-1.66E+3,3.42E+1,-2.68E+3,3.42E+1,7.88E+3,1.15E-1,-3.24E+1,1.15E-1
79,124,203Au,2.12E+3,3.45,-3.63E+3,2.00E+2,-4.65E+3,2.00E+2,7.88E+3,1.52E-2,-3.32E+1,1.52E-2
79,129,208Au,7.35E+3,3.02E+2,-5.41E+3,5.00E+2,-6.43E+3,5.00E+2,7.80E+3,1.00,-1.83E+1,1.00
79,127,206Au,6.75E+3,3.01E+2,-4.95E+3,4.24E+2,-5.97E+3,4.24E+2,7.84E+3,1.00,-3.01E+1,1.00
79,128,207Au,5.84E+3,3.01E+2,-6.50E+3,5.00E+2,-7.52E+3,5.00E+2,7.82E+3,1.00,-2.24E+1,1.00
79,130,209Au,6.38E+3,4.27E+2,,,,,7.78E+3,2.00,-1.07E+1,2.00
79,131,210Au,7.98E+3,4.47E+2,,,,,7.76E+3,2.00,-6.65,2.00
80,90,170Hg,,,9.11E+3,3.62E+2,8.09E+3,3.62E+2,7.67E+3,2.00,-4.30E+1,2.00
80,94,174Hg,,,7.41E+3,1.02E+2,6.39E+3,1.02E+2,7.74E+3,1.10E-1,-2.10E+1,1.10E-1
80,93,173Hg,,,1.01E+4,2.02E+2,9.14E+3,2.02E+2,7.72E+3,1.00,-2.43E+1,1.00
80,92,172Hg,,,8.25E+3,1.40E+2,7.23E+3,1.40E+2,7.71E+3,8.72E-1,-3.18E+1,8.72E-1
80,91,171Hg,,,1.09E+4,3.07E+2,9.87E+3,3.07E+2,7.68E+3,2.00,-3.57E+1,2.00
80,98,178Hg,-1.17E+4,1.03E+2,5.98E+3,1.48E+1,4.96E+3,1.48E+1,7.81E+3,6.04E-2,-7.45,6.04E-2
80,97,177Hg,-9.43E+3,8.74E+1,8.76E+3,8.53E+1,7.74E+3,8.53E+1,7.78E+3,4.78E-1,-7.75,4.78E-1
80,96,176Hg,-1.23E+4,8.37E+1,6.73E+3,3.49E+1,5.71E+3,3.49E+1,7.78E+3,6.32E-2,-1.33E+1,6.32E-2
80,95,175Hg,,,9.43E+3,8.97E+1,8.41E+3,8.97E+1,7.75E+3,4.63E-1,-1.47E+1,4.63E-1
80,99,179Hg,-8.66E+3,4.77E+1,8.05E+3,3.04E+1,7.03E+3,3.04E+1,7.81E+3,1.57E-1,-2.29,1.57E-1
80,103,183Hg,-7.21E+3,1.17E+1,6.38E+3,1.17E+1,5.36E+3,1.17E+1,7.85E+3,3.87E-2,2.20,3.87E-2
80,104,184Hg,-9.46E+3,1.38E+1,3.97E+3,2.42E+1,2.95E+3,2.42E+1,7.87E+3,5.18E-2,9.65E-1,5.18E-2
80,105,185Hg,-6.42E+3,2.47E+1,5.67E+3,1.38E+1,4.65E+3,1.38E+1,7.87E+3,7.37E-2,3.50,7.37E-2
80,105,185Hg,-6.42E+3,2.47E+1,5.67E+3,1.38E+1,4.65E+3,1.38E+1,7.87E+3,7.37E-2,3.50,7.37E-2
80,106,186Hg,-8.65E+3,2.37E+1,3.17E+3,2.39E+1,2.15E+3,2.39E+1,7.88E+3,6.26E-2,1.12,6.26E-2
80,107,187Hg,-5.67E+3,1.51E+1,4.91E+3,2.59E+1,3.88E+3,2.59E+1,7.88E+3,6.88E-2,2.99,6.88E-2
80,107,187Hg,-5.67E+3,1.51E+1,4.91E+3,2.59E+1,3.88E+3,2.59E+1,7.88E+3,6.88E-2,2.99,6.88E-2
80,108,188Hg,-7.86E+3,3.06E+1,2.17E+3,7.30,1.15E+3,7.30,7.89E+3,3.61E-2,6.01E-2,3.61E-2
80,109,189Hg,-5.01E+3,3.26E+1,3.95E+3,3.74E+1,2.93E+3,3.74E+1,7.89E+3,1.66E-1,7.58E-1,1.66E-1
80,109,189Hg,-5.01E+3,3.26E+1,3.95E+3,3.74E+1,2.93E+3,3.74E+1,7.89E+3,1.66E-1,7.58E-1,1.66E-1
80,110,190Hg,-7.00E+3,1.74E+1,1.46E+3,1.62E+1,4.40E+2,1.62E+1,7.90E+3,8.37E-2,-2.32,8.37E-2
80,111,191Hg,-4.30E+3,2.34E+1,3.20E+3,2.27E+1,2.18E+3,2.27E+1,7.90E+3,1.16E-1,-2.41,1.16E-1
80,111,191Hg,-4.30E+3,2.34E+1,3.20E+3,2.27E+1,2.18E+3,2.27E+1,7.90E+3,1.16E-1,-2.41,1.16E-1
80,112,192Hg,-6.13E+3,3.52E+1,7.60E+2,2.21E+1,-2.61E+2,2.21E+1,7.91E+3,8.09E-2,-5.64,8.09E-2
80,113,193Hg,-3.58E+3,1.68E+1,2.34E+3,1.43E+1,1.32E+3,1.43E+1,7.90E+3,8.03E-2,-6.61,8.03E-2
80,113,193Hg,-3.58E+3,1.68E+1,2.34E+3,1.43E+1,1.32E+3,1.43E+1,7.90E+3,8.03E-2,-6.61,8.03E-2
80,114,194Hg,-5.24E+3,1.42E+1,2.79E+1,3.58,-9.94E+2,3.58,7.91E+3,1.49E-2,-1.00E+1,1.49E-2
80,115,195Hg,-2.85E+3,2.56E+1,1.55E+3,2.31E+1,5.31E+2,2.31E+1,7.90E+3,1.18E-1,-1.15E+1,1.18E-1
80,115,195Hg,-2.85E+3,2.56E+1,1.55E+3,2.31E+1,5.31E+2,2.31E+1,7.90E+3,1.18E-1,-1.15E+1,1.18E-1
80,116,196Hg,-4.32E+3,1.24E+1,-6.87E+2,3.11,-1.70E+3,3.11,7.91E+3,1.50E-2,-1.51E+1,1.50E-2
80,117,197Hg,-2.18E+3,1.39E+1,5.99E+2,3.20,-4.22E+2,3.20,7.90E+3,1.62E-2,-1.76E+1,1.62E-2
80,117,197Hg,-2.18E+3,1.39E+1,5.99E+2,3.20,-4.22E+2,3.20,7.90E+3,1.62E-2,-1.76E+1,1.62E-2
80,118,198Hg,-3.42E+3,7.55,-1.37E+3,4.90E-1,-2.39E+3,4.90E-1,7.91E+3,2.30E-3,-2.08E+1,2.30E-3
80,119,199Hg,-1.48E+3,2.79E+1,-4.52E+2,6.12E-1,-1.47E+3,6.12E-1,7.90E+3,2.70E-3,-2.42E+1,2.70E-3
80,119,199Hg,-1.48E+3,2.79E+1,-4.52E+2,6.12E-1,-1.47E+3,6.12E-1,7.90E+3,2.70E-3,-2.42E+1,2.70E-3
80,120,200Hg,-2.45E+3,5.73,-2.26E+3,2.67E+1,-3.28E+3,2.67E+1,7.90E+3,2.70E-3,-2.66E+1,2.70E-3
80,121,201Hg,-4.81E+2,1.41E+1,-1.26E+3,3.14,-2.28E+3,3.14,7.89E+3,3.60E-3,-2.94E+1,3.60E-3
80,122,202Hg,-1.36E+3,1.83,-2.99E+3,2.32E+1,-4.01E+3,2.32E+1,7.89E+3,3.50E-3,-3.19E+1,3.50E-3
80,123,203Hg,4.92E+2,1.22,-2.12E+3,3.45,-3.14E+3,3.45,7.88E+3,8.00E-3,-3.49E+1,8.00E-3
80,124,204Hg,-3.44E+2,1.18,-4.30E+3,2.00E+2,-5.32E+3,2.00E+2,7.88E+3,2.50E-3,-3.76E+1,2.50E-3
80,100,180Hg,-1.08E+4,7.10E+1,5.37E+3,1.35E+1,4.35E+3,1.35E+1,7.83E+3,7.02E-2,-3.22,7.02E-2
80,101,181Hg,-7.86E+3,1.78E+1,7.21E+3,2.52E+1,6.18E+3,2.52E+1,7.83E+3,8.50E-2,6.60E-1,8.50E-2
80,102,182Hg,-1.02E+4,1.54E+1,4.72E+3,2.11E+1,3.70E+3,2.11E+1,7.85E+3,5.38E-2,-3.97E-1,5.38E-2
80,125,205Hg,1.53E+3,3.72,-3.71E+3,2.00E+2,-4.73E+3,2.00E+2,7.87E+3,1.78E-2,-4.03E+1,1.78E-2
80,126,206Hg,1.30E+3,2.04E+1,-6.75E+3,3.01E+2,-7.77E+3,3.01E+2,7.86E+3,9.92E-2,-4.06E+1,9.92E-2
80,127,207Hg,4.54E+3,3.03E+1,-5.84E+3,3.01E+2,-6.86E+3,3.01E+2,7.84E+3,1.44E-1,-3.48E+1,1.44E-1
80,128,208Hg,3.48E+3,3.07E+1,-7.35E+3,3.02E+2,-8.37E+3,3.02E+2,7.83E+3,1.47E-1,-2.75E+1,1.47E-1
80,129,209Hg,5.03E+3,1.50E+2,-6.38E+3,4.27E+2,-7.40E+3,4.27E+2,7.81E+3,1.00,-2.21E+1,1.00
80,130,210Hg,3.94E+3,2.01E+2,-7.98E+3,4.47E+2,-9.00E+3,4.47E+2,7.79E+3,1.00,-1.63E+1,1.00
80,131,211Hg,5.68E+3,2.05E+2,,,,,7.77E+3,1.00,-1.10E+1,1.00
80,132,212Hg,4.57E+3,3.61E+2,,,,,7.76E+3,1.00,-5.37,1.00
80,133,213Hg,6.41E+3,3.01E+2,,,,,7.73E+3,1.00,-7.27E-2,1.00
80,134,214Hg,5.30E+3,4.45E+2,,,,,7.72E+3,2.00,4.63,2.00
80,135,215Hg,7.07E+3,5.00E+2,,,,,7.70E+3,2.00,9.07,2.00
80,136,216Hg,6.05E+3,5.00E+2,,,,,7.68E+3,2.00,1.38E+1,2.00
81,111,192Tl,-3.32E+3,3.21E+1,6.13E+3,3.52E+1,5.11E+3,3.52E+1,7.87E+3,1.65E-1,-3.56,1.65E-1
81,111,192Tl,-3.32E+3,3.21E+1,6.13E+3,3.52E+1,5.11E+3,3.52E+1,7.87E+3,1.65E-1,-3.56,1.65E-1
81,112,193Tl,-5.24E+3,1.22E+1,3.58E+3,1.68E+1,2.56E+3,1.68E+1,7.88E+3,3.48E-2,-6.36,3.48E-2
81,112,193Tl,-5.24E+3,1.22E+1,3.58E+3,1.68E+1,2.56E+3,1.68E+1,7.88E+3,3.48E-2,-6.36,3.48E-2
81,110,191Tl,-5.99E+3,9.88,4.30E+3,2.34E+1,3.28E+3,2.34E+1,7.87E+3,3.85E-2,-2.97,3.85E-2
81,110,191Tl,-5.99E+3,9.88,4.30E+3,2.34E+1,3.28E+3,2.34E+1,7.87E+3,3.85E-2,-2.97,3.85E-2
81,108,189Tl,-6.77E+3,1.63E+1,5.01E+3,3.26E+1,3.98E+3,3.26E+1,7.86E+3,4.43E-2,-8.55E-1,4.43E-2
81,108,189Tl,-6.77E+3,1.63E+1,5.01E+3,3.26E+1,3.98E+3,3.26E+1,7.86E+3,4.43E-2,-8.55E-1,4.43E-2
81,109,190Tl,-3.94E+3,1.44E+1,7.00E+3,1.74E+1,5.98E+3,1.74E+1,7.86E+3,3.82E-2,-4.09E-1,3.82E-2
81,109,190Tl,-3.94E+3,1.44E+1,7.00E+3,1.74E+1,5.98E+3,1.74E+1,7.86E+3,3.82E-2,-4.09E-1,3.82E-2
81,106,187Tl,-7.45E+3,9.52,5.67E+3,1.51E+1,4.65E+3,1.51E+1,7.85E+3,4.29E-2,4.95E-3,4.29E-2
81,106,187Tl,-7.45E+3,9.52,5.67E+3,1.51E+1,4.65E+3,1.51E+1,7.85E+3,4.29E-2,4.95E-3,4.29E-2
81,107,188Tl,-4.52E+3,3.15E+1,7.86E+3,3.06E+1,6.83E+3,3.06E+1,7.85E+3,1.59E-1,1.67,1.59E-1
81,107,188Tl,-4.52E+3,3.15E+1,7.86E+3,3.06E+1,6.83E+3,3.06E+1,7.85E+3,1.59E-1,1.67,1.59E-1
81,104,185Tl,-8.21E+3,2.62E+1,6.42E+3,2.47E+1,5.40E+3,2.47E+1,7.83E+3,1.11E-1,-5.10E-1,1.11E-1
81,104,185Tl,-8.21E+3,2.62E+1,6.42E+3,2.47E+1,5.40E+3,2.47E+1,7.83E+3,1.11E-1,-5.10E-1,1.11E-1
81,105,186Tl,-5.20E+3,2.34E+1,8.65E+3,2.37E+1,7.63E+3,2.37E+1,7.83E+3,1.11E-1,1.99,1.11E-1
81,105,186Tl,-5.20E+3,2.34E+1,8.65E+3,2.37E+1,7.63E+3,2.37E+1,7.83E+3,1.11E-1,1.99,1.11E-1
81,105,186Tl,-5.20E+3,2.34E+1,8.65E+3,2.37E+1,7.63E+3,2.37E+1,7.83E+3,1.11E-1,1.99,1.11E-1
81,102,183Tl,-9.00E+3,3.04E+1,7.21E+3,1.17E+1,6.19E+3,1.17E+1,7.81E+3,5.09E-2,-2.75,5.09E-2
81,103,184Tl,-5.83E+3,1.62E+1,9.46E+3,1.38E+1,8.43E+3,1.38E+1,7.81E+3,5.44E-2,1.02,5.44E-2
81,103,184Tl,-5.83E+3,1.62E+1,9.46E+3,1.38E+1,8.43E+3,1.38E+1,7.81E+3,5.44E-2,1.02,5.44E-2
81,103,184Tl,-5.83E+3,1.62E+1,9.46E+3,1.38E+1,8.43E+3,1.38E+1,7.81E+3,5.44E-2,1.02,5.44E-2
81,122,203Tl,-9.74E+2,6.46,-4.92E+2,1.22,-1.51E+3,1.22,7.88E+3,5.80E-3,-3.43E+1,5.80E-3
81,123,204Tl,7.63E+2,1.76E-1,3.44E+2,1.18,-6.77E+2,1.18,7.88E+3,5.70E-3,-3.93E+1,5.70E-3
81,120,201Tl,-1.90E+3,1.85E+1,4.81E+2,1.41E+1,-5.40E+2,1.41E+1,7.89E+3,7.06E-2,-2.79E+1,7.06E-2
81,121,202Tl,-3.98E+1,4.18,1.36E+3,1.83,3.42E+2,1.83,7.88E+3,9.10E-3,-3.26E+1,9.10E-3
81,119,200Tl,-7.96E+2,1.15E+1,2.45E+3,5.73,1.43E+3,5.73,7.88E+3,2.88E-2,-2.59E+1,2.88E-2
81,117,198Tl,-1.46E+3,1.15E+1,3.42E+3,7.55,2.40E+3,7.55,7.89E+3,3.81E-2,-1.94E+1,3.81E-2
81,117,198Tl,-1.46E+3,1.15E+1,3.42E+3,7.55,2.40E+3,7.55,7.89E+3,3.81E-2,-1.94E+1,3.81E-2
81,118,199Tl,-2.82E+3,2.87E+1,1.48E+3,2.79E+1,4.64E+2,2.79E+1,7.89E+3,1.40E-1,-2.18E+1,1.40E-1
81,115,196Tl,-2.14E+3,1.43E+1,4.32E+3,1.24E+1,3.30E+3,1.24E+1,7.88E+3,6.18E-2,-1.34E+1,6.18E-2
81,115,196Tl,-2.14E+3,1.43E+1,4.32E+3,1.24E+1,3.30E+3,1.24E+1,7.88E+3,6.18E-2,-1.34E+1,6.18E-2
81,116,197Tl,-3.60E+3,1.43E+1,2.18E+3,1.39E+1,1.16E+3,1.39E+1,7.89E+3,6.89E-2,-1.58E+1,6.89E-2
81,116,197Tl,-3.60E+3,1.43E+1,2.18E+3,1.39E+1,1.16E+3,1.39E+1,7.89E+3,6.89E-2,-1.58E+1,6.89E-2
81,113,194Tl,-2.72E+3,2.23E+1,5.24E+3,1.42E+1,4.22E+3,1.42E+1,7.88E+3,7.20E-2,-8.07,7.20E-2
81,113,194Tl,-2.72E+3,2.23E+1,5.24E+3,1.42E+1,4.22E+3,1.42E+1,7.88E+3,7.20E-2,-8.07,7.20E-2
81,114,195Tl,-4.41E+3,1.22E+1,2.85E+3,2.56E+1,1.83E+3,2.56E+1,7.89E+3,5.71E-2,-1.06E+1,5.71E-2
81,114,195Tl,-4.41E+3,1.22E+1,2.85E+3,2.56E+1,1.83E+3,2.56E+1,7.89E+3,5.71E-2,-1.06E+1,5.71E-2
81,100,181Tl,-9.68E+3,8.55E+1,7.86E+3,1.78E+1,6.84E+3,1.78E+1,7.79E+3,5.03E-2,-6.19,5.03E-2
81,101,182Tl,-6.50E+3,1.70E+1,1.02E+4,1.54E+1,9.22E+3,1.54E+1,7.79E+3,6.58E-2,-1.37,6.58E-2
81,101,182Tl,-6.50E+3,1.70E+1,1.02E+4,1.54E+1,9.22E+3,1.54E+1,7.79E+3,6.58E-2,-1.37,6.58E-2
81,133,214Tl,6.64E+3,1.96E+2,-5.30E+3,4.45E+2,-6.32E+3,4.45E+2,7.74E+3,1.00,-5.68,1.00
81,134,215Tl,5.68E+3,3.05E+2,-7.07E+3,5.00E+2,-8.10E+3,5.00E+2,7.73E+3,1.00,1.39E-1,1.00
81,131,212Tl,5.99E+3,2.00E+2,-4.57E+3,3.61E+2,-5.59E+3,3.61E+2,7.78E+3,1.00,-1.60E+1,1.00
81,132,213Tl,4.98E+3,2.78E+1,-6.41E+3,3.01E+2,-7.43E+3,3.01E+2,7.76E+3,1.26E-1,-9.59,1.26E-1
81,130,211Tl,4.41E+3,4.19E+1,-5.68E+3,2.05E+2,-6.70E+3,2.05E+2,7.79E+3,1.98E-1,-2.02E+1,1.98E-1
81,128,209Tl,3.96E+3,6.21,-5.03E+3,1.50E+2,-6.05E+3,1.50E+2,7.83E+3,2.92E-2,-3.22E+1,2.92E-2
81,129,210Tl,5.48E+3,1.15E+1,-3.94E+3,2.01E+2,-4.96E+3,2.01E+2,7.81E+3,5.53E-2,-2.70E+1,5.53E-2
81,126,207Tl,1.41E+3,5.40,-4.54E+3,3.03E+1,-5.56E+3,3.03E+1,7.86E+3,2.63E-2,-4.63E+1,2.63E-2
81,126,207Tl,1.41E+3,5.40,-4.54E+3,3.03E+1,-5.56E+3,3.03E+1,7.86E+3,2.63E-2,-4.63E+1,2.63E-2
81,127,208Tl,4.99E+3,1.66,-3.48E+3,3.07E+1,-4.50E+3,3.07E+1,7.84E+3,8.90E-3,-4.02E+1,8.90E-3
81,124,205Tl,-5.06E+1,5.03E-1,-1.53E+3,3.72,-2.55E+3,3.72,7.87E+3,6.00E-3,-4.10E+1,6.00E-3
81,125,206Tl,1.53E+3,6.11E-1,-1.30E+3,2.04E+1,-2.32E+3,2.04E+1,7.87E+3,6.20E-3,-4.66E+1,6.20E-3
81,125,206Tl,1.53E+3,6.11E-1,-1.30E+3,2.04E+1,-2.32E+3,2.04E+1,7.87E+3,6.20E-3,-4.66E+1,6.20E-3
81,135,216Tl,7.36E+3,3.61E+2,-6.05E+3,5.00E+2,-7.07E+3,5.00E+2,7.70E+3,1.00,3.72,1.00
81,136,217Tl,6.39E+3,5.00E+2,,,,,7.69E+3,2.00,9.57,2.00
81,95,176Tl,,,1.23E+4,8.37E+1,1.13E+4,8.37E+1,7.70E+3,4.71E-1,-1.97E+1,4.71E-1
81,96,177Tl,,,9.43E+3,8.74E+1,8.41E+3,8.74E+1,7.73E+3,1.22E-1,-1.72E+1,1.22E-1
81,97,178Tl,-8.18E+3,1.03E+2,1.17E+4,1.03E+2,1.06E+4,1.03E+2,7.74E+3,1.00,-1.14E+1,1.00
81,98,179Tl,-1.03E+4,8.99E+1,8.66E+3,4.77E+1,7.64E+3,4.77E+1,7.76E+3,2.15E-1,-1.03E+1,2.15E-1
81,99,180Tl,-7.44E+3,7.10E+1,1.08E+4,7.10E+1,9.83E+3,7.10E+1,7.77E+3,3.88E-1,-6.36,3.88E-1
82,96,178Pb,,,8.18E+3,1.03E+2,7.16E+3,1.03E+2,7.69E+3,1.30E-1,-2.22E+1,1.30E-1
82,97,179Pb,,,1.03E+4,8.99E+1,9.29E+3,8.99E+1,7.70E+3,4.53E-1,-1.63E+1,4.53E-1
82,98,180Pb,,,7.44E+3,7.10E+1,6.42E+3,7.10E+1,7.72E+3,6.89E-2,-1.53E+1,6.89E-2
82,99,181Pb,,,9.68E+3,8.55E+1,8.66E+3,8.55E+1,7.73E+3,4.69E-1,-1.00E+1,4.69E-1
82,116,198Pb,-6.69E+3,2.89E+1,1.46E+3,1.15E+1,4.39E+2,1.15E+1,7.87E+3,4.42E-2,-1.63E+1,4.42E-2
82,117,199Pb,-4.43E+3,1.26E+1,2.82E+3,2.87E+1,1.80E+3,2.87E+1,7.87E+3,3.43E-2,-1.85E+1,3.43E-2
82,117,199Pb,-4.43E+3,1.26E+1,2.82E+3,2.87E+1,1.80E+3,2.87E+1,7.87E+3,3.43E-2,-1.85E+1,3.43E-2
82,118,200Pb,-5.88E+3,2.48E+1,7.96E+2,1.15E+1,-2.25E+2,1.15E+1,7.88E+3,5.00E-2,-2.21E+1,5.00E-2
82,119,201Pb,-3.84E+3,1.83E+1,1.90E+3,1.85E+1,8.87E+2,1.85E+1,7.87E+3,6.84E-2,-2.51E+1,6.84E-2
82,119,201Pb,-3.84E+3,1.83E+1,1.90E+3,1.85E+1,8.87E+2,1.85E+1,7.87E+3,6.84E-2,-2.51E+1,6.84E-2
82,112,194Pb,-8.18E+3,1.82E+1,2.72E+3,2.23E+1,1.70E+3,2.23E+1,7.86E+3,8.98E-2,-7.13,8.98E-2
82,113,195Pb,-5.71E+3,7.33,4.41E+3,1.22E+1,3.39E+3,1.22E+1,7.86E+3,2.61E-2,-7.84,2.61E-2
82,113,195Pb,-5.71E+3,7.33,4.41E+3,1.22E+1,3.39E+3,1.22E+1,7.86E+3,2.61E-2,-7.84,2.61E-2
82,114,196Pb,-7.33E+3,2.56E+1,2.14E+3,1.43E+1,1.12E+3,1.43E+1,7.87E+3,3.93E-2,-1.11E+1,3.93E-2
82,115,197Pb,-5.05E+3,9.61,3.60E+3,1.43E+1,2.58E+3,1.43E+1,7.87E+3,2.44E-2,-1.28E+1,2.44E-2
82,115,197Pb,-5.05E+3,9.61,3.60E+3,1.43E+1,2.58E+3,1.43E+1,7.87E+3,2.44E-2,-1.28E+1,2.44E-2
82,120,202Pb,-5.18E+3,1.45E+1,3.98E+1,4.18,-9.82E+2,4.18,7.88E+3,1.88E-2,-2.85E+1,1.88E-2
82,120,202Pb,-5.18E+3,1.45E+1,3.98E+1,4.18,-9.82E+2,4.18,7.88E+3,1.88E-2,-2.85E+1,1.88E-2
82,121,203Pb,-3.26E+3,1.43E+1,9.74E+2,6.46,-4.71E+1,6.46,7.87E+3,3.23E-2,-3.22E+1,3.23E-2
82,121,203Pb,-3.26E+3,1.43E+1,9.74E+2,6.46,-4.71E+1,6.46,7.87E+3,3.23E-2,-3.22E+1,3.23E-2
82,121,203Pb,-3.26E+3,1.43E+1,9.74E+2,6.46,-4.71E+1,6.46,7.87E+3,3.23E-2,-3.22E+1,3.23E-2
82,122,204Pb,-4.46E+3,9.24,-7.63E+2,1.76E-1,-1.78E+3,1.76E-1,7.87E+3,5.60E-3,-3.54E+1,5.60E-3
82,122,204Pb,-4.46E+3,9.24,-7.63E+2,1.76E-1,-1.78E+3,1.76E-1,7.87E+3,5.60E-3,-3.54E+1,5.60E-3
82,105,187Pb,-8.60E+3,1.12E+1,7.45E+3,9.52,6.43E+3,9.52,7.80E+3,2.72E-2,-8.59E-2,2.72E-2
82,105,187Pb,-8.60E+3,1.12E+1,7.45E+3,9.52,6.43E+3,9.52,7.80E+3,2.72E-2,-8.59E-2,2.72E-2
82,106,188Pb,-1.06E+4,1.50E+1,4.52E+3,3.15E+1,3.50E+3,3.15E+1,7.82E+3,5.39E-2,-2.02,5.39E-2
82,107,189Pb,-7.77E+3,2.51E+1,6.77E+3,1.63E+1,5.75E+3,1.63E+1,7.82E+3,7.43E-2,3.42E-1,7.43E-2
82,107,189Pb,-7.77E+3,2.51E+1,6.77E+3,1.63E+1,5.75E+3,1.63E+1,7.82E+3,7.43E-2,3.42E-1,7.43E-2
82,108,190Pb,-9.82E+3,2.44E+1,3.94E+3,1.44E+1,2.92E+3,1.44E+1,7.84E+3,6.59E-2,-2.31,6.59E-2
82,101,183Pb,,,9.00E+3,3.04E+1,7.98E+3,3.04E+1,7.76E+3,1.58E-1,-4.85,1.58E-1
82,101,183Pb,,,9.00E+3,3.04E+1,7.98E+3,3.04E+1,7.76E+3,1.58E-1,-4.85,1.58E-1
82,102,184Pb,-1.23E+4,1.23E+2,5.83E+3,1.62E+1,4.80E+3,1.62E+1,7.78E+3,6.96E-2,-5.86,6.96E-2
82,103,185Pb,-9.30E+3,8.30E+1,8.21E+3,2.62E+1,7.19E+3,2.62E+1,7.78E+3,8.74E-2,-1.62,8.74E-2
82,103,185Pb,-9.30E+3,8.30E+1,8.21E+3,2.62E+1,7.19E+3,2.62E+1,7.78E+3,8.74E-2,-1.62,8.74E-2
82,104,186Pb,-1.15E+4,2.02E+1,5.20E+3,2.34E+1,4.18E+3,2.34E+1,7.80E+3,5.92E-2,-3.10,5.92E-2
82,109,191Pb,-7.05E+3,9.98,5.99E+3,9.88,4.96E+3,9.88,7.84E+3,3.46E-2,-1.11,3.46E-2
82,109,191Pb,-7.05E+3,9.98,5.99E+3,9.88,4.96E+3,9.88,7.84E+3,3.46E-2,-1.11,3.46E-2
82,110,192Pb,-9.01E+3,3.06E+1,3.32E+3,3.21E+1,2.29E+3,3.21E+1,7.85E+3,2.98E-2,-4.08,2.98E-2
82,111,193Pb,-6.34E+3,1.27E+1,5.24E+3,1.22E+1,4.22E+3,1.22E+1,7.85E+3,5.33E-2,-3.75,5.33E-2
82,111,193Pb,-6.34E+3,1.27E+1,5.24E+3,1.22E+1,4.22E+3,1.22E+1,7.85E+3,5.33E-2,-3.75,5.33E-2
82,100,182Pb,,,6.50E+3,1.70E+1,5.48E+3,1.70E+1,7.75E+3,6.64E-2,-9.97,6.64E-2
82,138,220Pb,3.17E+3,5.00E+2,,,,,7.67E+3,2.00,1.42E+1,2.00
82,134,216Pb,1.63E+3,2.01E+2,-7.36E+3,3.61E+2,-8.38E+3,3.61E+2,7.74E+3,1.00,-3.03,1.00
82,135,217Pb,3.53E+3,3.00E+2,-6.39E+3,5.00E+2,-7.42E+3,5.00E+2,7.71E+3,1.00,1.64,1.00
82,136,218Pb,2.41E+3,3.01E+2,-8.08E+3,5.00E+2,-9.10E+3,5.00E+2,7.70E+3,1.00,6.52,1.00
82,137,219Pb,4.30E+3,4.47E+2,,,,,7.68E+3,2.00,1.03E+1,2.00
82,127,209Pb,6.44E+2,1.14,-3.96E+3,6.21,-4.99E+3,6.21,7.84E+3,8.40E-3,-4.27E+1,8.40E-3
82,128,210Pb,6.34E+1,4.99E-1,-5.48E+3,1.15E+1,-6.50E+3,1.15E+1,7.83E+3,6.90E-3,-3.47E+1,6.90E-3
82,129,211Pb,1.36E+3,5.47,-4.41E+3,4.19E+1,-5.43E+3,4.19E+1,7.81E+3,1.07E-2,-2.91E+1,1.07E-2
82,123,205Pb,-2.70E+3,4.81,5.06E+1,5.03E-1,-9.71E+2,5.03E-1,7.87E+3,5.60E-3,-3.96E+1,5.60E-3
82,124,206Pb,-3.75E+3,7.54,-1.53E+3,6.11E-1,-2.55E+3,6.11E-1,7.87E+3,5.60E-3,-4.27E+1,5.60E-3
82,125,207Pb,-2.39E+3,2.11,-1.41E+3,5.40,-2.43E+3,5.40,7.86E+3,5.50E-3,-4.82E+1,5.50E-3
82,125,207Pb,-2.39E+3,2.11,-1.41E+3,5.40,-2.43E+3,5.40,7.86E+3,5.50E-3,-4.82E+1,5.50E-3
82,126,208Pb,-2.87E+3,2.01,-4.99E+3,1.66,-6.02E+3,1.66,7.86E+3,5.50E-3,-4.93E+1,5.50E-3
82,130,212Pb,5.69E+2,1.82,-5.99E+3,2.00E+2,-7.01E+3,2.00E+2,7.80E+3,8.69E-3,-2.23E+1,8.69E-3
82,131,213Pb,2.02E+3,8.37,-4.98E+3,2.78E+1,-6.00E+3,2.78E+1,7.78E+3,3.25E-2,-1.76E+1,3.25E-2
82,132,214Pb,1.01E+3,1.12E+1,-6.64E+3,1.96E+2,-7.66E+3,1.96E+2,7.77E+3,9.20E-3,-1.19E+1,9.20E-3
82,133,215Pb,2.71E+3,5.29E+1,-5.68E+3,3.05E+2,-6.70E+3,3.05E+2,7.75E+3,2.45E-1,-7.65,2.45E-1
83,120,203Bi,-4.21E+3,1.35E+1,3.26E+3,1.43E+1,2.23E+3,1.43E+1,7.85E+3,6.29E-2,-2.45E+1,6.29E-2
83,120,203Bi,-4.21E+3,1.35E+1,3.26E+3,1.43E+1,2.23E+3,1.43E+1,7.85E+3,6.29E-2,-2.45E+1,6.29E-2
83,121,204Bi,-2.30E+3,1.36E+1,4.46E+3,9.24,3.44E+3,9.24,7.85E+3,4.50E-2,-2.83E+1,4.50E-2
83,113,196Bi,-4.54E+3,2.50E+1,7.33E+3,2.56E+1,6.31E+3,2.56E+1,7.83E+3,1.24E-1,-6.21,1.24E-1
83,113,196Bi,-4.54E+3,2.50E+1,7.33E+3,2.56E+1,6.31E+3,2.56E+1,7.83E+3,1.24E-1,-6.21,1.24E-1
83,113,196Bi,-4.54E+3,2.50E+1,7.33E+3,2.56E+1,6.31E+3,2.56E+1,7.83E+3,1.24E-1,-6.21,1.24E-1
83,114,197Bi,-6.29E+3,1.29E+1,5.05E+3,9.61,4.03E+3,9.61,7.84E+3,4.23E-2,-8.49,4.23E-2
83,114,197Bi,-6.29E+3,1.29E+1,5.05E+3,9.61,4.03E+3,9.61,7.84E+3,4.23E-2,-8.49,4.23E-2
83,111,194Bi,-5.01E+3,1.39E+1,8.18E+3,1.82E+1,7.16E+3,1.82E+1,7.81E+3,2.71E-2,-2.39,2.71E-2
83,111,194Bi,-5.01E+3,1.39E+1,8.18E+3,1.82E+1,7.16E+3,1.82E+1,7.81E+3,2.71E-2,-2.39,2.71E-2
83,111,194Bi,-5.01E+3,1.39E+1,8.18E+3,1.82E+1,7.16E+3,1.82E+1,7.81E+3,2.71E-2,-2.39,2.71E-2
83,112,195Bi,-6.90E+3,8.02,5.71E+3,7.33,4.69E+3,7.33,7.83E+3,2.71E-2,-4.53,2.71E-2
83,112,195Bi,-6.90E+3,8.02,5.71E+3,7.33,4.69E+3,7.33,7.83E+3,2.71E-2,-4.53,2.71E-2
83,117,200Bi,-3.42E+3,2.39E+1,5.88E+3,2.48E+1,4.85E+3,2.48E+1,7.84E+3,1.13E-1,-1.60E+1,1.13E-1
83,117,200Bi,-3.42E+3,2.39E+1,5.88E+3,2.48E+1,4.85E+3,2.48E+1,7.84E+3,1.13E-1,-1.60E+1,1.13E-1
83,117,200Bi,-3.42E+3,2.39E+1,5.88E+3,2.48E+1,4.85E+3,2.48E+1,7.84E+3,1.13E-1,-1.60E+1,1.13E-1
83,118,201Bi,-4.90E+3,1.31E+1,3.84E+3,1.83E+1,2.82E+3,1.83E+1,7.85E+3,6.06E-2,-1.85E+1,6.06E-2
83,118,201Bi,-4.90E+3,1.31E+1,3.84E+3,1.83E+1,2.82E+3,1.83E+1,7.85E+3,6.06E-2,-1.85E+1,6.06E-2
83,115,198Bi,-3.90E+3,3.26E+1,6.69E+3,2.89E+1,5.67E+3,2.89E+1,7.84E+3,1.39E-1,-1.03E+1,1.39E-1
83,115,198Bi,-3.90E+3,3.26E+1,6.69E+3,2.89E+1,5.67E+3,2.89E+1,7.84E+3,1.39E-1,-1.03E+1,1.39E-1
83,115,198Bi,-3.90E+3,3.26E+1,6.69E+3,2.89E+1,5.67E+3,2.89E+1,7.84E+3,1.39E-1,-1.03E+1,1.39E-1
83,116,199Bi,-5.55E+3,1.19E+1,4.43E+3,1.26E+1,3.41E+3,1.26E+1,7.84E+3,5.33E-2,-1.31E+1,5.33E-2
83,116,199Bi,-5.55E+3,1.19E+1,4.43E+3,1.26E+1,3.41E+3,1.26E+1,7.84E+3,5.33E-2,-1.31E+1,5.33E-2
83,119,202Bi,-2.80E+3,1.64E+1,5.18E+3,1.45E+1,4.16E+3,1.45E+1,7.85E+3,6.93E-2,-2.18E+1,6.93E-2
83,110,193Bi,-7.55E+3,1.63E+1,6.34E+3,1.27E+1,5.32E+3,1.27E+1,7.81E+3,3.93E-2,-1.72,3.93E-2
83,110,193Bi,-7.55E+3,1.63E+1,6.34E+3,1.27E+1,5.32E+3,1.27E+1,7.81E+3,3.93E-2,-1.72,3.93E-2
83,102,185Bi,,,9.30E+3,8.30E+1,8.28E+3,8.30E+1,7.73E+3,0.0,-3.22,0.0
83,103,186Bi,-7.24E+3,2.49E+1,1.15E+4,2.02E+1,1.05E+4,2.02E+1,7.73E+3,9.11E-2,-1.66E-1,9.11E-2
83,101,184Bi,,,1.23E+4,1.23E+2,1.12E+4,1.23E+2,7.71E+3,1.00,-4.44,1.00
83,106,189Bi,-8.64E+3,3.03E+1,7.77E+3,2.51E+1,6.75E+3,2.51E+1,7.78E+3,1.10E-1,3.58E-1,1.10E-1
83,107,190Bi,-6.03E+3,2.47E+1,9.82E+3,2.44E+1,8.79E+3,2.44E+1,7.78E+3,1.10E-1,1.52,1.10E-1
83,107,190Bi,-6.03E+3,2.47E+1,9.82E+3,2.44E+1,8.79E+3,2.44E+1,7.78E+3,1.10E-1,1.52,1.10E-1
83,104,187Bi,-9.20E+3,3.41E+1,8.60E+3,1.12E+1,7.58E+3,1.12E+1,7.75E+3,5.35E-2,-6.89E-1,5.35E-2
83,105,188Bi,-6.65E+3,2.28E+1,1.06E+4,1.50E+1,9.59E+3,1.50E+1,7.76E+3,5.95E-2,1.09,5.95E-2
83,105,188Bi,-6.65E+3,2.28E+1,1.06E+4,1.50E+1,9.59E+3,1.50E+1,7.76E+3,5.95E-2,1.09,5.95E-2
83,108,191Bi,-8.17E+3,1.03E+1,7.05E+3,9.98,6.02E+3,9.98,7.80E+3,3.92E-2,-8.32E-2,3.92E-2
83,108,191Bi,-8.17E+3,1.03E+1,7.05E+3,9.98,6.02E+3,9.98,7.80E+3,3.92E-2,-8.32E-2,3.92E-2
83,109,192Bi,-5.46E+3,3.19E+1,9.01E+3,3.06E+1,7.99E+3,3.06E+1,7.80E+3,1.56E-1,3.29E-1,1.56E-1
83,109,192Bi,-5.46E+3,3.19E+1,9.01E+3,3.06E+1,7.99E+3,3.06E+1,7.80E+3,1.56E-1,3.29E-1,1.56E-1
83,140,223Bi,5.16E+3,4.45E+2,,,,,7.63E+3,2.00,2.25E+1,2.00
83,141,224Bi,7.15E+3,4.45E+2,,,,,7.61E+3,2.00,2.48E+1,2.00
83,135,218Bi,4.85E+3,2.70E+1,-2.41E+3,3.01E+2,-3.43E+3,3.01E+2,7.71E+3,1.23E-1,5.68,1.23E-1
83,136,219Bi,3.63E+3,2.01E+2,-4.30E+3,4.47E+2,-5.32E+3,4.47E+2,7.70E+3,1.00,1.04E+1,1.00
83,133,216Bi,4.09E+3,1.13E+1,-1.63E+3,2.01E+2,-2.65E+3,2.01E+2,7.74E+3,5.18E-2,-2.80,5.18E-2
83,133,216Bi,4.09E+3,1.13E+1,-1.63E+3,2.01E+2,-2.65E+3,2.01E+2,7.74E+3,5.18E-2,-2.80,5.18E-2
83,134,217Bi,2.84E+3,1.88E+1,-3.53E+3,3.00E+2,-4.55E+3,3.00E+2,7.73E+3,8.16E-2,1.83,8.16E-2
83,139,222Bi,6.46E+3,3.03E+2,,,,,7.64E+3,1.00,2.04E+1,1.00
83,137,220Bi,5.69E+3,3.00E+2,-3.17E+3,5.00E+2,-4.19E+3,5.00E+2,7.68E+3,1.00,1.34E+1,1.00
83,138,221Bi,4.42E+3,3.01E+2,,,,,7.66E+3,1.00,1.74E+1,1.00
83,131,214Bi,3.26E+3,1.11E+1,-1.01E+3,1.12E+1,-2.03E+3,1.12E+1,7.77E+3,5.24E-2,-1.26E+1,5.24E-2
83,131,214Bi,3.26E+3,1.11E+1,-1.01E+3,1.12E+1,-2.03E+3,1.12E+1,7.77E+3,5.24E-2,-1.26E+1,5.24E-2
83,132,215Bi,2.17E+3,5.52,-2.71E+3,5.29E+1,-3.73E+3,5.29E+1,7.76E+3,2.62E-2,-6.81,2.62E-2
83,132,215Bi,2.17E+3,5.52,-2.71E+3,5.29E+1,-3.73E+3,5.29E+1,7.76E+3,2.62E-2,-6.81,2.62E-2
83,130,213Bi,1.42E+3,5.48,-2.02E+3,8.37,-3.05E+3,8.37,7.79E+3,2.39E-2,-1.70E+1,2.39E-2
83,124,207Bi,-2.90E+3,6.61,2.39E+3,2.11,1.37E+3,2.11,7.85E+3,1.15E-2,-3.72E+1,1.15E-2
83,125,208Bi,-1.40E+3,2.37,2.87E+3,2.01,1.85E+3,2.01,7.84E+3,1.11E-2,-4.22E+1,1.11E-2
83,122,205Bi,-3.54E+3,1.11E+1,2.70E+3,4.81,1.68E+3,4.81,7.85E+3,2.35E-2,-3.07E+1,2.35E-2
83,123,206Bi,-1.83E+3,8.60,3.75E+3,7.54,2.73E+3,7.54,7.85E+3,3.71E-2,-3.52E+1,3.71E-2
83,128,211Bi,5.73E+2,5.42,-1.36E+3,5.47,-2.38E+3,5.47,7.81E+3,2.58E-2,-2.89E+1,2.58E-2
83,129,212Bi,2.25E+3,1.66,-5.69E+2,1.82,-1.59E+3,1.82,7.80E+3,8.69E-3,-2.45E+1,8.69E-3
83,129,212Bi,2.25E+3,1.66,-5.69E+2,1.82,-1.59E+3,1.82,7.80E+3,8.69E-3,-2.45E+1,8.69E-3
83,129,212Bi,2.25E+3,1.66,-5.69E+2,1.82,-1.59E+3,1.82,7.80E+3,8.69E-3,-2.45E+1,8.69E-3
83,126,209Bi,-1.89E+3,1.56,-6.44E+2,1.14,-1.66E+3,1.14,7.84E+3,6.50E-3,-4.26E+1,6.50E-3
83,127,210Bi,1.16E+3,7.66E-1,-6.34E+1,4.99E-1,-1.08E+3,4.99E-1,7.83E+3,6.50E-3,-3.81E+1,6.50E-3
83,127,210Bi,1.16E+3,7.66E-1,-6.34E+1,4.99E-1,-1.08E+3,4.99E-1,7.83E+3,6.50E-3,-3.81E+1,6.50E-3
84,121,205Po,-4.53E+3,1.56E+1,3.54E+3,1.11E+1,2.52E+3,1.11E+1,7.83E+3,4.91E-2,-2.34E+1,4.91E-2
84,122,206Po,-5.74E+3,1.41E+1,1.83E+3,8.60,8.17E+2,8.60,7.84E+3,1.95E-2,-2.59E+1,1.95E-2
84,123,207Po,-3.91E+3,1.40E+1,2.90E+3,6.61,1.88E+3,6.61,7.83E+3,3.22E-2,-2.92E+1,3.22E-2
84,123,207Po,-3.91E+3,1.40E+1,2.90E+3,6.61,1.88E+3,6.61,7.83E+3,3.22E-2,-2.92E+1,3.22E-2
84,124,208Po,-4.99E+3,9.07,1.40E+3,2.37,3.78E+2,2.37,7.83E+3,8.00E-3,-3.15E+1,8.00E-3
84,125,209Po,-3.48E+3,4.95,1.89E+3,1.56,8.70E+2,1.56,7.83E+3,8.50E-3,-3.58E+1,8.50E-3
84,126,210Po,-3.98E+3,7.61,-1.16E+3,7.66E-1,-2.18E+3,7.66E-1,7.83E+3,5.50E-3,-3.60E+1,5.50E-3
84,127,211Po,-7.85E+2,2.53,-5.73E+2,5.42,-1.59E+3,5.42,7.81E+3,6.00E-3,-3.02E+1,6.00E-3
84,127,211Po,-7.85E+2,2.53,-5.73E+2,5.42,-1.59E+3,5.42,7.81E+3,6.00E-3,-3.02E+1,6.00E-3
84,128,212Po,-1.74E+3,2.10,-2.25E+3,1.66,-3.27E+3,1.66,7.81E+3,5.40E-3,-2.40E+1,5.40E-3
84,128,212Po,-1.74E+3,2.10,-2.25E+3,1.66,-3.27E+3,1.66,7.81E+3,5.40E-3,-2.40E+1,5.40E-3
84,129,213Po,-7.39E+1,5.46,-1.42E+3,5.48,-2.44E+3,5.48,7.79E+3,1.43E-2,-1.87E+1,1.43E-2
84,130,214Po,-1.09E+3,3.77,-3.26E+3,1.11E+1,-4.29E+3,1.11E+1,7.78E+3,6.80E-3,-1.34E+1,6.80E-3
84,131,215Po,7.14E+2,6.64,-2.17E+3,5.52,-3.19E+3,5.52,7.76E+3,9.90E-3,-8.57,9.90E-3
84,132,216Po,-4.74E+2,3.57,-4.09E+3,1.13E+1,-5.11E+3,1.13E+1,7.75E+3,8.40E-3,-4.04,8.40E-3
84,133,217Po,1.48E+3,7.97,-2.84E+3,1.88E+1,-3.86E+3,1.88E+1,7.74E+3,3.02E-2,3.24E-1,3.02E-2
84,134,218Po,2.56E+2,1.15E+1,-4.85E+3,2.70E+1,-5.88E+3,2.70E+1,7.73E+3,8.99E-3,4.20,8.99E-3
84,135,219Po,2.28E+3,1.61E+1,-3.63E+3,2.01E+2,-4.65E+3,2.01E+2,7.71E+3,7.23E-2,8.32,7.23E-2
84,136,220Po,8.87E+2,2.25E+1,-5.69E+3,3.00E+2,-6.71E+3,3.00E+2,7.70E+3,8.04E-2,1.14E+1,8.04E-2
84,137,221Po,2.99E+3,2.40E+1,-4.42E+3,3.01E+2,-5.44E+3,3.01E+2,7.68E+3,8.85E-2,1.51E+1,8.85E-2
84,138,222Po,1.53E+3,4.30E+1,-6.46E+3,3.03E+2,-7.48E+3,3.03E+2,7.67E+3,1.80E-1,1.76E+1,1.80E-1
84,139,223Po,3.65E+3,1.96E+2,-5.16E+3,4.45E+2,-6.18E+3,4.45E+2,7.65E+3,1.00,2.07E+1,1.00
84,140,224Po,2.19E+3,1.97E+2,-7.15E+3,4.45E+2,-8.18E+3,4.45E+2,7.64E+3,1.00,2.28E+1,1.00
84,141,225Po,4.28E+3,4.24E+2,,,,,7.62E+3,1.00,2.41E+1,1.00
84,142,226Po,2.88E+3,5.00E+2,,,,,7.61E+3,2.00,2.63E+1,2.00
84,143,227Po,4.85E+3,5.00E+2,,,,,7.59E+3,2.00,2.68E+1,2.00
84,102,186Po,,,7.24E+3,2.49E+1,6.22E+3,2.49E+1,7.69E+3,9.83E-2,-7.68,9.83E-2
84,103,187Po,,,9.20E+3,3.41E+1,8.18E+3,3.41E+1,7.70E+3,1.74E-1,-4.70,1.74E-1
84,104,188Po,,,6.65E+3,2.28E+1,5.62E+3,2.28E+1,7.72E+3,1.06E-1,-4.45,1.06E-1
84,105,189Po,,,8.64E+3,3.03E+1,7.62E+3,3.03E+1,7.73E+3,1.16E-1,-1.56,1.16E-1
84,106,190Po,,,6.03E+3,2.47E+1,5.01E+3,2.47E+1,7.74E+3,6.93E-2,-2.30,6.93E-2
84,107,191Po,-8.93E+3,1.75E+1,8.17E+3,1.03E+1,7.14E+3,1.03E+1,7.75E+3,3.71E-2,4.20E-1,3.71E-2
84,108,192Po,-1.09E+4,2.98E+1,5.46E+3,3.19E+1,4.44E+3,3.19E+1,7.77E+3,5.54E-2,-1.65,5.54E-2
84,109,193Po,-8.25E+3,2.60E+1,7.55E+3,1.63E+1,6.53E+3,1.63E+1,7.77E+3,7.53E-2,3.38E-1,7.53E-2
84,109,193Po,-8.25E+3,2.60E+1,7.55E+3,1.63E+1,6.53E+3,1.63E+1,7.77E+3,7.53E-2,3.38E-1,7.53E-2
84,110,194Po,-1.02E+4,2.68E+1,5.01E+3,1.39E+1,3.99E+3,1.39E+1,7.78E+3,6.66E-2,-2.05,6.66E-2
84,111,195Po,-7.64E+3,1.13E+1,6.90E+3,8.02,5.88E+3,8.02,7.79E+3,3.10E-2,-1.23,3.10E-2
84,111,195Po,-7.64E+3,1.13E+1,6.90E+3,8.02,5.88E+3,8.02,7.79E+3,3.10E-2,-1.23,3.10E-2
84,112,196Po,-9.55E+3,3.07E+1,4.54E+3,2.50E+1,3.51E+3,2.50E+1,7.80E+3,2.75E-2,-3.84,2.75E-2
84,113,197Po,-7.03E+3,1.26E+1,6.29E+3,1.29E+1,5.27E+3,1.29E+1,7.80E+3,5.01E-2,-3.90,5.01E-2
84,113,197Po,-7.03E+3,1.26E+1,6.29E+3,1.29E+1,5.27E+3,1.29E+1,7.80E+3,5.01E-2,-3.90,5.01E-2
84,114,198Po,-8.76E+3,1.81E+1,3.90E+3,3.26E+1,2.87E+3,3.26E+1,7.81E+3,8.80E-2,-6.93,8.80E-2
84,115,199Po,-6.41E+3,7.64,5.55E+3,1.19E+1,4.53E+3,1.19E+1,7.81E+3,2.73E-2,-7.92,2.73E-2
84,115,199Po,-6.41E+3,7.64,5.55E+3,1.19E+1,4.53E+3,1.19E+1,7.81E+3,2.73E-2,-7.92,2.73E-2
84,116,200Po,-7.95E+3,2.56E+1,3.42E+3,2.39E+1,2.40E+3,2.39E+1,7.82E+3,3.79E-2,-1.07E+1,3.79E-2
84,117,201Po,-5.73E+3,9.56,4.90E+3,1.31E+1,3.88E+3,1.31E+1,7.82E+3,2.46E-2,-1.25E+1,2.46E-2
84,117,201Po,-5.73E+3,9.56,4.90E+3,1.31E+1,3.88E+3,1.31E+1,7.82E+3,2.46E-2,-1.25E+1,2.46E-2
84,118,202Po,-7.34E+3,2.89E+1,2.80E+3,1.64E+1,1.78E+3,1.64E+1,7.83E+3,4.29E-2,-1.56E+1,4.29E-2
84,119,203Po,-5.14E+3,1.15E+1,4.21E+3,1.35E+1,3.19E+3,1.35E+1,7.83E+3,2.29E-2,-1.78E+1,2.29E-2
84,119,203Po,-5.14E+3,1.15E+1,4.21E+3,1.35E+1,3.19E+3,1.35E+1,7.83E+3,2.29E-2,-1.78E+1,2.29E-2
84,120,204Po,-6.46E+3,2.48E+1,2.30E+3,1.36E+1,1.28E+3,1.36E+1,7.83E+3,4.94E-2,-2.06E+1,4.94E-2
85,108,193At,-9.11E+3,3.31E+1,8.25E+3,2.60E+1,7.23E+3,2.60E+1,7.72E+3,1.12E-1,-2.38E-1,1.12E-1
85,109,194At,-6.44E+3,2.88E+1,1.02E+4,2.68E+1,9.26E+3,2.68E+1,7.73E+3,1.21E-1,1.11,1.21E-1
85,109,194At,-6.44E+3,2.88E+1,1.02E+4,2.68E+1,9.26E+3,2.68E+1,7.73E+3,1.21E-1,1.11,1.21E-1
85,106,191At,,,8.93E+3,1.75E+1,7.91E+3,1.75E+1,7.70E+3,8.43E-2,-1.47,8.43E-2
85,107,192At,,,1.09E+4,2.98E+1,9.97E+3,2.98E+1,7.70E+3,1.45E-1,4.11E-1,1.45E-1
85,107,192At,,,1.09E+4,2.98E+1,9.97E+3,2.98E+1,7.70E+3,1.45E-1,4.11E-1,1.45E-1
85,119,204At,-3.90E+3,2.38E+1,6.46E+3,2.48E+1,5.44E+3,2.48E+1,7.80E+3,1.11E-1,-1.49E+1,1.11E-1
85,119,204At,-3.90E+3,2.38E+1,6.46E+3,2.48E+1,5.44E+3,2.48E+1,7.80E+3,1.11E-1,-1.49E+1,1.11E-1
85,117,202At,-4.32E+3,3.26E+1,7.34E+3,2.89E+1,6.32E+3,2.89E+1,7.79E+3,1.36E-1,-9.69,1.36E-1
85,117,202At,-4.32E+3,3.26E+1,7.34E+3,2.89E+1,6.32E+3,2.89E+1,7.79E+3,1.36E-1,-9.69,1.36E-1
85,117,202At,-4.32E+3,3.26E+1,7.34E+3,2.89E+1,6.32E+3,2.89E+1,7.79E+3,1.36E-1,-9.69,1.36E-1
85,118,203At,-5.97E+3,1.21E+1,5.14E+3,1.15E+1,4.12E+3,1.15E+1,7.80E+3,5.23E-2,-1.22E+1,5.23E-2
85,115,200At,-4.98E+3,2.51E+1,7.95E+3,2.56E+1,6.93E+3,2.56E+1,7.78E+3,1.22E-1,-6.04,1.22E-1
85,115,200At,-4.98E+3,2.51E+1,7.95E+3,2.56E+1,6.93E+3,2.56E+1,7.78E+3,1.22E-1,-6.04,1.22E-1
85,115,200At,-4.98E+3,2.51E+1,7.95E+3,2.56E+1,6.93E+3,2.56E+1,7.78E+3,1.22E-1,-6.04,1.22E-1
85,116,201At,-6.68E+3,1.30E+1,5.73E+3,9.56,4.70E+3,9.56,7.79E+3,4.07E-2,-8.12,4.07E-2
85,113,198At,-5.47E+3,1.42E+1,8.76E+3,1.81E+1,7.74E+3,1.81E+1,7.76E+3,2.48E-2,-2.45,2.48E-2
85,113,198At,-5.47E+3,1.42E+1,8.76E+3,1.81E+1,7.74E+3,1.81E+1,7.76E+3,2.48E-2,-2.45,2.48E-2
85,114,199At,-7.26E+3,9.06,6.41E+3,7.64,5.39E+3,7.64,7.78E+3,2.71E-2,-4.35,2.71E-2
85,114,199At,-7.26E+3,9.06,6.41E+3,7.64,5.39E+3,7.64,7.78E+3,2.71E-2,-4.35,2.71E-2
85,111,196At,-5.88E+3,3.33E+1,9.55E+3,3.07E+1,8.53E+3,3.07E+1,7.75E+3,1.54E-1,1.79E-1,1.54E-1
85,112,197At,-7.86E+3,1.80E+1,7.03E+3,1.26E+1,6.01E+3,1.26E+1,7.76E+3,4.05E-2,-1.55,4.05E-2
85,112,197At,-7.86E+3,1.80E+1,7.03E+3,1.26E+1,6.01E+3,1.26E+1,7.76E+3,4.05E-2,-1.55,4.05E-2
85,110,195At,-8.52E+3,5.25E+1,7.64E+3,1.13E+1,6.62E+3,1.13E+1,7.74E+3,4.91E-2,-3.02E-1,4.91E-2
85,110,195At,-8.52E+3,5.25E+1,7.64E+3,1.13E+1,6.62E+3,1.13E+1,7.74E+3,4.91E-2,-3.02E-1,4.91E-2
85,128,213At,-8.83E+2,5.72,7.39E+1,5.46,-9.48E+2,5.46,7.79E+3,2.30E-2,-1.86E+1,2.30E-2
85,129,214At,9.40E+2,9.88,1.09E+3,3.77,6.88E+1,3.77,7.77E+3,1.85E-2,-1.47E+1,1.85E-2
85,126,211At,-2.89E+3,6.89,7.85E+2,2.53,-2.36E+2,2.53,7.81E+3,1.29E-2,-3.03E+1,1.29E-2
85,127,212At,3.10E+1,3.59,1.74E+3,2.10,7.19E+2,2.10,7.79E+3,1.12E-2,-2.58E+1,1.12E-2
85,127,212At,3.10E+1,3.59,1.74E+3,2.10,7.19E+2,2.10,7.79E+3,1.12E-2,-2.58E+1,1.12E-2
85,124,209At,-3.94E+3,1.10E+1,3.48E+3,4.95,2.46E+3,4.95,7.81E+3,2.27E-2,-2.68E+1,2.27E-2
85,125,210At,-2.36E+3,8.92,3.98E+3,7.61,2.95E+3,7.61,7.81E+3,3.66E-2,-3.08E+1,3.66E-2
85,122,207At,-4.59E+3,1.32E+1,3.91E+3,1.40E+1,2.89E+3,1.40E+1,7.81E+3,5.99E-2,-2.18E+1,5.99E-2
85,123,208At,-2.81E+3,1.35E+1,4.99E+3,9.07,3.97E+3,9.07,7.81E+3,4.29E-2,-2.52E+1,4.29E-2
85,120,205At,-5.27E+3,1.30E+1,4.53E+3,1.56E+1,3.51E+3,1.56E+1,7.81E+3,5.88E-2,-1.69E+1,5.88E-2
85,121,206At,-3.30E+3,1.60E+1,5.74E+3,1.41E+1,4.72E+3,1.41E+1,7.80E+3,6.57E-2,-1.98E+1,6.57E-2
85,130,215At,-8.75E+1,8.90,-7.14E+2,6.64,-1.73E+3,6.64,7.76E+3,3.08E-2,-8.68,3.08E-2
85,139,224At,5.26E+3,2.44E+1,-2.19E+3,1.97E+2,-3.22E+3,1.97E+2,7.65E+3,9.98E-2,2.27E+1,9.98E-2
85,137,222At,4.58E+3,1.59E+1,-1.53E+3,4.30E+1,-2.55E+3,4.30E+1,7.67E+3,7.13E-2,1.77E+1,7.13E-2
85,138,223At,3.03E+3,1.60E+1,-3.65E+3,1.96E+2,-4.67E+3,1.96E+2,7.66E+3,6.27E-2,2.01E+1,6.27E-2
85,135,220At,3.76E+3,1.40E+1,-8.87E+2,2.25E+1,-1.90E+3,2.25E+1,7.70E+3,6.35E-2,1.12E+1,6.35E-2
85,136,221At,2.31E+3,1.50E+1,-2.99E+3,2.40E+1,-4.01E+3,2.40E+1,7.69E+3,6.32E-2,1.45E+1,6.32E-2
85,133,218At,2.88E+3,1.16E+1,-2.56E+2,1.15E+1,-1.27E+3,1.15E+1,7.72E+3,5.28E-2,3.62,5.28E-2
85,134,219At,1.56E+3,2.94,-2.28E+3,1.61E+1,-3.30E+3,1.61E+1,7.72E+3,1.48E-2,7.70,1.48E-2
85,131,216At,2.00E+3,6.63,4.74E+2,3.57,-5.47E+2,3.57,7.75E+3,1.66E-2,-4.65,1.66E-2
85,132,217At,7.36E+2,6.15,-1.48E+3,7.97,-2.51E+3,7.97,7.74E+3,2.30E-2,3.62E-2,2.30E-2
85,140,225At,3.76E+3,3.00E+2,-4.28E+3,4.24E+2,-5.30E+3,4.24E+2,7.64E+3,1.00,2.45E+1,1.00
85,141,226At,5.91E+3,3.00E+2,-2.88E+3,5.00E+2,-3.91E+3,5.00E+2,7.62E+3,1.00,2.58E+1,1.00
85,144,229At,5.52E+3,4.00E+2,,,,,7.58E+3,2.00,2.99E+1,2.00
85,142,227At,4.54E+3,3.00E+2,-4.85E+3,5.00E+2,-5.87E+3,5.00E+2,7.61E+3,1.00,2.80E+1,1.00
85,143,228At,6.63E+3,4.00E+2,,,,,7.59E+3,2.00,2.86E+1,2.00
86,128,214Rn,-3.36E+3,1.24E+1,-9.40E+2,9.88,-1.96E+3,9.88,7.77E+3,4.29E-2,-1.49E+1,4.29E-2
86,127,213Rn,-2.14E+3,5.69,8.83E+2,5.72,-1.38E+2,5.72,7.78E+3,1.58E-2,-1.99E+1,1.58E-2
86,129,215Rn,-1.48E+3,9.18,8.75E+1,8.90,-9.34E+2,8.90,7.76E+3,2.83E-2,-1.01E+1,2.83E-2
86,124,210Rn,-6.26E+3,1.41E+1,2.36E+3,8.92,1.34E+3,8.92,7.79E+3,2.17E-2,-2.26E+1,2.17E-2
86,123,209Rn,-5.15E+3,1.52E+1,3.94E+3,1.10E+1,2.92E+3,1.10E+1,7.79E+3,4.77E-2,-2.09E+1,4.77E-2
86,126,212Rn,-5.14E+3,9.30,-3.10E+1,3.59,-1.05E+3,3.59,7.79E+3,1.47E-2,-2.53E+1,1.47E-2
86,125,211Rn,-4.61E+3,1.37E+1,2.89E+3,6.89,1.86E+3,6.89,7.79E+3,3.23E-2,-2.58E+1,3.23E-2
86,120,206Rn,-7.88E+3,2.91E+1,3.30E+3,1.60E+1,2.28E+3,1.60E+1,7.78E+3,4.17E-2,-1.46E+1,4.17E-2
86,122,208Rn,-6.99E+3,1.54E+1,2.81E+3,1.35E+1,1.79E+3,1.35E+1,7.79E+3,4.89E-2,-1.85E+1,4.89E-2
86,121,207Rn,-5.78E+3,1.81E+1,4.59E+3,1.32E+1,3.57E+3,1.32E+1,7.78E+3,2.29E-2,-1.66E+1,2.29E-2
86,140,226Rn,1.22E+3,1.21E+1,-5.91E+3,3.00E+2,-6.93E+3,3.00E+2,7.64E+3,4.63E-2,2.28E+1,4.63E-2
86,139,225Rn,2.71E+3,1.63E+1,-3.76E+3,3.00E+2,-4.78E+3,3.00E+2,7.65E+3,4.95E-2,2.18E+1,4.95E-2
86,138,224Rn,6.96E+2,1.48E+1,-5.26E+3,2.44E+1,-6.28E+3,2.44E+1,7.67E+3,4.38E-2,1.91E+1,4.38E-2
86,135,221Rn,1.19E+3,7.23,-2.31E+3,1.50E+1,-3.33E+3,1.50E+1,7.70E+3,2.59E-2,1.21E+1,2.59E-2
86,134,220Rn,-8.70E+2,4.02,-3.76E+3,1.40E+1,-4.78E+3,1.40E+1,7.71E+3,8.20E-3,8.14,8.20E-3
86,137,223Rn,2.00E+3,8.05,-3.03E+3,1.60E+1,-4.06E+3,1.60E+1,7.67E+3,3.51E-2,1.76E+1,3.51E-2
86,136,222Rn,-6.14,7.70,-4.58E+3,1.59E+1,-5.60E+3,1.59E+1,7.69E+3,8.80E-3,1.41E+1,8.80E-3
86,131,217Rn,-6.56E+2,7.53,-7.36E+2,6.15,-1.75E+3,6.15,7.74E+3,1.93E-2,-1.81,1.93E-2
86,130,216Rn,-2.71E+3,6.93,-2.00E+3,6.63,-3.02E+3,6.63,7.75E+3,2.67E-2,-6.38,2.67E-2
86,133,219Rn,2.12E+2,6.89,-1.56E+3,2.94,-2.58E+3,2.94,7.72E+3,9.59E-3,5.41,9.59E-3
86,132,218Rn,-1.84E+3,4.44,-2.88E+3,1.16E+1,-3.90E+3,1.16E+1,7.73E+3,1.06E-2,1.22,1.06E-2
86,145,231Rn,4.46E+3,3.00E+2,,,,,7.57E+3,1.00,2.73E+1,1.00
86,142,228Rn,1.85E+3,1.89E+1,-6.63E+3,4.00E+2,-7.65E+3,4.00E+2,7.62E+3,7.75E-2,2.50E+1,7.75E-2
86,141,227Rn,3.20E+3,1.52E+1,-4.54E+3,3.00E+2,-5.56E+3,3.00E+2,7.63E+3,6.21E-2,2.45E+1,6.21E-2
86,144,230Rn,2.68E+3,2.00E+2,,,,,7.59E+3,1.00,2.75E+1,1.00
86,143,229Rn,3.69E+3,1.39E+1,-5.52E+3,4.00E+2,-6.54E+3,4.00E+2,7.60E+3,5.69E-2,2.56E+1,5.69E-2
86,109,195Rn,,,8.52E+3,5.25E+1,7.49E+3,5.25E+1,7.70E+3,2.65E-1,-1.02,2.65E-1
86,109,195Rn,,,8.52E+3,5.25E+1,7.49E+3,5.25E+1,7.70E+3,2.65E-1,-1.02,2.65E-1
86,108,194Rn,,,6.44E+3,2.88E+1,5.41E+3,2.88E+1,7.69E+3,8.59E-2,-3.61,8.59E-2
86,107,193Rn,,,9.11E+3,3.31E+1,8.08E+3,3.31E+1,7.67E+3,1.30E-1,-2.66,1.30E-1
86,117,203Rn,-7.06E+3,8.52,5.97E+3,1.21E+1,4.95E+3,1.21E+1,7.77E+3,2.86E-2,-8.30,2.86E-2
86,117,203Rn,-7.06E+3,8.52,5.97E+3,1.21E+1,4.95E+3,1.21E+1,7.77E+3,2.86E-2,-8.30,2.86E-2
86,116,202Rn,-9.37E+3,1.85E+1,4.32E+3,3.26E+1,3.29E+3,3.26E+1,7.76E+3,8.67E-2,-7.46,8.67E-2
86,119,205Rn,-6.39E+3,9.32,5.27E+3,1.30E+1,4.25E+3,1.30E+1,7.78E+3,2.48E-2,-1.23E+1,2.48E-2
86,118,204Rn,-8.57E+3,2.56E+1,3.90E+3,2.38E+1,2.88E+3,2.38E+1,7.78E+3,3.65E-2,-1.07E+1,3.65E-2
86,113,199Rn,-8.33E+3,1.55E+1,7.26E+3,9.06,6.24E+3,9.06,7.74E+3,3.67E-2,-2.43,3.67E-2
86,113,199Rn,-8.33E+3,1.55E+1,7.26E+3,9.06,6.24E+3,9.06,7.74E+3,3.67E-2,-2.43,3.67E-2
86,112,198Rn,-1.08E+4,3.38E+1,5.47E+3,1.42E+1,4.45E+3,1.42E+1,7.73E+3,6.78E-2,-2.96,6.78E-2
86,115,201Rn,-7.69E+3,1.35E+1,6.68E+3,1.30E+1,5.66E+3,1.30E+1,7.75E+3,5.04E-2,-4.81,5.04E-2
86,115,201Rn,-7.69E+3,1.35E+1,6.68E+3,1.30E+1,5.66E+3,1.30E+1,7.75E+3,5.04E-2,-4.81,5.04E-2
86,114,200Rn,-1.01E+4,3.10E+1,4.98E+3,2.51E+1,3.96E+3,2.51E+1,7.75E+3,2.90E-2,-4.69,2.90E-2
86,111,197Rn,-8.74E+3,5.87E+1,7.86E+3,1.80E+1,6.84E+3,1.80E+1,7.72E+3,8.22E-2,-1.03,8.22E-2
86,110,196Rn,,,5.88E+3,3.33E+1,4.86E+3,3.33E+1,7.71E+3,7.17E-2,-2.74,7.17E-2
87,139,226Fr,3.85E+3,6.52,-1.22E+3,1.21E+1,-2.24E+3,1.21E+1,7.64E+3,2.76E-2,2.10E+1,2.76E-2
87,138,225Fr,1.82E+3,1.21E+1,-2.71E+3,1.63E+1,-3.73E+3,1.63E+1,7.66E+3,5.32E-2,1.91E+1,5.32E-2
87,137,224Fr,2.92E+3,1.13E+1,-6.96E+2,1.48E+1,-1.71E+3,1.48E+1,7.67E+3,4.99E-2,1.66E+1,4.99E-2
87,132,219Fr,-7.76E+2,9.59,-2.12E+2,6.89,-1.23E+3,6.89,7.72E+3,3.14E-2,4.35,3.14E-2
87,131,218Fr,4.13E+2,1.05E+1,1.84E+3,4.44,8.20E+2,4.44,7.72E+3,1.94E-2,2.90E-1,1.94E-2
87,130,217Fr,-1.57E+3,9.47,6.56E+2,7.53,-3.65E+2,7.53,7.73E+3,3.01E-2,-2.28,3.01E-2
87,136,223Fr,1.14E+3,8.47E-1,-2.00E+3,8.05,-3.02E+3,8.05,7.68E+3,8.69E-3,1.50E+1,8.69E-3
87,135,222Fr,2.05E+3,8.68,6.14,7.70,-1.01E+3,7.70,7.69E+3,3.36E-2,1.15E+1,3.36E-2
87,134,221Fr,3.13E+2,6.38,-1.19E+3,7.23,-2.21E+3,7.23,7.70E+3,2.21E-2,9.97,2.21E-2
87,133,220Fr,1.21E+3,8.48,8.70E+2,4.02,-1.51E+2,4.02,7.70E+3,1.83E-2,6.16,1.83E-2
87,129,216Fr,-3.20E+2,8.89,2.71E+3,6.93,1.69E+3,6.93,7.74E+3,1.93E-2,-6.76,1.93E-2
87,128,215Fr,-2.21E+3,9.76,1.48E+3,9.18,4.65E+2,9.18,7.75E+3,3.29E-2,-1.02E+1,3.29E-2
87,127,214Fr,-1.05E+3,9.98,3.36E+3,1.24E+1,2.33E+3,1.24E+1,7.75E+3,3.98E-2,-1.59E+1,3.98E-2
87,126,213Fr,-3.89E+3,1.08E+1,2.14E+3,5.69,1.11E+3,5.69,7.76E+3,2.21E-2,-2.06E+1,2.21E-2
87,121,208Fr,-4.39E+3,1.47E+1,6.99E+3,1.54E+1,5.96E+3,1.54E+1,7.75E+3,5.60E-2,-1.35E+1,5.60E-2
87,120,207Fr,-6.36E+3,6.08E+1,5.78E+3,1.81E+1,4.76E+3,1.81E+1,7.75E+3,8.48E-2,-1.12E+1,8.48E-2
87,125,212Fr,-3.31E+3,1.34E+1,5.14E+3,9.30,4.12E+3,9.30,7.76E+3,4.14E-2,-2.15E+1,4.14E-2
87,124,211Fr,-4.97E+3,1.29E+1,4.61E+3,1.37E+1,3.59E+3,1.37E+1,7.76E+3,5.68E-2,-1.84E+1,5.68E-2
87,123,210Fr,-3.78E+3,1.62E+1,6.26E+3,1.41E+1,5.23E+3,1.41E+1,7.76E+3,6.39E-2,-1.73E+1,6.39E-2
87,122,209Fr,-5.64E+3,1.28E+1,5.15E+3,1.52E+1,4.13E+3,1.52E+1,7.76E+3,5.50E-2,-1.47E+1,5.50E-2
87,143,230Fr,4.97E+3,1.21E+1,-2.68E+3,2.00E+2,-3.70E+3,2.00E+2,7.60E+3,2.84E-2,2.50E+1,2.84E-2
87,142,229Fr,3.10E+3,1.62E+1,-3.69E+3,1.39E+1,-4.71E+3,1.39E+1,7.61E+3,2.18E-2,2.47E+1,2.18E-2
87,141,228Fr,4.44E+3,7.02,-1.85E+3,1.89E+1,-2.88E+3,1.89E+1,7.62E+3,2.95E-2,2.36E+1,2.95E-2
87,140,227Fr,2.50E+3,6.21,-3.20E+3,1.52E+1,-4.22E+3,1.52E+1,7.64E+3,2.60E-2,2.28E+1,2.60E-2
87,146,233Fr,4.58E+3,2.13E+1,,,,,7.56E+3,8.40E-2,2.78E+1,8.40E-2
87,145,232Fr,5.57E+3,1.67E+1,,,,,7.57E+3,6.02E-2,2.63E+1,6.02E-2
87,144,231Fr,3.86E+3,1.37E+1,-4.46E+3,3.00E+2,-5.49E+3,3.00E+2,7.59E+3,3.35E-2,2.64E+1,3.35E-2
87,118,205Fr,-7.11E+3,2.40E+1,6.39E+3,9.32,5.37E+3,9.32,7.74E+3,3.82E-2,-7.90,3.82E-2
87,117,204Fr,-5.45E+3,2.61E+1,8.57E+3,2.56E+1,7.55E+3,2.56E+1,7.73E+3,1.20E-1,-6.04,1.20E-1
87,117,204Fr,-5.45E+3,2.61E+1,8.57E+3,2.56E+1,7.55E+3,2.56E+1,7.73E+3,1.20E-1,-6.04,1.20E-1
87,117,204Fr,-5.45E+3,2.61E+1,8.57E+3,2.56E+1,7.55E+3,2.56E+1,7.73E+3,1.20E-1,-6.04,1.20E-1
87,116,203Fr,-7.72E+3,1.15E+1,7.06E+3,8.52,6.03E+3,8.52,7.73E+3,3.07E-2,-4.69,3.07E-2
87,116,203Fr,-7.72E+3,1.15E+1,7.06E+3,8.52,6.03E+3,8.52,7.73E+3,3.07E-2,-4.69,3.07E-2
87,115,202Fr,-5.97E+3,1.61E+1,9.37E+3,1.85E+1,8.35E+3,1.85E+1,7.71E+3,2.99E-2,-3.01,2.99E-2
87,115,202Fr,-5.97E+3,1.61E+1,9.37E+3,1.85E+1,8.35E+3,1.85E+1,7.71E+3,2.99E-2,-3.01,2.99E-2
87,119,206Fr,-4.81E+3,3.31E+1,7.88E+3,2.91E+1,6.86E+3,2.91E+1,7.74E+3,1.35E-1,-9.26,1.35E-1
87,119,206Fr,-4.81E+3,3.31E+1,7.88E+3,2.91E+1,6.86E+3,2.91E+1,7.74E+3,1.35E-1,-9.26,1.35E-1
87,119,206Fr,-4.81E+3,3.31E+1,7.88E+3,2.91E+1,6.86E+3,2.91E+1,7.74E+3,1.35E-1,-9.26,1.35E-1
87,110,197Fr,,,8.74E+3,5.87E+1,7.72E+3,5.87E+1,7.67E+3,2.86E-1,-2.07,2.86E-1
87,114,201Fr,-8.34E+3,2.22E+1,7.69E+3,1.35E+1,6.67E+3,1.35E+1,7.71E+3,4.51E-2,-2.27,4.51E-2
87,114,201Fr,-8.34E+3,2.22E+1,7.69E+3,1.35E+1,6.67E+3,1.35E+1,7.71E+3,4.51E-2,-2.27,4.51E-2
87,113,200Fr,,,1.01E+4,3.10E+1,9.11E+3,3.10E+1,7.70E+3,1.52E-1,-7.76E-1,1.52E-1
87,112,199Fr,,,8.33E+3,1.55E+1,7.30E+3,1.55E+1,7.69E+3,6.90E-2,-1.06,6.90E-2
87,111,198Fr,,,1.08E+4,3.38E+1,9.78E+3,3.38E+1,7.67E+3,1.57E-1,-1.09E-1,1.57E-1
87,111,198Fr,,,1.08E+4,3.38E+1,9.78E+3,3.38E+1,7.67E+3,1.57E-1,-1.09E-1,1.57E-1
88,137,225Ra,3.55E+2,5.00,-1.82E+3,1.21E+1,-2.84E+3,1.21E+1,7.66E+3,1.15E-2,1.57E+1,1.15E-2
88,136,224Ra,-1.40E+3,4.08,-2.92E+3,1.13E+1,-3.94E+3,1.13E+1,7.67E+3,8.10E-3,1.40E+1,8.10E-3
88,139,227Ra,1.32E+3,2.26,-2.50E+3,6.21,-3.52E+3,6.21,7.64E+3,8.60E-3,1.95E+1,8.60E-3
88,138,226Ra,-6.41E+2,3.27,-3.85E+3,6.52,-4.87E+3,6.52,7.66E+3,8.50E-3,1.74E+1,8.50E-3
88,131,219Ra,-2.17E+3,5.19E+1,7.76E+2,9.59,-2.45E+2,9.59,7.71E+3,3.11E-2,2.86,3.11E-2
88,130,218Ra,-4.20E+3,5.84E+1,-4.13E+2,1.05E+1,-1.43E+3,1.05E+1,7.72E+3,4.50E-2,-7.68E-1,4.50E-2
88,133,221Ra,-1.56E+3,5.70E+1,-3.13E+2,6.38,-1.33E+3,6.38,7.70E+3,2.10E-2,6.88,2.10E-2
88,132,220Ra,-3.47E+3,9.62,-1.21E+3,8.48,-2.23E+3,8.48,7.71E+3,3.45E-2,4.83,3.45E-2
88,135,223Ra,-5.91E+2,6.96,-1.14E+3,8.47E-1,-2.17E+3,8.47E-1,7.68E+3,9.40E-3,1.14E+1,9.40E-3
88,134,222Ra,-2.30E+3,6.27,-2.05E+3,8.68,-3.07E+3,8.68,7.69E+3,2.01E-2,9.69,2.01E-2
88,126,214Ra,-6.34E+3,1.45E+1,1.05E+3,9.98,2.90E+1,9.98,7.74E+3,2.45E-2,-1.71E+1,2.45E-2
88,125,213Ra,-5.79E+3,1.52E+1,3.89E+3,1.08E+1,2.87E+3,1.08E+1,7.74E+3,4.61E-2,-1.82E+1,4.61E-2
88,128,216Ra,-4.85E+3,1.22E+1,3.20E+2,8.89,-7.01E+2,8.89,7.73E+3,3.71E-2,-7.88,3.71E-2
88,127,215Ra,-3.49E+3,1.43E+1,2.21E+3,9.76,1.19E+3,9.76,7.73E+3,3.35E-2,-1.21E+1,3.35E-2
88,129,217Ra,-2.81E+3,1.32E+1,1.57E+3,9.47,5.52E+2,9.47,7.72E+3,3.25E-2,-3.56,3.25E-2
88,120,208Ra,-9.03E+3,6.51E+1,4.39E+3,1.47E+1,3.37E+3,1.47E+1,7.73E+3,4.34E-2,-1.01E+1,4.34E-2
88,122,210Ra,-8.32E+3,6.28E+1,3.78E+3,1.62E+1,2.76E+3,1.62E+1,7.74E+3,4.38E-2,-1.30E+1,4.38E-2
88,121,209Ra,-6.98E+3,5.61E+1,5.64E+3,1.28E+1,4.61E+3,1.28E+1,7.73E+3,2.75E-2,-1.15E+1,2.75E-2
88,124,212Ra,-7.49E+3,2.41E+1,3.31E+3,1.34E+1,2.29E+3,1.34E+1,7.74E+3,4.84E-2,-1.58E+1,4.84E-2
88,123,211Ra,-6.31E+3,5.39E+1,4.97E+3,1.29E+1,3.95E+3,1.29E+1,7.74E+3,2.35E-2,-1.46E+1,2.35E-2
88,140,228Ra,4.55E+1,6.34E-1,-4.44E+3,7.02,-5.46E+3,7.02,7.64E+3,8.80E-3,2.04E+1,8.80E-3
88,142,230Ra,6.77E+2,1.88E+1,-4.97E+3,1.21E+1,-5.99E+3,1.21E+1,7.62E+3,4.48E-2,2.25E+1,4.48E-2
88,141,229Ra,1.87E+3,1.96E+1,-3.10E+3,1.62E+1,-4.12E+3,1.62E+1,7.62E+3,6.74E-2,2.18E+1,6.74E-2
88,144,232Ra,1.34E+3,1.59E+1,-5.57E+3,1.67E+1,-6.59E+3,1.67E+1,7.60E+3,3.94E-2,2.41E+1,3.94E-2
88,143,231Ra,2.45E+3,1.73E+1,-3.86E+3,1.37E+1,-4.88E+3,1.37E+1,7.60E+3,4.92E-2,2.31E+1,4.92E-2
88,146,234Ra,2.08E+3,1.62E+1,,,,,7.57E+3,3.58E-2,2.56E+1,3.58E-2
88,145,233Ra,3.02E+3,1.56E+1,-4.58E+3,2.13E+1,-5.60E+3,2.13E+1,7.58E+3,3.69E-2,2.43E+1,3.69E-2
88,115,203Ra,,,7.72E+3,1.15E+1,6.70E+3,1.15E+1,7.68E+3,4.77E-2,-3.50,4.77E-2
88,114,202Ra,,,5.97E+3,1.61E+1,4.95E+3,1.61E+1,7.68E+3,7.43E-2,-4.09,7.43E-2
88,117,205Ra,-8.30E+3,6.35E+1,7.11E+3,2.40E+1,6.09E+3,2.40E+1,7.70E+3,1.11E-1,-5.56,1.11E-1
88,117,205Ra,-8.30E+3,6.35E+1,7.11E+3,2.40E+1,6.09E+3,2.40E+1,7.70E+3,1.11E-1,-5.56,1.11E-1
88,116,204Ra,,,5.45E+3,2.61E+1,4.43E+3,2.61E+1,7.70E+3,4.37E-2,-5.50,4.37E-2
88,119,207Ra,-7.63E+3,8.10E+1,6.36E+3,6.08E+1,5.34E+3,6.08E+1,7.72E+3,2.81E-1,-8.49,2.81E-1
88,118,206Ra,-9.91E+3,6.75E+1,4.81E+3,3.31E+1,3.79E+3,3.31E+1,7.71E+3,8.74E-2,-7.78,8.74E-2
88,113,201Ra,,,8.34E+3,2.22E+1,7.32E+3,2.22E+1,7.66E+3,1.01E-1,-2.29,1.01E-1
88,113,201Ra,,,8.34E+3,2.22E+1,7.32E+3,2.22E+1,7.66E+3,1.01E-1,-2.29,1.01E-1
89,119,208Ac,-5.92E+3,7.19E+1,9.03E+3,6.51E+1,8.01E+3,6.51E+1,7.68E+3,3.10E-1,-6.24,3.10E-1
89,118,207Ac,,,7.63E+3,8.10E+1,6.61E+3,8.10E+1,7.68E+3,2.71E-1,-5.13,2.71E-1
89,117,206Ac,,,9.91E+3,6.75E+1,8.89E+3,6.75E+1,7.66E+3,3.16E-1,-3.62,3.16E-1
89,117,206Ac,,,9.91E+3,6.75E+1,8.89E+3,6.75E+1,7.66E+3,3.16E-1,-3.62,3.16E-1
89,116,205Ac,,,8.30E+3,6.35E+1,7.28E+3,6.35E+1,7.66E+3,2.89E-1,-3.01,2.89E-1
89,145,234Ac,4.22E+3,1.42E+1,-2.08E+3,1.62E+1,-3.11E+3,1.62E+1,7.58E+3,5.97E-2,2.30E+1,5.97E-2
89,144,233Ac,2.57E+3,1.31E+1,-3.02E+3,1.56E+1,-4.04E+3,1.56E+1,7.59E+3,5.60E-2,2.32E+1,5.60E-2
89,143,232Ac,3.70E+3,1.31E+1,-1.34E+3,1.59E+1,-2.36E+3,1.59E+1,7.60E+3,5.62E-2,2.18E+1,5.62E-2
89,142,231Ac,1.94E+3,1.30E+1,-2.45E+3,1.73E+1,-3.47E+3,1.73E+1,7.61E+3,5.65E-2,2.15E+1,5.65E-2
89,141,230Ac,2.97E+3,1.58E+1,-6.77E+2,1.88E+1,-1.69E+3,1.88E+1,7.62E+3,6.89E-2,2.01E+1,6.89E-2
89,140,229Ac,1.10E+3,1.23E+1,-1.87E+3,1.96E+1,-2.89E+3,1.96E+1,7.63E+3,5.29E-2,1.98E+1,5.29E-2
89,147,236Ac,4.96E+3,4.06E+1,,,,,7.55E+3,1.61E-1,2.51E+1,1.61E-1
89,146,235Ac,3.33E+3,1.91E+1,-3.77E+3,3.00E+2,-4.79E+3,3.00E+2,7.57E+3,5.95E-2,2.48E+1,5.95E-2
89,123,212Ac,-4.81E+3,2.41E+1,7.49E+3,2.41E+1,6.47E+3,2.41E+1,7.70E+3,1.03E-1,-1.14E+1,1.03E-1
89,122,211Ac,-6.73E+3,1.01E+2,6.31E+3,5.39E+1,5.28E+3,5.39E+1,7.70E+3,2.54E-1,-9.87,2.54E-1
89,121,210Ac,-5.29E+3,6.50E+1,8.32E+3,6.28E+1,7.29E+3,6.28E+1,7.69E+3,2.96E-1,-8.58,2.96E-1
89,120,209Ac,-7.55E+3,1.17E+2,6.98E+3,5.61E+1,5.96E+3,5.61E+1,7.69E+3,2.67E-1,-7.35,2.67E-1
89,129,218Ac,-1.51E+3,5.85E+1,4.20E+3,5.84E+1,3.18E+3,5.84E+1,7.70E+3,2.64E-1,-8.45E-1,2.64E-1
89,128,217Ac,-3.50E+3,1.54E+1,2.81E+3,1.32E+1,1.79E+3,1.32E+1,7.71E+3,5.17E-2,-4.16,5.17E-2
89,127,216Ac,-2.14E+3,1.44E+1,4.85E+3,1.22E+1,3.83E+3,1.22E+1,7.71E+3,4.27E-2,-8.51,4.27E-2
89,126,215Ac,-4.89E+3,1.39E+1,3.49E+3,1.43E+1,2.47E+3,1.43E+1,7.71E+3,5.77E-2,-1.31E+1,5.77E-2
89,125,214Ac,-4.26E+3,1.72E+1,6.34E+3,1.45E+1,5.31E+3,1.45E+1,7.71E+3,6.33E-2,-1.45E+1,6.33E-2
89,124,213Ac,-5.97E+3,1.48E+1,5.79E+3,1.52E+1,4.77E+3,1.52E+1,7.71E+3,5.48E-2,-1.21E+1,5.48E-2
89,134,223Ac,-1.56E+3,1.04E+1,5.91E+2,6.96,-4.30E+2,6.96,7.67E+3,3.12E-2,1.09E+1,3.12E-2
89,133,222Ac,-5.81E+2,1.11E+1,2.30E+3,6.27,1.27E+3,6.27,7.68E+3,2.12E-2,7.80,2.12E-2
89,133,222Ac,-5.81E+2,1.11E+1,2.30E+3,6.27,1.27E+3,6.27,7.68E+3,2.12E-2,7.80,2.12E-2
89,132,221Ac,-2.40E+3,5.74E+1,1.56E+3,5.70E+1,5.45E+2,5.70E+1,7.69E+3,2.57E-1,7.43,2.57E-1
89,131,220Ac,-9.45E+2,1.49E+1,3.47E+3,9.62,2.44E+3,9.62,7.69E+3,2.79E-2,4.86,2.79E-2
89,130,219Ac,-2.89E+3,7.63E+1,2.17E+3,5.19E+1,1.15E+3,5.19E+1,7.70E+3,2.35E-1,2.80,2.35E-1
89,139,228Ac,2.12E+3,2.64,-4.55E+1,6.34E-1,-1.06E+3,6.34E-1,7.63E+3,9.20E-3,1.77E+1,9.20E-3
89,138,227Ac,4.47E+1,8.29E-1,-1.32E+3,2.26,-2.34E+3,2.26,7.65E+3,8.50E-3,1.68E+1,8.50E-3
89,137,226Ac,1.11E+3,4.56,6.41E+2,3.27,-3.80E+2,3.27,7.65E+3,1.37E-2,1.47E+1,1.37E-2
89,136,225Ac,-6.72E+2,6.65,-3.55E+2,5.00,-1.37E+3,5.00,7.66E+3,2.11E-2,1.42E+1,2.11E-2
89,135,224Ac,2.38E+2,1.03E+1,1.40E+3,4.08,3.86E+2,4.08,7.67E+3,1.83E-2,1.14E+1,1.83E-2
90,148,238Th,1.63E+3,2.84E+2,,,,,7.55E+3,1.00,2.44E+1,1.00
90,145,235Th,1.72E+3,1.91E+1,-3.33E+3,1.91E+1,-4.36E+3,1.91E+1,7.58E+3,5.55E-2,2.08E+1,5.55E-2
90,144,234Th,2.74E+2,3.17,-4.22E+3,1.42E+1,-5.25E+3,1.42E+1,7.59E+3,1.11E-2,2.06E+1,1.11E-2
90,147,237Th,2.42E+3,2.05E+1,-4.06E+3,4.00E+2,-5.08E+3,4.00E+2,7.56E+3,6.68E-2,2.28E+1,6.68E-2
90,146,236Th,9.21E+2,1.97E+1,-4.96E+3,4.06E+1,-5.98E+3,4.06E+1,7.57E+3,5.92E-2,2.23E+1,5.92E-2
90,141,231Th,3.91E+2,1.45,-1.94E+3,1.30E+1,-2.96E+3,1.30E+1,7.62E+3,5.30E-3,1.76E+1,5.30E-3
90,140,230Th,-1.31E+3,2.83,-2.97E+3,1.58E+1,-3.99E+3,1.58E+1,7.63E+3,5.30E-3,1.72E+1,5.30E-3
90,143,233Th,1.24E+3,1.12,-2.57E+3,1.31E+1,-3.59E+3,1.31E+1,7.60E+3,6.10E-3,1.95E+1,6.10E-3
90,142,232Th,-4.99E+2,7.73,-3.70E+3,1.31E+1,-4.72E+3,1.31E+1,7.61E+3,6.10E-3,1.87E+1,6.10E-3
90,138,228Th,-2.15E+3,4.33,-2.12E+3,2.64,-3.14E+3,2.64,7.64E+3,7.90E-3,1.56E+1,7.90E-3
90,137,227Th,-1.02E+3,7.28,-4.47E+1,8.29E-1,-1.06E+3,8.29E-1,7.64E+3,9.20E-3,1.51E+1,9.20E-3
90,139,229Th,-3.11E+2,3.71,-1.10E+3,1.23E+1,-2.12E+3,1.23E+1,7.63E+3,1.05E-2,1.65E+1,1.05E-2
90,134,224Th,-3.86E+3,1.21E+1,-2.38E+2,1.03E+1,-1.26E+3,1.03E+1,7.66E+3,4.29E-2,1.13E+1,4.29E-2
90,133,223Th,-2.95E+3,7.60E+1,1.56E+3,1.04E+1,5.38E+2,1.04E+1,7.66E+3,3.56E-2,9.93,3.56E-2
90,136,226Th,-2.83E+3,1.19E+1,-1.11E+3,4.56,-2.13E+3,4.56,7.65E+3,1.98E-2,1.39E+1,1.98E-2
90,135,225Th,-2.04E+3,8.20E+1,6.72E+2,6.65,-3.49E+2,6.65,7.65E+3,2.25E-2,1.24E+1,2.25E-2
90,130,220Th,-5.58E+3,2.00E+1,9.45E+2,1.49E+1,-7.62E+1,1.49E+1,7.68E+3,6.22E-2,3.51,6.22E-2
90,132,222Th,-4.86E+3,8.71E+1,5.81E+2,1.11E+1,-4.40E+2,1.11E+1,7.67E+3,4.60E-2,8.14,4.60E-2
90,131,221Th,-3.43E+3,5.99E+1,2.40E+3,5.74E+1,1.38E+3,5.74E+1,7.67E+3,3.62E-2,6.93,3.62E-2
90,127,217Th,-4.84E+3,1.63E+1,3.50E+3,1.54E+1,2.48E+3,1.54E+1,7.69E+3,4.89E-2,-6.61,4.89E-2
90,126,216Th,-7.52E+3,2.70E+1,2.14E+3,1.44E+1,1.12E+3,1.44E+1,7.69E+3,5.14E-2,-1.13E+1,5.14E-2
90,129,219Th,-4.12E+3,8.97E+1,2.89E+3,7.63E+1,1.87E+3,7.63E+1,7.68E+3,2.57E-1,1.08,2.57E-1
90,128,218Th,-6.28E+3,2.07E+1,1.51E+3,5.85E+1,4.93E+2,5.85E+1,7.69E+3,4.82E-2,-3.03,4.82E-2
90,123,213Th,-7.53E+3,5.79E+1,5.97E+3,1.48E+1,4.95E+3,1.48E+1,7.68E+3,4.33E-2,-1.03E+1,4.33E-2
90,122,212Th,-9.48E+3,8.81E+1,4.81E+3,2.41E+1,3.78E+3,2.41E+1,7.68E+3,4.77E-2,-9.20,4.77E-2
90,125,215Th,-6.88E+3,8.26E+1,4.89E+3,1.39E+1,3.86E+3,1.39E+1,7.69E+3,2.95E-2,-1.27E+1,2.95E-2
90,124,214Th,-8.76E+3,8.19E+1,4.26E+3,1.72E+1,3.23E+3,1.72E+1,7.69E+3,4.97E-2,-1.11E+1,4.97E-2
90,121,211Th,-8.17E+3,1.10E+2,6.73E+3,1.01E+2,5.71E+3,1.01E+2,7.67E+3,4.07E-1,-8.36,4.07E-1
90,120,210Th,,,5.29E+3,6.50E+1,4.27E+3,6.50E+1,7.66E+3,9.00E-2,-7.81,9.00E-2
90,119,209Th,,,7.55E+3,1.17E+2,6.52E+3,1.17E+2,7.65E+3,0.0,-5.87,0.0
90,118,208Th,,,5.92E+3,7.19E+1,4.90E+3,7.19E+1,7.65E+3,1.53E-1,-6.37,1.53E-1
91,120,211Pa,,,8.17E+3,1.10E+2,7.15E+3,1.10E+2,7.62E+3,3.29E-1,-5.31,3.29E-1
91,124,215Pa,-7.08E+3,1.32E+2,6.88E+3,8.26E+1,5.86E+3,8.26E+1,7.65E+3,3.83E-1,-8.28,3.83E-1
91,123,214Pa,,,8.76E+3,8.19E+1,7.74E+3,8.19E+1,7.64E+3,3.79E-1,-7.53,3.79E-1
91,122,213Pa,,,7.53E+3,5.79E+1,6.51E+3,5.79E+1,7.64E+3,2.68E-1,-6.54,2.68E-1
91,121,212Pa,,,9.48E+3,8.81E+1,8.46E+3,8.81E+1,7.63E+3,4.13E-1,-5.99,4.13E-1
91,128,219Pa,-4.71E+3,7.09E+1,4.12E+3,8.97E+1,3.09E+3,8.97E+1,7.66E+3,3.18E-1,1.24E-2,3.18E-1
91,127,218Pa,-3.24E+3,2.25E+1,6.28E+3,2.07E+1,5.26E+3,2.07E+1,7.65E+3,8.19E-2,-3.56,8.19E-2
91,126,217Pa,-5.91E+3,8.10E+1,4.84E+3,1.63E+1,3.82E+3,1.63E+1,7.66E+3,5.76E-2,-7.90,5.76E-2
91,125,216Pa,-5.24E+3,3.73E+1,7.52E+3,2.70E+1,6.50E+3,2.70E+1,7.65E+3,1.14E-1,-9.75,1.14E-1
91,129,220Pa,-2.73E+3,1.02E+2,5.58E+3,2.00E+1,4.56E+3,2.00E+1,7.65E+3,6.66E-2,3.34,6.66E-2
91,131,222Pa,-2.20E+3,1.01E+2,4.86E+3,8.71E+1,3.83E+3,8.71E+1,7.65E+3,3.90E-1,8.13,3.90E-1
91,130,221Pa,-4.14E+3,9.34E+1,3.43E+3,5.99E+1,2.41E+3,5.99E+1,7.65E+3,2.68E-1,6.21,2.68E-1
91,135,226Pa,-1.29E+3,1.56E+1,2.83E+3,1.19E+1,1.81E+3,1.19E+1,7.64E+3,4.96E-2,1.14E+1,4.96E-2
91,134,225Pa,-3.01E+3,8.24E+1,2.04E+3,8.20E+1,1.02E+3,8.20E+1,7.64E+3,3.63E-1,1.21E+1,3.63E-1
91,133,224Pa,-1.88E+3,1.69E+1,3.86E+3,1.21E+1,2.84E+3,1.21E+1,7.64E+3,3.39E-2,1.02E+1,3.39E-2
91,132,223Pa,-3.70E+3,9.59E+1,2.95E+3,7.60E+1,1.93E+3,7.60E+1,7.65E+3,3.39E-1,1.03E+1,3.39E-1
91,139,230Pa,5.58E+2,4.59,1.31E+3,2.83,2.89E+2,2.83,7.62E+3,1.32E-2,1.44E+1,1.32E-2
91,138,229Pa,-1.31E+3,6.65,3.11E+2,3.71,-7.10E+2,3.71,7.62E+3,1.43E-2,1.49E+1,1.43E-2
91,137,228Pa,-2.96E+2,1.40E+1,2.15E+3,4.33,1.13E+3,4.33,7.63E+3,1.90E-2,1.34E+1,1.90E-2
91,136,227Pa,-2.21E+3,1.11E+1,1.02E+3,7.28,3.61,7.28,7.63E+3,3.20E-2,1.34E+1,3.20E-2
91,142,233Pa,5.70E+2,1.97,-1.24E+3,1.12,-2.26E+3,1.12,7.60E+3,5.70E-3,1.72E+1,5.70E-3
91,141,232Pa,1.33E+3,7.42,4.99E+2,7.73,-5.22E+2,7.73,7.60E+3,3.30E-2,1.55E+1,3.30E-2
91,140,231Pa,-3.81E+2,2.03,-3.91E+2,1.45,-1.41E+3,1.45,7.61E+3,7.70E-3,1.60E+1,7.70E-3
91,146,237Pa,2.13E+3,1.30E+1,-2.42E+3,2.05E+1,-3.44E+3,2.05E+1,7.57E+3,5.50E-2,2.11E+1,5.50E-2
91,145,236Pa,2.88E+3,1.40E+1,-9.21E+2,1.97E+1,-1.94E+3,1.97E+1,7.57E+3,5.92E-2,1.89E+1,5.92E-2
91,144,235Pa,1.37E+3,1.40E+1,-1.72E+3,1.91E+1,-2.75E+3,1.91E+1,7.58E+3,5.95E-2,1.93E+1,5.95E-2
91,143,234Pa,2.19E+3,3.99,-2.74E+2,3.17,-1.29E+3,3.17,7.59E+3,1.75E-2,1.70E+1,1.75E-2
91,143,234Pa,2.19E+3,3.99,-2.74E+2,3.17,-1.29E+3,3.17,7.59E+3,1.75E-2,1.70E+1,1.75E-2
91,148,239Pa,2.76E+3,1.96E+2,-3.16E+3,4.45E+2,-4.18E+3,4.45E+2,7.55E+3,1.00,2.36E+1,1.00
91,147,238Pa,3.58E+3,1.59E+1,-1.63E+3,2.84E+2,-2.65E+3,2.84E+2,7.55E+3,6.65E-2,2.11E+1,6.65E-2
92,123,215U,,,7.08E+3,1.32E+2,6.06E+3,1.32E+2,7.62E+3,4.84E-1,-7.96,4.84E-1
92,130,222U,-7.00E+3,6.44E+1,2.20E+3,1.01E+2,1.18E+3,1.01E+2,7.63E+3,2.34E-1,6.15,2.34E-1
92,132,224U,-6.28E+3,3.27E+1,1.88E+3,1.69E+1,8.58E+2,1.69E+1,7.63E+3,6.80E-2,1.01E+1,6.80E-2
92,131,223U,-4.61E+3,1.01E+2,3.70E+3,9.59E+1,2.68E+3,9.59E+1,7.63E+3,2.64E-1,9.46,2.64E-1
92,134,226U,-5.48E+3,1.02E+2,1.29E+3,1.56E+1,2.73E+2,1.56E+1,7.63E+3,4.90E-2,1.19E+1,4.90E-2
92,133,225U,-4.24E+3,9.21E+1,3.01E+3,8.24E+1,1.99E+3,8.24E+1,7.62E+3,4.42E-2,1.14E+1,4.42E-2
92,125,217U,,,5.91E+3,8.10E+1,4.89E+3,8.10E+1,7.63E+3,0.0,-9.53,0.0
92,124,216U,,,5.24E+3,3.73E+1,4.22E+3,3.73E+1,7.63E+3,1.30E-1,-8.40,1.30E-1
92,127,219U,-6.14E+3,9.29E+1,4.71E+3,7.09E+1,3.69E+3,7.09E+1,7.63E+3,6.09E-2,-3.30,6.09E-2
92,126,218U,,,3.24E+3,2.25E+1,2.22E+3,2.25E+1,7.64E+3,6.29E-2,-7.80,6.29E-2
92,129,221U,-5.39E+3,2.13E+2,4.14E+3,9.34E+1,3.12E+3,9.34E+1,7.63E+3,3.26E-1,3.83,3.26E-1
92,141,233U,-1.02E+3,5.10E+1,-5.70E+2,1.97,-1.59E+3,1.97,7.60E+3,9.70E-3,1.33E+1,9.70E-3
92,140,232U,-2.75E+3,1.00E+2,-1.33E+3,7.42,-2.35E+3,7.42,7.61E+3,7.80E-3,1.37E+1,7.80E-3
92,143,235U,-1.24E+2,8.52E-1,-1.37E+3,1.40E+1,-2.39E+3,1.40E+1,7.59E+3,4.79E-3,1.49E+1,4.79E-3
92,143,235U,-1.24E+2,8.52E-1,-1.37E+3,1.40E+1,-2.39E+3,1.40E+1,7.59E+3,4.79E-3,1.49E+1,4.79E-3
92,142,234U,-1.80E+3,8.32,-2.19E+3,3.99,-3.21E+3,3.99,7.60E+3,4.79E-3,1.45E+1,4.79E-3
92,145,237U,5.18E+2,5.20E-1,-2.13E+3,1.30E+1,-3.15E+3,1.30E+1,7.57E+3,5.10E-3,1.64E+1,5.10E-3
92,144,236U,-9.33E+2,5.04E+1,-2.88E+3,1.40E+1,-3.91E+3,1.40E+1,7.58E+3,4.70E-3,1.63E+1,4.70E-3
92,136,228U,-4.60E+3,1.01E+2,2.96E+2,1.40E+1,-7.25E+2,1.40E+1,7.62E+3,5.91E-2,1.26E+1,5.91E-2
92,135,227U,-3.53E+3,7.74E+1,2.21E+3,1.11E+1,1.19E+3,1.11E+1,7.62E+3,3.75E-2,1.24E+1,3.75E-2
92,138,230U,-3.62E+3,5.51E+1,-5.58E+2,4.59,-1.58E+3,4.59,7.62E+3,1.96E-2,1.31E+1,1.96E-2
92,137,229U,-2.59E+3,1.01E+2,1.31E+3,6.65,2.91E+2,6.65,7.62E+3,2.59E-2,1.31E+1,2.59E-2
92,139,231U,-1.81E+3,5.11E+1,3.81E+2,2.03,-6.40E+2,2.03,7.61E+3,1.15E-2,1.32E+1,1.15E-2
92,150,242U,1.20E+3,2.83E+2,,,,,7.53E+3,1.00,2.25E+1,1.00
92,147,239U,1.26E+3,1.49,-2.76E+3,1.96E+2,-3.78E+3,1.96E+2,7.55E+3,6.30E-3,1.87E+1,6.30E-3
92,146,238U,-1.46E+2,1.20,-3.58E+3,1.59E+1,-4.60E+3,1.59E+1,7.57E+3,6.30E-3,1.83E+1,6.30E-3
92,149,241U,1.88E+3,2.20E+2,-3.54E+3,3.58E+2,-4.56E+3,3.58E+2,7.53E+3,1.00,2.14E+1,1.00
92,148,240U,3.99E+2,1.70E+1,-4.29E+3,2.00E+2,-5.31E+3,2.00E+2,7.55E+3,1.06E-2,2.06E+1,1.06E-2
93,129,222Np,-3.78E+3,3.02E+2,7.00E+3,6.44E+1,5.97E+3,6.44E+1,7.60E+3,1.71E-1,6.12,1.71E-1
93,127,220Np,,,7.46E+3,1.05E+2,6.44E+3,1.05E+2,7.60E+3,1.39E-1,-1.14,1.39E-1
93,126,219Np,,,6.14E+3,9.29E+1,5.11E+3,9.29E+1,7.60E+3,4.19E-1,-5.04,4.19E-1
93,133,226Np,-2.81E+3,2.25E+2,5.48E+3,1.02E+2,4.46E+3,1.02E+2,7.60E+3,4.51E-1,1.19E+1,4.51E-1
93,132,225Np,-4.68E+3,3.14E+2,4.24E+3,9.21E+1,3.22E+3,9.21E+1,7.60E+3,4.07E-1,1.15E+1,4.07E-1
93,131,224Np,-3.24E+3,3.01E+2,6.28E+3,3.27E+1,5.26E+3,3.27E+1,7.60E+3,1.29E-1,1.03E+1,1.29E-1
93,130,223Np,-5.46E+3,3.11E+2,4.61E+3,1.01E+2,3.59E+3,1.01E+2,7.60E+3,3.71E-1,7.80,3.71E-1
93,149,242Np,2.70E+3,2.00E+2,-1.20E+3,2.83E+2,-2.22E+3,2.83E+2,7.53E+3,8.26E-1,1.82E+1,8.26E-1
93,149,242Np,2.70E+3,2.00E+2,-1.20E+3,2.83E+2,-2.22E+3,2.83E+2,7.53E+3,8.26E-1,1.82E+1,8.26E-1
93,148,241Np,1.36E+3,1.00E+2,-1.88E+3,2.20E+2,-2.90E+3,2.20E+2,7.54E+3,4.15E-1,1.86E+1,4.15E-1
93,147,240Np,2.19E+3,1.70E+1,-3.99E+2,1.70E+1,-1.42E+3,1.70E+1,7.55E+3,7.09E-2,1.65E+1,7.09E-2
93,147,240Np,2.19E+3,1.70E+1,-3.99E+2,1.70E+1,-1.42E+3,1.70E+1,7.55E+3,7.09E-2,1.65E+1,7.09E-2
93,146,239Np,7.22E+2,9.30E-1,-1.26E+3,1.49,-2.28E+3,1.49,7.56E+3,5.50E-3,1.63E+1,5.50E-3
93,145,238Np,1.29E+3,4.57E-1,1.46E+2,1.20,-8.75E+2,1.20,7.56E+3,4.79E-3,1.37E+1,4.79E-3
93,151,244Np,3.43E+3,1.00E+2,,,,,7.51E+3,0.0,2.09E+1,0.0
93,150,243Np,2.05E+3,3.20E+1,-2.67E+3,3.02E+2,-3.69E+3,3.02E+2,7.52E+3,0.0,2.07E+1,0.0
93,139,232Np,-1.00E+3,1.01E+2,2.75E+3,1.00E+2,1.72E+3,1.00E+2,7.59E+3,0.0,1.10E+1,0.0
93,138,231Np,-2.68E+3,5.56E+1,1.81E+3,5.11E+1,7.95E+2,5.11E+1,7.60E+3,2.21E-1,1.22E+1,2.21E-1
93,137,230Np,-1.69E+3,5.68E+1,3.62E+3,5.51E+1,2.59E+3,5.51E+1,7.60E+3,2.39E-1,1.13E+1,2.39E-1
93,136,229Np,-3.59E+3,1.17E+2,2.59E+3,1.01E+2,1.56E+3,1.01E+2,7.60E+3,4.41E-1,1.23E+1,4.41E-1
93,135,228Np,-2.28E+3,1.03E+2,4.60E+3,1.01E+2,3.58E+3,1.01E+2,7.60E+3,0.0,1.18E+1,0.0
93,134,227Np,-4.19E+3,1.26E+2,3.53E+3,7.74E+1,2.51E+3,7.74E+1,7.60E+3,3.39E-1,1.26E+1,3.39E-1
93,144,237Np,-2.20E+2,1.29,-5.18E+2,5.20E-1,-1.54E+3,5.20E-1,7.57E+3,4.70E-3,1.42E+1,4.70E-3
93,143,236Np,4.76E+2,5.03E+1,9.33E+2,5.04E+1,-8.84E+1,5.04E+1,7.57E+3,2.13E-1,1.21E+1,2.13E-1
93,143,236Np,4.76E+2,5.03E+1,9.33E+2,5.04E+1,-8.84E+1,5.04E+1,7.57E+3,2.13E-1,1.21E+1,2.13E-1
93,142,235Np,-1.13E+3,2.04E+1,1.24E+2,8.52E-1,-8.97E+2,8.52E-1,7.58E+3,5.90E-3,1.26E+1,5.90E-3
93,141,234Np,-3.95E+2,1.07E+1,1.80E+3,8.32,7.87E+2,8.32,7.58E+3,3.59E-2,1.10E+1,3.59E-2
93,140,233Np,-2.10E+3,7.43E+1,1.02E+3,5.10E+1,7.42,5.10E+1,7.59E+3,2.18E-1,1.19E+1,2.18E-1
94,152,246Pu,4.01E+2,1.40E+1,,,,,7.50E+3,6.09E-2,2.11E+1,6.09E-2
94,151,245Pu,1.27E+3,1.37E+1,-2.67E+3,2.01E+2,-3.69E+3,2.01E+2,7.51E+3,5.56E-2,1.93E+1,5.56E-2
94,153,247Pu,2.05E+3,2.24E+2,,,,,7.49E+3,1.00,2.29E+1,1.00
94,150,244Pu,-7.31E+1,2.68,-3.43E+3,1.00E+2,-4.45E+3,1.00E+2,7.52E+3,9.59E-3,1.86E+1,9.59E-3
94,150,244Pu,-7.31E+1,2.68,-3.43E+3,1.00E+2,-4.45E+3,1.00E+2,7.52E+3,9.59E-3,1.86E+1,9.59E-3
94,149,243Pu,5.79E+2,2.62,-2.05E+3,3.20E+1,-3.07E+3,3.20E+1,7.53E+3,1.05E-2,1.65E+1,1.05E-2
94,148,242Pu,-7.51E+2,7.08E-1,-2.70E+3,2.00E+2,-3.72E+3,2.00E+2,7.54E+3,5.20E-3,1.63E+1,5.20E-3
94,145,239Pu,-8.02E+2,1.66,-7.22E+2,9.30E-1,-1.74E+3,9.30E-1,7.56E+3,4.70E-3,1.19E+1,4.70E-3
94,144,238Pu,-2.25E+3,5.89E+1,-1.29E+3,4.57E-1,-2.31E+3,4.57E-1,7.56E+3,4.79E-3,1.21E+1,4.79E-3
94,147,241Pu,2.07E+1,1.65E-1,-1.36E+3,1.00E+2,-2.38E+3,1.00E+2,7.54E+3,4.60E-3,1.43E+1,4.60E-3
94,146,240Pu,-1.38E+3,1.37E+1,-2.19E+3,1.70E+1,-3.21E+3,1.70E+1,7.55E+3,4.60E-3,1.39E+1,4.60E-3
94,141,235Pu,-2.44E+3,5.65E+1,1.13E+3,2.04E+1,1.17E+2,2.04E+1,7.57E+3,8.73E-2,1.02E+1,8.73E-2
94,140,234Pu,-4.11E+3,1.60E+2,3.95E+2,1.07E+1,-6.26E+2,1.07E+1,7.58E+3,2.91E-2,1.09E+1,2.91E-2
94,143,237Pu,-1.47E+3,5.90E+1,2.20E+2,1.29,-8.01E+2,1.29,7.57E+3,7.20E-3,1.09E+1,7.20E-3
94,143,237Pu,-1.47E+3,5.90E+1,2.20E+2,1.29,-8.01E+2,1.29,7.57E+3,7.20E-3,1.09E+1,7.20E-3
94,142,236Pu,-3.13E+3,1.19E+2,-4.76E+2,5.03E+1,-1.49E+3,5.03E+1,7.57E+3,7.70E-3,1.11E+1,7.70E-3
94,138,232Pu,-5.05E+3,3.00E+2,1.00E+3,1.01E+2,-2.09E+1,1.01E+2,7.58E+3,7.28E-2,1.07E+1,7.28E-2
94,137,231Pu,-4.10E+3,3.01E+2,2.68E+3,5.56E+1,1.66E+3,5.56E+1,7.58E+3,9.55E-2,1.04E+1,9.55E-2
94,139,233Pu,-3.23E+3,1.26E+2,2.10E+3,7.43E+1,1.08E+3,7.43E+1,7.58E+3,2.32E-1,1.06E+1,2.32E-1
94,134,228Pu,-6.74E+3,2.02E+2,2.28E+3,1.03E+2,1.26E+3,1.03E+2,7.59E+3,1.02E-1,1.07E+1,1.02E-1
94,136,230Pu,-5.94E+3,1.44E+2,1.69E+3,5.68E+1,6.73E+2,5.68E+1,7.59E+3,6.28E-2,1.07E+1,6.28E-2
94,135,229Pu,-4.78E+3,1.22E+2,3.59E+3,1.17E+2,2.57E+3,1.17E+2,7.58E+3,2.64E-1,1.13E+1,2.64E-1
95,135,230Am,,,5.94E+3,1.44E+2,4.91E+3,1.44E+2,7.56E+3,1.00,9.74,1.00
95,134,229Am,,,4.78E+3,1.22E+2,3.76E+3,1.22E+2,7.56E+3,4.64E-1,1.10E+1,4.64E-1
95,139,234Am,-2.26E+3,1.61E+2,4.11E+3,1.60E+2,3.09E+3,1.60E+2,7.56E+3,1.00,8.24,1.00
95,138,233Am,-4.00E+3,1.40E+2,3.23E+3,1.26E+2,2.21E+3,1.26E+2,7.56E+3,0.0,9.46,0.0
95,137,232Am,-2.91E+3,3.61E+2,5.05E+3,3.00E+2,4.03E+3,3.00E+2,7.56E+3,1.00,9.20,1.00
95,142,237Am,-2.67E+3,9.50E+1,1.47E+3,5.90E+1,4.56E+2,5.90E+1,7.56E+3,0.0,8.88,0.0
95,141,236Am,-1.81E+3,1.20E+2,3.13E+3,1.19E+2,2.11E+3,1.19E+2,7.56E+3,1.00,7.98,1.00
95,141,236Am,-1.81E+3,1.20E+2,3.13E+3,1.19E+2,2.11E+3,1.19E+2,7.56E+3,1.00,7.98,1.00
95,140,235Am,-3.38E+3,1.15E+2,2.44E+3,5.65E+1,1.42E+3,5.65E+1,7.56E+3,2.24E-1,9.13,2.24E-1
95,146,241Am,-7.67E+2,1.16,-2.07E+1,1.65E-1,-1.04E+3,1.65E-1,7.54E+3,4.60E-3,1.14E+1,4.60E-3
95,145,240Am,-2.14E+2,1.38E+1,1.38E+3,1.37E+1,3.62E+2,1.37E+1,7.54E+3,5.76E-2,8.99,5.76E-2
95,144,239Am,-1.75E+3,1.50E+2,8.02E+2,1.66,-2.19E+2,1.66,7.55E+3,8.30E-3,9.65,8.30E-3
95,143,238Am,-1.02E+3,6.01E+1,2.25E+3,5.89E+1,1.23E+3,5.89E+1,7.55E+3,2.47E-1,7.95,2.47E-1
95,149,244Am,1.42E+3,1.00,7.31E+1,2.68,-9.48E+2,2.68,7.52E+3,6.10E-3,1.38E+1,6.10E-3
95,149,244Am,1.42E+3,1.00,7.31E+1,2.68,-9.48E+2,2.68,7.52E+3,6.10E-3,1.38E+1,6.10E-3
95,148,243Am,-6.93,1.56,-5.79E+2,2.62,-1.60E+3,2.62,7.53E+3,5.70E-3,1.41E+1,5.70E-3
95,147,242Am,6.64E+2,4.14E-1,7.51E+2,7.08E-1,-2.70E+2,7.08E-1,7.53E+3,4.60E-3,1.15E+1,4.60E-3
95,147,242Am,6.64E+2,4.14E-1,7.51E+2,7.08E-1,-2.70E+2,7.08E-1,7.53E+3,4.60E-3,1.15E+1,4.60E-3
95,152,247Am,1.62E+3,1.00E+2,-2.05E+3,2.24E+2,-3.07E+3,2.24E+2,7.49E+3,0.0,1.89E+1,0.0
95,151,246Am,2.37E+3,1.80E+1,-4.01E+2,1.40E+1,-1.42E+3,1.40E+1,7.50E+3,0.0,1.70E+1,0.0
95,151,246Am,2.37E+3,1.80E+1,-4.01E+2,1.40E+1,-1.42E+3,1.40E+1,7.50E+3,0.0,1.70E+1,0.0
95,150,245Am,8.95E+2,1.54,-1.27E+3,1.37E+1,-2.29E+3,1.37E+1,7.51E+3,7.70E-3,1.66E+1,7.70E-3
95,128,223Am,,,6.57E+3,4.24E+2,5.55E+3,4.24E+2,7.54E+3,1.00,2.29,1.00
96,141,237Cm,-3.96E+3,2.42E+2,2.67E+3,9.50E+1,1.65E+3,9.50E+1,7.54E+3,3.13E-1,7.15,3.13E-1
96,140,236Cm,-5.68E+3,3.61E+2,1.81E+3,1.20E+2,7.90E+2,1.20E+2,7.55E+3,7.47E-2,7.78,7.47E-2
96,138,234Cm,-6.67E+3,1.54E+2,2.26E+3,1.61E+2,1.23E+3,1.61E+2,7.55E+3,7.30E-2,7.58,7.30E-2
96,137,233Cm,-5.47E+3,2.47E+2,4.00E+3,1.40E+2,2.98E+3,1.40E+2,7.54E+3,3.48E-1,8.02,3.48E-1
96,139,235Cm,-4.75E+3,4.13E+2,3.38E+3,1.15E+2,2.36E+3,1.15E+2,7.54E+3,0.0,8.07,0.0
96,150,246Cm,-1.35E+3,6.00E+1,-2.37E+3,1.80E+1,-3.39E+3,1.80E+1,7.51E+3,6.20E-3,1.36E+1,6.20E-3
96,150,246Cm,-1.35E+3,6.00E+1,-2.37E+3,1.80E+1,-3.39E+3,1.80E+1,7.51E+3,6.20E-3,1.36E+1,6.20E-3
96,152,248Cm,-7.38E+2,5.00E+1,-3.17E+3,2.00E+2,-4.19E+3,2.00E+2,7.49E+3,9.50E-3,1.60E+1,9.50E-3
96,151,247Cm,4.35E+1,6.32,-1.62E+3,1.00E+2,-2.64E+3,1.00E+2,7.50E+3,1.54E-2,1.40E+1,1.54E-2
96,143,239Cm,-3.10E+3,2.56E+2,1.75E+3,1.50E+2,7.34E+2,1.50E+2,7.54E+3,6.27E-1,7.18,6.27E-1
96,142,238Cm,-4.77E+3,2.56E+2,1.02E+3,6.01E+1,1.78,6.01E+1,7.54E+3,5.14E-2,7.62,5.14E-2
96,145,241Cm,-2.27E+3,1.65E+2,7.67E+2,1.16,-2.54E+2,1.16,7.53E+3,6.70E-3,7.75,6.70E-3
96,144,240Cm,-3.94E+3,1.50E+2,2.14E+2,1.38E+1,-8.07E+2,1.38E+1,7.54E+3,7.90E-3,8.11,7.90E-3
96,147,243Cm,-1.50E+3,4.50,6.93,1.56,-1.01E+3,1.56,7.52E+3,6.20E-3,1.00E+1,6.20E-3
96,146,242Cm,-2.94E+3,1.35E+2,-6.64E+2,4.14E-1,-1.68E+3,4.14E-1,7.53E+3,4.70E-3,9.77,4.70E-3
96,149,245Cm,-8.09E+2,1.49,-8.95E+2,1.54,-1.91E+3,1.54,7.51E+3,4.70E-3,1.16E+1,4.70E-3
96,148,244Cm,-2.26E+3,1.43E+1,-1.42E+3,1.00,-2.44E+3,1.00,7.52E+3,4.49E-3,1.16E+1,4.49E-3
96,154,250Cm,3.75E+1,1.06E+1,,,,,7.47E+3,4.11E-2,1.98E+1,4.11E-2
96,153,249Cm,9.04E+2,2.59,-2.35E+3,2.98E+2,-3.37E+3,2.98E+2,7.48E+3,9.50E-3,1.73E+1,9.50E-3
96,155,251Cm,1.42E+3,2.00E+1,,,,,7.46E+3,9.03E-2,2.14E+1,9.03E-2
97,141,238Bk,-3.06E+3,3.93E+2,4.77E+3,2.56E+2,3.74E+3,2.56E+2,7.52E+3,1.00,5.12,1.00
97,142,239Bk,-3.95E+3,2.39E+2,3.10E+3,2.56E+2,2.08E+3,2.56E+2,7.52E+3,1.00,5.95,1.00
97,143,240Bk,-2.32E+3,1.51E+2,3.94E+3,1.50E+2,2.91E+3,1.50E+2,7.52E+3,1.00,5.59,1.00
97,144,241Bk,-3.34E+3,2.35E+2,2.27E+3,1.65E+2,1.25E+3,1.65E+2,7.52E+3,1.00,6.28,1.00
97,145,242Bk,-1.63E+3,1.35E+2,2.94E+3,1.35E+2,1.92E+3,1.35E+2,7.51E+3,1.00,5.90,1.00
97,146,243Bk,-2.30E+3,1.81E+2,1.50E+3,4.50,4.85E+2,4.50,7.51E+3,1.85E-2,8.01,1.85E-2
97,147,244Bk,-7.64E+2,1.45E+1,2.26E+3,1.43E+1,1.23E+3,1.43E+1,7.51E+3,5.90E-2,7.69,5.90E-2
97,148,245Bk,-1.57E+3,2.58,8.09E+2,1.49,-2.12E+2,1.49,7.50E+3,7.30E-3,9.47,7.30E-3
97,149,246Bk,-1.23E+2,6.00E+1,1.35E+3,6.00E+1,3.28E+2,6.00E+1,7.50E+3,2.44E-1,8.66,2.44E-1
97,150,247Bk,-6.19E+2,1.52E+1,-4.35E+1,6.32,-1.06E+3,6.32,7.49E+3,2.10E-2,1.11E+1,2.10E-2
97,151,248Bk,8.93E+2,5.03E+1,7.38E+2,5.00E+1,-2.83E+2,5.00E+1,7.49E+3,2.01E-1,1.13E+1,2.01E-1
97,151,248Bk,8.93E+2,5.03E+1,7.38E+2,5.00E+1,-2.83E+2,5.00E+1,7.49E+3,2.01E-1,1.13E+1,2.01E-1
97,136,233Bk,,,5.47E+3,2.47E+2,4.45E+3,2.47E+2,7.51E+3,1.00,8.18,1.00
97,137,234Bk,,,6.67E+3,1.54E+2,5.65E+3,1.54E+2,7.51E+3,1.00,7.24,1.00
97,139,236Bk,,,5.68E+3,3.61E+2,4.66E+3,3.61E+2,7.52E+3,2.00,6.37,2.00
97,140,237Bk,-4.72E+3,2.50E+2,3.96E+3,2.42E+2,2.94E+3,2.42E+2,7.52E+3,1.00,6.39,1.00
97,152,249Bk,1.23E+2,4.00E-1,-9.04E+2,2.59,-1.92E+3,2.59,7.48E+3,5.00E-3,1.35E+1,5.00E-3
97,153,250Bk,1.78E+3,2.45,-3.75E+1,1.06E+1,-1.05E+3,1.06E+1,7.47E+3,1.15E-2,1.46E+1,1.15E-2
97,154,251Bk,1.09E+3,1.00E+1,-1.42E+3,2.00E+1,-2.44E+3,2.00E+1,7.46E+3,4.28E-2,1.81E+1,4.28E-2
97,155,252Bk,2.50E+3,2.00E+2,-5.21E+2,3.59E+2,-1.54E+3,3.59E+2,7.45E+3,1.00,1.86E+1,1.00
97,156,253Bk,1.62E+3,3.59E+2,,,,,7.45E+3,1.00,2.25E+1,1.00
98,148,246Cf,-3.72E+3,8.99E+1,1.23E+2,6.00E+1,-8.98E+2,6.00E+1,7.49E+3,6.20E-3,7.43,6.20E-3
98,149,247Cf,-2.46E+3,2.41E+1,6.19E+2,1.52E+1,-4.02E+2,1.52E+1,7.49E+3,5.80E-2,6.92,5.80E-2
98,146,244Cf,-4.54E+3,1.81E+2,7.64E+2,1.45E+1,-2.57E+2,1.45E+1,7.50E+3,1.07E-2,6.38,1.07E-2
98,147,245Cf,-2.93E+3,1.65E+2,1.57E+3,2.58,5.49E+2,2.58,7.49E+3,9.90E-3,6.43,9.90E-3
98,144,242Cf,-5.41E+3,2.57E+2,1.63E+3,1.35E+2,6.13E+2,1.35E+2,7.50E+3,5.33E-2,5.33,5.33E-2
98,145,243Cf,-3.75E+3,2.75E+2,2.30E+3,1.81E+2,1.27E+3,1.81E+2,7.50E+3,1.00,5.00,1.00
98,142,240Cf,-6.23E+3,3.66E+2,2.32E+3,1.51E+2,1.30E+3,1.51E+2,7.51E+3,7.51E-2,4.96,7.51E-2
98,143,241Cf,-4.56E+3,2.85E+2,3.34E+3,2.35E+2,2.32E+3,2.35E+2,7.50E+3,1.00,4.82,1.00
98,140,238Cf,,,3.06E+3,3.93E+2,2.03E+3,3.93E+2,7.50E+3,1.00,4.72,1.00
98,141,239Cf,-5.42E+3,3.23E+2,3.95E+3,2.39E+2,2.93E+3,2.39E+2,7.50E+3,1.00,4.44,1.00
98,150,248Cf,-3.06E+3,5.30E+1,-8.93E+2,5.03E+1,-1.91E+3,5.03E+1,7.49E+3,2.07E-2,8.61,2.07E-2
98,139,237Cf,,,4.72E+3,2.50E+2,3.70E+3,2.50E+2,7.50E+3,4.10E-1,5.39,4.10E-1
98,157,255Cf,7.20E+2,2.00E+2,,,,,7.43E+3,1.00,2.05E+1,1.00
98,158,256Cf,-1.44E+2,3.30E+2,,,,,7.43E+3,1.00,2.24E+1,1.00
98,155,253Cf,2.91E+2,4.38,-1.62E+3,3.59E+2,-2.64E+3,3.59E+2,7.45E+3,1.68E-2,1.66E+1,1.68E-2
98,156,254Cf,-6.52E+2,1.18E+1,-3.05E+3,2.98E+2,-4.07E+3,2.98E+2,7.44E+3,4.51E-2,1.89E+1,4.51E-2
98,153,251Cf,-3.76E+2,6.46,-1.09E+3,1.00E+1,-2.11E+3,1.00E+1,7.47E+3,1.55E-2,1.22E+1,1.55E-2
98,154,252Cf,-1.26E+3,5.00E+1,-2.50E+3,2.00E+2,-3.52E+3,2.00E+2,7.46E+3,9.40E-3,1.50E+1,9.40E-3
98,151,249Cf,-1.45E+3,3.00E+1,-1.23E+2,4.00E-1,-1.14E+3,4.00E-1,7.48E+3,4.79E-3,8.99,4.79E-3
98,152,250Cf,-2.05E+3,1.00E+2,-1.78E+3,2.45,-2.80E+3,2.45,7.47E+3,6.20E-3,1.09E+1,6.20E-3
99,147,246Es,-2.37E+3,9.09E+1,3.72E+3,8.99E+1,2.70E+3,8.99E+1,7.48E+3,3.65E-1,4.17,3.65E-1
99,148,247Es,-3.09E+3,1.82E+2,2.46E+3,2.41E+1,1.44E+3,2.41E+1,7.48E+3,7.87E-2,6.24,7.87E-2
99,149,248Es,-1.59E+3,5.30E+1,3.06E+3,5.30E+1,2.03E+3,5.30E+1,7.47E+3,0.0,4.92,0.0
99,143,242Es,-3.59E+3,4.76E+2,5.41E+3,2.57E+2,4.39E+3,2.57E+2,7.48E+3,1.00,3.84,1.00
99,144,243Es,-4.56E+3,2.45E+2,3.75E+3,2.75E+2,2.73E+3,2.75E+2,7.48E+3,1.00,4.41,1.00
99,145,244Es,-2.93E+3,2.71E+2,4.54E+3,1.81E+2,3.52E+3,1.81E+2,7.48E+3,1.00,3.97,1.00
99,146,245Es,-3.87E+3,2.56E+2,2.93E+3,1.65E+2,1.90E+3,1.65E+2,7.48E+3,1.00,4.42,1.00
99,141,240Es,,,6.23E+3,3.66E+2,5.21E+3,3.66E+2,7.48E+3,2.00,3.47,2.00
99,142,241Es,-5.32E+3,3.79E+2,4.56E+3,2.85E+2,3.54E+3,2.85E+2,7.48E+3,1.00,4.21,1.00
99,158,257Es,8.13E+2,4.11E+2,,,,,7.42E+3,2.00,2.10E+1,2.00
99,154,253Es,-3.35E+2,1.07,-2.91E+2,4.38,-1.31E+3,4.38,7.45E+3,4.90E-3,1.27E+1,4.90E-3
99,155,254Es,1.09E+3,2.28,6.52E+2,1.18E+1,-3.69E+2,1.18E+1,7.44E+3,1.15E-2,1.39E+1,1.15E-2
99,155,254Es,1.09E+3,2.28,6.52E+2,1.18E+1,-3.69E+2,1.18E+1,7.44E+3,1.15E-2,1.39E+1,1.15E-2
99,156,255Es,2.88E+2,1.01E+1,-7.20E+2,2.00E+2,-1.74E+3,2.00E+2,7.43E+3,4.24E-2,1.73E+1,4.24E-2
99,157,256Es,1.70E+3,1.00E+2,1.44E+2,3.30E+2,-8.77E+2,3.30E+2,7.42E+3,0.0,1.83E+1,0.0
99,157,256Es,1.70E+3,1.00E+2,1.44E+2,3.30E+2,-8.77E+2,3.30E+2,7.42E+3,0.0,1.83E+1,0.0
99,150,249Es,-2.34E+3,3.10E+1,1.45E+3,3.00E+1,4.30E+2,3.00E+1,7.47E+3,0.0,7.28,0.0
99,151,250Es,-8.47E+2,1.00E+2,2.05E+3,1.00E+2,1.03E+3,1.00E+2,7.46E+3,0.0,5.94,0.0
99,151,250Es,-8.47E+2,1.00E+2,2.05E+3,1.00E+2,1.03E+3,1.00E+2,7.46E+3,0.0,5.94,0.0
99,152,251Es,-1.44E+3,1.52E+1,3.76E+2,6.46,-6.45E+2,6.46,7.46E+3,2.11E-2,8.45,2.11E-2
99,153,252Es,4.77E+2,5.03E+1,1.26E+3,5.00E+1,2.38E+2,5.00E+1,7.45E+3,1.98E-1,9.88,1.98E-1
100,141,241Fm,,,5.32E+3,3.79E+2,4.30E+3,3.79E+2,7.45E+3,1.00,3.46,1.00
100,145,245Fm,-5.13E+3,3.25E+2,3.87E+3,2.56E+2,2.85E+3,2.56E+2,7.46E+3,1.00,3.72,1.00
100,144,244Fm,-6.63E+3,4.25E+2,2.93E+3,2.71E+2,1.91E+3,2.71E+2,7.46E+3,1.00,3.22,1.00
100,143,243Fm,,,4.56E+3,2.45E+2,3.54E+3,2.45E+2,7.46E+3,1.00,2.73,1.00
100,142,242Fm,,,3.59E+3,4.76E+2,2.57E+3,4.76E+2,7.46E+3,2.00,3.14,2.00
100,149,249Fm,-3.66E+3,1.64E+2,2.34E+3,3.10E+1,1.32E+3,3.10E+1,7.46E+3,2.48E-2,4.41,2.48E-2
100,148,248Fm,-5.05E+3,1.84E+2,1.59E+3,5.30E+1,5.77E+2,5.30E+1,7.46E+3,3.43E-2,4.85,3.43E-2
100,147,247Fm,-4.26E+3,2.75E+2,3.09E+3,1.82E+2,2.07E+3,1.82E+2,7.46E+3,1.00,4.53,1.00
100,147,247Fm,-4.26E+3,2.75E+2,3.09E+3,1.82E+2,2.07E+3,1.82E+2,7.46E+3,1.00,4.53,1.00
100,146,246Fm,-5.92E+3,2.60E+2,2.37E+3,9.09E+1,1.35E+3,9.09E+1,7.46E+3,5.56E-2,4.11,5.56E-2
100,152,252Fm,-3.65E+3,9.14E+1,-4.77E+2,5.03E+1,-1.49E+3,5.03E+1,7.45E+3,2.07E-2,6.25,2.07E-2
100,151,251Fm,-3.00E+3,2.37E+1,1.44E+3,1.52E+1,4.25E+2,1.52E+1,7.45E+3,5.69E-2,5.04,5.69E-2
100,150,250Fm,-4.32E+3,9.12E+1,8.47E+2,1.00E+2,-1.74E+2,1.00E+2,7.46E+3,3.16E-2,5.41,3.16E-2
100,150,250Fm,-4.32E+3,9.12E+1,8.47E+2,1.00E+2,-1.74E+2,1.00E+2,7.46E+3,3.16E-2,5.41,3.16E-2
100,156,256Fm,-1.97E+3,1.24E+2,-1.70E+3,1.00E+2,-2.72E+3,1.00E+2,7.43E+3,1.18E-2,1.46E+1,1.18E-2
100,155,255Fm,-1.04E+3,6.71,-2.88E+2,1.01E+1,-1.31E+3,1.01E+1,7.43E+3,1.54E-2,1.21E+1,1.54E-2
100,154,254Fm,-2.55E+3,1.00E+2,-1.09E+3,2.28,-2.11E+3,2.28,7.44E+3,7.30E-3,1.04E+1,7.30E-3
100,153,253Fm,-1.82E+3,3.10E+1,3.35E+2,1.07,-6.86E+2,1.07,7.44E+3,6.10E-3,7.46,6.10E-3
100,159,259Fm,1.40E+2,3.00E+2,,,,,7.40E+3,1.00,2.02E+1,1.00
100,158,258Fm,-1.26E+3,2.00E+2,-2.27E+3,4.48E+2,-3.29E+3,4.48E+2,7.41E+3,1.00,1.79E+1,1.00
100,157,257Fm,-4.02E+2,4.57,-8.13E+2,4.11E+2,-1.83E+3,4.11E+2,7.42E+3,1.68E-2,1.62E+1,1.68E-2
101,151,252Md,-2.40E+3,9.17E+1,3.65E+3,9.14E+1,2.62E+3,9.14E+1,7.43E+3,3.62E-1,2.93,3.62E-1
101,150,251Md,-3.88E+3,1.82E+2,3.00E+3,2.37E+1,1.98E+3,2.37E+1,7.44E+3,7.54E-2,4.01,7.54E-2
101,150,251Md,-3.88E+3,1.82E+2,3.00E+3,2.37E+1,1.98E+3,2.37E+1,7.44E+3,7.54E-2,4.01,7.54E-2
101,153,254Md,-1.27E+3,1.00E+2,2.55E+3,1.00E+2,1.52E+3,1.00E+2,7.43E+3,0.0,5.05,0.0
101,153,254Md,-1.27E+3,1.00E+2,2.55E+3,1.00E+2,1.52E+3,1.00E+2,7.43E+3,0.0,5.05,0.0
101,152,253Md,-3.18E+3,3.20E+1,1.82E+3,3.10E+1,8.05E+2,3.10E+1,7.43E+3,0.0,4.49,0.0
101,155,256Md,-3.67E+2,1.24E+2,1.97E+3,1.24E+2,9.49E+2,1.24E+2,7.42E+3,0.0,9.89,0.0
101,154,255Md,-1.96E+3,1.51E+1,1.04E+3,6.71,1.96E+1,6.71,7.42E+3,2.18E-2,8.47,2.18E-2
101,157,258Md,2.13E+2,1.00E+2,1.26E+3,2.00E+2,2.42E+2,2.00E+2,7.40E+3,1.35E-2,1.33E+1,1.35E-2
101,157,258Md,2.13E+2,1.00E+2,1.26E+3,2.00E+2,2.42E+2,2.00E+2,7.40E+3,1.35E-2,1.33E+1,1.35E-2
101,156,257Md,-1.25E+3,6.16,4.02E+2,4.57,-6.19E+2,4.57,7.41E+3,6.10E-3,1.25E+1,6.10E-3
101,159,260Md,9.40E+2,3.74E+2,7.84E+2,5.37E+2,-2.37E+2,5.37E+2,7.39E+3,1.00,1.74E+1,1.00
101,158,259Md,-5.15E+2,1.01E+2,-1.40E+2,3.00E+2,-1.16E+3,3.00E+2,7.40E+3,0.0,1.63E+1,0.0
101,144,245Md,,,5.13E+3,3.25E+2,4.11E+3,3.25E+2,7.44E+3,1.00,3.00,1.00
101,143,244Md,,,6.63E+3,4.25E+2,5.61E+3,4.25E+2,7.43E+3,2.00,5.71E-1,2.00
101,146,247Md,,,4.26E+3,2.75E+2,3.24E+3,2.75E+2,7.44E+3,1.00,2.77,1.00
101,146,247Md,,,4.26E+3,2.75E+2,3.24E+3,2.75E+2,7.44E+3,1.00,2.77,1.00
101,145,246Md,,,5.92E+3,2.60E+2,4.90E+3,2.60E+2,7.44E+3,1.00,1.49,1.00
101,145,246Md,,,5.92E+3,2.60E+2,4.90E+3,2.60E+2,7.44E+3,1.00,1.49,1.00
101,148,249Md,-4.60E+3,3.24E+2,3.66E+3,1.64E+2,2.63E+3,1.64E+2,7.44E+3,6.60E-1,3.35,6.60E-1
101,148,249Md,-4.60E+3,3.24E+2,3.66E+3,1.64E+2,2.63E+3,1.64E+2,7.44E+3,6.60E-1,3.35,6.60E-1
101,147,248Md,-3.74E+3,2.90E+2,5.05E+3,1.84E+2,4.02E+3,1.84E+2,7.44E+3,1.00,2.20,1.00
101,149,250Md,-3.16E+3,2.20E+2,4.32E+3,9.12E+1,3.30E+3,9.12E+1,7.44E+3,3.63E-1,2.14,3.63E-1
101,149,250Md,-3.16E+3,2.20E+2,4.32E+3,9.12E+1,3.30E+3,9.12E+1,7.44E+3,3.63E-1,2.14,3.63E-1
102,158,260No,-2.66E+3,2.36E+2,-9.40E+2,3.74E+2,-1.96E+3,3.74E+2,7.39E+3,1.00,1.40E+1,1.00
102,157,259No,-1.77E+3,7.10E+1,5.15E+2,1.01E+2,-5.06E+2,1.01E+2,7.39E+3,2.46E-2,1.19E+1,2.46E-2
102,156,258No,-3.30E+3,1.43E+2,-2.13E+2,1.00E+2,-1.23E+3,1.00E+2,7.40E+3,0.0,1.11E+1,0.0
102,155,257No,-2.41E+3,4.50E+1,1.25E+3,6.16,2.32E+2,6.16,7.40E+3,2.41E-2,8.48,2.41E-2
102,154,256No,-3.92E+3,8.32E+1,3.67E+2,1.24E+2,-6.54E+2,1.24E+2,7.41E+3,2.95E-2,7.05,2.95E-2
102,153,255No,-3.13E+3,2.25E+1,1.96E+3,1.51E+1,9.47E+2,1.51E+1,7.41E+3,5.51E-2,4.69,5.51E-2
102,152,254No,-4.92E+3,9.18E+1,1.27E+3,1.00E+2,2.49E+2,1.00E+2,7.42E+3,3.80E-2,3.61,3.80E-2
102,152,254No,-4.92E+3,9.18E+1,1.27E+3,1.00E+2,2.49E+2,1.00E+2,7.42E+3,3.80E-2,3.61,3.80E-2
102,151,253No,-4.16E+3,1.64E+2,3.18E+3,3.20E+1,2.16E+3,3.20E+1,7.42E+3,2.73E-2,2.78,2.73E-2
102,150,252No,-5.66E+3,1.85E+2,2.40E+3,9.17E+1,1.38E+3,9.17E+1,7.42E+3,3.69E-2,3.10,3.69E-2
102,150,252No,-5.66E+3,1.85E+2,2.40E+3,9.17E+1,1.38E+3,9.17E+1,7.42E+3,3.69E-2,3.10,3.69E-2
102,160,262No,-2.00E+3,4.12E+2,-1.56E+3,5.75E+2,-2.58E+3,5.75E+2,7.38E+3,1.00,1.72E+1,1.00
102,149,251No,-4.98E+3,2.70E+2,3.88E+3,1.82E+2,2.86E+3,1.82E+2,7.42E+3,1.00,2.93,1.00
102,149,251No,-4.98E+3,2.70E+2,3.88E+3,1.82E+2,2.86E+3,1.82E+2,7.42E+3,1.00,2.93,1.00
102,148,250No,,,3.16E+3,2.20E+2,2.14E+3,2.20E+2,7.42E+3,1.00,2.60,1.00
102,147,249No,,,4.60E+3,3.24E+2,3.58E+3,3.24E+2,7.42E+3,1.00,2.56,1.00
103,159,262Lr,-2.87E+2,3.00E+2,2.00E+3,4.12E+2,9.82E+2,4.12E+2,7.37E+3,1.00,1.30E+1,1.00
103,158,261Lr,-1.76E+3,2.11E+2,1.10E+3,2.83E+2,8.00E+1,2.83E+2,7.38E+3,1.00,1.22E+1,1.00
103,155,258Lr,-1.56E+3,1.03E+2,3.30E+3,1.43E+2,2.28E+3,1.43E+2,7.39E+3,0.0,5.88,0.0
103,154,257Lr,-3.20E+3,4.50E+1,2.41E+3,4.50E+1,1.39E+3,4.50E+1,7.39E+3,0.0,5.47,0.0
103,154,257Lr,-3.20E+3,4.50E+1,2.41E+3,4.50E+1,1.39E+3,4.50E+1,7.39E+3,0.0,5.47,0.0
103,157,260Lr,-8.71E+2,2.36E+2,2.66E+3,2.36E+2,1.64E+3,2.36E+2,7.38E+3,0.0,1.03E+1,0.0
103,156,259Lr,-2.51E+3,1.01E+2,1.77E+3,7.10E+1,7.49E+2,7.10E+1,7.39E+3,0.0,8.76,0.0
103,151,254Lr,-3.55E+3,2.98E+2,4.92E+3,9.18E+1,3.90E+3,9.18E+1,7.40E+3,3.59E-1,3.71E-1,3.59E-1
103,151,254Lr,-3.55E+3,2.98E+2,4.92E+3,9.18E+1,3.90E+3,9.18E+1,7.40E+3,3.59E-1,3.71E-1,3.59E-1
103,150,253Lr,-5.11E+3,4.42E+2,4.16E+3,1.64E+2,3.14E+3,1.64E+2,7.40E+3,6.50E-1,1.31,6.50E-1
103,150,253Lr,-5.11E+3,4.42E+2,4.16E+3,1.64E+2,3.14E+3,1.64E+2,7.40E+3,6.50E-1,1.31,6.50E-1
103,153,256Lr,-2.47E+3,8.48E+1,3.92E+3,8.32E+1,2.90E+3,8.32E+1,7.39E+3,3.23E-1,2.48,3.23E-1
103,152,255Lr,-4.38E+3,1.82E+2,3.13E+3,2.25E+1,2.11E+3,2.25E+1,7.40E+3,6.94E-2,1.74,6.94E-2
103,152,255Lr,-4.38E+3,1.82E+2,3.13E+3,2.25E+1,2.11E+3,2.25E+1,7.40E+3,6.94E-2,1.74,6.94E-2
103,161,264Lr,3.00E+2,5.66E+2,1.36E+3,7.34E+2,3.42E+2,7.34E+2,7.36E+3,2.00,1.60E+1,2.00
103,163,266Lr,1.52E+3,6.79E+2,,,,,7.34E+3,2.00,2.05E+1,2.00
103,148,251Lr,,,4.98E+3,2.70E+2,3.95E+3,2.70E+2,7.40E+3,1.00,2.10,1.00
103,148,251Lr,,,4.98E+3,2.70E+2,3.95E+3,2.70E+2,7.40E+3,1.00,2.10,1.00
103,149,252Lr,,,5.66E+3,1.85E+2,4.64E+3,1.85E+2,7.40E+3,1.00,3.71E-1,1.00
104,163,267Rf,-5.70E+2,6.86E+2,,,,,7.34E+3,2.00,1.80E+1,2.00
104,161,265Rf,-1.69E+3,4.24E+2,4.57E+2,6.55E+2,-5.64E+2,6.55E+2,7.35E+3,1.00,1.40E+1,1.00
104,156,260Rf,-4.52E+3,2.21E+2,8.71E+2,2.36E+2,-1.50E+2,2.36E+2,7.37E+3,1.00,6.70,1.00
104,155,259Rf,-3.62E+3,9.20E+1,2.51E+3,1.01E+2,1.49E+3,1.01E+2,7.37E+3,0.0,5.02,0.0
104,154,258Rf,-5.16E+3,9.32E+1,1.56E+3,1.03E+2,5.40E+2,1.03E+2,7.38E+3,6.24E-2,3.23,6.24E-2
104,153,257Rf,-4.28E+3,1.64E+2,3.20E+3,4.50E+1,2.17E+3,4.50E+1,7.38E+3,4.21E-2,1.41,4.21E-2
104,153,257Rf,-4.28E+3,1.64E+2,3.20E+3,4.50E+1,2.17E+3,4.50E+1,7.38E+3,4.21E-2,1.41,4.21E-2
104,159,263Rf,-2.35E+3,2.27E+2,1.08E+3,2.71E+2,6.50E+1,2.71E+2,7.36E+3,1.00,1.03E+1,1.00
104,158,262Rf,-3.86E+3,2.65E+2,2.87E+2,3.00E+2,-7.34E+2,3.00E+2,7.37E+3,1.00,9.83,1.00
104,157,261Rf,-2.99E+3,1.28E+2,1.76E+3,2.11E+2,7.39E+2,2.11E+2,7.37E+3,2.51E-1,7.70,2.51E-1
104,157,261Rf,-2.99E+3,1.28E+2,1.76E+3,2.11E+2,7.39E+2,2.11E+2,7.37E+3,2.51E-1,7.70,2.51E-1
104,152,256Rf,-6.07E+3,1.88E+2,2.47E+3,8.48E+1,1.45E+3,8.48E+1,7.38E+3,6.97E-2,5.00E-1,6.97E-2
104,151,255Rf,-5.26E+3,3.36E+2,4.38E+3,1.82E+2,3.36E+3,1.82E+2,7.38E+3,1.00,2.80E-1,1.00
104,150,254Rf,,,3.55E+3,2.98E+2,2.53E+3,2.98E+2,7.38E+3,1.00,1.32E-1,1.00
104,149,253Rf,,,5.11E+3,4.42E+2,4.09E+3,4.42E+2,7.38E+3,2.00,-5.81E-1,2.00
105,163,268Db,2.60E+2,7.07E+2,1.58E+3,8.48E+2,5.62E+2,8.48E+2,7.32E+3,2.00,1.53E+1,2.00
105,165,270Db,9.66E+2,7.35E+2,,,,,7.31E+3,2.00,2.14E+1,2.00
105,162,267Db,-1.79E+3,4.57E+2,5.70E+2,6.86E+2,-4.51E+2,6.86E+2,7.33E+3,1.00,1.25E+1,1.00
105,161,266Db,-8.77E+2,3.74E+2,2.60E+3,5.00E+2,1.58E+3,5.00E+2,7.33E+3,1.00,1.07E+1,1.00
105,153,258Db,-3.78E+3,4.23E+2,5.16E+3,9.32E+1,4.14E+3,9.32E+1,7.35E+3,3.56E-1,-1.32,3.56E-1
105,153,258Db,-3.78E+3,4.23E+2,5.16E+3,9.32E+1,4.14E+3,9.32E+1,7.35E+3,3.56E-1,-1.32,3.56E-1
105,152,257Db,,,4.28E+3,1.64E+2,3.26E+3,1.64E+2,7.36E+3,6.40E-1,-1.89,6.40E-1
105,152,257Db,,,4.28E+3,1.64E+2,3.26E+3,1.64E+2,7.36E+3,6.40E-1,-1.89,6.40E-1
105,155,260Db,-2.87E+3,9.50E+1,4.52E+3,2.21E+2,3.50E+3,2.21E+2,7.35E+3,0.0,1.79,0.0
105,154,259Db,-4.52E+3,1.90E+2,3.62E+3,9.20E+1,2.60E+3,9.20E+1,7.36E+3,2.18E-1,1.29,2.18E-1
105,157,262Db,-2.11E+3,1.45E+2,3.86E+3,2.65E+2,2.83E+3,2.65E+2,7.35E+3,1.00,5.54,1.00
105,156,261Db,-3.69E+3,1.12E+2,2.99E+3,1.28E+2,1.96E+3,1.28E+2,7.35E+3,0.0,4.30,0.0
105,158,263Db,-3.08E+3,1.93E+2,2.35E+3,2.27E+2,1.33E+3,2.27E+2,7.35E+3,1.00,7.11,1.00
105,151,256Db,,,6.07E+3,1.88E+2,5.05E+3,1.88E+2,7.35E+3,1.00,-3.43,1.00
105,150,255Db,,,5.26E+3,3.36E+2,4.24E+3,3.36E+2,7.35E+3,1.00,-2.49,1.00
105,150,255Db,,,5.26E+3,3.36E+2,4.24E+3,3.36E+2,7.35E+3,1.00,-2.49,1.00
106,158,264Sg,-5.17E+3,3.34E+2,1.52E+3,3.68E+2,4.99E+2,3.68E+2,7.33E+3,1.00,4.66,1.00
106,157,263Sg,-4.30E+3,3.20E+2,3.08E+3,1.93E+2,2.06E+3,1.93E+2,7.33E+3,0.0,3.31,0.0
106,157,263Sg,-4.30E+3,3.20E+2,3.08E+3,1.93E+2,2.06E+3,1.93E+2,7.33E+3,0.0,3.31,0.0
106,156,262Sg,-5.88E+3,9.56E+1,2.11E+3,1.45E+2,1.09E+3,1.45E+2,7.34E+3,8.46E-2,2.07,8.46E-2
106,155,261Sg,-5.07E+3,1.80E+2,3.69E+3,1.12E+2,2.67E+3,1.12E+2,7.33E+3,7.09E-2,1.68E-1,7.09E-2
106,154,260Sg,-6.57E+3,1.97E+2,2.87E+3,9.50E+1,1.85E+3,9.50E+1,7.34E+3,7.90E-2,-6.01E-1,7.90E-2
106,153,259Sg,,,4.52E+3,1.90E+2,3.50E+3,1.90E+2,7.34E+3,1.00,-2.34,1.00
106,153,259Sg,,,4.52E+3,1.90E+2,3.50E+3,1.90E+2,7.34E+3,1.00,-2.34,1.00
106,152,258Sg,,,3.78E+3,4.23E+2,2.76E+3,4.23E+2,7.34E+3,2.00,-3.27,2.00
106,159,265Sg,-3.60E+3,2.77E+2,2.41E+3,2.63E+2,1.39E+3,2.63E+2,7.33E+3,1.00,5.86,1.00
106,159,265Sg,-3.60E+3,2.77E+2,2.41E+3,2.63E+2,1.39E+3,2.63E+2,7.33E+3,1.00,5.86,1.00
106,161,267Sg,-2.95E+3,3.71E+2,1.79E+3,4.57E+2,7.70E+2,4.57E+2,7.32E+3,1.00,8.67,1.00
106,160,266Sg,-4.48E+3,2.94E+2,8.77E+2,3.74E+2,-1.44E+2,3.74E+2,7.33E+3,1.00,8.30,1.00
106,165,271Sg,-1.24E+3,7.05E+2,,,,,7.30E+3,2.00,1.93E+1,2.00
106,163,269Sg,-1.78E+3,5.25E+2,5.44E+2,7.24E+2,-4.77E+2,7.24E+2,7.31E+3,1.00,1.28E+1,1.00
107,171,278Bh,1.15E+3,5.00E+2,,,,,7.25E+3,1.00,3.16E+1,1.00
107,155,262Bh,,,5.88E+3,9.56E+1,4.86E+3,9.56E+1,7.31E+3,3.55E-1,-1.88,3.55E-1
107,155,262Bh,,,5.88E+3,9.56E+1,4.86E+3,9.56E+1,7.31E+3,3.55E-1,-1.88,3.55E-1
107,154,261Bh,,,5.07E+3,1.80E+2,4.05E+3,1.80E+2,7.31E+3,6.88E-1,-2.33,6.88E-1
107,157,264Bh,-3.60E+3,1.80E+2,5.17E+3,3.34E+2,4.15E+3,3.34E+2,7.31E+3,1.00,9.06E-1,1.00
107,153,260Bh,,,6.57E+3,1.97E+2,5.55E+3,1.97E+2,7.31E+3,1.00,-4.15,1.00
107,160,267Bh,-3.89E+3,2.79E+2,2.95E+3,3.71E+2,1.93E+3,3.71E+2,7.31E+3,1.00,5.34,1.00
107,165,272Bh,-2.17E+2,7.37E+2,2.26E+3,8.73E+2,1.24E+3,8.73E+2,7.29E+3,2.00,1.63E+1,2.00
107,167,274Bh,3.56E+2,7.44E+2,,,,,7.27E+3,2.00,2.19E+1,2.00
107,164,271Bh,-1.83E+3,4.73E+2,1.24E+3,7.05E+2,2.20E+2,7.05E+2,7.29E+3,1.00,1.37E+1,1.00
107,163,270Bh,-8.82E+2,3.88E+2,2.79E+3,5.47E+2,1.77E+3,5.47E+2,7.30E+3,1.00,1.02E+1,1.00
107,159,266Bh,-3.03E+3,1.65E+2,4.48E+3,2.94E+2,3.46E+3,2.94E+2,7.31E+3,1.00,3.10,1.00
107,158,265Bh,-4.50E+3,2.40E+2,3.60E+3,2.77E+2,2.57E+3,2.77E+2,7.31E+3,1.00,3.07,1.00
108,159,267Hs,-5.13E+3,5.12E+2,3.89E+3,2.79E+2,2.87E+3,2.79E+2,7.29E+3,0.0,2.58,0.0
108,159,267Hs,-5.13E+3,5.12E+2,3.89E+3,2.79E+2,2.87E+3,2.79E+2,7.29E+3,0.0,2.58,0.0
108,158,266Hs,-6.53E+3,1.00E+2,3.03E+3,1.65E+2,2.01E+3,1.65E+2,7.29E+3,1.01E-1,1.48,1.01E-1
108,158,266Hs,-6.53E+3,1.00E+2,3.03E+3,1.65E+2,2.01E+3,1.65E+2,7.29E+3,1.01E-1,1.48,1.01E-1
108,157,265Hs,-5.72E+3,4.39E+2,4.50E+3,2.40E+2,3.48E+3,2.40E+2,7.29E+3,9.03E-2,-4.47E-1,9.03E-2
108,163,271Hs,-3.40E+3,4.30E+2,1.83E+3,4.73E+2,8.10E+2,4.73E+2,7.28E+3,1.00,7.80,1.00
108,162,270Hs,-5.59E+3,3.13E+2,8.82E+2,3.88E+2,-1.39E+2,3.88E+2,7.29E+3,1.00,4.65,1.00
108,161,269Hs,-4.80E+3,3.38E+2,3.01E+3,3.96E+2,1.99E+3,3.96E+2,7.29E+3,0.0,3.56,0.0
108,160,268Hs,-6.18E+3,3.80E+2,2.26E+3,4.86E+2,1.23E+3,4.86E+2,7.29E+3,1.00,3.58,1.00
108,167,275Hs,-2.27E+3,7.09E+2,7.12E+2,8.44E+2,-3.09E+2,8.44E+2,7.26E+3,2.00,1.94E+1,2.00
108,165,273Hs,-3.01E+3,5.65E+2,1.08E+3,7.54E+2,6.20E+1,7.54E+2,7.27E+3,1.00,1.34E+1,1.00
108,156,264Hs,,,3.60E+3,1.80E+2,2.58E+3,1.80E+2,7.29E+3,1.09E-1,-1.31,1.09E-1
108,155,263Hs,,,5.18E+3,3.63E+2,4.16E+3,3.63E+2,7.29E+3,1.00,-2.87,1.00
108,169,277Hs,-1.63E+3,7.99E+2,2.75E+2,7.48E+2,-7.46E+2,7.48E+2,7.25E+3,2.00,2.49E+1,2.00
109,168,277Mt,-2.08E+3,7.70E+2,1.63E+3,7.99E+2,6.11E+2,7.99E+2,7.24E+3,2.00,2.15E+1,2.00
109,167,276Mt,-1.22E+3,7.64E+2,3.12E+3,8.95E+2,2.10E+3,8.95E+2,7.25E+3,2.00,1.81E+1,2.00
109,167,276Mt,-1.22E+3,7.64E+2,3.12E+3,8.95E+2,2.10E+3,8.95E+2,7.25E+3,2.00,1.81E+1,2.00
109,169,278Mt,-4.84E+2,7.71E+2,2.54E+3,6.52E+2,1.52E+3,6.52E+2,7.24E+3,2.00,2.31E+1,2.00
109,161,270Mt,-3.97E+3,1.95E+2,5.59E+3,3.13E+2,4.57E+3,3.13E+2,7.27E+3,1.00,2.65,1.00
109,166,275Mt,-2.89E+3,5.16E+2,2.27E+3,7.09E+2,1.25E+3,7.09E+2,7.25E+3,1.00,1.57E+1,1.00
109,165,274Mt,-1.94E+3,5.42E+2,3.84E+3,6.02E+2,2.82E+3,6.02E+2,7.25E+3,1.00,1.26E+1,1.00
109,157,266Mt,,,6.53E+3,1.00E+2,5.51E+3,1.00E+2,7.27E+3,3.62E-1,-2.12,3.62E-1
109,159,268Mt,-4.49E+3,3.81E+2,6.18E+3,3.80E+2,5.16E+3,3.80E+2,7.27E+3,1.00,1.06,1.00
110,157,267Ds,,,6.08E+3,5.43E+2,5.06E+3,5.43E+2,7.24E+3,1.00,-2.23,1.00
110,159,269Ds,,,5.53E+3,3.13E+2,4.51E+3,3.13E+2,7.25E+3,1.16E-1,6.13E-1,1.16E-1
110,171,281Ds,-2.06E+3,9.18E+2,8.73E+2,7.76E+2,-1.48E+2,7.76E+2,7.22E+3,2.00,2.42E+1,2.00
110,170,280Ds,-3.56E+3,9.18E+2,-1.90E+2,9.58E+2,-1.21E+3,9.58E+2,7.22E+3,3.00,2.25E+1,3.00
110,172,282Ds,-2.95E+3,6.60E+2,-6.65E+2,5.38E+2,-1.68E+3,5.38E+2,7.21E+3,1.00,2.67E+1,1.00
110,160,270Ds,,,3.97E+3,1.95E+2,2.95E+3,1.95E+2,7.25E+3,1.45E-1,1.55,1.45E-1
110,167,277Ds,-3.31E+3,6.11E+2,2.08E+3,7.70E+2,1.06E+3,7.70E+2,7.23E+3,1.00,1.58E+1,1.00
110,163,273Ds,-4.60E+3,4.24E+2,3.50E+3,4.47E+2,2.48E+3,4.47E+2,7.25E+3,1.00,5.24,1.00
110,161,271Ds,,,4.85E+3,3.44E+2,3.83E+3,3.44E+2,7.25E+3,0.0,1.90,0.0
110,161,271Ds,,,4.85E+3,3.44E+2,3.83E+3,3.44E+2,7.25E+3,0.0,1.90,0.0
110,169,279Ds,-2.69E+3,7.37E+2,1.43E+3,9.03E+2,4.17E+2,9.03E+2,7.22E+3,2.00,2.03E+1,2.00
110,169,279Ds,-2.69E+3,7.37E+2,1.43E+3,9.03E+2,4.17E+2,9.03E+2,7.22E+3,2.00,2.03E+1,2.00
111,175,286Rg,6.10E+1,8.36E+2,,,,,7.18E+3,2.00,2.86E+1,2.00
111,171,282Rg,-1.08E+3,8.04E+2,2.95E+3,6.60E+2,1.93E+3,6.60E+2,7.20E+3,2.00,2.12E+1,2.00
111,170,281Rg,-2.61E+3,8.70E+2,2.06E+3,9.18E+2,1.03E+3,9.18E+2,7.20E+3,3.00,2.08E+1,3.00
111,167,278Rg,-2.32E+3,5.85E+2,4.27E+3,6.41E+2,3.24E+3,6.41E+2,7.21E+3,1.00,1.29E+1,1.00
111,163,274Rg,,,5.41E+3,4.42E+2,4.39E+3,4.42E+2,7.22E+3,1.00,3.24,1.00
111,161,272Rg,,,6.69E+3,4.84E+2,5.66E+3,4.84E+2,7.22E+3,1.00,3.30E-1,1.00
111,168,279Rg,-3.29E+3,5.78E+2,2.69E+3,7.37E+2,1.67E+3,7.37E+2,7.21E+3,2.00,1.67E+1,2.00
111,169,280Rg,-1.76E+3,7.89E+2,3.56E+3,9.18E+2,2.54E+3,9.18E+2,7.21E+3,2.00,1.68E+1,2.00
112,165,277Cn,,,3.92E+3,4.93E+2,2.90E+3,4.93E+2,7.20E+3,1.00,6.99,1.00
112,169,281Cn,-3.86E+3,4.98E+2,2.61E+3,8.70E+2,1.59E+3,8.70E+2,7.19E+3,1.00,1.53E+1,1.00
112,174,286Cn,-3.50E+3,9.15E+2,-6.10E+1,8.36E+2,-1.08E+3,8.36E+2,7.18E+3,2.00,2.35E+1,2.00
112,170,282Cn,-4.90E+3,6.78E+2,1.08E+3,8.04E+2,6.20E+1,8.04E+2,7.19E+3,2.00,1.69E+1,2.00
112,171,283Cn,-3.22E+3,7.54E+2,1.95E+3,9.16E+2,9.35E+2,9.16E+2,7.19E+3,2.00,1.80E+1,2.00
112,172,284Cn,-4.17E+3,9.31E+2,4.45E+2,9.12E+2,-5.76E+2,9.12E+2,7.19E+3,3.00,1.99E+1,3.00
112,173,285Cn,-2.68E+3,9.26E+2,1.35E+3,7.85E+2,3.35E+2,7.85E+2,7.18E+3,2.00,2.13E+1,2.00
113,165,278Nh,,,6.18E+3,4.91E+2,5.16E+3,4.91E+2,7.18E+3,1.00,4.96,1.00
113,169,282Nh,,,4.90E+3,6.78E+2,3.88E+3,6.78E+2,7.17E+3,1.00,1.22E+1,1.00
113,171,284Nh,-2.18E+3,8.45E+2,4.17E+3,9.31E+2,3.15E+3,9.31E+2,7.17E+3,2.00,1.54E+1,2.00
113,172,285Nh,-3.16E+3,8.74E+2,2.68E+3,9.26E+2,1.66E+3,9.26E+2,7.17E+3,3.00,1.80E+1,3.00
113,170,283Nh,,,3.22E+3,7.54E+2,2.20E+3,7.54E+2,7.17E+3,2.00,1.46E+1,2.00
113,173,286Nh,-1.64E+3,8.06E+2,3.50E+3,9.15E+2,2.48E+3,9.15E+2,7.16E+3,2.00,1.82E+1,2.00
113,177,290Nh,-4.16E+2,8.43E+2,,,,,7.15E+3,2.00,2.53E+1,2.00
114,170,284Fl,,,2.18E+3,8.45E+2,1.16E+3,8.45E+2,7.16E+3,2.00,1.01E+1,2.00
114,171,285Fl,,,3.16E+3,8.74E+2,2.14E+3,8.74E+2,7.15E+3,1.00,1.17E+1,1.00
114,172,286Fl,,,1.64E+3,8.06E+2,6.27E+2,8.06E+2,7.15E+3,2.00,1.40E+1,2.00
114,173,287Fl,-3.81E+3,7.59E+2,2.47E+3,9.39E+2,1.45E+3,9.39E+2,7.15E+3,2.00,1.48E+1,2.00
114,174,288Fl,-4.74E+3,9.32E+2,9.47E+2,1.03E+3,-7.49E+1,1.03E+3,7.15E+3,3.00,1.73E+1,3.00
114,175,289Fl,-3.21E+3,9.29E+2,1.91E+3,7.15E+2,8.93E+2,7.15E+2,7.14E+3,2.00,1.84E+1,2.00
114,176,290Fl,-4.06E+3,9.17E+2,4.16E+2,8.43E+2,-6.05E+2,8.43E+2,7.14E+3,2.00,2.12E+1,2.00
115,175,290Mc,-2.23E+3,8.09E+2,4.06E+3,9.17E+2,3.03E+3,9.17E+2,7.13E+3,2.00,1.51E+1,2.00
115,173,288Mc,,,4.74E+3,9.32E+2,3.72E+3,9.32E+2,7.13E+3,2.00,1.21E+1,2.00
115,174,289Mc,-3.77E+3,9.25E+2,3.21E+3,9.29E+2,2.19E+3,9.29E+2,7.13E+3,3.00,1.43E+1,3.00
115,172,287Mc,,,3.81E+3,7.59E+2,2.79E+3,7.59E+2,7.13E+3,2.00,1.06E+1,2.00
116,174,290Lv,,,2.23E+3,8.09E+2,1.21E+3,8.09E+2,7.12E+3,2.00,1.11E+1,2.00
116,175,291Lv,-4.40E+3,8.63E+2,3.06E+3,9.64E+2,2.04E+3,9.64E+2,7.11E+3,2.00,1.26E+1,2.00
116,176,292Lv,-5.48E+3,1.01E+3,1.53E+3,1.03E+3,5.11E+2,1.03E+3,7.11E+3,3.00,1.47E+1,3.00
116,177,293Lv,-3.86E+3,9.33E+2,,,,,7.11E+3,2.00,1.65E+1,2.00
117,176,293Ts,-4.37E+3,1.05E+3,3.86E+3,9.33E+2,2.83E+3,9.33E+2,7.09E+3,3.00,1.26E+1,3.00
117,177,294Ts,-2.92E+3,8.11E+2,,,,,7.09E+3,2.00,1.31E+1,2.00
118,176,294Og,,,2.92E+3,8.11E+2,1.90E+3,8.11E+2,7.07E+3,2.00,9.36,2.00