z,n,name,spinAndParity,massExcess(keV),massExcessUncertainty,neutronSeparationEnergy,neutronSeparationEnergyUncertainty,protonSeparationEnergy,protonSeparationEnergyUncertainty,pairingGap,pairingGapUncertainty,alpha,alphaUncertainty,deltaAlpha,deltaAlphaUncertainty
0,1,Neutron,,,,,,,,,,,,,
1,0,1H,,,,,,,,,,,,,
1,1,2H,,,,,,,,2.01E+3,5.31E-4,,,,
1,2,3H,,,,,,,,3.92E+3,5.00E+1,,,,
1,3,4H,,,,,,,,6.99E+2,8.36E+1,,,,
1,4,5H,,,,,,,,3.55E+2,1.50E+2,,,,
1,5,6H,,,,,,,,8.61E+2,5.33E+2,,,,
1,6,7H,,,,,,,,,,,,,
2,1,3He,,,,,,,,,,,,,
2,2,4He,,,,,,,,1.06E+4,1.00E+1,0.0,0.0,4.59E+1,1.77E-2
2,3,5He,,,,,,,,1.22E+3,1.41E+1,7.35E+2,2.00E+1,-1.52E+3,1.41E+1
2,4,6He,,,,,,,,1.06E+3,1.06E+1,,,,
2,5,7He,,,,,,,,1.47E+3,5.34,,,,
2,6,8He,,,,,,,,1.89E+3,2.37E+1,,,,
2,7,9He,,,,,,,,5.32E+2,5.70E+1,,,,
2,8,10He,,,,,,,,,,,,,
3,1,4Li,,,,,,,,5.14E+3,1.01E+3,,,,
3,2,5Li,,,,,,,,8.02E+3,1.11E+2,1.96E+3,5.00E+1,-1.82E+3,3.53E+1
3,3,6Li,,,,,,,,7.93E+2,2.50E+1,-1.47E+3,1.50E-3,-1.49E+3,7.53E-3
3,4,7Li,,,,,,,,2.60E+3,2.38E-2,-2.46E+3,4.20E-3,-3.09E+3,6.73E-3
3,5,8Li,,,,,,,,1.01E+3,9.89E-2,-6.10E+3,1.00E+2,-1.95E+3,5.00E+1
3,6,9Li,,,,,,,,2.04E+3,6.36,-1.03E+4,8.94E+1,-2.27E+2,4.47E+1
3,7,10Li,,,,,,,,2.11E+2,9.00,-1.12E+4,2.54E+2,-2.82E+2,1.27E+2
3,8,11Li,,,,,,,,3.02E+2,1.63E+1,-1.08E+4,1.00E+3,-1.68E+3,5.02E+2
3,9,12Li,,,,,,,,1.55E+2,4.09E+1,,,,
3,10,13Li,,,,,,,,,,,,,
4,2,6Be,,,,,,,,8.07E+3,1.00E+3,,,,
4,3,7Be,,,,,,,,4.11E+3,2.72,-1.58E+3,7.08E-2,-2.97E+3,5.82E-2
4,4,8Be,,,,,,,,8.61E+3,5.77E-2,9.18E+1,3.54E-2,-3.72E+3,2.50E-2
4,5,9Be,,,,,,,,2.57E+3,6.98E-2,-2.30E+3,2.00E+1,-4.17E+3,1.00E+1
4,6,10Be,,,,,,,,3.15E+3,1.37E-1,-7.40E+3,9.66E-2,-2.30E+3,6.30E-2
4,7,11Be,,,,,,,,1.33E+3,9.69E-1,-8.32E+3,7.56,-2.20E+3,3.80
4,8,12Be,,,,,,,,1.84E+3,5.26,-8.95E+3,1.91,-2.42E+3,2.24
4,9,13Be,,,,,,,,1.14E+3,6.65E+1,-9.70E+3,4.79E+1,-2.67E+3,2.59E+1
4,11,15Be,,,,,,,,1.12E+3,1.58E+2,,,,
4,12,16Be,,,,,,,,,,,,,
4,10,14Be,,,,,,,,1.78E+3,1.25E+2,-1.16E+4,1.61E+2,-2.89E+3,1.05E+2
5,12,17B,,,,,,,,7.35E+2,1.77E+2,-1.56E+4,2.15E+2,-2.60E+3,1.62E+2
5,13,18B,,,,,,,,4.93E+1,3.16E+2,,,,
5,14,19B,,,,,,,,8.26E+2,4.72E+2,,,,
5,15,20B,,,,,,,,3.24E+2,5.44E+2,,,,
5,16,21B,,,,,,,,,,,,,
5,10,15B,,,,,,,,1.43E+3,2.20E+1,-1.41E+4,2.10E+1,-6.65E+2,1.69E+1
5,11,16B,,,,,,,,7.74E+2,1.04E+2,-1.43E+4,3.87E+1,-1.72E+3,4.56E+1
5,2,7B,,,,,,,,7.44E+3,1.00E+3,-3.41E+3,2.00E+3,-1.16E+3,1.00E+3
5,3,8B,,,,,,,,2.87E+3,1.26E+1,-4.82E+3,2.12E+2,-1.59E+3,1.06E+2
5,4,9B,,,,,,,,5.06E+3,8.10E-1,-1.68E+3,5.00E+1,-3.90E+3,2.50E+1
5,5,10B,,,,,,,,1.50E+3,4.51E-1,-4.46E+3,1.50E-2,-3.57E+3,1.05E-2
5,6,11B,,,,,,,,4.04E+3,6.60E-1,-8.66E+3,1.28E-2,-1.16E+3,8.80E-3
5,7,12B,,,,,,,,7.54E+2,1.05,-1.00E+4,1.32,-5.45E+1,1.48
5,8,13B,,,,,,,,1.95E+3,1.06E+1,-1.08E+4,1.01,-1.49E+2,7.53
5,9,14B,,,,,,,,9.04E+2,1.83E+1,-1.18E+4,2.47E+1,-5.80E+2,1.87E+1
6,2,8C,,,,,,,,,,,,,
6,3,9C,,,,,,,,3.52E+3,9.24,-1.06E+4,2.00E+3,1.21E+3,1.00E+3
6,4,10C,,,,,,,,4.08E+3,1.06,-5.10E+3,5.44,-2.50E+3,2.72
6,5,11C,,,,,,,,2.80E+3,5.46E-2,-7.54E+3,9.26E-2,-1.33E+3,2.51E-1
6,6,12C,,,,,,,,6.88E+3,2.97E-2,-7.36E+3,3.54E-2,1.02E+2,1.77E-2
6,7,13C,,,,,,,,1.61E+3,3.55E-3,-1.06E+4,7.65E-2,2.14E+3,3.82E-2
6,8,14C,,,,,,,,3.47E+3,3.99E-1,-1.20E+4,8.10E-2,2.89E+3,4.05E-2
6,9,15C,,,,,,,,1.51E+3,1.87,-1.27E+4,8.34E-1,1.88E+3,1.43
6,14,20C,,,,,,,,1.52E+3,3.39E+2,-2.23E+4,2.84E+2,4.70E+2,2.00E+2
6,13,19C,,,,,,,,1.20E+3,1.35E+2,-1.98E+4,1.92E+2,-1.90E+2,1.24E+2
6,16,22C,,,,,,,,1.30E+3,5.98E+2,,,,
6,10,16C,,,,,,,,1.75E+3,9.05,-1.38E+4,4.05,7.42E+2,2.73
6,12,18C,,,,,,,,1.80E+3,5.42E+1,-1.74E+4,1.35E+2,-3.00E+2,7.50E+1
6,11,17C,,,,,,,,1.72E+3,1.94E+1,-1.50E+4,2.01E+1,-1.71E+2,1.45E+1
7,15,22N,,,,,,,,7.88E+2,2.65E+2,-2.24E+4,2.91E+2,3.46E+3,1.86E+2
7,14,21N,,,,,,,,1.53E+3,1.46E+2,-2.09E+4,2.44E+2,2.29E+3,1.47E+2
7,17,24N,,,,,,,,5.96E+2,4.35E+2,-2.48E+4,6.77E+2,4.46E+3,3.97E+2
7,16,23N,,,,,,,,2.63E+3,3.75E+2,-2.54E+4,6.72E+2,5.73E+3,4.01E+2
7,11,18N,,,,,,,,1.25E+3,1.72E+1,-1.29E+4,2.81E+1,1.15E+2,1.79E+1
7,10,17N,,,,,,,,1.52E+3,1.41E+1,-1.11E+4,1.50E+1,3.87E+2,1.06E+1
7,13,20N,,,,,,,,1.22E+3,8.75E+1,-1.77E+4,8.26E+1,5.61E+2,7.51E+1
7,12,19N,,,,,,,,1.58E+3,4.21E+1,-1.55E+4,2.66E+1,2.65E+2,2.28E+1
7,3,10N,,,,,,,,,,-1.09E+4,2.04E+3,8.42E+2,1.04E+3
7,4,11N,,,,,,,,3.70E+3,2.00E+2,-5.73E+3,2.56E+1,-2.24E+3,1.48E+1
7,5,12N,,,,,,,,2.48E+3,2.60,-8.00E+3,1.41,-5.39E+2,2.81
7,6,13N,,,,,,,,4.75E+3,5.34E-1,-9.49E+3,9.42E-1,1.83E+3,5.05E-1
7,7,14N,,,,,,,,1.39E+2,1.34E-1,-1.16E+4,1.49E-2,3.59E+3,2.31E-1
7,8,15N,,,,,,,,4.17E+3,1.15,-1.09E+4,1.21E-2,3.48E+3,6.07E-3
7,9,16N,,,,,,,,1.69E+3,7.67,-1.01E+4,2.65,9.92E+2,1.75
8,17,25O,,,,,,,,7.48E+2,1.64E+2,-2.07E+4,6.19E+2,4.69E+3,3.28E+2
8,18,26O,,,,,,,,1.33E+3,2.93E+2,-2.13E+4,2.84E+2,3.78E+3,2.07E+2
8,15,23O,,,,,,,,7.29E+2,1.22E+2,-2.02E+4,1.56E+2,5.11E+3,1.09E+2
8,16,24O,,,,,,,,2.47E+3,1.55E+2,-2.14E+4,2.83E+2,5.90E+3,1.75E+2
8,10,18O,,,,,,,,2.04E+3,1.31,-6.22E+3,3.80E-3,-1.71E+3,9.05E-3
8,13,21O,,,,,,,,1.52E+3,2.97E+1,-1.53E+4,2.11E+1,1.43E+3,1.89E+1
8,14,22O,,,,,,,,2.05E+3,7.32E+1,-1.80E+4,6.43E+1,3.41E+3,4.39E+1
8,11,19O,,,,,,,,1.82E+3,1.91,-8.96E+3,2.75,-9.73E+2,1.90
8,12,20O,,,,,,,,1.90E+3,6.17,-1.23E+4,3.68,7.50E+1,1.91
8,20,28O,,,,,,,,,,,,,
8,3,11O,,,,,,,,,,,,,
8,4,12O,,,,,,,,3.41E+3,3.15E+1,-5.47E+3,2.18E+1,-2.48E+3,1.61E+1
8,5,13O,,,,,,,,3.10E+3,9.02,-8.22E+3,9.76,-4.09E+2,6.82
8,6,14O,,,,,,,,4.97E+3,4.76,-1.01E+4,7.47E-2,2.50E+3,1.85E-1
8,7,15O,,,,,,,,1.22E+3,3.47E-1,-1.02E+4,4.93E-1,3.34E+3,3.56E-1
8,8,16O,,,,,,,,5.76E+3,2.45E-1,-7.16E+3,3.00E-4,1.21E+3,8.13E-4
8,9,17O,,,,,,,,1.95E+3,3.40E-3,-6.35E+3,7.00E-4,-4.94E+2,1.92E-2
9,18,27F,,,,,,,,9.05E+2,1.17E+2,-1.40E+4,4.37E+2,-6.50E+2,2.26E+2
9,19,28F,,,,,,,,7.61E+2,2.82E+2,-1.59E+4,4.18E+2,-6.14E+2,2.18E+2
9,16,25F,,,,,,,,1.77E+3,9.94E+1,-1.63E+4,1.65E+2,2.62E+3,9.56E+1
9,17,26F,,,,,,,,4.40E+2,1.08E+2,-1.55E+4,2.33E+2,1.44E+3,1.28E+2
9,17,26F,,,,,,,,4.40E+2,1.08E+2,-1.55E+4,2.33E+2,1.44E+3,1.28E+2
9,10,19F,,,,,,,,1.91E+3,2.31E-1,-4.01E+3,1.00E-3,-3.22E+3,1.11E-3
9,11,20F,,,,,,,,7.50E+2,9.00E-1,-8.12E+3,2.30,-1.34E+3,1.15
9,14,23F,,,,,,,,1.88E+3,5.45E+1,-1.49E+4,3.71E+1,1.88E+3,2.50E+1
9,15,24F,,,,,,,,2.34E+2,8.58E+1,-1.66E+4,1.25E+2,2.84E+3,7.96E+1
9,12,21F,,,,,,,,1.43E+3,6.32,-1.03E+4,1.51E+1,-6.96E+2,7.63
9,13,22F,,,,,,,,1.17E+3,1.88E+1,-1.27E+4,2.23E+1,3.32E+2,1.28E+1
9,21,30F,,,,,,,,4.58E+2,5.18E+2,,,,
9,22,31F,,,,,,,,,,,,,
9,20,29F,,,,,,,,1.02E+3,4.54E+2,-1.82E+4,7.27E+2,-2.68E+2,5.01E+2
9,5,14F,,,,,,,,2.66E+3,2.48E+2,-9.26E+3,4.02E+2,-4.53E+1,2.07E+2
9,6,15F,,,,,,,,4.75E+3,2.29E+1,-1.02E+4,1.48E+1,2.08E+3,1.14E+1
9,7,16F,,,,,,,,1.41E+3,7.96,-9.08E+3,5.45,1.41E+3,3.86
9,8,17F,,,,,,,,3.82E+3,2.69,-5.81E+3,3.66E-1,-3.71E+2,2.22E-1
9,9,18F,,,,,,,,6.40E+2,3.49E-1,-4.41E+3,4.63E-1,-2.03E+3,3.34E-1
10,10,20Ne,,,,,,,,5.05E+3,8.20E-2,-4.72E+3,1.60E-3,-2.29E+3,6.54E-3
10,11,21Ne,,,,,,,,1.80E+3,2.82E-2,-7.34E+3,3.85E-2,-1.26E+3,3.59E-2
10,12,22Ne,,,,,,,,2.58E+3,5.64E-2,-9.66E+3,1.77E-2,-4.73E+2,1.92E-2
10,13,23Ne,,,,,,,,1.83E+3,2.67E-1,-1.09E+4,2.63,-4.72E+2,1.32
10,14,24Ne,,,,,,,,2.35E+3,1.45E+1,-1.21E+4,1.02,3.39E+2,5.86E-1
10,15,25Ne,,,,,,,,6.99E+2,2.25E+1,-1.25E+4,3.14E+1,7.60E+2,2.13E+1
10,16,26Ne,,,,,,,,2.02E+3,4.94E+1,-1.12E+4,5.98E+1,-2.80E+2,3.13E+1
10,17,27Ne,,,,,,,,1.16E+3,9.04E+1,-9.99E+3,1.51E+2,-1.30E+3,8.84E+1
10,18,28Ne,,,,,,,,1.42E+3,1.24E+2,-9.62E+3,2.07E+2,-2.46E+3,1.21E+2
10,19,29Ne,,,,,,,,1.10E+3,1.76E+2,-1.13E+4,2.22E+2,-2.25E+3,1.34E+2
10,20,30Ne,,,,,,,,1.51E+3,2.35E+2,-1.38E+4,3.02E+2,-1.78E+3,1.97E+2
10,21,31Ne,,,,,,,,1.04E+3,3.42E+2,-1.59E+4,5.67E+2,-1.02E+3,3.40E+2
10,22,32Ne,,,,,,,,1.67E+3,4.86E+2,-1.75E+4,8.61E+2,-7.69E+2,6.06E+2
10,23,33Ne,,,,,,,,1.22E+3,5.54E+2,,,,
10,24,34Ne,,,,,,,,,,,,,
10,9,19Ne,,,,,,,,2.61E+3,2.13E-1,-3.52E+3,5.15E-1,-3.06E+3,2.70E-1
10,7,17Ne,,,,,,,,1.84E+3,1.02E+1,-9.03E+3,9.53,5.09E+2,4.78
10,8,18Ne,,,,,,,,3.80E+3,3.22E-1,-5.11E+3,3.64E-1,-1.51E+3,2.69E-1
10,5,15Ne,,,,,,,,,,-9.94E+3,8.97E+1,-4.26E+2,6.34E+1
10,6,16Ne,,,,,,,,4.37E+3,3.63E+1,-1.04E+4,2.37E+1,7.58E+2,1.57E+1
11,9,20Na,,,,,,,,1.47E+3,5.32,-6.24E+3,5.47,-1.53E+3,2.79
11,8,19Na,,,,,,,,3.01E+3,4.75E+1,-6.06E+3,1.75E+1,-1.27E+3,1.02E+1
11,7,18Na,,,,,,,,1.21E+3,7.29E+1,-9.35E+3,1.02E+2,4.46E+1,2.11E+2
11,6,17Na,,,,,,,,,,-9.73E+3,5.04E+2,-1.60E+2,3.92E+2
11,21,32Na,,,,,,,,6.27E+2,2.26E+2,-1.71E+4,1.25E+2,1.03E+3,9.95E+1
11,20,31Na,,,,,,,,1.31E+3,2.12E+1,-1.53E+4,1.21E+2,2.08E+2,6.10E+1
11,23,34Na,,,,,,,,8.82E+2,5.83E+2,-1.97E+4,7.81E+2,1.03E+3,4.97E+2
11,22,33Na,,,,,,,,1.38E+3,4.37E+2,-1.87E+4,6.91E+2,1.19E+3,4.22E+2
11,24,35Na,,,,,,,,9.79E+2,6.54E+2,-2.14E+4,8.57E+2,1.33E+3,5.64E+2
11,26,37Na,,,,,,,,7.81E+2,7.03E+2,,,,
11,10,21Na,,,,,,,,3.01E+3,5.58E-1,-6.56E+3,2.51E-1,-1.29E+3,1.31E-1
11,12,23Na,,,,,,,,2.73E+3,6.66E-2,-1.04E+4,2.00E-3,1.87E+2,2.36E-2
11,11,22Na,,,,,,,,6.75E+2,9.56E-2,-8.47E+3,4.81E-1,-4.87E+2,2.51E-1
11,14,25Na,,,,,,,,1.71E+3,1.94,-1.17E+4,2.16,2.30E+2,1.24
11,13,24Na,,,,,,,,1.02E+3,6.00E-1,-1.08E+4,3.40E-2,-1.61E+1,3.07E-2
11,16,27Na,,,,,,,,1.59E+3,6.02,-1.12E+4,3.35E+1,-3.14E+2,1.69E+1
11,15,26Na,,,,,,,,5.77E+2,3.15,-1.20E+4,1.28E+1,3.25E+2,6.74
11,18,29Na,,,,,,,,1.06E+3,7.66,-1.10E+4,9.67E+1,-1.26E+3,4.86E+1
11,17,28Na,,,,,,,,4.30E+2,8.33,-1.09E+4,9.82E+1,-7.89E+2,4.94E+1
11,19,30Na,,,,,,,,1.01E+3,8.56,-1.26E+4,1.07E+2,-6.36E+2,5.36E+1
12,11,23Mg,,,,,,,,1.69E+3,8.27E-2,-9.65E+3,1.63E-1,1.57E+2,9.89E-2
12,10,22Mg,,,,,,,,3.11E+3,3.93E-1,-8.14E+3,3.96E-1,-5.11E+2,2.20E-1
12,13,25Mg,,,,,,,,1.88E+3,3.72E-2,-9.88E+3,6.07E-2,-6.20E+2,3.83E-2
12,12,24Mg,,,,,,,,4.60E+3,3.04E-2,-9.31E+3,1.30E-2,-3.33E+2,9.15E-3
12,15,27Mg,,,,,,,,1.03E+3,1.35E-1,-1.18E+4,1.14E-1,5.35E+2,6.56E-2
12,14,26Mg,,,,,,,,2.32E+3,3.95E-2,-1.06E+4,3.42E-2,-1.42E+1,2.49E-2
12,17,29Mg,,,,,,,,1.33E+3,7.04E-1,-1.10E+4,2.90E+1,-6.62E+2,1.45E+1
12,16,28Mg,,,,,,,,2.42E+3,2.53E-1,-1.14E+4,5.75E-1,5.27,3.49E-1
12,19,31Mg,,,,,,,,1.73E+3,2.79,-1.25E+4,9.08E+1,-5.48E+2,4.88E+1
12,18,30Mg,,,,,,,,2.01E+3,1.79,-1.17E+4,1.84E+1,-8.73E+2,9.26
12,20,32Mg,,,,,,,,1.74E+3,3.07,-1.45E+4,1.26E+2,2.60E+2,7.25E+1
12,22,34Mg,,,,,,,,1.97E+3,1.34E+2,-1.73E+4,2.53E+2,1.23E+3,1.37E+2
12,21,33Mg,,,,,,,,1.21E+3,4.25,-1.58E+4,1.49E+2,9.51E+2,9.39E+1
12,24,36Mg,,,,,,,,1.54E+3,6.15E+2,-1.90E+4,8.54E+2,9.52E+2,5.52E+2
12,23,35Mg,,,,,,,,1.28E+3,3.94E+2,-1.79E+4,3.78E+2,1.11E+3,2.42E+2
12,26,38Mg,,,,,,,,1.43E+3,5.55E+2,-2.11E+4,7.18E+2,7.66E+2,4.63E+2
12,25,37Mg,,,,,,,,9.92E+2,6.51E+2,-2.03E+4,9.21E+2,1.45E+3,5.97E+2
12,28,40Mg,,,,,,,,8.94E+2,5.09E+2,,,,
12,9,21Mg,,,,,,,,2.36E+3,1.07,-8.02E+3,8.33E-1,-7.39E+2,5.03
12,8,20Mg,,,,,,,,3.89E+3,3.00E+1,-8.93E+3,2.05E+1,-1.11E+2,1.41E+1
12,7,19Mg,,,,,,,,,,-1.08E+4,8.97E+1,2.43E+2,2.55E+2
12,6,18Mg,,,,,,,,,,,,,
13,9,22Al,,,,,,,,1.27E+3,4.13E+2,-9.26E+3,4.11E+2,-1.95E+2,3.03E+2
13,8,21Al,,,,,,,,,,-1.00E+4,6.03E+2,3.65E+2,4.69E+2
13,22,35Al,,,,,,,,1.70E+3,7.49E+1,-1.48E+4,1.57E+1,-4.05E+1,5.69E+1
13,23,36Al,,,,,,,,1.15E+3,1.38E+2,-1.51E+4,1.54E+2,-6.99E+2,1.15E+2
13,20,33Al,,,,,,,,1.44E+3,6.19,-1.36E+4,1.01E+1,3.39E+2,1.99E+1
13,21,34Al,,,,,,,,1.36E+3,5.28,-1.38E+4,5.17,-7.58E+1,3.63E+1
13,21,34Al,,,,,,,,1.36E+3,5.28,-1.38E+4,5.17,-7.58E+1,3.63E+1
13,26,39Al,,,,,,,,1.17E+3,2.72E+2,-1.87E+4,7.34E+2,-5.35E+1,4.23E+2
13,27,40Al,,,,,,,,7.80E+2,3.24E+2,-1.95E+4,7.50E+2,-3.14E+2,4.50E+2
13,24,37Al,,,,,,,,1.40E+3,1.66E+2,-1.63E+4,4.84E+2,-4.09E+2,2.65E+2
13,25,38Al,,,,,,,,8.39E+2,2.09E+2,-1.76E+4,6.18E+2,-8.40E+1,3.21E+2
13,28,41Al,,,,,,,,8.31E+2,4.08E+2,-2.09E+4,7.95E+2,-4.30E+1,5.10E+2
13,29,42Al,,,,,,,,5.80E+2,5.09E+2,-2.23E+4,8.73E+2,3.82E+2,5.61E+2
13,30,43Al,,,,,,,,,,-2.41E+4,9.55E+2,1.12E+3,6.38E+2
13,11,24Al,,,,,,,,1.03E+3,2.38E-1,-9.32E+3,1.12,-9.98E+1,8.10E-1
13,11,24Al,,,,,,,,1.03E+3,2.38E-1,-9.32E+3,1.12,-9.98E+1,8.10E-1
13,12,25Al,,,,,,,,2.78E+3,1.27E-1,-9.15E+3,7.74E-2,-6.52E+2,1.86E-1
13,10,23Al,,,,,,,,2.32E+3,1.98E+2,-8.60E+3,1.05E+1,-6.12E+2,6.93
13,15,28Al,,,,,,,,8.51E+2,1.77E-1,-1.08E+4,5.13E-2,4.89E+2,4.06E-2
13,16,29Al,,,,,,,,1.85E+3,9.98E-1,-1.12E+4,1.24,3.60E+2,8.46E-1
13,13,26Al,,,,,,,,8.46E+2,6.27E-2,-9.45E+3,1.47E-1,-4.80E+2,8.71E-2
13,13,26Al,,,,,,,,8.46E+2,6.27E-2,-9.45E+3,1.47E-1,-4.80E+2,8.71E-2
13,14,27Al,,,,,,,,2.66E+3,5.43E-2,-1.00E+4,4.73E-2,2.11E+2,3.34E-2
13,19,32Al,,,,,,,,6.24E+2,6.25,-1.25E+4,1.25E+1,4.79E+2,9.74
13,17,30Al,,,,,,,,7.15E+2,1.77,-1.14E+4,4.00,1.59E+2,2.25
13,18,31Al,,,,,,,,1.46E+3,4.03,-1.18E+4,4.34,-2.37E+2,2.61
14,30,44Si,,,,,,,,1.37E+3,4.90E+2,-2.26E+4,7.07E+2,1.65E+3,4.99E+2
14,12,26Si,,,,,,,,2.86E+3,5.00,-9.16E+3,1.92E-1,-8.86E+1,1.50E-1
14,13,27Si,,,,,,,,1.93E+3,9.31E-2,-9.33E+3,1.12E-1,1.26E+2,1.38E-1
14,10,24Si,,,,,,,,3.14E+3,2.53E+2,-9.15E+3,1.95E+1,3.02E+1,8.11E+1
14,11,25Si,,,,,,,,2.02E+3,1.20E+1,-9.50E+3,1.00E+1,7.73E+1,9.62
14,16,30Si,,,,,,,,2.01E+3,2.77E-2,-1.06E+4,3.64E-2,1.35E+3,3.07E-2
14,17,31Si,,,,,,,,1.30E+3,1.52E-1,-1.07E+4,6.41E-2,1.23E+3,4.36E-2
14,14,28Si,,,,,,,,4.35E+3,5.42E-2,-9.98E+3,1.29E-2,1.51E+3,6.48E-3
14,15,29Si,,,,,,,,1.06E+3,1.29E-2,-1.11E+4,4.69E-2,2.00E+3,2.34E-2
14,18,32Si,,,,,,,,2.34E+3,4.08E-1,-1.14E+4,3.96E-1,1.23E+3,2.65E-1
14,19,33Si,,,,,,,,1.52E+3,6.54E-1,-1.23E+4,7.78E-1,1.75E+3,5.32E-1
14,23,37Si,,,,,,,,1.73E+3,1.02E+2,-1.39E+4,1.13E+2,-4.51E+2,8.05E+1
14,24,38Si,,,,,,,,2.04E+3,1.15E+2,-1.49E+4,1.05E+2,-4.86E+2,7.41E+1
14,21,35Si,,,,,,,,1.82E+3,4.39E+1,-1.36E+4,3.59E+1,1.24E+3,3.56E+1
14,22,36Si,,,,,,,,1.95E+3,7.83E+1,-1.40E+4,7.18E+1,6.02E+2,5.08E+1
14,27,41Si,,,,,,,,1.96E+3,2.57E+2,-1.74E+4,7.61E+2,-7.64E+2,4.35E+2
14,28,42Si,,,,,,,,1.94E+3,3.18E+2,-1.96E+4,5.86E+2,5.17E+2,3.85E+2
14,25,39Si,,,,,,,,1.57E+3,1.25E+2,-1.57E+4,3.01E+2,-5.98E+2,1.65E+2
14,26,40Si,,,,,,,,2.09E+3,1.80E+2,-1.71E+4,7.00E+2,-7.89E+1,3.55E+2
14,20,34Si,,,,,,,,2.53E+3,1.79E+1,-1.35E+4,1.52,2.12E+3,3.68
14,29,43Si,,,,,,,,1.24E+3,3.93E+2,-2.08E+4,6.50E+2,6.58E+2,4.30E+2
14,9,23Si,,,,,,,,1.74E+3,4.38E+2,-1.03E+4,5.04E+2,7.15E+2,4.07E+2
14,8,22Si,,,,,,,,,,,,,
15,25,40P,,,,,,,,7.38E+2,1.01E+2,-1.65E+4,1.71E+2,8.74E+2,1.04E+2
15,24,39P,,,,,,,,1.39E+3,9.69E+1,-1.49E+4,1.12E+2,5.83E+2,8.55E+1
15,23,38P,,,,,,,,1.26E+3,7.85E+1,-1.40E+4,7.26E+1,7.06E+2,5.93E+1
15,22,37P,,,,,,,,1.55E+3,4.56E+1,-1.29E+4,3.85E+1,1.09E+3,4.37E+1
15,29,44P,,,,,,,,6.13E+2,4.02E+2,-2.01E+4,5.00E+2,1.16E+3,4.06E+2
15,28,43P,,,,,,,,1.05E+3,2.94E+2,-1.88E+4,4.24E+2,9.14E+2,2.78E+2
15,27,42P,,,,,,,,1.05E+3,1.75E+2,-1.78E+4,1.78E+2,2.75E+2,1.11E+2
15,26,41P,,,,,,,,1.45E+3,1.05E+2,-1.72E+4,2.16E+2,7.53E+2,1.41E+2
15,21,36P,,,,,,,,1.67E+3,2.11E+1,-1.15E+4,1.49E+1,9.22E+2,1.88E+1
15,20,35P,,,,,,,,2.45E+3,6.70,-1.23E+4,2.91,2.48E+3,1.93
15,32,47P,,,,,,,,,,-2.18E+4,8.48E+2,2.47E+3,6.26E+2
15,31,46P,,,,,,,,4.51E+2,5.31E+2,-2.15E+4,7.07E+2,2.00E+3,4.76E+2
15,30,45P,,,,,,,,1.01E+3,4.75E+2,-2.10E+4,6.40E+2,1.70E+3,4.52E+2
15,14,29P,,,,,,,,3.27E+3,6.28E-1,-1.04E+4,3.64E-1,1.99E+3,3.21E-1
15,13,28P,,,,,,,,1.65E+3,4.57,-9.52E+3,1.16,4.56E+2,8.56E-1
15,12,27P,,,,,,,,2.57E+3,1.04E+2,-9.83E+3,9.00,5.15E+2,6.59
15,11,26P,,,,,,,,1.20E+3,2.48E+2,-9.65E+3,4.46E+2,4.65E+2,2.43E+2
15,18,33P,,,,,,,,1.91E+3,8.70E-1,-1.05E+4,1.14,1.35E+3,7.90E-1
15,17,32P,,,,,,,,1.08E+3,5.45E-1,-9.87E+3,6.30E-2,1.11E+3,4.13E-2
15,16,31P,,,,,,,,2.18E+3,3.92E-2,-9.66E+3,4.74E-2,1.33E+3,2.96E-2
15,15,30P,,,,,,,,4.95E+2,1.85E-1,-1.04E+4,9.29E-2,1.87E+3,6.17E-2
15,10,25P,,,,,,,,2.29E+3,3.92E+2,-9.32E+3,7.21E+2,3.65E+2,4.22E+2
15,19,34P,,,,,,,,1.04E+3,1.22,-1.11E+4,2.09,1.71E+3,1.12
16,33,49S,,,,,,,,,,-1.91E+4,8.37E+2,1.54E+3,6.18E+2
16,32,48S,,,,,,,,1.37E+3,4.96E+2,-1.93E+4,7.07E+2,1.57E+3,5.26E+2
16,31,47S,,,,,,,,6.59E+2,4.35E+2,-1.95E+4,5.65E+2,1.71E+3,3.99E+2
16,30,46S,,,,,,,,1.28E+3,3.94E+2,-1.86E+4,5.00E+2,1.16E+3,4.06E+2
16,15,31S,,,,,,,,9.94E+2,1.92E-1,-9.08E+3,2.53E-1,1.32E+3,3.80E-1
16,14,30S,,,,,,,,2.99E+3,6.52,-9.34E+3,2.32E-1,1.29E+3,1.60E-1
16,13,29S,,,,,,,,1.89E+3,8.05E+1,-9.34E+3,1.64E+1,3.15E+2,1.04E+1
16,12,28S,,,,,,,,3.12E+3,2.32E+2,-9.09E+3,1.61E+2,1.99E+2,1.13E+2
16,19,35S,,,,,,,,1.45E+3,1.00E-1,-8.32E+3,5.93E-2,7.50E+2,2.50
16,18,34S,,,,,,,,2.21E+3,3.77E-2,-7.92E+3,4.96E-2,3.57E+2,1.03E-1
16,17,33S,,,,,,,,1.38E+3,2.28E-2,-7.11E+3,1.40E-3,1.64E+2,1.03E-1
16,16,32S,,,,,,,,3.20E+3,1.14E-1,-6.94E+3,1.40E-3,1.53E+2,1.35E-2
16,11,27S,,,,,,,,1.60E+3,4.21E+2,-8.88E+3,6.41E+2,1.47E+2,3.90E+2
16,10,26S,,,,,,,,,,-8.38E+3,7.81E+2,1.75E+2,5.00E+2
16,26,42S,,,,,,,,2.03E+3,3.77,-1.58E+4,1.04E+2,6.66E+2,5.24E+1
16,25,41S,,,,,,,,1.22E+3,3.78,-1.48E+4,1.13E+2,8.37E+2,5.69E+1
16,24,40S,,,,,,,,1.75E+3,2.52E+1,-1.28E+4,7.19E+1,2.83E+2,3.60E+1
16,23,39S,,,,,,,,1.68E+3,3.55E+1,-1.11E+4,6.15E+1,-3.79E+1,3.97E+1
16,29,45S,,,,,,,,9.52E+2,3.04E+2,-1.89E+4,4.24E+2,1.41E+3,3.27E+2
16,28,44S,,,,,,,,1.44E+3,1.57E+2,-1.72E+4,1.22E+2,8.60E+2,6.16E+1
16,27,43S,,,,,,,,1.22E+3,4.59,-1.69E+4,1.35E+2,6.71E+2,6.78E+1
16,22,38S,,,,,,,,1.83E+3,2.55E+1,-9.29E+3,7.21,-3.45E+2,5.84
16,21,37S,,,,,,,,1.86E+3,3.58,-8.80E+3,7.26E-1,1.05E+2,4.14E-1
16,20,36S,,,,,,,,2.79E+3,1.67E-1,-9.01E+3,3.52E-1,1.10E+3,1.99E-1
17,28,45Cl,,,,,,,,1.15E+3,1.16E+2,-1.57E+4,1.81E+2,9.66E+2,1.13E+2
17,29,46Cl,,,,,,,,1.82E+2,1.34E+2,-1.72E+4,1.35E+2,1.41E+3,8.36E+1
17,24,41Cl,,,,,,,,1.11E+3,5.92E+1,-1.07E+4,7.85E+1,-4.98E+2,5.21E+1
17,25,42Cl,,,,,,,,9.01E+2,6.25E+1,-1.26E+4,9.39E+1,-1.85E+2,5.56E+1
17,26,43Cl,,,,,,,,1.50E+3,6.80E+1,-1.38E+4,1.28E+2,-8.37E+1,7.13E+1
17,27,44Cl,,,,,,,,7.32E+2,9.61E+1,-1.47E+4,1.19E+2,2.67E+2,7.35E+1
17,20,37Cl,,,,,,,,2.10E+3,6.40E-2,-7.84E+3,1.09,8.13E+2,5.46E-1
17,21,38Cl,,,,,,,,9.82E+2,8.69E-1,-7.67E+3,8.16E-1,1.27E+1,4.14E-1
17,21,38Cl,,,,,,,,9.82E+2,8.69E-1,-7.67E+3,8.16E-1,1.27E+1,4.14E-1
17,22,39Cl,,,,,,,,1.12E+3,1.60E+1,-7.36E+3,2.54,-9.16E+2,1.55
17,23,40Cl,,,,,,,,9.95E+2,4.11E+1,-9.73E+3,3.46E+1,-4.58E+2,2.36E+1
17,35,52Cl,,,,,,,,,,,,,
17,31,48Cl,,,,,,,,1.60E+2,4.03E+2,-1.78E+4,6.40E+2,1.26E+3,4.06E+2
17,32,49Cl,,,,,,,,9.98E+2,4.17E+2,-1.76E+4,6.40E+2,1.09E+3,3.81E+2
17,33,50Cl,,,,,,,,1.97E+2,4.95E+2,-1.75E+4,6.40E+2,1.14E+3,4.26E+2
17,34,51Cl,,,,,,,,7.19E+2,6.39E+2,-1.69E+4,9.22E+2,3.50E+2,6.30E+2
17,30,47Cl,,,,,,,,5.74E+2,2.78E+2,-1.70E+4,3.61E+2,8.43E+2,2.06E+2
17,17,34Cl,,,,,,,,5.68E+2,1.98E-1,-6.66E+3,8.14E-2,-6.07E+1,1.08E-1
17,17,34Cl,,,,,,,,5.68E+2,1.98E-1,-6.66E+3,8.14E-2,-6.07E+1,1.08E-1
17,18,35Cl,,,,,,,,2.03E+3,3.87E-2,-6.99E+3,3.54E-2,-1.10E+2,2.52E-2
17,19,36Cl,,,,,,,,8.65E+2,4.03E-2,-7.64E+3,5.37E-2,6.01E+2,4.27E-2
17,13,30Cl,,,,,,,,1.17E+3,1.02E+2,-8.72E+3,1.97E+2,2.01E+2,1.39E+2
17,14,31Cl,,,,,,,,2.70E+3,1.21E+1,-8.80E+3,9.63,1.11E+3,5.12
17,15,32Cl,,,,,,,,6.84E+2,1.77,-8.61E+3,1.25,1.05E+3,6.97E-1
17,16,33Cl,,,,,,,,2.11E+3,3.94E-1,-6.47E+3,5.30E-1,1.26E+2,3.32E-1
17,11,28Cl,,,,,,,,,,-8.17E+3,7.07E+2,-2.65E+2,4.76E+2
17,12,29Cl,,,,,,,,2.44E+3,2.90E+2,-8.59E+3,4.42E+2,-1.57E+2,2.60E+2
18,36,54Ar,,,,,,,,,,,,,
18,32,50Ar,,,,,,,,1.45E+3,4.52E+2,-1.62E+4,6.40E+2,9.70E+2,4.07E+2
18,33,51Ar,,,,,,,,8.30E+2,4.93E+2,-1.61E+4,5.65E+2,7.64E+2,3.55E+2
18,34,52Ar,,,,,,,,1.55E+3,5.95E+2,-1.61E+4,7.81E+2,8.19E+2,5.08E+2
18,35,53Ar,,,,,,,,1.22E+3,7.06E+2,-1.60E+4,9.10E+2,1.25E+2,6.07E+2
18,30,48Ar,,,,,,,,1.14E+3,1.96E+2,-1.55E+4,1.75E+1,6.19E+2,1.21E+1
18,31,49Ar,,,,,,,,7.29E+2,3.73E+2,-1.61E+4,5.00E+2,6.96E+2,3.20E+2
18,18,36Ar,,,,,,,,3.23E+3,3.55E-1,-6.64E+3,2.70E-2,-1.99E+2,2.16E-2
18,19,37Ar,,,,,,,,1.52E+3,1.76E-1,-6.78E+3,2.06E-1,8.57E+1,1.61E-1
18,14,32Ar,,,,,,,,3.16E+3,9.30E+1,-8.69E+3,1.60E+2,1.01E+3,8.24E+1
18,15,33Ar,,,,,,,,9.05E+2,9.29E-1,-8.71E+3,1.30E+1,1.26E+3,6.53
18,16,34Ar,,,,,,,,2.16E+3,3.97E-1,-6.74E+3,2.20E-1,3.19E+2,1.51E-1
18,17,35Ar,,,,,,,,1.25E+3,4.81E-1,-6.42E+3,7.17E-1,-1.15E+2,5.77E-1
18,11,29Ar,,,,,,,,,,,,,
18,12,30Ar,,,,,,,,2.57E+3,2.68E+2,-8.03E+3,6.26E+2,-7.86E+2,3.58E+2
18,13,31Ar,,,,,,,,1.37E+3,1.59E+2,-8.59E+3,4.47E+2,1.50E+1,2.64E+2
18,29,47Ar,,,,,,,,6.95E+2,8.50,-1.55E+4,5.11,1.10E+3,2.64
18,25,43Ar,,,,,,,,1.53E+3,4.80,-1.12E+4,5.02E+1,-7.43E+2,2.53E+1
18,26,44Ar,,,,,,,,1.78E+3,2.89,-1.22E+4,4.28,-8.58E+2,2.28
18,27,45Ar,,,,,,,,1.45E+3,1.45,-1.31E+4,4.13,-3.83E+2,2.08
18,28,46Ar,,,,,,,,2.20E+3,1.77,-1.45E+4,3.63,1.15E+3,2.30
18,21,39Ar,,,,,,,,1.63E+3,3.53,-6.82E+3,5.00,-3.85E+2,3.53
18,22,40Ar,,,,,,,,1.88E+3,2.50,-6.80E+3,1.88E-1,-1.02E+3,1.87E-1
18,23,41Ar,,,,,,,,1.66E+3,2.89,-8.59E+3,3.99E-1,-7.86E+2,3.21E-1
18,24,42Ar,,,,,,,,1.88E+3,4.87,-9.98E+3,9.20,-5.77E+2,5.54
18,20,38Ar,,,,,,,,2.61E+3,2.50,-7.20E+3,2.00E-1,4.75E+2,1.58E-1
19,40,59K,,,,,,,,,,,,,
19,27,46K,,,,,,,,7.49E+2,9.05E-1,-1.30E+4,5.96E+1,7.29E+2,2.98E+1
19,26,45K,,,,,,,,1.01E+3,5.58E-1,-1.17E+4,6.87E+1,-3.19E+2,3.43E+1
19,29,48K,,,,,,,,3.77E+2,9.73E-1,-1.42E+4,8.55E+1,1.78E+3,4.28E+1
19,28,47K,,,,,,,,1.86E+3,1.12,-1.39E+4,6.18E+1,2.00E+3,3.09E+1
19,23,42K,,,,,,,,1.04E+3,2.17E-1,-7.64E+3,1.44E-1,-7.57E+2,3.47E-1
19,22,41K,,,,,,,,1.28E+3,6.01E-2,-6.22E+3,5.19E-2,-8.57E+2,3.32E-1
19,25,44K,,,,,,,,8.14E+2,4.44E-1,-1.06E+4,3.20E+1,-2.49E+2,1.62E+1
19,24,43K,,,,,,,,1.17E+3,3.60E-1,-9.20E+3,1.77,-4.93E+2,1.32
19,21,40K,,,,,,,,1.14E+3,4.04E-2,-6.43E+3,6.65E-2,-1.33E+2,8.78E-1
19,20,39K,,,,,,,,2.63E+3,1.01E-1,-7.21E+3,3.58E-2,1.20E+3,9.31E-1
19,38,57K,,,,,,,,8.54E+2,6.42E+2,,,,
19,37,56K,,,,,,,,6.97E+2,5.90E+2,-1.68E+4,9.22E+2,9.24E+2,6.04E+2
19,34,53K,,,,,,,,1.16E+3,2.05E+2,-1.54E+4,4.15E+2,1.97E+3,2.32E+2
19,33,52K,,,,,,,,2.67E+2,6.10E+1,-1.52E+4,5.01E+2,2.23E+3,2.82E+2
19,36,55K,,,,,,,,9.39E+2,5.03E+2,-1.62E+4,8.60E+2,1.26E+3,5.12E+2
19,35,54K,,,,,,,,7.71E+2,3.68E+2,-1.52E+4,5.65E+2,1.26E+3,3.58E+2
19,30,49K,,,,,,,,6.05E+2,3.92,-1.37E+4,1.36E+2,1.09E+3,6.86E+1
19,32,51K,,,,,,,,1.08E+3,1.95E+1,-1.53E+4,2.01E+2,2.30E+3,1.05E+2
19,31,50K,,,,,,,,3.35E+2,8.51,-1.44E+4,9.75E+1,1.64E+3,4.94E+1
19,19,38K,,,,,,,,5.02E+2,1.44E-1,-6.78E+3,2.01E-1,5.20E+2,1.59E-1
19,19,38K,,,,,,,,5.02E+2,1.44E-1,-6.78E+3,2.01E-1,5.20E+2,1.59E-1
19,16,35K,,,,,,,,1.85E+3,1.02E+2,-6.56E+3,3.48,5.69E+2,1.21E+1
19,18,37K,,,,,,,,1.69E+3,1.99E-1,-6.22E+3,4.01E-1,-2.26E+1,2.09E-1
19,17,36K,,,,,,,,5.69E+2,3.46E-1,-6.50E+3,6.06E-1,4.88E+2,1.45
19,12,31K,,,,,,,,,,,,,
20,39,59Ca,,,,,,,,1.05E+3,6.09E+2,,,,
20,38,58Ca,,,,,,,,1.14E+3,5.12E+2,-1.65E+4,9.44E+2,1.71E+3,5.70E+2
20,37,57Ca,,,,,,,,9.56E+2,4.04E+2,-1.57E+4,8.05E+2,1.77E+3,4.73E+2
20,36,56Ca,,,,,,,,9.02E+2,2.78E+2,-1.45E+4,6.50E+2,1.77E+3,3.68E+2
20,35,55Ca,,,,,,,,6.85E+2,1.70E+2,-1.45E+4,4.31E+2,2.46E+3,2.74E+2
20,34,54Ca,,,,,,,,1.14E+3,8.98E+1,-1.43E+4,5.03E+2,3.08E+3,2.68E+2
20,33,53Ca,,,,,,,,3.25E+2,3.93E+1,-1.47E+4,4.02E+2,3.65E+3,2.26E+2
20,32,52Ca,,,,,,,,1.40E+3,2.18E+1,-1.43E+4,1.67E+1,3.37E+3,5.07E+1
20,31,51Ca,,,,,,,,5.95E+2,9.35E-1,-1.33E+4,1.31,2.73E+3,1.44E+1
20,30,50Ca,,,,,,,,7.73E+2,1.15,-1.22E+4,2.81,1.83E+3,8.08
20,40,60Ca,,,,,,,,1.39E+3,7.09E+2,,,,
20,19,39Ca,,,,,,,,1.16E+3,4.33E-1,-6.66E+3,9.04E-1,1.10E+3,2.91
20,18,38Ca,,,,,,,,1.84E+3,4.55E-1,-6.10E+3,2.09E-1,3.17E+2,1.96E-1
20,17,37Ca,,,,,,,,1.11E+3,2.00E+1,-6.17E+3,7.50E-1,5.95E+2,1.39E+1
20,16,36Ca,,,,,,,,2.47E+3,1.08E+2,-6.67E+3,4.00E+1,8.54E+2,4.43E+1
20,15,35Ca,,,,,,,,9.66E+2,2.14E+2,-8.56E+3,2.83E+2,1.72E+3,2.00E+2
20,29,49Ca,,,,,,,,6.07E+2,8.02E-1,-1.39E+4,5.42E-1,2.97E+3,1.47
20,28,48Ca,,,,,,,,2.40E+3,1.11,-1.39E+4,1.58,3.14E+3,1.58
20,27,47Ca,,,,,,,,1.33E+3,1.92,-1.27E+4,5.75,1.47E+3,3.09
20,26,46Ca,,,,,,,,1.56E+3,1.94,-1.11E+4,6.19,2.12E+2,3.29
20,25,45Ca,,,,,,,,1.49E+3,1.15,-1.01E+4,5.04E-1,-3.53,3.13E-1
20,24,44Ca,,,,,,,,1.85E+3,3.14E-1,-8.85E+3,3.24E-1,-2.97E+2,2.32E-1
20,23,43Ca,,,,,,,,1.59E+3,2.40E-1,-7.59E+3,5.00,-6.81E+2,2.50
20,22,42Ca,,,,,,,,1.77E+3,1.69E-1,-6.25E+3,2.45E-1,-8.74E+2,1.50E-1
20,21,41Ca,,,,,,,,1.55E+3,1.23E-1,-6.61E+3,2.48E-1,1.58E+2,4.40E-1
20,20,40Ca,,,,,,,,3.63E+3,3.06E-1,-7.03E+3,3.39E-2,9.56E+2,3.50E-1
21,29,50Sc,,,,,,,,3.69E+2,2.45,-1.15E+4,2.61,1.88E+3,5.87
21,29,50Sc,,,,,,,,3.69E+2,2.45,-1.15E+4,2.61,1.88E+3,5.87
21,28,49Sc,,,,,,,,2.04E+3,3.20,-1.23E+4,2.32,2.32E+3,2.24
21,27,48Sc,,,,,,,,9.45E+2,3.80,-1.11E+4,4.96,8.91E+2,3.50
21,26,47Sc,,,,,,,,1.20E+3,2.84,-1.01E+4,1.97,-5.24E+1,1.38
21,25,46Sc,,,,,,,,9.42E+2,1.12,-9.16E+3,6.79E-1,-3.60E+2,4.77E-1
21,25,46Sc,,,,,,,,9.42E+2,1.12,-9.16E+3,6.79E-1,-3.60E+2,4.77E-1
21,24,45Sc,,,,,,,,1.28E+3,1.04,-7.93E+3,6.63E-1,-6.88E+2,6.22E-1
21,24,45Sc,,,,,,,,1.28E+3,1.04,-7.93E+3,6.63E-1,-6.88E+2,6.22E-1
21,23,44Sc,,,,,,,,8.14E+2,1.58,-6.70E+3,1.75,-1.19E+3,1.33
21,23,44Sc,,,,,,,,8.14E+2,1.58,-6.70E+3,1.75,-1.19E+3,1.33
21,22,43Sc,,,,,,,,1.21E+3,1.58,-4.80E+3,1.86,-1.71E+3,1.31
21,21,42Sc,,,,,,,,2.94E+2,9.38E-1,-5.74E+3,2.48E-1,-8.17E+2,1.60E-1
21,21,42Sc,,,,,,,,2.94E+2,9.38E-1,-5.74E+3,2.48E-1,-8.17E+2,1.60E-1
21,20,41Sc,,,,,,,,2.32E+3,1.41,-6.26E+3,1.21E-1,2.99E+2,4.37E-1
21,39,60Sc,,,,,,,,6.41E+2,4.73E+2,-1.49E+4,7.81E+2,3.80E+2,5.04E+2
21,38,59Sc,,,,,,,,8.24E+2,3.12E+2,-1.37E+4,5.59E+2,1.94E+2,3.50E+2
21,37,58Sc,,,,,,,,6.25E+2,2.04E+2,-1.27E+4,4.42E+2,2.97E+2,2.74E+2
21,36,57Sc,,,,,,,,8.81E+2,2.05E+2,-1.15E+4,2.11E+2,1.43E+2,1.81E+2
21,35,56Sc,,,,,,,,5.95E+2,2.06E+2,-1.08E+4,2.61E+2,4.03E+2,2.05E+2
21,34,55Sc,,,,,,,,8.65E+2,1.37E+2,-1.07E+4,6.37E+1,7.79E+2,8.19E+1
21,33,54Sc,,,,,,,,3.67E+2,3.39E+1,-1.11E+4,1.59E+1,1.35E+3,4.90E+1
21,32,53Sc,,,,,,,,1.28E+3,1.44E+1,-1.15E+4,1.77E+1,1.74E+3,4.41E+1
21,31,52Sc,,,,,,,,4.86E+2,9.19,-1.06E+4,3.16,1.28E+3,8.79E+1
21,30,51Sc,,,,,,,,7.20E+2,2.66,-9.96E+3,2.87,8.31E+2,1.36E+1
21,19,40Sc,,,,,,,,8.84E+2,1.21E+1,-5.53E+3,2.84,-8.92E+1,4.14
21,18,39Sc,,,,,,,,1.78E+3,9.65E+1,-5.42E+3,2.40E+1,-3.71E+2,2.73E+1
21,41,62Sc,,,,,,,,5.55E+2,6.36E+2,-1.70E+4,9.22E+2,5.05E+2,6.04E+2
21,40,61Sc,,,,,,,,9.16E+2,5.82E+2,-1.60E+4,8.48E+2,5.10E+2,5.76E+2
22,39,61Ti,,,,,,,,7.35E+2,3.09E+2,-1.22E+4,5.00E+2,-1.06E+3,3.08E+2
22,38,60Ti,,,,,,,,9.67E+2,2.71E+2,-1.10E+4,3.46E+2,-1.47E+3,2.58E+2
22,37,59Ti,,,,,,,,6.42E+2,2.57E+2,-9.65E+3,3.40E+2,-1.53E+3,2.29E+2
22,36,58Ti,,,,,,,,7.83E+2,2.21E+2,-8.18E+3,1.89E+2,-2.08E+3,1.31E+2
22,35,57Ti,,,,,,,,7.68E+2,1.79E+2,-7.43E+3,2.10E+2,-1.54E+3,1.47E+2
22,34,56Ti,,,,,,,,1.30E+3,1.25E+2,-7.58E+3,1.00E+2,-1.16E+3,7.08E+1
22,33,55Ti,,,,,,,,7.50E+2,5.46E+1,-7.92E+3,2.88E+1,-3.91E+2,2.04E+1
22,32,54Ti,,,,,,,,1.38E+3,1.83E+1,-8.57E+3,1.59E+1,-4.67E+1,1.13E+1
22,31,53Ti,,,,,,,,7.29E+2,8.29,-8.00E+3,2.89,-3.10E+1,2.24
22,30,52Ti,,,,,,,,1.17E+3,2.43,-7.67E+3,2.74,-2.77E+2,1.96
22,42,64Ti,,,,,,,,1.20E+3,5.97E+2,-1.49E+4,9.22E+2,-8.65E+2,6.04E+2
22,41,63Ti,,,,,,,,9.89E+2,4.94E+2,-1.40E+4,7.81E+2,-8.70E+2,5.04E+2
22,40,62Ti,,,,,,,,1.04E+3,3.94E+2,-1.30E+4,6.40E+2,-1.13E+3,4.06E+2
22,19,41Ti,,,,,,,,1.35E+3,3.94E+1,-4.98E+3,2.79E+1,-6.27E+2,2.65E+1
22,18,40Ti,,,,,,,,2.39E+3,1.09E+2,-4.96E+3,7.91E+1,-9.43E+2,5.81E+1
22,17,39Ti,,,,,,,,1.30E+3,2.08E+2,-5.11E+3,2.83E+2,-8.90E+2,2.00E+2
22,29,51Ti,,,,,,,,7.21E+2,1.41,-9.81E+3,2.27,1.00E+3,1.16
22,28,50Ti,,,,,,,,2.28E+3,2.52E-1,-1.07E+4,2.23,1.39E+3,1.11
22,27,49Ti,,,,,,,,1.39E+3,7.97E-2,-1.01E+4,3.73E-1,5.14E+2,1.91E-1
22,26,48Ti,,,,,,,,1.74E+3,7.79E-2,-9.44E+3,3.32E-1,4.88E+1,1.71E-1
22,25,47Ti,,,,,,,,1.37E+3,8.23E-2,-8.95E+3,2.40E-1,7.81,1.42E-1
22,24,46Ti,,,,,,,,2.15E+3,4.25E-1,-8.00E+3,1.73E-1,-2.76E+2,9.51E-2
22,23,45Ti,,,,,,,,1.82E+3,6.89E-1,-6.29E+3,8.44E-1,-1.22E+3,1.25
22,22,44Ti,,,,,,,,3.38E+3,2.93,-5.12E+3,7.00E-1,-1.28E+3,3.68
22,21,43Ti,,,,,,,,2.01E+3,4.06,-4.45E+3,5.74,-1.60E+3,4.81
22,20,42Ti,,,,,,,,2.59E+3,1.42E+1,-5.47E+3,3.32E-1,-6.60E+2,5.73
23,41,64V,,,,,,,,6.22E+2,4.12E+2,-1.41E+4,6.40E+2,-4.15E+2,4.06E+2
23,42,65V,,,,,,,,8.23E+2,4.91E+2,-1.50E+4,7.81E+2,-3.19E+2,5.04E+2
23,43,66V,,,,,,,,6.50E+2,5.45E+2,-1.60E+4,7.81E+2,-2.70E+2,5.26E+2
23,44,67V,,,,,,,,,,-1.72E+4,9.22E+2,-3.15E+1,6.04E+2
23,40,63V,,,,,,,,9.78E+2,3.34E+2,-1.33E+4,4.21E+2,-4.64E+2,2.88E+2
23,27,50V,,,,,,,,8.59E+2,4.19E-1,-9.88E+3,6.70E-1,5.63E+2,6.04E-1
23,28,51V,,,,,,,,1.86E+3,1.15E-1,-1.02E+4,1.93,1.17E+3,9.74E-1
23,29,52V,,,,,,,,5.84E+2,1.55,-9.36E+3,4.95,7.35E+2,2.48
23,20,43V,,,,,,,,2.20E+3,1.09E+2,-6.16E+3,4.91E+1,-4.53E+2,3.62E+1
23,21,44V,,,,,,,,1.09E+3,2.20E+1,-5.70E+3,7.79,-1.10E+3,6.29
23,21,44V,,,,,,,,1.09E+3,2.20E+1,-5.70E+3,7.79,-1.10E+3,6.29
23,22,45V,,,,,,,,1.44E+3,3.68,-5.66E+3,8.66E-1,-1.24E+3,1.26
23,23,46V,,,,,,,,-1.29E+2,4.45E-1,-7.37E+3,2.03E-1,-2.98E+2,1.24E-1
23,24,47V,,,,,,,,1.23E+3,4.95E-1,-8.24E+3,1.86,-2.08E+2,9.45E-1
23,25,48V,,,,,,,,5.06E+2,8.01E-1,-9.08E+3,2.00,2.14E+2,1.11
23,26,49V,,,,,,,,1.11E+3,7.59E-1,-9.31E+3,1.05,8.08E+1,6.88E-1
23,38,61V,,,,,,,,1.02E+3,2.30E+2,-1.12E+4,2.95E+2,-9.96E+2,1.88E+2
23,39,62V,,,,,,,,7.45E+2,2.78E+2,-1.21E+4,3.25E+2,-9.01E+2,2.09E+2
23,30,53V,,,,,,,,1.18E+3,6.00,-7.71E+3,3.84,-1.72E+2,2.58
23,31,54V,,,,,,,,5.90E+2,1.57E+1,-7.78E+3,1.14E+1,-2.84E+2,8.11
23,32,55V,,,,,,,,1.08E+3,9.01E+1,-8.29E+3,2.71E+1,-2.62E+2,1.91E+1
23,33,56V,,,,,,,,5.96E+2,1.32E+2,-8.08E+3,1.75E+2,-5.62E+2,1.24E+2
23,34,57V,,,,,,,,1.12E+3,1.16E+2,-8.09E+3,8.65E+1,-8.20E+2,6.05E+1
23,35,58V,,,,,,,,5.92E+2,1.05E+2,-8.41E+3,9.68E+1,-1.05E+3,6.81E+1
23,36,59V,,,,,,,,8.51E+2,1.41E+2,-9.19E+3,1.50E+2,-1.25E+3,1.02E+2
23,37,60V,,,,,,,,8.06E+2,1.87E+2,-9.99E+3,3.17E+2,-1.16E+3,1.82E+2
23,37,60V,,,,,,,,8.06E+2,1.87E+2,-9.99E+3,3.17E+2,-1.16E+3,1.82E+2
23,19,42V,,,,,,,,1.19E+3,1.81E+2,-5.79E+3,2.80E+2,-7.14E+2,1.76E+2
24,39,63Cr,,,,,,,,1.06E+3,1.58E+2,-1.27E+4,3.09E+2,3.84E+2,1.58E+2
24,31,55Cr,,,,,,,,9.99E+2,3.38E-1,-7.80E+3,5.24E-1,-8.86E+1,3.24E-1
24,32,56Cr,,,,,,,,1.46E+3,1.02,-8.23E+3,2.80,-1.60E+2,2.21
24,33,57Cr,,,,,,,,1.11E+3,2.01,-8.06E+3,3.43,-3.75E+2,2.34
24,34,58Cr,,,,,,,,1.67E+3,2.32,-8.67E+3,1.61E+1,-3.19E+2,8.31
24,35,59Cr,,,,,,,,1.33E+3,1.66,-8.70E+3,2.88E+1,-6.18E+2,1.46E+1
24,36,60Cr,,,,,,,,1.60E+3,1.26,-9.91E+3,1.00E+2,-2.87E+2,5.01E+1
24,37,61Cr,,,,,,,,1.38E+3,2.23,-1.05E+4,2.05E+2,-3.13E+2,1.02E+2
24,38,62Cr,,,,,,,,1.51E+3,3.64E+1,-1.23E+4,1.83E+2,3.59E+2,9.17E+1
24,30,54Cr,,,,,,,,1.73E+3,1.60E-1,-7.92E+3,1.10E-1,1.41E+2,1.70E-1
24,42,66Cr,,,,,,,,1.35E+3,3.23E+2,-1.53E+4,5.00E+2,5.95E+2,3.27E+2
24,43,67Cr,,,,,,,,1.13E+3,4.05E+2,-1.58E+4,6.40E+2,3.75E+2,4.26E+2
24,44,68Cr,,,,,,,,1.22E+3,4.60E+2,-1.66E+4,7.81E+2,3.25E+2,5.26E+2
24,45,69Cr,,,,,,,,1.03E+3,5.22E+2,-1.72E+4,8.60E+2,2.40E+2,5.56E+2
24,46,70Cr,,,,,,,,,,,,,
24,40,64Cr,,,,,,,,1.39E+3,2.36E+2,-1.39E+4,3.84E+2,6.41E+2,2.61E+2
24,41,65Cr,,,,,,,,1.08E+3,2.62E+2,-1.43E+4,3.61E+2,5.25E+2,2.29E+2
24,18,42Cr,,,,,,,,2.15E+3,3.11E+2,-6.73E+3,4.24E+2,-7.70E+2,2.99E+2
24,19,43Cr,,,,,,,,1.22E+3,2.13E+2,-6.89E+3,2.83E+2,-3.44E+2,3.04E+2
24,28,52Cr,,,,,,,,2.05E+3,1.30E-1,-9.35E+3,7.93E-2,8.69E+2,1.43E-1
24,29,53Cr,,,,,,,,8.89E+2,1.20E-1,-9.14E+3,8.71E-2,9.14E+2,1.44E-1
24,20,44Cr,,,,,,,,2.68E+3,1.14E+2,-6.85E+3,8.53E+1,-7.91E+1,6.78E+1
24,21,45Cr,,,,,,,,1.93E+3,3.62E+1,-6.24E+3,4.50E+1,-7.09E+2,3.11E+1
24,22,46Cr,,,,,,,,2.43E+3,1.96E+1,-6.79E+3,1.14E+1,-3.18E+2,9.11
24,23,47Cr,,,,,,,,1.58E+3,7.72,-7.67E+3,7.72,-1.89E+2,4.70
24,24,48Cr,,,,,,,,2.87E+3,5.88,-7.69E+3,7.34,-1.19E+2,5.18
24,25,49Cr,,,,,,,,1.20E+3,3.97,-8.74E+3,2.35,3.53E+2,1.81
24,26,50Cr,,,,,,,,1.86E+3,1.10,-8.55E+3,7.79E-2,6.99E+1,1.76E-1
24,27,51Cr,,,,,,,,1.38E+3,1.40E-1,-8.93E+3,1.53E-1,2.41E+2,1.86E-1
25,44,69Mn,,,,,,,,6.49E+2,4.05E+2,-1.56E+4,6.40E+2,3.19E+2,4.06E+2
25,43,68Mn,,,,,,,,5.49E+2,2.99E+2,-1.50E+4,5.00E+2,6.10E+2,3.27E+2
25,46,71Mn,,,,,,,,8.10E+2,5.16E+2,-1.73E+4,7.81E+2,4.67E+2,5.04E+2
25,45,70Mn,,,,,,,,5.32E+2,4.73E+2,-1.65E+4,7.07E+2,5.30E+2,4.76E+2
25,48,73Mn,,,,,,,,,,,,,
25,47,72Mn,,,,,,,,4.72E+2,5.59E+2,,,,
25,40,65Mn,,,,,,,,1.09E+3,6.42,-1.32E+4,2.34E+2,6.86E+2,1.25E+2
25,42,67Mn,,,,,,,,7.71E+2,1.96E+2,-1.42E+4,3.95E+2,5.25E+2,3.20E+2
25,41,66Mn,,,,,,,,5.36E+2,1.00E+2,-1.39E+4,2.64E+2,8.81E+2,1.32E+2
25,29,54Mn,,,,,,,,6.43E+2,7.42E-1,-8.75E+3,1.00,1.02E+3,9.14E-1
25,22,47Mn,,,,,,,,1.70E+3,4.88E+1,-7.07E+3,5.32E+1,-6.28E+1,3.93E+1
25,21,46Mn,,,,,,,,1.34E+3,1.69E+2,-7.22E+3,2.14E+2,-1.86E+2,1.31E+2
25,24,49Mn,,,,,,,,1.65E+3,3.69,-8.15E+3,2.37,3.47E+2,1.83
25,23,48Mn,,,,,,,,7.96E+2,1.65E+1,-7.91E+3,9.88,2.20E+2,6.52
25,26,51Mn,,,,,,,,1.57E+3,2.33E-1,-8.66E+3,3.06E-1,2.24E+2,2.87E-1
25,25,50Mn,,,,,,,,3.04E+2,1.12,-7.97E+3,1.42E-1,8.39E+1,1.93E-1
25,25,50Mn,,,,,,,,3.04E+2,1.12,-7.97E+3,1.42E-1,8.39E+1,1.93E-1
25,28,53Mn,,,,,,,,1.55E+3,5.61E-1,-9.15E+3,8.87E-1,1.03E+3,5.34E-1
25,27,52Mn,,,,,,,,7.55E+2,2.48E-1,-8.65E+3,9.74E-1,4.52E+2,5.44E-1
25,27,52Mn,,,,,,,,7.55E+2,2.48E-1,-8.65E+3,9.74E-1,4.52E+2,5.44E-1
25,33,58Mn,,,,,,,,6.78E+2,2.36,-8.35E+3,1.15E+1,1.66E+2,1.10E+1
25,33,58Mn,,,,,,,,6.78E+2,2.36,-8.35E+3,1.15E+1,1.66E+2,1.10E+1
25,32,57Mn,,,,,,,,1.11E+3,1.72,-8.05E+3,3.44,1.11E+2,1.92
25,35,60Mn,,,,,,,,6.65E+2,2.32,-9.20E+3,1.75E+2,-1.99E+1,8.85E+1
25,35,60Mn,,,,,,,,6.65E+2,2.32,-9.20E+3,1.75E+2,-1.99E+1,8.85E+1
25,34,59Mn,,,,,,,,1.12E+3,2.42,-8.82E+3,2.71E+1,3.69E+1,1.64E+1
25,37,62Mn,,,,,,,,7.90E+2,5.12,-1.05E+4,9.60E+1,1.04E+2,4.86E+1
25,37,62Mn,,,,,,,,7.90E+2,5.12,-1.05E+4,9.60E+1,1.04E+2,4.86E+1
25,36,61Mn,,,,,,,,9.96E+2,3.84,-9.73E+3,8.47E+1,-6.80E+1,4.24E+1
25,39,64Mn,,,,,,,,9.38E+2,3.63,-1.23E+4,1.81E+2,6.24E+2,9.10E+1
25,38,63Mn,,,,,,,,1.13E+3,4.55,-1.17E+4,1.37E+2,4.20E+2,6.88E+1
25,31,56Mn,,,,,,,,6.87E+2,7.90E-1,-7.89E+3,3.22E-1,3.64E+2,2.47E-1
25,30,55Mn,,,,,,,,1.47E+3,5.53E-1,-7.93E+3,2.65E-1,4.96E+2,2.16E-1
25,19,44Mn,,,,,,,,1.27E+3,3.31E+2,-7.43E+3,4.24E+2,-3.60E+2,3.60E+2
26,34,60Fe,,,,,,,,1.62E+3,2.74,-8.55E+3,3.43,2.21E+2,2.42
26,33,59Fe,,,,,,,,1.11E+3,1.72,-7.97E+3,3.84E-1,3.53E+2,2.88E-1
26,36,62Fe,,,,,,,,1.59E+3,3.20,-9.31E+3,4.08,-1.20E+2,2.57
26,35,61Fe,,,,,,,,1.22E+3,2.87,-8.82E+3,3.20,9.51E+1,2.08
26,38,64Fe,,,,,,,,1.54E+3,4.87,-1.04E+4,5.14,-2.16E+2,3.88
26,37,63Fe,,,,,,,,1.28E+3,4.18,-9.94E+3,4.35,-2.93E+2,3.38
26,39,65Fe,,,,,,,,1.30E+3,4.85,-1.11E+4,5.44,-1.96E+1,4.17
26,39,65Fe,,,,,,,,1.30E+3,4.85,-1.11E+4,5.44,-1.96E+1,4.17
26,30,56Fe,,,,,,,,1.77E+3,2.78E-1,-7.61E+3,2.75E-1,6.60E+2,1.88E-1
26,32,58Fe,,,,,,,,1.73E+3,3.10E-1,-7.64E+3,3.21E-1,3.14E+2,2.62E-1
26,31,57Fe,,,,,,,,1.19E+3,2.81E-1,-7.31E+3,2.75E-1,4.27E+2,1.89E-1
26,45,71Fe,,,,,,,,1.11E+3,4.16E+2,-1.50E+4,5.65E+2,1.74E+2,3.60E+2
26,44,70Fe,,,,,,,,1.31E+3,3.08E+2,-1.41E+4,4.24E+2,-3.00E+1,2.78E+2
26,47,73Fe,,,,,,,,9.99E+2,5.11E+2,-1.67E+4,7.07E+2,5.00E+2,4.76E+2
26,46,72Fe,,,,,,,,1.28E+3,4.87E+2,-1.59E+4,7.07E+2,3.10E+2,4.58E+2
26,49,75Fe,,,,,,,,9.46E+2,5.82E+2,,,,
26,48,74Fe,,,,,,,,1.35E+3,5.37E+2,-1.74E+4,7.81E+2,3.99E+2,5.04E+2
26,41,67Fe,,,,,,,,1.28E+3,1.02E+2,-1.19E+4,7.27E+1,-8.38E+1,3.64E+1
26,40,66Fe,,,,,,,,1.60E+3,4.30,-1.16E+4,5.35,3.46E+1,3.53
26,43,69Fe,,,,,,,,1.18E+3,2.26E+2,-1.33E+4,2.83E+2,-1.00E+1,1.73E+2
26,42,68Fe,,,,,,,,1.44E+3,1.77E+2,-1.26E+4,3.56E+2,-3.60E+1,2.02E+2
26,19,45Fe,,,,,,,,,,-8.42E+3,4.90E+2,6.20E+1,4.12E+2
26,23,49Fe,,,,,,,,1.49E+3,4.93E+1,-7.66E+3,4.28E+1,1.77E+2,2.76E+1
26,22,48Fe,,,,,,,,2.07E+3,2.66E+2,-7.01E+3,1.05E+2,1.76E+1,8.14E+1
26,25,51Fe,,,,,,,,1.21E+3,4.30,-8.05E+3,5.38,2.39E+2,2.80
26,24,50Fe,,,,,,,,2.00E+3,1.35E+1,-7.42E+3,1.41E+1,1.01E+2,8.56
26,27,53Fe,,,,,,,,1.34E+3,1.19,-8.04E+3,2.76,2.39E+2,1.62
26,27,53Fe,,,,,,,,1.34E+3,1.19,-8.04E+3,2.76,2.39E+2,1.62
26,26,52Fe,,,,,,,,2.76E+3,1.09,-7.93E+3,7.31,-3.23E+1,3.66
26,26,52Fe,,,,,,,,2.76E+3,1.09,-7.93E+3,7.31,-3.23E+1,3.66
26,29,55Fe,,,,,,,,9.49E+2,3.08E-1,-8.45E+3,3.40E-1,1.17E+3,2.35E-1
26,28,54Fe,,,,,,,,2.04E+3,8.83E-1,-8.41E+3,3.45E-1,1.00E+3,2.46E-1
26,21,47Fe,,,,,,,,1.28E+3,4.02E+2,-7.58E+3,5.39E+2,3.19E+2,4.44E+2
26,20,46Fe,,,,,,,,2.44E+3,3.69E+2,-8.27E+3,4.24E+2,5.90E+2,3.60E+2
26,50,76Fe,,,,,,,,,,,,,
27,47,74Co,,,,,,,,7.24E+2,3.53E+2,-1.55E+4,6.40E+2,9.20E+2,3.77E+2
27,48,75Co,,,,,,,,9.54E+2,4.18E+2,-1.63E+4,6.40E+2,1.04E+3,3.80E+2
27,45,72Co,,,,,,,,8.42E+2,3.41E+2,-1.38E+4,4.24E+2,3.49E+2,2.59E+2
27,45,72Co,,,,,,,,8.42E+2,3.41E+2,-1.38E+4,4.24E+2,3.49E+2,2.59E+2
27,45,72Co,,,,,,,,8.42E+2,3.41E+2,-1.38E+4,4.24E+2,3.49E+2,2.59E+2
27,46,73Co,,,,,,,,1.03E+3,3.12E+2,-1.50E+4,5.00E+2,8.58E+2,2.91E+2
27,49,76Co,,,,,,,,5.88E+2,5.21E+2,-1.69E+4,7.81E+2,1.73E+3,4.87E+2
27,49,76Co,,,,,,,,5.88E+2,5.21E+2,-1.69E+4,7.81E+2,1.73E+3,4.87E+2
27,40,67Co,,,,,,,,1.29E+3,8.56,-1.08E+4,7.44,5.22E+2,4.97
27,40,67Co,,,,,,,,1.29E+3,8.56,-1.08E+4,7.44,5.22E+2,4.97
27,43,70Co,,,,,,,,8.52E+2,2.36E+2,-1.21E+4,1.56E+1,1.46E+2,1.00E+1
27,43,70Co,,,,,,,,8.52E+2,2.36E+2,-1.21E+4,1.56E+1,1.46E+2,1.00E+1
27,44,71Co,,,,,,,,9.45E+2,3.59E+2,-1.32E+4,5.06E+2,3.44E+2,3.43E+2
27,41,68Co,,,,,,,,1.21E+3,4.30E+1,-1.10E+4,5.23,2.56E+2,3.32
27,41,68Co,,,,,,,,1.21E+3,4.30E+1,-1.10E+4,5.23,2.56E+2,3.32
27,42,69Co,,,,,,,,1.30E+3,6.08E+1,-1.18E+4,8.57E+1,4.08E+2,6.06E+1
27,42,69Co,,,,,,,,1.30E+3,6.08E+1,-1.18E+4,8.57E+1,4.08E+2,6.06E+1
27,50,77Co,,,,,,,,1.45E+3,6.19E+2,-1.76E+4,8.48E+2,2.60E+3,5.40E+2
27,51,78Co,,,,,,,,,,,,,
27,25,52Co,,,,,,,,6.56E+2,2.45E+1,-7.47E+3,8.53,3.80E+2,5.94
27,25,52Co,,,,,,,,6.56E+2,2.45E+1,-7.47E+3,8.53,3.80E+2,5.94
27,26,53Co,,,,,,,,1.48E+3,2.91,-7.46E+3,2.80,1.94E+2,1.65
27,26,53Co,,,,,,,,1.48E+3,2.91,-7.46E+3,2.80,1.94E+2,1.65
27,23,50Co,,,,,,,,9.76E+2,2.61E+2,-7.59E+3,1.52E+2,7.60E+2,2.22E+2
27,24,51Co,,,,,,,,1.37E+3,7.16E+1,-7.20E+3,5.78E+1,2.41E+2,8.64E+1
27,29,56Co,,,,,,,,6.47E+2,4.69E-1,-7.75E+3,4.84E-1,1.51E+3,8.46E-1
27,27,54Co,,,,,,,,3.34E+2,9.22E-1,-7.80E+3,3.59E-1,8.62E+2,3.37E-1
27,27,54Co,,,,,,,,3.34E+2,9.22E-1,-7.80E+3,3.59E-1,8.62E+2,3.37E-1
27,28,55Co,,,,,,,,2.00E+3,4.13E-1,-8.21E+3,4.86E-1,1.72E+3,3.66E-1
27,36,63Co,,,,,,,,1.24E+3,1.89E+1,-8.75E+3,1.87E+1,4.29E+2,1.31E+1
27,37,64Co,,,,,,,,7.25E+2,1.69E+1,-9.24E+3,2.01E+1,5.24E+2,1.42E+1
27,37,64Co,,,,,,,,7.25E+2,1.69E+1,-9.24E+3,2.01E+1,5.24E+2,1.42E+1
27,34,61Co,,,,,,,,1.36E+3,9.30,-7.83E+3,1.71,5.23E+2,9.89E-1
27,35,62Co,,,,,,,,9.50E+2,1.60E+1,-8.02E+3,1.87E+1,3.81E+2,1.32E+1
27,35,62Co,,,,,,,,9.50E+2,1.60E+1,-8.02E+3,1.87E+1,3.81E+2,1.32E+1
27,38,65Co,,,,,,,,1.08E+3,1.22E+1,-9.86E+3,3.12,4.46E+2,2.00
27,39,66Co,,,,,,,,8.44E+2,1.04E+1,-1.03E+4,1.54E+1,6.58E+2,1.04E+1
27,32,59Co,,,,,,,,1.48E+3,6.71E-1,-6.94E+3,3.43E-1,5.83E+2,2.52E-1
27,33,60Co,,,,,,,,9.13E+2,5.44E-1,-7.16E+3,3.75E-1,4.82E+2,2.66E-1
27,33,60Co,,,,,,,,9.13E+2,5.44E-1,-7.16E+3,3.75E-1,4.82E+2,2.66E-1
27,30,57Co,,,,,,,,1.40E+3,7.21E-1,-7.08E+3,5.96E-1,1.00E+3,5.99E-1
27,31,58Co,,,,,,,,9.40E+2,8.78E-1,-6.71E+3,1.52,6.74E+2,9.84E-1
27,31,58Co,,,,,,,,9.40E+2,8.78E-1,-6.71E+3,1.52,6.74E+2,9.84E-1
28,51,79Ni,,,,,,,,9.52E+2,4.78E+2,-1.58E+4,7.81E+2,2.66E+3,4.87E+2
28,52,80Ni,,,,,,,,1.11E+3,5.88E+2,-1.50E+4,8.48E+2,2.03E+3,5.56E+2
28,50,78Ni,,,,,,,,2.16E+3,4.11E+2,-1.66E+4,6.40E+2,3.39E+3,3.77E+2
28,53,81Ni,,,,,,,,8.55E+2,7.15E+2,,,,
28,54,82Ni,,,,,,,,,,,,,
28,37,65Ni,,,,,,,,1.42E+3,8.11E-1,-8.63E+3,2.65,1.45E+3,1.38
28,38,66Ni,,,,,,,,1.57E+3,1.76,-9.55E+3,3.12,1.78E+3,1.96
28,35,63Ni,,,,,,,,1.40E+3,4.36E-1,-7.27E+3,4.29E-1,1.24E+3,4.13E-1
28,36,64Ni,,,,,,,,1.77E+3,4.58E-1,-8.11E+3,3.42,1.38E+3,1.75
28,39,67Ni,,,,,,,,9.92E+2,2.62,-1.05E+4,5.18,2.26E+3,3.24
28,30,58Ni,,,,,,,,1.60E+3,4.14E-1,-6.39E+3,3.50E-1,1.51E+3,3.23E-1
28,33,61Ni,,,,,,,,1.38E+3,3.73E-1,-6.46E+3,2.61E-1,1.17E+3,3.56E-1
28,34,62Ni,,,,,,,,1.87E+3,4.10E-1,-7.01E+3,4.15E-1,1.21E+3,4.02E-1
28,31,59Ni,,,,,,,,1.19E+3,3.52E-1,-6.10E+3,3.26E-1,1.30E+3,7.95E-1
28,32,60Ni,,,,,,,,1.78E+3,3.53E-1,-6.29E+3,2.58E-1,1.16E+3,3.54E-1
28,48,76Ni,,,,,,,,1.37E+3,3.09E+2,-1.53E+4,5.83E+2,1.74E+3,3.27E+2
28,49,77Ni,,,,,,,,1.18E+3,3.67E+2,-1.57E+4,6.40E+2,2.25E+3,3.77E+2
28,46,74Ni,,,,,,,,1.50E+3,1.93E+2,-1.42E+4,3.61E+2,1.51E+3,2.06E+2
28,47,75Ni,,,,,,,,1.19E+3,2.46E+2,-1.47E+4,4.47E+2,1.55E+3,2.44E+2
28,40,68Ni,,,,,,,,1.60E+3,3.16,-1.09E+4,5.83,1.90E+3,3.44
28,41,69Ni,,,,,,,,1.36E+3,3.21,-1.11E+4,6.32,1.57E+3,3.78
28,41,69Ni,,,,,,,,1.36E+3,3.21,-1.11E+4,6.32,1.57E+3,3.78
28,44,72Ni,,,,,,,,1.46E+3,2.28,-1.27E+4,1.93E+2,1.12E+3,9.65E+1
28,45,73Ni,,,,,,,,1.33E+3,1.11E+2,-1.33E+4,2.00E+2,1.11E+3,1.00E+2
28,42,70Ni,,,,,,,,1.52E+3,2.64,-1.15E+4,4.62,1.30E+3,2.84
28,43,71Ni,,,,,,,,1.31E+3,2.21,-1.21E+4,4.42,1.27E+3,2.66
28,43,71Ni,,,,,,,,1.31E+3,2.21,-1.21E+4,4.42,1.27E+3,2.66
28,26,54Ni,,,,,,,,1.79E+3,1.30E+1,-7.22E+3,9.59,8.90E+2,2.55E+1
28,27,55Ni,,,,,,,,1.25E+3,2.38,-7.57E+3,1.56,1.63E+3,9.19E-1
28,24,52Ni,,,,,,,,1.92E+3,2.61E+2,-6.97E+3,1.24E+2,8.60E+2,2.13E+2
28,25,53Ni,,,,,,,,1.28E+3,4.51E+1,-7.30E+3,3.49E+1,9.80E+2,1.02E+2
28,28,56Ni,,,,,,,,3.19E+3,5.31E-1,-8.00E+3,4.27E-1,2.65E+3,3.45E-1
28,29,57Ni,,,,,,,,9.84E+2,4.78E-1,-7.56E+3,1.72,2.43E+3,8.00
28,22,50Ni,,,,,,,,1.89E+3,5.25E+2,-7.09E+3,5.83E+2,1.21E+3,3.99E+2
28,23,51Ni,,,,,,,,1.36E+3,4.40E+2,-6.94E+3,7.07E+2,9.50E+2,4.76E+2
28,20,48Ni,,,,,,,,,,,,,
28,21,49Ni,,,,,,,,1.16E+3,5.31E+2,-8.30E+3,6.63E+2,,
29,28,57Cu,,,,,,,,2.16E+3,3.22,-7.07E+3,1.76,2.41E+3,1.90E+1
29,27,56Cu,,,,,,,,8.42E+2,7.79E+1,-6.71E+3,8.29,1.66E+3,1.00E+2
29,26,55Cu,,,,,,,,1.68E+3,2.18E+2,-6.71E+3,1.62E+2,1.08E+3,1.41E+2
29,25,54Cu,,,,,,,,1.11E+3,3.66E+2,-6.07E+3,4.19E+2,6.75E+2,3.26E+2
29,29,58Cu,,,,,,,,1.65E+2,5.40E-1,-6.08E+3,5.71E-1,1.66E+3,4.60E-1
29,24,53Cu,,,,,,,,1.56E+3,4.96E+2,-5.78E+3,7.07E+2,5.45E+2,4.76E+2
29,39,68Cu,,,,,,,,9.60E+2,1.39,-8.19E+3,2.00E+1,1.37E+3,1.00E+1
29,39,68Cu,,,,,,,,9.60E+2,1.39,-8.19E+3,2.00E+1,1.37E+3,1.00E+1
29,38,67Cu,,,,,,,,1.40E+3,1.06,-7.89E+3,1.85E+1,1.32E+3,9.31
29,37,66Cu,,,,,,,,1.03E+3,7.14E-1,-7.25E+3,1.85E+1,1.09E+3,9.31
29,36,65Cu,,,,,,,,1.42E+3,5.97E-1,-6.79E+3,9.80E-1,1.15E+3,8.37E-1
29,31,60Cu,,,,,,,,8.25E+2,1.26,-4.72E+3,1.62,9.08E+2,1.34
29,30,59Cu,,,,,,,,1.35E+3,9.33E-1,-4.75E+3,5.48E-1,1.06E+3,7.54E-1
29,35,64Cu,,,,,,,,9.97E+2,4.91E-1,-6.19E+3,3.77E-1,1.05E+3,7.27E-1
29,34,63Cu,,,,,,,,1.47E+3,4.89E-1,-5.77E+3,3.69E-1,1.02E+3,6.21E-1
29,33,62Cu,,,,,,,,9.94E+2,6.90E-1,-5.36E+3,1.24,1.00E+3,8.49E-1
29,32,61Cu,,,,,,,,1.41E+3,1.09,-5.06E+3,1.04,9.82E+2,6.98E-1
29,49,78Cu,,,,,,,,8.45E+2,5.33E+1,-1.36E+4,4.00E+2,1.55E+3,2.00E+2
29,48,77Cu,,,,,,,,9.77E+2,6.73,-1.33E+4,3.00E+2,1.06E+3,1.50E+2
29,47,76Cu,,,,,,,,6.84E+2,9.54E-1,-1.31E+4,3.00E+2,1.21E+3,1.50E+2
29,42,71Cu,,,,,,,,1.33E+3,1.37,-9.81E+3,6.61,8.19E+2,3.40
29,41,70Cu,,,,,,,,1.24E+3,1.27,-8.99E+3,1.40E+1,7.47E+2,7.18
29,41,70Cu,,,,,,,,1.24E+3,1.27,-8.99E+3,1.40E+1,7.47E+2,7.18
29,41,70Cu,,,,,,,,1.24E+3,1.27,-8.99E+3,1.40E+1,7.47E+2,7.18
29,40,69Cu,,,,,,,,1.46E+3,1.37,-8.97E+3,2.50,1.29E+3,1.66
29,46,75Cu,,,,,,,,9.76E+2,3.14,-1.25E+4,4.65E+2,1.01E+3,2.32E+2
29,45,74Cu,,,,,,,,7.22E+2,4.46,-1.19E+4,1.25E+1,8.91E+2,7.02
29,44,73Cu,,,,,,,,1.09E+3,3.43,-1.10E+4,8.57E+1,7.98E+2,4.28E+1
29,43,72Cu,,,,,,,,1.06E+3,1.57,-1.05E+4,4.10,8.13E+2,2.37
29,53,82Cu,,,,,,,,4.62E+2,4.15E+2,-1.28E+4,8.06E+2,1.18E+3,4.92E+2
29,52,81Cu,,,,,,,,7.17E+2,3.46E+2,-1.24E+4,6.71E+2,1.08E+3,3.67E+2
29,51,80Cu,,,,,,,,4.89E+2,2.83E+2,-1.34E+4,5.83E+2,1.80E+3,3.28E+2
29,50,79Cu,,,,,,,,1.68E+3,1.76E+2,-1.42E+4,4.13E+2,2.49E+3,2.13E+2
29,54,83Cu,,,,,,,,6.94E+2,4.79E+2,,,,
30,28,58Zn,,,,,,,,2.40E+3,1.19E+2,-5.44E+3,5.02E+1,1.58E+3,7.81E+1
30,27,57Zn,,,,,,,,1.28E+3,2.55E+2,-5.34E+3,2.02E+2,8.39E+2,2.06E+2
30,29,59Zn,,,,,,,,1.02E+3,2.50E+1,-4.30E+3,9.64E-1,1.08E+3,1.86E+1
30,24,54Zn,,,,,,,,,,-4.66E+3,5.45E+2,1.82E+2,3.85E+2
30,26,56Zn,,,,,,,,1.99E+3,3.56E+2,-5.25E+3,4.08E+2,3.45E+2,3.22E+2
30,25,55Zn,,,,,,,,1.28E+3,3.52E+2,-5.04E+3,6.40E+2,2.59E+2,4.26E+2
30,53,83Zn,,,,,,,,7.69E+2,3.14E+2,-1.05E+4,5.83E+2,4.15E+2,3.60E+2
30,52,82Zn,,,,,,,,1.05E+3,1.66E+2,-9.85E+3,4.00E+2,1.74E+2,2.96E+2
30,55,85Zn,,,,,,,,9.08E+2,4.90E+2,-1.14E+4,8.60E+2,5.35E+2,5.36E+2
30,54,84Zn,,,,,,,,1.16E+3,4.25E+2,-1.10E+4,7.21E+2,4.50E+2,4.58E+2
30,51,81Zn,,,,,,,,7.81E+2,4.08,-1.12E+4,4.00E+2,9.62E+2,2.00E+2
30,50,80Zn,,,,,,,,1.83E+3,3.30,-1.18E+4,3.00E+2,1.47E+3,1.50E+2
30,42,72Zn,,,,,,,,1.68E+3,2.22,-7.10E+3,3.67,-1.92E+2,2.12
30,41,71Zn,,,,,,,,1.52E+3,2.36,-6.01E+3,3.92,-4.71E+2,2.36
30,41,71Zn,,,,,,,,1.52E+3,2.36,-6.01E+3,3.92,-4.71E+2,2.36
30,44,74Zn,,,,,,,,1.68E+3,2.23,-8.96E+3,3.30,2.18E+2,2.72
30,43,73Zn,,,,,,,,1.35E+3,2.11,-8.03E+3,4.16,-2.35,2.28
30,40,70Zn,,,,,,,,1.69E+3,1.93,-5.98E+3,2.37,-1.49E+2,1.52
30,49,79Zn,,,,,,,,1.13E+3,2.25,-1.16E+4,2.00E+2,8.23E+2,1.00E+2
30,49,79Zn,,,,,,,,1.13E+3,2.25,-1.16E+4,2.00E+2,8.23E+2,1.00E+2
30,46,76Zn,,,,,,,,1.62E+3,1.73,-1.05E+4,2.66,4.22E+2,1.83
30,45,75Zn,,,,,,,,1.47E+3,2.00,-9.57E+3,2.97,9.22E+1,1.86E+1
30,48,78Zn,,,,,,,,1.37E+3,2.02,-1.12E+4,2.00E+2,4.25E+2,1.00E+2
30,47,77Zn,,,,,,,,1.10E+3,1.84,-1.11E+4,3.12,5.89E+2,2.11
30,47,77Zn,,,,,,,,1.10E+3,1.84,-1.11E+4,3.12,5.89E+2,2.11
30,31,61Zn,,,,,,,,1.32E+3,1.12E+1,-2.68E+3,1.59E+1,6.78E+1,1.12E+1
30,30,60Zn,,,,,,,,2.39E+3,7.96,-2.69E+3,5.44E-1,6.28E+1,1.90
30,33,63Zn,,,,,,,,1.37E+3,1.19,-3.48E+3,1.55,2.98E+2,2.41
30,32,62Zn,,,,,,,,1.88E+3,7.99,-3.36E+3,5.44E-1,2.50E+2,1.26
30,39,69Zn,,,,,,,,1.36E+3,1.17,-5.71E+3,7.86E-1,2.06E+2,5.59E-1
30,39,69Zn,,,,,,,,1.36E+3,1.17,-5.71E+3,7.86E-1,2.06E+2,5.59E-1
30,38,68Zn,,,,,,,,1.85E+3,7.78E-1,-5.33E+3,7.57E-1,1.64E+2,5.44E-1
30,35,65Zn,,,,,,,,1.53E+3,6.71E-1,-4.11E+3,6.63E-1,2.50E+2,8.04E-1
30,34,64Zn,,,,,,,,1.94E+3,9.60E-1,-3.95E+3,6.59E-1,2.77E+2,1.04
30,37,67Zn,,,,,,,,1.57E+3,7.60E-1,-4.79E+3,7.06E-1,1.70E+2,6.23E-1
30,36,66Zn,,,,,,,,2.00E+3,7.24E-1,-4.57E+3,6.89E-1,2.44E+2,6.18E-1
31,54,85Ga,,,,,,,,8.11E+2,2.17E+2,-1.02E+4,3.02E+2,5.24E+2,2.13E+2
31,53,84Ga,,,,,,,,4.06E+2,2.81E+1,-9.84E+3,3.01E+2,5.29E+2,1.81E+2
31,56,87Ga,,,,,,,,7.62E+2,5.02E+2,-1.09E+4,7.07E+2,4.24E+2,4.76E+2
31,55,86Ga,,,,,,,,5.18E+2,4.01E+2,-1.04E+4,5.65E+2,4.00E+2,3.99E+2
31,50,81Ga,,,,,,,,1.55E+3,2.98,-1.11E+4,3.48,1.60E+3,2.83
31,52,83Ga,,,,,,,,7.44E+2,1.50E+1,-9.27E+3,1.05E+2,2.44E+2,5.25E+1
31,51,82Ga,,,,,,,,5.11E+2,2.70,-1.05E+4,1.35E+1,1.05E+3,7.09
31,43,74Ga,,,,,,,,1.03E+3,2.30,-7.49E+3,3.18,1.52E+2,5.35
31,43,74Ga,,,,,,,,1.03E+3,2.30,-7.49E+3,3.18,1.52E+2,5.35
31,42,73Ga,,,,,,,,1.38E+3,1.95,-6.38E+3,2.18,-1.26E+2,1.61
31,45,76Ga,,,,,,,,9.29E+2,1.86,-8.93E+3,2.40,2.97E+2,2.27
31,44,75Ga,,,,,,,,1.28E+3,1.84,-8.17E+3,1.63,2.87E+2,2.80
31,41,72Ga,,,,,,,,1.33E+3,1.09,-5.44E+3,1.78,-3.40E+2,1.07
31,40,71Ga,,,,,,,,1.38E+3,9.26E-1,-5.24E+3,1.16,-3.77E+1,8.34E-1
31,47,78Ga,,,,,,,,5.66E+2,1.54,-1.01E+4,6.23,6.48E+2,3.67
31,46,77Ga,,,,,,,,9.91E+2,2.04,-9.42E+3,3.10,2.31E+2,2.37
31,49,80Ga,,,,,,,,8.64E+2,2.68,-1.06E+4,3.03,8.06E+2,2.62
31,49,80Ga,,,,,,,,8.64E+2,2.68,-1.06E+4,3.03,8.06E+2,2.62
31,48,79Ga,,,,,,,,1.08E+3,1.75,-1.05E+4,1.40,4.78E+2,1.67
31,32,63Ga,,,,,,,,1.13E+3,1.20,-2.61E+3,1.40,7.42E+1,9.84E-1
31,31,62Ga,,,,,,,,-1.46E+2,1.90E+1,-2.74E+3,7.21E-1,1.40E+2,2.88
31,34,65Ga,,,,,,,,1.37E+3,1.06,-3.09E+3,9.32E-1,1.09E+2,1.60E+1
31,33,64Ga,,,,,,,,7.69E+2,1.26,-2.91E+3,2.14,2.12E+2,1.58
31,30,61Ga,,,,,,,,1.34E+3,9.39E+1,-2.25E+3,3.79E+1,1.16E+1,5.01E+1
31,39,70Ga,,,,,,,,8.23E+2,1.11,-5.07E+3,1.36,3.50E+2,1.24
31,36,67Ga,,,,,,,,1.47E+3,1.22,-3.72E+3,1.18,1.42E+2,2.20
31,35,66Ga,,,,,,,,1.04E+3,1.05,-3.36E+3,1.15,1.62E+2,1.05
31,38,69Ga,,,,,,,,1.32E+3,1.26,-4.48E+3,1.35,2.19E+2,2.12
31,37,68Ga,,,,,,,,1.01E+3,1.31,-4.08E+3,1.40,2.58E+2,2.27
31,29,60Ga,,,,,,,,8.40E+2,1.56E+2,-3.38E+3,2.00E+2,5.09E+2,1.74E+2
31,28,59Ga,,,,,,,,2.16E+3,2.11E+2,-4.55E+3,2.31E+2,1.19E+3,1.75E+2
32,45,77Ge,,,,,,,,1.32E+3,1.76,-8.04E+3,1.86,2.21E+2,1.05
32,45,77Ge,,,,,,,,1.32E+3,1.76,-8.04E+3,1.86,2.21E+2,1.05
32,46,78Ge,,,,,,,,1.49E+3,1.87E+1,-8.53E+3,4.33,1.86E+2,2.80
32,43,75Ge,,,,,,,,1.46E+3,4.03E-2,-6.95E+3,2.65,2.33E+2,1.33
32,43,75Ge,,,,,,,,1.46E+3,4.03E-2,-6.95E+3,2.65,2.33E+2,1.33
32,44,76Ge,,,,,,,,1.67E+3,4.09E-2,-7.49E+3,2.14,2.60E+2,1.17
32,41,73Ge,,,,,,,,1.70E+3,5.82E-2,-5.30E+3,7.96E-1,-2.11E+2,4.00E-1
32,41,73Ge,,,,,,,,1.70E+3,5.82E-2,-5.30E+3,7.96E-1,-2.11E+2,4.00E-1
32,42,74Ge,,,,,,,,1.84E+3,4.22E-2,-6.28E+3,1.91,1.27E+2,9.63E-1
32,40,72Ge,,,,,,,,1.98E+3,4.13E-1,-5.00E+3,7.82E-1,-4.36E+1,3.92E-1
32,49,81Ge,,,,,,,,1.18E+3,2.10,-9.92E+3,2.84,6.90E+2,2.18
32,49,81Ge,,,,,,,,1.18E+3,2.10,-9.92E+3,2.84,6.90E+2,2.18
32,47,79Ge,,,,,,,,1.17E+3,2.63E+1,-9.39E+3,3.72E+1,5.77E+2,2.63E+1
32,47,79Ge,,,,,,,,1.17E+3,2.63E+1,-9.39E+3,3.72E+1,5.77E+2,2.63E+1
32,48,80Ge,,,,,,,,1.62E+3,1.86E+1,-9.65E+3,2.51,4.09E+2,1.89
32,34,66Ge,,,,,,,,2.03E+3,2.95,-2.86E+3,2.47,5.80E+1,1.89
32,35,67Ge,,,,,,,,1.61E+3,3.41,-2.88E+3,4.56,-6.25,3.43
32,32,64Ge,,,,,,,,2.61E+3,1.88E+1,-2.56E+3,3.76,1.33E+2,2.66
32,33,65Ge,,,,,,,,1.48E+3,2.69,-2.55E+3,1.60E+1,8.64E+1,8.12
32,30,62Ge,,,,,,,,1.76E+3,1.76E+2,-2.26E+3,1.48E+2,1.60E+2,1.42E+2
32,31,63Ge,,,,,,,,1.30E+3,6.73E+1,-2.13E+3,3.72E+1,2.32E+1,4.26E+1
32,38,70Ge,,,,,,,,2.05E+3,9.67E-1,-4.08E+3,1.02,5.81,6.57E-1
32,39,71Ge,,,,,,,,1.66E+3,7.08E-1,-4.45E+3,1.02,-1.18E+2,6.56E-1
32,36,68Ge,,,,,,,,2.09E+3,2.61,-3.39E+3,1.98,4.26E+1,1.67
32,37,69Ge,,,,,,,,1.66E+3,1.38,-3.61E+3,1.46,3.09E+1,3.84
32,29,61Ge,,,,,,,,1.03E+3,2.69E+2,-3.66E+3,3.61E+2,1.00E+3,2.78E+2
32,27,59Ge,,,,,,,,1.20E+3,4.19E+2,-4.52E+3,5.65E+2,8.10E+2,4.26E+2
32,28,60Ge,,,,,,,,2.46E+3,3.33E+2,-4.56E+3,5.00E+2,1.40E+3,3.84E+2
32,56,88Ge,,,,,,,,1.20E+3,3.81E+2,-1.01E+4,5.65E+2,2.42E+2,3.99E+2
32,57,89Ge,,,,,,,,9.60E+2,4.29E+2,-1.03E+4,6.40E+2,6.00E+1,4.26E+2
32,54,86Ge,,,,,,,,1.02E+3,3.35E+2,-9.51E+3,4.37E+2,3.42E+2,3.50E+2
32,55,87Ge,,,,,,,,8.38E+2,3.61E+2,-9.72E+3,4.24E+2,1.55E+2,3.38E+2
32,52,84Ge,,,,,,,,1.09E+3,3.15,-8.92E+3,4.09,3.82E+2,3.08
32,53,85Ge,,,,,,,,6.50E+2,2.18E+2,-9.34E+3,6.26,5.27E+2,4.09
32,50,82Ge,,,,,,,,1.78E+3,2.24,-1.03E+4,2.96,1.42E+3,2.24
32,51,83Ge,,,,,,,,8.05E+2,2.58,-9.96E+3,3.28,1.04E+3,2.32
32,58,90Ge,,,,,,,,,,-1.08E+4,7.07E+2,3.80E+1,4.99E+2
33,50,83As,,,,,,,,1.68E+3,3.14,-9.54E+3,3.04,1.44E+3,2.60
33,57,90As,,,,,,,,5.27E+2,3.40E+2,-9.65E+3,5.65E+2,2.85E+2,3.60E+2
33,58,91As,,,,,,,,8.33E+2,3.89E+2,-1.00E+4,6.40E+2,1.40E+2,4.06E+2
33,55,88As,,,,,,,,6.42E+2,1.82E+2,-8.78E+3,2.02E+2,2.86E+2,1.42E+2
33,56,89As,,,,,,,,8.12E+2,2.75E+2,-9.21E+3,3.02E+2,2.13E+2,3.02E+2
33,53,86As,,,,,,,,4.41E+2,3.24,-8.45E+3,4.21,4.96E+2,3.19
33,54,87As,,,,,,,,9.22E+2,8.80E+1,-8.78E+3,3.96,4.35E+2,3.04
33,51,84As,,,,,,,,5.75E+2,3.05,-9.05E+3,4.28,8.83E+2,3.09
33,52,85As,,,,,,,,7.81E+2,3.19,-7.98E+3,4.48,2.38E+2,3.16
33,59,92As,,,,,,,,,,-1.04E+4,7.07E+2,7.95E+1,4.58E+2
33,46,79As,,,,,,,,1.12E+3,6.39,-7.60E+3,5.36,-1.01E+2,4.22
33,47,80As,,,,,,,,8.70E+2,3.79,-8.34E+3,3.86,1.74E+2,1.31E+1
33,44,77As,,,,,,,,1.36E+3,5.05,-6.64E+3,2.38,7.81E+1,1.54
33,45,78As,,,,,,,,9.59E+2,7.45,-7.19E+3,1.02E+1,4.28E+1,7.09
33,42,75As,,,,,,,,1.45E+3,1.14,-5.31E+3,1.19,-6.93E+1,8.97E-1
33,43,76As,,,,,,,,1.18E+3,1.14,-6.12E+3,1.20,5.27E+1,8.97E-1
33,40,73As,,,,,,,,1.40E+3,3.50,-4.04E+3,4.03,-3.28E+2,3.12
33,41,74As,,,,,,,,1.13E+3,2.31,-4.37E+3,2.07,-3.21E+2,2.23
33,48,81As,,,,,,,,1.37E+3,3.12,-8.96E+3,3.58,2.49E+2,2.70
33,49,82As,,,,,,,,9.95E+2,3.26,-8.82E+3,3.87,4.37E+2,3.09
33,49,82As,,,,,,,,9.95E+2,3.26,-8.82E+3,3.87,4.37E+2,3.09
33,35,68As,,,,,,,,9.55E+2,1.60E+1,-2.48E+3,2.33,-5.27E+1,1.57
33,36,69As,,,,,,,,1.49E+3,2.26E+1,-2.87E+3,3.20E+1,-3.94E+1,2.28E+1
33,33,66As,,,,,,,,-2.62E+2,4.25E+1,-2.46E+3,5.71,3.18E+2,8.47
33,34,67As,,,,,,,,1.12E+3,3.00,-2.46E+3,1.37,6.24E+1,2.79
33,31,64As,,,,,,,,6.53E+2,1.70E+2,-2.36E+3,2.85E+2,3.41E+2,2.17E+2
33,32,65As,,,,,,,,1.14E+3,1.13E+2,-2.22E+3,9.28E+1,2.39E+2,6.62E+1
33,30,63As,,,,,,,,1.48E+3,2.26E+2,-2.16E+3,2.63E+2,3.55E+2,2.23E+2
33,39,72As,,,,,,,,1.19E+3,4.04,-3.56E+3,4.32,-4.57E+2,5.52
33,37,70As,,,,,,,,1.16E+3,1.61E+1,-3.03E+3,1.77,-1.71E+2,3.12
33,38,71As,,,,,,,,1.61E+3,3.64,-3.43E+3,4.24,-9.98E+1,3.66
34,61,95Se,,,,,,,,,,,,,
34,60,94Se,,,,,,,,1.13E+3,4.48E+2,-1.07E+4,7.07E+2,5.08E+2,4.58E+2
34,50,84Se,,,,,,,,2.07E+3,2.43,-8.83E+3,2.83,1.33E+3,2.16
34,51,85Se,,,,,,,,8.11E+2,2.43,-8.54E+3,3.31,9.99E+2,2.36
34,58,92Se,,,,,,,,9.82E+2,3.86E+2,-9.62E+3,5.65E+2,4.23E+2,3.46E+2
34,59,93Se,,,,,,,,8.75E+2,3.97E+2,-1.02E+4,5.65E+2,6.28E+2,3.52E+2
34,56,90Se,,,,,,,,1.01E+3,3.18E+2,-8.82E+3,5.48E+2,4.26E+2,3.19E+2
34,57,91Se,,,,,,,,6.79E+2,3.93E+2,-9.41E+3,5.27E+2,7.05E+2,3.41E+2
34,54,88Se,,,,,,,,1.17E+3,3.22,-8.16E+3,4.61,4.25E+2,3.15
34,55,89Se,,,,,,,,8.49E+2,1.64E+2,-8.29E+3,5.26,3.62E+2,3.46
34,52,86Se,,,,,,,,1.08E+3,2.47,-7.51E+3,3.36,3.16E+2,2.29
34,53,87Se,,,,,,,,7.67E+2,2.63,-7.87E+3,3.29,4.50E+2,2.28
34,40,74Se,,,,,,,,2.01E+3,3.71,-4.07E+3,8.20E-1,-1.56E+2,4.37E-1
34,47,81Se,,,,,,,,1.28E+3,8.70E-1,-7.60E+3,9.78E-1,4.24E+1,1.21
34,47,81Se,,,,,,,,1.28E+3,8.70E-1,-7.60E+3,9.78E-1,4.24E+1,1.21
34,48,82Se,,,,,,,,1.72E+3,1.62,-8.15E+3,3.56,3.00E+1,1.79
34,45,79Se,,,,,,,,1.47E+3,5.05E-1,-6.48E+3,2.28E-1,-6.34,1.59E-1
34,45,79Se,,,,,,,,1.47E+3,5.05E-1,-6.48E+3,2.28E-1,-6.34,1.59E-1
34,46,80Se,,,,,,,,1.60E+3,8.35E-1,-6.97E+3,9.46E-1,-6.66E+1,6.69E-1
34,43,77Se,,,,,,,,1.53E+3,1.00E-1,-5.72E+3,8.43E-2,1.02E+2,5.39E-1
34,43,77Se,,,,,,,,1.53E+3,1.00E-1,-5.72E+3,8.43E-2,1.02E+2,5.39E-1
34,44,78Se,,,,,,,,1.76E+3,1.71E-1,-6.02E+3,1.79E-1,1.88E+1,1.26E-1
34,41,75Se,,,,,,,,1.56E+3,5.53E-2,-4.68E+3,8.18E-1,-4.98,1.78
34,42,76Se,,,,,,,,1.86E+3,5.11E-2,-5.09E+3,7.72E-2,1.22E+1,3.49E-1
34,49,83Se,,,,,,,,1.43E+3,2.37,-8.23E+3,3.72E+1,2.22E+2,1.87E+1
34,49,83Se,,,,,,,,1.43E+3,2.37,-8.23E+3,3.72E+1,2.22E+2,1.87E+1
34,36,70Se,,,,,,,,2.13E+3,1.93,-2.74E+3,2.87,-3.95E+1,1.92
34,37,71Se,,,,,,,,1.75E+3,2.34,-2.89E+3,5.14,-3.52E+2,4.99
34,34,68Se,,,,,,,,2.68E+3,3.35E+1,-2.29E+3,3.75,6.14E+1,4.43
34,35,69Se,,,,,,,,1.62E+3,1.34,-2.38E+3,2.62,-8.02E+1,3.61
34,32,66Se,,,,,,,,1.89E+3,2.17E+2,-1.94E+3,2.44E+2,4.00E+1,1.86E+2
34,33,67Se,,,,,,,,1.36E+3,1.09E+2,-2.08E+3,7.67E+1,-4.39E+1,8.21E+1
34,30,64Se,,,,,,,,1.88E+3,4.70E+2,-1.75E+3,5.83E+2,2.81E+2,4.58E+2
34,31,65Se,,,,,,,,1.25E+3,3.57E+2,-1.65E+3,4.24E+2,5.45E+1,2.99E+2
34,38,72Se,,,,,,,,2.18E+3,4.20,-3.31E+3,2.71,-1.28E+2,2.61
34,39,73Se,,,,,,,,1.81E+3,5.34,-3.55E+3,7.53,-4.07E+2,5.38
34,39,73Se,,,,,,,,1.81E+3,5.34,-3.55E+3,7.53,-4.07E+2,5.38
34,29,63Se,,,,,,,,,,-2.90E+3,6.40E+2,8.89E+2,4.58E+2
35,63,98Br,,,,,,,,,,,,,
35,62,97Br,,,,,,,,9.26E+2,3.66E+2,,,,
35,61,96Br,,,,,,,,7.63E+2,3.15E+2,-1.02E+4,5.83E+2,-1.13E+2,3.27E+2
35,60,95Br,,,,,,,,9.54E+2,2.64E+2,-9.77E+3,5.00E+2,3.95E+1,2.91E+2
35,52,87Br,,,,,,,,7.17E+2,3.14,-6.64E+3,4.22,1.84E+2,4.71
35,51,86Br,,,,,,,,6.01E+2,3.10,-7.95E+3,4.83,8.96E+2,4.31
35,50,85Br,,,,,,,,1.86E+3,1.31E+1,-8.46E+3,4.05,1.45E+3,3.71
35,59,94Br,,,,,,,,7.29E+2,2.90E+2,-9.08E+3,4.47E+2,-3.00E+1,2.45E+2
35,58,93Br,,,,,,,,9.45E+2,3.18E+2,-8.78E+3,5.25E+2,3.65E+2,3.39E+2
35,57,92Br,,,,,,,,7.65E+2,2.15E+2,-8.20E+3,2.00E+2,3.30E+2,1.00E+2
35,56,91Br,,,,,,,,9.90E+2,4.50,-7.91E+3,4.62,3.53E+2,1.05E+1
35,55,90Br,,,,,,,,6.90E+2,3.38,-7.46E+3,4.80,2.37E+2,3.10
35,54,89Br,,,,,,,,9.16E+2,3.26,-7.51E+3,4.48,3.69E+2,4.79
35,53,88Br,,,,,,,,3.67E+2,3.19,-7.28E+3,4.47,4.02E+2,4.11
35,41,76Br,,,,,,,,8.81E+2,7.07,-4.48E+3,1.01E+1,8.64E+1,6.96
35,41,76Br,,,,,,,,8.81E+2,7.07,-4.48E+3,1.01E+1,8.64E+1,6.96
35,40,75Br,,,,,,,,1.31E+3,6.27,-3.63E+3,5.97,-2.40E+2,3.80
35,49,84Br,,,,,,,,1.01E+3,1.83E+1,-7.99E+3,2.59E+1,3.71E+2,1.82E+1
35,49,84Br,,,,,,,,1.01E+3,1.83E+1,-7.99E+3,2.59E+1,3.71E+2,1.82E+1
35,48,83Br,,,,,,,,1.37E+3,1.31E+1,-7.80E+3,6.53,-1.03E+2,3.77
35,47,82Br,,,,,,,,9.96E+2,2.07,-7.10E+3,9.82,-2.83E+2,4.93
35,47,82Br,,,,,,,,9.96E+2,2.07,-7.10E+3,9.82,-2.83E+2,4.93
35,46,81Br,,,,,,,,1.28E+3,9.79E-1,-6.48E+3,1.95,-6.47E+1,1.09
35,45,80Br,,,,,,,,1.13E+3,9.91E-1,-6.02E+3,1.33,-1.36E+2,1.37
35,45,80Br,,,,,,,,1.13E+3,9.91E-1,-6.02E+3,1.33,-1.36E+2,1.37
35,44,79Br,,,,,,,,1.39E+3,1.98,-5.45E+3,1.33,1.56E+1,1.43
35,44,79Br,,,,,,,,1.39E+3,1.98,-5.45E+3,1.33,1.56E+1,1.43
35,43,78Br,,,,,,,,1.19E+3,2.93,-5.01E+3,3.95,-7.17E+1,3.06
35,42,77Br,,,,,,,,1.36E+3,5.37,-4.70E+3,4.76,3.00E+1,3.69
35,42,77Br,,,,,,,,1.36E+3,5.37,-4.70E+3,4.76,3.00E+1,3.69
35,38,73Br,,,,,,,,1.47E+3,5.61,-2.95E+3,3.27E+1,-3.25E+2,1.67E+1
35,37,72Br,,,,,,,,1.01E+3,4.37,-2.59E+3,2.11,-6.25E+2,1.26
35,37,72Br,,,,,,,,1.01E+3,4.37,-2.59E+3,2.11,-6.25E+2,1.26
35,36,71Br,,,,,,,,1.25E+3,8.38,-2.34E+3,5.42,-4.00E+2,3.87
35,35,70Br,,,,,,,,-4.46E+1,2.36E+1,-1.82E+3,1.59E+1,-5.44E+2,1.10E+1
35,35,70Br,,,,,,,,-4.46E+1,2.36E+1,-1.82E+3,1.59E+1,-5.44E+2,1.10E+1
35,34,69Br,,,,,,,,1.15E+3,1.39E+2,-1.74E+3,9.46E+1,-2.14E+2,5.56E+1
35,33,68Br,,,,,,,,6.05E+2,2.35E+2,-1.68E+3,3.29E+2,-1.40E+2,3.26E+2
35,39,74Br,,,,,,,,1.08E+3,5.74,-3.37E+3,6.00,-3.46E+2,4.48
35,39,74Br,,,,,,,,1.08E+3,5.74,-3.37E+3,6.00,-3.46E+2,4.48
36,64,100Kr,,,,,,,,9.50E+2,4.27E+2,,,,
36,63,99Kr,,,,,,,,8.41E+2,3.74E+2,-1.03E+4,6.40E+2,-4.70E+2,3.90E+2
36,62,98Kr,,,,,,,,1.18E+3,2.94E+2,-9.74E+3,5.83E+2,-3.61E+2,3.29E+2
36,61,97Kr,,,,,,,,1.17E+3,1.73E+2,-8.98E+3,4.20E+2,-6.69E+2,2.19E+2
36,60,96Kr,,,,,,,,1.29E+3,6.72E+1,-8.78E+3,4.00E+2,-1.88E+2,2.00E+2
36,65,101Kr,,,,,,,,,,,,,
36,53,89Kr,,,,,,,,7.89E+2,2.20,-6.54E+3,3.37,2.86E+2,4.27
36,52,88Kr,,,,,,,,1.06E+3,2.13,-6.16E+3,3.26,2.83E+2,2.70
36,51,87Kr,,,,,,,,7.68E+2,1.31,-7.79E+3,3.04,1.21E+3,3.12
36,50,86Kr,,,,,,,,2.17E+3,1.00,-8.09E+3,4.65E-1,1.49E+3,7.60E-1
36,59,95Kr,,,,,,,,1.05E+3,1.74E+1,-8.00E+3,4.33E+2,-3.90E+2,2.16E+2
36,58,94Kr,,,,,,,,1.20E+3,1.27E+1,-7.97E+3,3.29E+2,2.36E+2,1.65E+2
36,57,93Kr,,,,,,,,9.22E+2,6.45,-7.56E+3,4.49,3.49E+2,3.08
36,56,92Kr,,,,,,,,1.21E+3,2.54,-7.31E+3,4.30,3.68E+2,4.93
36,55,91Kr,,,,,,,,8.90E+2,2.28,-6.97E+3,3.16,2.02E+2,3.49
36,54,90Kr,,,,,,,,1.20E+3,2.03,-6.88E+3,3.13,2.84E+2,2.00
36,42,78Kr,,,,,,,,1.87E+3,2.00,-4.38E+3,3.07E-1,6.66E+1,3.00
36,41,77Kr,,,,,,,,1.42E+3,2.44,-4.36E+3,7.67,2.91E+2,4.25
36,40,76Kr,,,,,,,,1.76E+3,5.04,-3.57E+3,4.46,-7.61E+1,3.46
36,49,85Kr,,,,,,,,1.37E+3,1.41,-7.51E+3,2.22,1.81E+2,1.49
36,49,85Kr,,,,,,,,1.37E+3,1.41,-7.51E+3,2.22,1.81E+2,1.49
36,48,84Kr,,,,,,,,1.70E+3,9.98E-1,-7.10E+3,9.46E-1,-4.01E+2,4.73E-1
36,47,83Kr,,,,,,,,1.52E+3,2.49E-2,-6.49E+3,2.22E-1,-4.08E+2,1.11E-1
36,47,83Kr,,,,,,,,1.52E+3,2.49E-2,-6.49E+3,2.22E-1,-4.08E+2,1.11E-1
36,46,82Kr,,,,,,,,1.74E+3,5.39E-1,-5.99E+3,1.78E-1,-1.82E+2,8.93E-2
36,45,81Kr,,,,,,,,1.54E+3,8.37E-1,-5.52E+3,1.07,-1.55E+2,1.59
36,45,81Kr,,,,,,,,1.54E+3,8.37E-1,-5.52E+3,1.07,-1.55E+2,1.59
36,44,80Kr,,,,,,,,1.82E+3,1.88,-5.06E+3,6.94E-1,-5.73E+1,7.92E-1
36,43,79Kr,,,,,,,,1.59E+3,2.49,-4.69E+3,3.48,-4.12E+1,4.21
36,43,79Kr,,,,,,,,1.59E+3,2.49,-4.69E+3,3.48,-4.12E+1,4.21
36,31,67Kr,,,,,,,,,,-1.12E+3,6.56E+2,,
36,39,75Kr,,,,,,,,1.34E+3,6.15,-3.60E+3,8.57,1.05E+1,6.96
36,38,74Kr,,,,,,,,1.89E+3,5.41,-2.82E+3,2.56,-2.20E+2,4.06
36,37,73Kr,,,,,,,,1.58E+3,6.22,-2.54E+3,6.74,-5.67E+2,6.15
36,36,72Kr,,,,,,,,2.50E+3,6.47E+1,-2.17E+3,8.02,-2.77E+2,1.81E+1
36,35,71Kr,,,,,,,,1.18E+3,1.39E+2,-2.17E+3,1.45E+2,-2.72E+2,1.46E+2
36,34,70Kr,,,,,,,,1.85E+3,2.12E+2,-1.86E+3,2.83E+2,-1.43E+2,1.80E+2
36,33,69Kr,,,,,,,,1.21E+3,3.25E+2,-1.54E+3,4.24E+2,-3.44E+2,3.27E+2
36,32,68Kr,,,,,,,,1.78E+3,4.15E+2,-1.19E+3,7.07E+2,,
37,55,92Rb,,,,,,,,4.10E+2,7.02,-6.48E+3,6.89,2.49E+2,5.52
37,56,93Rb,,,,,,,,9.52E+2,6.40,-6.77E+3,8.48,4.25E+2,6.67
37,57,94Rb,,,,,,,,6.92E+2,1.09E+1,-6.98E+3,3.92,4.18E+2,4.53
37,58,95Rb,,,,,,,,9.31E+2,1.44E+1,-7.20E+3,2.05E+1,1.47E+1,1.47E+1
37,59,96Rb,,,,,,,,8.50E+2,1.04E+1,-7.54E+3,7.49,-4.22E+2,6.93
37,50,87Rb,,,,,,,,1.91E+3,1.28E-1,-8.00E+3,3.79,1.91E+3,2.10
37,51,88Rb,,,,,,,,5.46E+2,2.71,-7.25E+3,2.57E+1,1.30E+3,1.36E+1
37,52,89Rb,,,,,,,,7.25E+2,5.01,-5.56E+3,6.23,3.11E+2,6.68
37,53,90Rb,,,,,,,,3.63E+2,6.58,-6.15E+3,7.14,3.73E+2,5.77
37,53,90Rb,,,,,,,,3.63E+2,6.58,-6.15E+3,7.14,3.73E+2,5.77
37,54,91Rb,,,,,,,,6.76E+2,7.08,-6.27E+3,8.42,1.95E+2,6.66
37,44,81Rb,,,,,,,,1.27E+3,3.89,-4.64E+3,5.65,-8.17E+1,1.01E+1
37,44,81Rb,,,,,,,,1.27E+3,3.89,-4.64E+3,5.65,-8.17E+1,1.01E+1
37,45,82Rb,,,,,,,,1.07E+3,3.44,-5.16E+3,4.67,-1.79E+2,7.59
37,45,82Rb,,,,,,,,1.07E+3,3.44,-5.16E+3,4.67,-1.79E+2,7.59
37,46,83Rb,,,,,,,,1.09E+3,2.48,-5.42E+3,2.53,-4.72E+2,1.81
37,47,84Rb,,,,,,,,8.60E+2,1.93,-6.29E+3,2.40,-3.35E+2,1.79
37,47,84Rb,,,,,,,,8.60E+2,1.93,-6.29E+3,2.40,-3.35E+2,1.79
37,48,85Rb,,,,,,,,9.14E+2,1.10,-6.61E+3,9.78E-1,-6.76E+2,5.17E-1
37,49,86Rb,,,,,,,,6.35E+2,1.41E-1,-7.67E+3,9.91E-1,7.49E+2,5.35E-1
37,49,86Rb,,,,,,,,6.35E+2,1.41E-1,-7.67E+3,9.91E-1,7.49E+2,5.35E-1
37,40,77Rb,,,,,,,,1.12E+3,1.91,-3.60E+3,6.86,1.51E+2,4.41
37,41,78Rb,,,,,,,,8.81E+2,2.57,-4.07E+3,6.67,2.59E+2,4.61
37,41,78Rb,,,,,,,,8.81E+2,2.57,-4.07E+3,6.67,2.59E+2,4.61
37,42,79Rb,,,,,,,,1.24E+3,2.31,-4.12E+3,4.70,1.46E+2,9.65
37,43,80Rb,,,,,,,,9.54E+2,2.94,-4.31E+3,9.50,8.37E+1,5.29
37,35,72Rb,,,,,,,,7.80E+2,4.15E+2,-1.96E+3,5.63E+2,-1.90E+2,4.05E+2
37,36,73Rb,,,,,,,,8.75E+2,2.53E+2,-2.17E+3,5.85E+1,-3.37E+2,1.07E+2
37,37,74Rb,,,,,,,,-3.00E+2,2.05E+1,-2.91E+3,1.52E+1,1.16E+2,1.49E+2
37,38,75Rb,,,,,,,,1.02E+3,1.78,-3.14E+3,5.52,6.60E+1,4.01E+1
37,39,76Rb,,,,,,,,5.45E+2,1.09,-3.84E+3,1.38,3.74E+2,3.23
37,66,103Rb,,,,,,,,7.82E+2,3.92E+2,,,,
37,67,104Rb,,,,,,,,,,,,,
37,60,97Rb,,,,,,,,6.57E+2,8.32,-8.05E+3,4.30E+2,-4.53E+2,2.15E+2
37,61,98Rb,,,,,,,,4.50E+2,1.15E+1,-9.14E+3,2.01E+2,-4.22E+1,1.00E+2
37,61,98Rb,,,,,,,,4.50E+2,1.15E+1,-9.14E+3,2.01E+2,-4.22E+1,1.00E+2
37,62,99Rb,,,,,,,,8.03E+2,1.07E+1,-9.69E+3,3.00E+2,-3.23E+1,1.50E+2
37,63,100Rb,,,,,,,,5.78E+2,1.39E+1,-1.04E+4,3.00E+2,1.21E+2,1.80E+2
37,64,101Rb,,,,,,,,8.08E+2,4.43E+1,-1.09E+4,4.00E+2,2.82E+2,2.82E+2
37,65,102Rb,,,,,,,,5.99E+2,2.14E+2,-1.16E+4,4.08E+2,3.32E+2,3.25E+2
38,67,105Sr,,,,,,,,7.94E+2,5.13E+2,-1.20E+4,7.07E+2,1.03E+3,4.99E+2
38,68,106Sr,,,,,,,,1.05E+3,6.41E+2,,,,
38,69,107Sr,,,,,,,,,,,,,
38,60,98Sr,,,,,,,,8.72E+2,3.69,-7.49E+3,1.25E+1,-4.22E+1,7.81
38,61,99Sr,,,,,,,,6.01E+2,5.08,-8.78E+3,1.92E+1,5.34E+2,1.09E+1
38,62,100Sr,,,,,,,,8.95E+2,6.89,-9.16E+3,2.04E+1,4.17E+2,1.17E+1
38,63,101Sr,,,,,,,,6.63E+2,3.42E+1,-1.03E+4,1.30E+2,8.84E+2,6.57E+1
38,64,102Sr,,,,,,,,8.42E+2,1.13E+2,-1.04E+4,3.07E+2,7.24E+2,1.86E+2
38,65,103Sr,,,,,,,,6.38E+2,2.16E+2,-1.13E+4,4.47E+2,1.07E+3,2.87E+2
38,66,104Sr,,,,,,,,9.81E+2,3.58E+2,-1.17E+4,5.00E+2,1.05E+3,3.53E+2
38,56,94Sr,,,,,,,,1.24E+3,4.90,-6.31E+3,2.49,7.25E+2,4.48
38,57,95Sr,,,,,,,,7.64E+2,5.95,-6.56E+3,6.22,8.21E+2,6.75
38,58,96Sr,,,,,,,,1.06E+3,6.86,-6.57E+3,8.88,3.47E+2,7.36
38,59,97Sr,,,,,,,,1.08E+3,5.12,-6.86E+3,4.21,-6.78E+1,4.96
38,50,88Sr,,,,,,,,2.37E+3,5.39E-2,-7.90E+3,4.40E-3,2.47E+3,4.72E-2
38,51,89Sr,,,,,,,,7.27E+2,7.27E-1,-7.15E+3,2.00,1.90E+3,1.02
38,52,90Sr,,,,,,,,1.02E+3,2.91,-5.11E+3,1.44,6.83E+2,1.02
38,53,91Sr,,,,,,,,7.57E+2,4.27,-5.36E+3,5.45,4.67E+2,3.88
38,54,92Sr,,,,,,,,9.98E+2,5.24,-5.60E+3,4.30,3.02E+2,2.75
38,55,93Sr,,,,,,,,7.70E+2,5.66,-5.97E+3,7.85,3.49E+2,5.44
38,45,83Sr,,,,,,,,1.53E+3,5.71,-4.78E+3,7.66,-9.71E+1,5.53
38,45,83Sr,,,,,,,,1.53E+3,5.71,-4.78E+3,7.66,-9.71E+1,5.53
38,46,84Sr,,,,,,,,1.69E+3,3.79,-5.18E+3,1.42,-1.11E+2,2.86
38,47,85Sr,,,,,,,,1.48E+3,2.08,-5.83E+3,3.01,-1.83E+2,2.48
38,47,85Sr,,,,,,,,1.48E+3,2.08,-5.83E+3,3.01,-1.83E+2,2.48
38,48,86Sr,,,,,,,,1.53E+3,1.40,-6.35E+3,5.60E-3,-1.59E+2,5.90E-2
38,49,87Sr,,,,,,,,1.34E+3,2.61E-2,-7.31E+3,9.10E-3,9.36E+2,4.75E-2
38,49,87Sr,,,,,,,,1.34E+3,2.61E-2,-7.31E+3,9.10E-3,9.36E+2,4.75E-2
38,40,78Sr,,,,,,,,1.53E+3,7.56,-3.26E+3,7.71,2.00E+2,5.42
38,41,79Sr,,,,,,,,1.26E+3,6.66,-3.58E+3,1.09E+1,3.62E+2,7.36
38,42,80Sr,,,,,,,,1.80E+3,4.71,-3.72E+3,5.30,9.37E+1,4.19
38,43,81Sr,,,,,,,,1.63E+3,4.10,-3.78E+3,3.68,-1.44E+2,4.02
38,44,82Sr,,,,,,,,1.84E+3,5.66,-4.25E+3,5.99,-6.35E+1,4.59
38,35,73Sr,,,,,,,,,,-2.23E+3,5.00E+2,8.00E+1,3.77E+2
38,36,74Sr,,,,,,,,1.51E+3,2.19E+2,-2.15E+3,2.24E+2,-1.47E+2,2.34E+2
38,37,75Sr,,,,,,,,9.07E+2,1.60E+2,-2.71E+3,2.54E+2,6.97E+1,2.25E+2
38,38,76Sr,,,,,,,,2.03E+3,1.12E+2,-2.73E+3,3.53E+1,-1.02E+2,1.52E+2
38,39,77Sr,,,,,,,,9.07E+2,1.84E+1,-3.67E+3,1.02E+1,7.65E+2,4.65E+1
39,69,108Y,,,,,,,,4.41E+2,6.23E+2,-1.17E+4,7.81E+2,1.02E+3,5.14E+2
39,68,107Y,,,,,,,,6.85E+2,5.64E+2,-1.12E+4,6.40E+2,9.10E+2,4.32E+2
39,61,100Y,,,,,,,,5.28E+2,9.27,-8.39E+3,1.16E+1,7.38E+2,8.12
39,61,100Y,,,,,,,,5.28E+2,9.27,-8.39E+3,1.16E+1,7.38E+2,8.12
39,60,99Y,,,,,,,,8.38E+2,8.29,-7.17E+3,2.12E+1,1.84E+2,1.13E+1
39,63,102Y,,,,,,,,5.83E+2,7.22,-9.22E+3,1.65E+1,8.86E+2,8.57
39,63,102Y,,,,,,,,5.83E+2,7.22,-9.22E+3,1.65E+1,8.86E+2,8.57
39,62,101Y,,,,,,,,8.07E+2,7.77,-8.96E+3,7.33,8.37E+2,5.48
39,65,104Y,,,,,,,,4.08E+2,2.56E+2,-1.02E+4,2.01E+2,1.17E+3,1.41E+2
39,64,103Y,,,,,,,,8.27E+2,1.04E+2,-9.76E+3,1.19E+1,1.03E+3,9.10
39,67,106Y,,,,,,,,4.88E+2,5.06E+2,-1.09E+4,5.07E+2,1.00E+3,5.49E+2
39,66,105Y,,,,,,,,6.19E+2,4.11E+2,-1.04E+4,4.00E+2,9.41E+2,3.55E+2
39,70,109Y,,,,,,,,,,,,,
39,58,97Y,,,,,,,,8.06E+2,6.88,-5.92E+3,1.03E+1,3.59E+2,6.42
39,58,97Y,,,,,,,,8.06E+2,6.88,-5.92E+3,1.03E+1,3.59E+2,6.42
39,58,97Y,,,,,,,,8.06E+2,6.88,-5.92E+3,1.03E+1,3.59E+2,6.42
39,57,96Y,,,,,,,,3.31E+2,6.42,-5.98E+3,8.62,1.04E+3,6.61
39,57,96Y,,,,,,,,3.31E+2,6.42,-5.98E+3,8.62,1.04E+3,6.61
39,59,98Y,,,,,,,,1.09E+3,7.31,-6.15E+3,8.17,-1.41E+2,5.82
39,59,98Y,,,,,,,,1.09E+3,7.31,-6.15E+3,8.17,-1.41E+2,5.82
39,50,89Y,,,,,,,,2.31E+3,8.04E-1,-7.96E+3,3.38E-1,3.02E+3,7.82E-1
39,50,89Y,,,,,,,,2.31E+3,8.04E-1,-7.96E+3,3.38E-1,3.02E+3,7.82E-1
39,52,91Y,,,,,,,,6.94E+2,4.74,-4.17E+3,1.84,6.59E+2,1.32
39,52,91Y,,,,,,,,6.94E+2,4.74,-4.17E+3,1.84,6.59E+2,1.32
39,51,90Y,,,,,,,,5.34E+2,9.71E-1,-6.17E+3,4.06E-1,1.93E+3,7.92E-1
39,51,90Y,,,,,,,,5.34E+2,9.71E-1,-6.17E+3,4.06E-1,1.93E+3,7.92E-1
39,54,93Y,,,,,,,,6.43E+2,9.27,-4.93E+3,1.18E+1,5.69E+2,8.17
39,54,93Y,,,,,,,,6.43E+2,9.27,-4.93E+3,1.18E+1,5.69E+2,8.17
39,53,92Y,,,,,,,,4.72E+2,8.36,-4.63E+3,9.12,7.10E+2,6.45
39,56,95Y,,,,,,,,8.67E+2,6.51,-5.88E+3,1.03E+1,1.16E+3,8.61
39,55,94Y,,,,,,,,3.66E+2,7.70,-5.41E+3,9.07,9.06E+2,6.08
39,47,86Y,,,,,,,,1.14E+3,1.37E+1,-5.52E+3,1.44E+1,-1.41E+2,1.02E+1
39,47,86Y,,,,,,,,1.14E+3,1.37E+1,-5.52E+3,1.44E+1,-1.41E+2,1.02E+1
39,46,85Y,,,,,,,,1.25E+3,1.53E+1,-4.81E+3,1.95E+1,-1.99E+2,1.80E+1
39,46,85Y,,,,,,,,1.25E+3,1.53E+1,-4.81E+3,1.95E+1,-1.99E+2,1.80E+1
39,49,88Y,,,,,,,,1.06E+3,1.21,-6.96E+3,2.65,1.19E+3,1.76
39,48,87Y,,,,,,,,1.22E+3,7.15,-6.37E+3,2.58,1.64E+2,2.03
39,48,87Y,,,,,,,,1.22E+3,7.15,-6.37E+3,2.58,1.64E+2,2.03
39,41,80Y,,,,,,,,6.09E+2,4.03E+1,-3.09E+3,6.31,3.11E+2,4.44
39,41,80Y,,,,,,,,6.09E+2,4.03E+1,-3.09E+3,6.31,3.11E+2,4.44
39,40,79Y,,,,,,,,1.14E+3,1.65E+2,-3.00E+3,8.01E+1,3.87E+2,9.88E+1
39,43,82Y,,,,,,,,8.95E+2,1.04E+1,-3.55E+3,6.38,2.93E+1,5.02
39,42,81Y,,,,,,,,1.10E+3,5.64,-3.30E+3,5.56,1.57E+2,4.38
39,45,84Y,,,,,,,,1.12E+3,1.36E+1,-4.14E+3,4.68,-2.79E+2,2.90E+1
39,45,84Y,,,,,,,,1.12E+3,1.36E+1,-4.14E+3,4.68,-2.79E+2,2.90E+1
39,44,83Y,,,,,,,,1.22E+3,1.36E+1,-3.82E+3,1.87E+1,-1.32E+2,1.36E+1
39,44,83Y,,,,,,,,1.22E+3,1.36E+1,-3.82E+3,1.87E+1,-1.32E+2,1.36E+1
39,38,77Y,,,,,,,,1.22E+3,2.72E+2,-2.85E+3,2.07E+2,2.52E+2,2.46E+2
39,37,76Y,,,,,,,,8.92E+2,2.86E+2,-2.34E+3,5.83E+2,-1.25E+2,3.84E+2
39,39,78Y,,,,,,,,-5.62E+1,2.52E+2,-2.68E+3,2.98E+2,3.10E+2,2.58E+2
39,39,78Y,,,,,,,,-5.62E+1,2.52E+2,-2.68E+3,2.98E+2,3.10E+2,2.58E+2
40,69,109Zr,,,,,,,,8.31E+2,5.20E+2,-9.96E+3,7.07E+2,3.09E+2,4.58E+2
40,68,108Zr,,,,,,,,1.01E+3,4.39E+2,-9.61E+3,5.00E+2,3.30E+2,3.35E+2
40,67,107Zr,,,,,,,,7.64E+2,3.30E+2,-9.16E+3,3.61E+2,4.10E+2,2.34E+2
40,66,106Zr,,,,,,,,9.59E+2,2.19E+2,-9.01E+3,2.11E+2,4.02E+2,1.46E+2
40,61,101Zr,,,,,,,,8.16E+2,8.39,-7.00E+3,8.99,2.05E+2,7.62
40,60,100Zr,,,,,,,,9.83E+2,8.83,-5.87E+3,1.17E+1,-2.58E+2,8.42
40,65,105Zr,,,,,,,,7.57E+2,1.06E+2,-8.55E+3,1.47E+1,4.66E+2,1.10E+1
40,64,104Zr,,,,,,,,1.08E+3,1.00E+1,-8.32E+3,1.16E+1,4.34E+2,8.75
40,63,103Zr,,,,,,,,8.40E+2,9.13,-7.71E+3,1.03E+1,2.77E+2,8.33
40,62,102Zr,,,,,,,,1.09E+3,8.77,-7.58E+3,9.33,3.06E+2,7.85
40,58,98Zr,,,,,,,,1.00E+3,7.95,-4.86E+3,8.60,7.84E+1,7.32
40,57,97Zr,,,,,,,,4.23E+2,4.22,-5.27E+3,7.55,1.13E+3,3.78
40,56,96Zr,,,,,,,,1.14E+3,4.48E-1,-4.99E+3,3.42,9.08E+2,1.72
40,55,95Zr,,,,,,,,6.94E+2,6.26E-1,-4.43E+3,5.52,8.48E+2,2.79
40,59,99Zr,,,,,,,,1.21E+3,9.46,-4.92E+3,1.19E+1,-4.19E+2,9.20
40,50,90Zr,,,,,,,,2.38E+3,1.39,-6.67E+3,1.17E-1,2.30E+3,1.09E-1
40,50,90Zr,,,,,,,,2.38E+3,1.39,-6.67E+3,1.17E-1,2.30E+3,1.09E-1
40,54,94Zr,,,,,,,,8.78E+2,5.07E-1,-3.74E+3,1.45,2.35E+2,7.38E-1
40,53,93Zr,,,,,,,,7.42E+2,3.36E-1,-3.33E+3,4.64E-1,2.45E+2,3.35E-1
40,52,92Zr,,,,,,,,9.50E+2,2.44E-1,-2.96E+3,9.43E-2,1.00E+2,8.95E-2
40,51,91Zr,,,,,,,,7.20E+2,1.04E-1,-5.44E+3,9.47E-2,1.59E+3,9.10E-2
40,47,87Zr,,,,,,,,1.45E+3,4.36,-4.97E+3,7.99,-1.56E+2,5.47
40,47,87Zr,,,,,,,,1.45E+3,4.36,-4.97E+3,7.99,-1.56E+2,5.47
40,46,86Zr,,,,,,,,1.70E+3,4.58,-4.38E+3,6.97,-1.22E+2,4.28
40,45,85Zr,,,,,,,,1.52E+3,5.60,-4.07E+3,7.15,-9.63E+1,5.19
40,45,85Zr,,,,,,,,1.52E+3,5.60,-4.07E+3,7.15,-9.63E+1,5.19
40,44,84Zr,,,,,,,,1.87E+3,5.98,-3.53E+3,6.49,-7.73E+1,4.66
40,49,89Zr,,,,,,,,1.32E+3,3.34,-6.19E+3,3.95,9.22E+2,2.41
40,49,89Zr,,,,,,,,1.32E+3,3.34,-6.19E+3,3.95,9.22E+2,2.41
40,48,88Zr,,,,,,,,1.51E+3,4.56,-5.40E+3,5.54,-1.00E+2,3.87
40,43,83Zr,,,,,,,,1.60E+3,5.37,-2.85E+3,9.81,-2.70E+2,6.03
40,42,82Zr,,,,,,,,1.89E+3,4.62E+1,-2.86E+3,7.61,-2.83E+1,4.15
40,41,81Zr,,,,,,,,1.67E+3,1.72E+2,-2.14E+3,9.25E+1,-1.32E+2,6.58E+1
40,40,80Zr,,,,,,,,2.64E+3,2.79E+2,-2.93E+3,3.02E+2,5.51E+2,2.59E+2
40,39,79Zr,,,,,,,,1.07E+3,3.36E+2,-2.57E+3,3.72E+2,2.91E+2,3.11E+2
40,38,78Zr,,,,,,,,1.69E+3,3.71E+2,-2.44E+3,4.12E+2,2.51E+2,3.49E+2
40,37,77Zr,,,,,,,,,,-2.07E+3,5.66E+2,-1.05E+2,4.27E+2
40,72,112Zr,,,,,,,,9.97E+2,5.75E+2,,,,
40,71,111Zr,,,,,,,,8.43E+2,5.85E+2,-1.06E+4,9.22E+2,8.05E+1,5.85E+2
40,70,110Zr,,,,,,,,1.14E+3,5.50E+2,-1.03E+4,7.81E+2,2.29E+2,4.87E+2
40,73,113Zr,,,,,,,,,,,,,
41,73,114Nb,,,,,,,,5.29E+2,4.56E+2,,,,
41,72,113Nb,,,,,,,,6.62E+2,4.27E+2,-1.01E+4,8.06E+2,-1.00E+2,4.92E+2
41,71,112Nb,,,,,,,,5.20E+2,3.67E+2,-9.71E+3,6.71E+2,7.30E+1,3.96E+2
41,70,111Nb,,,,,,,,7.45E+2,5.09E+2,-9.41E+3,5.83E+2,7.70E+1,3.42E+2
41,75,116Nb,,,,,,,,,,,,,
41,74,115Nb,,,,,,,,7.90E+2,4.33E+2,,,,
41,69,110Nb,,,,,,,,4.91E+2,6.52E+2,-8.94E+3,9.76E+2,1.14E+2,6.78E+2
41,69,110Nb,,,,,,,,4.91E+2,6.52E+2,-8.94E+3,9.76E+2,1.14E+2,6.78E+2
41,68,109Nb,,,,,,,,7.62E+2,5.18E+2,-8.54E+3,5.88E+2,-8.32E-1,3.64E+2
41,67,108Nb,,,,,,,,6.61E+2,2.15E+2,-7.89E+3,2.00E+2,-1.24E+2,1.00E+2
41,62,103Nb,,,,,,,,9.74E+2,3.18,-6.80E+3,7.69,3.31E+2,6.11
41,61,102Nb,,,,,,,,6.61E+2,3.24,-6.43E+3,8.30,2.65E+2,7.50
41,61,102Nb,,,,,,,,6.61E+2,3.24,-6.43E+3,8.30,2.65E+2,7.50
41,60,101Nb,,,,,,,,8.46E+2,4.95,-5.20E+3,7.68,-3.09E+2,1.81E+1
41,66,107Nb,,,,,,,,8.49E+2,7.04,-7.69E+3,1.37E+1,-1.70E+1,9.56
41,65,106Nb,,,,,,,,6.16E+2,4.60,-7.45E+3,4.31,9.90E+1,5.26
41,64,105Nb,,,,,,,,9.08E+2,3.07,-7.28E+3,8.14,2.46E+2,6.63
41,63,104Nb,,,,,,,,6.61E+2,3.08,-6.91E+3,1.13E+1,1.88E+2,7.21
41,63,104Nb,,,,,,,,6.61E+2,3.08,-6.91E+3,1.13E+1,1.88E+2,7.21
41,59,100Nb,,,,,,,,8.22E+2,8.45,-3.88E+3,1.00E+1,-6.23E+2,1.39E+1
41,59,100Nb,,,,,,,,8.22E+2,8.45,-3.88E+3,1.00E+1,-6.23E+2,1.39E+1
41,58,99Nb,,,,,,,,6.77E+2,9.70,-3.55E+3,1.37E+1,-5.70E+2,1.03E+1
41,58,99Nb,,,,,,,,6.77E+2,9.70,-3.55E+3,1.37E+1,-5.70E+2,1.03E+1
41,57,98Nb,,,,,,,,4.44E+2,7.28,-3.59E+3,8.10,6.24E+1,6.60
41,57,98Nb,,,,,,,,4.44E+2,7.28,-3.59E+3,8.10,6.24E+1,6.60
41,56,97Nb,,,,,,,,1.03E+3,3.90,-3.80E+3,1.13E+1,3.16E+2,1.34E+1
41,56,97Nb,,,,,,,,1.03E+3,3.90,-3.80E+3,1.13E+1,3.16E+2,1.34E+1
41,51,92Nb,,,,,,,,4.72E+2,2.07,-4.57E+3,2.33,1.39E+3,2.96
41,51,92Nb,,,,,,,,4.72E+2,2.07,-4.57E+3,2.33,1.39E+3,2.96
41,50,91Nb,,,,,,,,2.08E+3,2.80,-6.04E+3,3.13,2.11E+3,3.32
41,50,91Nb,,,,,,,,2.08E+3,2.80,-6.04E+3,3.13,2.11E+3,3.32
41,55,96Nb,,,,,,,,5.91E+2,2.14,-3.21E+3,9.12,1.84E+2,4.61
41,54,95Nb,,,,,,,,8.00E+2,8.33E-1,-2.85E+3,1.91,-5.33E+1,1.08
41,54,95Nb,,,,,,,,8.00E+2,8.33E-1,-2.85E+3,1.91,-5.33E+1,1.08
41,53,94Nb,,,,,,,,6.30E+2,1.31,-2.29E+3,1.53,-9.55E+1,1.99
41,53,94Nb,,,,,,,,6.30E+2,1.31,-2.29E+3,1.53,-9.55E+1,1.99
41,52,93Nb,,,,,,,,8.01E+2,1.56,-1.92E+3,1.52,-2.54E+2,2.31
41,52,93Nb,,,,,,,,8.01E+2,1.56,-1.92E+3,1.52,-2.54E+2,2.31
41,48,89Nb,,,,,,,,1.20E+3,3.34E+1,-5.20E+3,3.02E+1,-9.83E+1,1.92E+1
41,48,89Nb,,,,,,,,1.20E+3,3.34E+1,-5.20E+3,3.02E+1,-9.83E+1,1.92E+1
41,47,88Nb,,,,,,,,1.07E+3,4.26E+1,-4.70E+3,5.79E+1,-2.38E+2,4.09E+1
41,47,88Nb,,,,,,,,1.07E+3,4.26E+1,-4.70E+3,5.79E+1,-2.38E+2,4.09E+1
41,46,87Nb,,,,,,,,1.22E+3,2.94E+1,-4.09E+3,1.98E+1,-2.21E+2,1.05E+1
41,46,87Nb,,,,,,,,1.22E+3,2.94E+1,-4.09E+3,1.98E+1,-2.21E+2,1.05E+1
41,45,86Nb,,,,,,,,9.43E+2,5.55,-3.49E+3,7.77,-2.60E+2,4.78
41,49,90Nb,,,,,,,,9.70E+2,1.21E+1,-5.80E+3,1.45E+1,9.40E+2,7.72
41,49,90Nb,,,,,,,,9.70E+2,1.21E+1,-5.80E+3,1.45E+1,9.40E+2,7.72
41,40,81Nb,,,,,,,,1.25E+3,3.85E+2,-2.34E+3,4.48E+2,2.16E+2,3.60E+2
41,44,85Nb,,,,,,,,1.11E+3,3.99,-2.99E+3,6.78,-2.74E+2,4.39
41,44,85Nb,,,,,,,,1.11E+3,3.99,-2.99E+3,6.78,-2.74E+2,4.39
41,43,84Nb,,,,,,,,7.52E+2,8.10E+1,-2.47E+3,6.25,-2.15E+2,3.74
41,42,83Nb,,,,,,,,1.10E+3,2.00E+2,-2.23E+3,1.80E+2,-1.33E+2,1.21E+2
41,41,82Nb,,,,,,,,1.88E+2,3.18E+2,-2.06E+3,4.23E+2,-6.20E+1,2.99E+2
42,70,112Mo,,,,,,,,1.19E+3,2.32E+2,-8.95E+3,4.47E+2,-2.95E+1,2.44E+2
42,75,117Mo,,,,,,,,1.01E+3,4.68E+2,-1.17E+4,5.83E+2,2.09E+2,4.32E+2
42,76,118Mo,,,,,,,,1.15E+3,4.44E+2,,,,
42,77,119Mo,,,,,,,,,,,,,
42,71,113Mo,,,,,,,,9.81E+2,3.15E+2,-9.34E+3,5.83E+2,4.00E+1,3.92E+2
42,72,114Mo,,,,,,,,1.11E+3,3.42E+2,-9.88E+3,5.83E+2,7.00E+1,3.42E+2
42,73,115Mo,,,,,,,,8.82E+2,3.77E+2,-1.04E+4,7.21E+2,2.69E+2,4.38E+2
42,74,116Mo,,,,,,,,1.02E+3,4.38E+2,-1.12E+4,8.60E+2,1.40E+2,5.36E+2
42,68,110Mo,,,,,,,,1.23E+3,1.90E+1,-8.21E+3,2.02E+2,5.03E+1,1.01E+2
42,69,111Mo,,,,,,,,1.05E+3,1.13E+2,-8.34E+3,3.00E+2,-1.22E+2,1.50E+2
42,69,111Mo,,,,,,,,1.05E+3,1.13E+2,-8.34E+3,3.00E+2,-1.22E+2,1.50E+2
42,64,106Mo,,,,,,,,1.19E+3,9.13,-6.97E+3,1.26E+1,3.00E+2,8.98
42,65,107Mo,,,,,,,,8.93E+2,9.19,-7.16E+3,1.30E+1,2.47E+2,9.33
42,66,108Mo,,,,,,,,1.14E+3,9.75,-7.45E+3,1.31E+1,7.50E+1,9.34
42,67,109Mo,,,,,,,,9.83E+2,1.51E+1,-7.62E+3,1.64E+1,-3.76,2.15E+1
42,60,102Mo,,,,,,,,1.32E+3,7.46,-4.70E+3,1.18E+1,-2.41E+2,7.71
42,61,103Mo,,,,,,,,9.97E+2,8.92,-5.76E+3,1.39E+1,2.14E+2,9.42
42,62,104Mo,,,,,,,,1.20E+3,9.02,-6.39E+3,1.20E+1,3.26E+2,8.66
42,63,105Mo,,,,,,,,9.05E+2,9.03,-6.59E+3,1.23E+1,3.81E+2,8.85
42,57,99Mo,,,,,,,,1.18E+3,2.37E-1,-2.73E+3,8.98E-1,-4.93E+2,5.12E-1
42,58,100Mo,,,,,,,,1.44E+3,2.87E-1,-3.17E+3,3.21E-1,-5.74E+2,1.25
42,59,101Mo,,,,,,,,1.35E+3,4.16,-3.00E+3,3.31E-1,-9.15E+2,1.25
42,53,95Mo,,,,,,,,8.92E+2,1.28E-1,-2.24E+3,1.55E-1,-4.86E+1,1.97E-1
42,54,96Mo,,,,,,,,1.16E+3,1.35E-1,-2.76E+3,1.52E-1,-4.83E+1,1.96E-1
42,55,97Mo,,,,,,,,9.10E+2,1.58E-1,-2.84E+3,4.84E-1,4.63,3.28E-1
42,56,98Mo,,,,,,,,1.35E+3,1.87E-1,-3.27E+3,2.38E-1,-7.19E+1,2.54E-1
42,50,92Mo,,,,,,,,2.30E+3,3.12,-5.60E+3,5.40,1.95E+3,2.70
42,51,93Mo,,,,,,,,8.04E+2,1.68E-1,-4.35E+3,2.78,1.30E+3,1.96
42,51,93Mo,,,,,,,,8.04E+2,1.68E-1,-4.35E+3,2.78,1.30E+3,1.96
42,52,94Mo,,,,,,,,1.15E+3,1.49E-1,-2.06E+3,1.83E-1,-8.46E+1,3.23
42,46,88Mo,,,,,,,,1.73E+3,3.62,-3.68E+3,6.69,-1.74E+2,4.08
42,47,89Mo,,,,,,,,1.41E+3,3.78,-4.26E+3,7.52,-1.81E+2,4.36
42,47,89Mo,,,,,,,,1.41E+3,3.78,-4.26E+3,7.52,-1.81E+2,4.36
42,48,90Mo,,,,,,,,1.56E+3,4.42,-4.62E+3,4.97,-1.03E+2,3.41
42,49,91Mo,,,,,,,,1.28E+3,4.74,-5.28E+3,7.49,8.06E+2,6.80
42,49,91Mo,,,,,,,,1.28E+3,4.74,-5.28E+3,7.49,8.06E+2,6.80
42,42,84Mo,,,,,,,,2.23E+3,3.15E+2,-1.83E+3,4.23E+2,-3.79E+2,2.99E+2
42,43,85Mo,,,,,,,,1.62E+3,1.68E+2,-2.41E+3,9.35E+1,-4.37E+2,4.89E+1
42,44,86Mo,,,,,,,,1.91E+3,8.30,-2.92E+3,3.33,-1.38E+2,2.89
42,45,87Mo,,,,,,,,1.51E+3,3.14,-3.39E+3,7.03,-1.90E+2,3.95
42,45,87Mo,,,,,,,,1.51E+3,3.14,-3.39E+3,7.03,-1.90E+2,3.95
42,40,82Mo,,,,,,,,1.46E+3,4.31E+2,-1.94E+3,5.65E+2,6.00E+1,3.99E+2
42,41,83Mo,,,,,,,,9.11E+2,3.95E+2,-1.99E+3,5.00E+2,9.00E+1,3.77E+2
42,39,81Mo,,,,,,,,,,-2.28E+3,6.40E+2,3.45E+2,4.76E+2
43,58,101Tc,,,,,,,,1.04E+3,1.75E+1,-3.16E+3,2.43E+1,-3.82E+2,1.71E+1
43,59,102Tc,,,,,,,,9.01E+2,1.44E+1,-3.47E+3,1.04E+1,-3.70E+2,7.37
43,59,102Tc,,,,,,,,9.01E+2,1.44E+1,-3.47E+3,1.04E+1,-3.70E+2,7.37
43,54,97Tc,,,,,,,,1.09E+3,4.23,-2.43E+3,4.37,-8.81E+1,4.18
43,54,97Tc,,,,,,,,1.09E+3,4.23,-2.43E+3,4.37,-8.81E+1,4.18
43,55,98Tc,,,,,,,,8.43E+2,3.18,-2.48E+3,3.69,-1.43E+2,4.06
43,56,99Tc,,,,,,,,1.10E+3,1.93,-2.96E+3,1.03,-8.11E+1,1.33
43,56,99Tc,,,,,,,,1.10E+3,1.93,-2.96E+3,1.03,-8.11E+1,1.33
43,57,100Tc,,,,,,,,8.15E+2,1.20E+1,-2.84E+3,1.35,-2.60E+2,1.49
43,50,93Tc,,,,,,,,2.06E+3,2.65,-5.40E+3,2.36E+1,1.99E+3,2.13E+1
43,50,93Tc,,,,,,,,2.06E+3,2.65,-5.40E+3,2.36E+1,1.99E+3,2.13E+1
43,51,94Tc,,,,,,,,6.55E+2,3.87,-3.92E+3,5.25,1.23E+3,6.81
43,51,94Tc,,,,,,,,6.55E+2,3.87,-3.92E+3,5.25,1.23E+3,6.81
43,52,95Tc,,,,,,,,1.03E+3,4.86,-1.80E+3,5.86,-8.99E+1,1.04E+1
43,52,95Tc,,,,,,,,1.03E+3,4.86,-1.80E+3,5.86,-8.99E+1,1.04E+1
43,53,96Tc,,,,,,,,8.01E+2,4.89,-1.79E+3,5.44,-2.00E+2,9.80
43,53,96Tc,,,,,,,,8.01E+2,4.89,-1.79E+3,5.44,-2.00E+2,9.80
43,47,90Tc,,,,,,,,9.66E+2,2.36,-4.01E+3,5.59,-2.96E+2,3.30
43,47,90Tc,,,,,,,,9.66E+2,2.36,-4.01E+3,5.59,-2.96E+2,3.30
43,48,91Tc,,,,,,,,1.16E+3,2.33,-4.53E+3,7.20,-1.20E+2,4.25
43,48,91Tc,,,,,,,,1.16E+3,2.33,-4.53E+3,7.20,-1.20E+2,4.25
43,49,92Tc,,,,,,,,8.70E+2,2.54,-5.17E+3,5.78E+1,9.96E+2,2.94E+1
43,43,86Tc,,,,,,,,1.84E+2,2.80E+2,-2.18E+3,4.24E+2,-1.51E+2,2.78E+2
43,44,87Tc,,,,,,,,1.06E+3,1.29E+2,-2.50E+3,1.62E+2,-4.00E+2,1.69E+2
43,45,88Tc,,,,,,,,8.72E+2,4.05,-2.90E+3,4.11,-4.26E+2,3.63
43,45,88Tc,,,,,,,,8.72E+2,4.05,-2.90E+3,4.11,-4.26E+2,3.63
43,46,89Tc,,,,,,,,1.19E+3,3.42,-3.54E+3,5.60,-2.50E+2,3.63
43,46,89Tc,,,,,,,,1.19E+3,3.42,-3.54E+3,5.60,-2.50E+2,3.63
43,42,85Tc,,,,,,,,1.19E+3,3.88E+2,-1.91E+3,5.65E+2,-1.56E+2,3.90E+2
43,70,113Tc,,,,,,,,8.81E+2,2.16E+2,-8.54E+3,4.30E+2,1.82E+1,2.15E+2
43,71,114Tc,,,,,,,,7.05E+2,3.27E+2,-8.71E+3,9.43E+2,1.91,5.19E+2
43,71,114Tc,,,,,,,,7.05E+2,3.27E+2,-8.71E+3,9.43E+2,1.91,5.19E+2
43,76,119Tc,,,,,,,,9.87E+2,4.49E+2,-1.17E+4,7.07E+2,1.34E+2,4.76E+2
43,77,120Tc,,,,,,,,8.04E+2,4.80E+2,-1.21E+4,5.83E+2,2.95E+1,4.32E+2
43,78,121Tc,,,,,,,,8.83E+2,4.35E+2,,,,
43,79,122Tc,,,,,,,,,,,,,
43,72,115Tc,,,,,,,,8.81E+2,3.21E+2,-9.26E+3,3.58E+2,-9.50E+1,2.04E+2
43,73,116Tc,,,,,,,,7.19E+2,3.23E+2,-9.56E+3,4.23E+2,-1.31E+2,2.77E+2
43,74,117Tc,,,,,,,,8.54E+2,3.51E+2,-1.03E+4,5.65E+2,-9.00E+1,4.64E+2
43,75,118Tc,,,,,,,,8.50E+2,3.87E+2,-1.07E+4,6.40E+2,-1.29E+2,4.06E+2
43,69,112Tc,,,,,,,,6.59E+2,6.78,-8.13E+3,9.91,1.18E+2,3.73E+1
43,60,103Tc,,,,,,,,1.06E+3,1.49E+1,-4.69E+3,1.54E+1,4.39,1.09E+1
43,65,108Tc,,,,,,,,5.93E+2,8.98,-6.53E+3,8.94,1.51E+2,2.29E+1
43,66,109Tc,,,,,,,,8.04E+2,9.40,-6.79E+3,1.04E+1,-5.84E+1,7.96
43,67,110Tc,,,,,,,,6.19E+2,9.81,-7.25E+3,9.60,7.80E+1,3.64E+1
43,68,111Tc,,,,,,,,8.77E+2,9.27,-7.72E+3,1.32E+1,4.81E+1,9.24
43,61,104Tc,,,,,,,,9.46E+2,2.53E+1,-5.13E+3,2.61E+1,8.77E+1,1.93E+1
43,62,105Tc,,,,,,,,1.14E+3,2.85E+1,-5.81E+3,3.54E+1,3.40E+2,2.50E+1
43,63,106Tc,,,,,,,,7.41E+2,2.01E+1,-5.90E+3,1.25E+1,2.12E+2,1.24E+1
43,64,107Tc,,,,,,,,9.00E+2,9.71,-6.14E+3,9.51,8.36E+1,7.29
44,81,125Ru,,,,,,,,,,,,,
44,80,124Ru,,,,,,,,1.14E+3,5.18E+2,,,,
44,70,114Ru,,,,,,,,1.23E+3,2.30E+1,-8.11E+3,2.44E+1,2.59E+2,1.24E+1
44,72,116Ru,,,,,,,,1.27E+3,2.16E+2,-9.01E+3,2.00E+2,1.89E+2,1.00E+2
44,71,115Ru,,,,,,,,1.03E+3,1.79E+1,-8.59E+3,2.81E+1,4.31E+2,1.93E+1
44,78,122Ru,,,,,,,,1.19E+3,4.61E+2,-1.18E+4,7.07E+2,-3.00E+2,4.76E+2
44,77,121Ru,,,,,,,,1.11E+3,3.97E+2,-1.13E+4,6.40E+2,-2.04E+2,4.26E+2
44,79,123Ru,,,,,,,,1.13E+3,5.25E+2,-1.23E+4,5.83E+2,-3.50E+2,4.58E+2
44,74,118Ru,,,,,,,,1.23E+3,3.26E+2,-9.74E+3,3.61E+2,-1.48E+2,2.06E+2
44,73,117Ru,,,,,,,,1.06E+3,3.28E+2,-9.26E+3,5.27E+2,7.38E+1,3.41E+2
44,76,120Ru,,,,,,,,1.35E+3,3.60E+2,-1.09E+4,6.40E+2,-8.50E+1,4.06E+2
44,75,119Ru,,,,,,,,1.27E+3,3.31E+2,-9.95E+3,5.00E+2,-4.10E+2,4.90E+2
44,61,105Ru,,,,,,,,1.27E+3,3.45,-4.83E+3,2.49,3.71E+2,1.85
44,60,104Ru,,,,,,,,1.49E+3,2.17,-4.32E+3,2.49,2.37E+2,1.85
44,67,111Ru,,,,,,,,1.06E+3,9.47,-6.66E+3,1.33E+1,2.99E+2,1.06E+1
44,66,110Ru,,,,,,,,1.31E+3,9.12,-6.36E+3,1.27E+1,2.63E+2,8.52
44,69,113Ru,,,,,,,,1.05E+3,2.75E+1,-7.63E+3,3.98E+1,3.26E+2,2.78E+1
44,69,113Ru,,,,,,,,1.05E+3,2.75E+1,-7.63E+3,3.98E+1,3.26E+2,2.78E+1
44,68,112Ru,,,,,,,,1.30E+3,2.08E+1,-7.30E+3,1.33E+1,3.40E+2,8.94
44,63,107Ru,,,,,,,,1.12E+3,7.98,-5.33E+3,1.26E+1,3.92E+2,7.68
44,62,106Ru,,,,,,,,1.42E+3,5.91,-5.18E+3,9.90,3.77E+2,5.64
44,65,109Ru,,,,,,,,1.12E+3,8.87,-5.83E+3,1.27E+1,2.77E+2,8.52
44,64,108Ru,,,,,,,,1.36E+3,8.74,-5.74E+3,1.24E+1,3.29E+2,8.25
44,59,103Ru,,,,,,,,1.33E+3,1.30,-3.72E+3,4.94E-1,9.57E+1,6.83E-1
44,50,94Ru,,,,,,,,2.24E+3,5.34,-4.83E+3,4.67,1.83E+3,3.68
44,56,100Ru,,,,,,,,1.43E+3,3.61E-1,-2.85E+3,3.61E-1,1.32E+2,7.11E-1
44,55,99Ru,,,,,,,,1.10E+3,3.24,-2.33E+3,3.63E-1,4.09E+1,4.43E-1
44,58,102Ru,,,,,,,,1.49E+3,4.23E-1,-3.41E+3,4.49E-1,9.46E+1,6.29E-1
44,57,101Ru,,,,,,,,1.20E+3,3.97E-1,-2.83E+3,4.43E-1,-2.31E+1,6.42E-1
44,52,96Ru,,,,,,,,1.29E+3,4.94,-1.69E+3,2.31E-1,6.97E+1,8.81
44,51,95Ru,,,,,,,,8.74E+2,6.89,-3.67E+3,1.13E+1,1.26E+3,7.83
44,54,98Ru,,,,,,,,1.35E+3,4.77,-2.23E+3,6.46,6.63E+1,4.57
44,53,97Ru,,,,,,,,1.03E+3,3.77,-1.73E+3,2.76,9.52E-1,3.01
44,49,93Ru,,,,,,,,1.22E+3,2.53,-4.62E+3,4.42,8.06E+2,3.43
44,49,93Ru,,,,,,,,1.22E+3,2.53,-4.62E+3,4.42,8.06E+2,3.43
44,48,92Ru,,,,,,,,1.57E+3,2.44,-4.03E+3,4.68,-1.33E+2,3.42
44,45,89Ru,,,,,,,,1.25E+3,1.33E+2,-3.28E+3,2.89E+1,1.23E+2,1.85E+2
44,44,88Ru,,,,,,,,2.33E+3,2.86E+2,-2.59E+3,4.23E+2,-1.35E+2,3.11E+2
44,47,91Ru,,,,,,,,1.35E+3,2.78,-3.77E+3,3.61,-1.85E+2,2.60
44,47,91Ru,,,,,,,,1.35E+3,2.78,-3.77E+3,3.61,-1.85E+2,2.60
44,46,90Ru,,,,,,,,1.57E+3,1.24E+1,-3.19E+3,4.74,-2.22E+2,3.70
44,41,85Ru,,,,,,,,,,-1.59E+3,7.07E+2,,
44,43,87Ru,,,,,,,,1.34E+3,3.97E+2,-1.81E+3,5.66E+2,-5.25E+2,4.05E+2
44,42,86Ru,,,,,,,,1.54E+3,4.52E+2,-1.82E+3,5.65E+2,-2.69E+2,3.99E+2
45,82,127Rh,,,,,,,,1.49E+3,5.30E+2,,,,
45,81,126Rh,,,,,,,,5.98E+2,5.38E+2,-1.33E+4,5.83E+2,1.09E+3,4.38E+2
45,83,128Rh,,,,,,,,,,,,,
45,80,125Rh,,,,,,,,8.43E+2,4.72E+2,-1.27E+4,7.07E+2,1.24E+2,4.76E+2
45,71,116Rh,,,,,,,,8.27E+2,5.25E+1,-7.90E+3,7.40E+1,2.80E+2,5.23E+1
45,71,116Rh,,,,,,,,8.27E+2,5.25E+1,-7.90E+3,7.40E+1,2.80E+2,5.23E+1
45,70,115Rh,,,,,,,,1.00E+3,5.16E+1,-7.62E+3,1.28E+1,3.94E+2,1.04E+1
45,73,118Rh,,,,,,,,9.72E+2,1.83E+1,-8.71E+3,4.33E+2,3.36E+1,2.18E+2
45,73,118Rh,,,,,,,,9.72E+2,1.83E+1,-8.71E+3,4.33E+2,3.36E+1,2.18E+2
45,72,117Rh,,,,,,,,1.08E+3,3.93E+1,-8.51E+3,9.50,2.89E+2,8.88
45,79,124Rh,,,,,,,,7.75E+2,4.07E+2,-1.21E+4,6.40E+2,-1.45E+2,4.06E+2
45,78,123Rh,,,,,,,,8.91E+2,3.42E+2,-1.14E+4,6.40E+2,-2.19E+2,3.90E+2
45,75,120Rh,,,,,,,,9.69E+2,3.53E+2,-9.83E+3,3.59E+2,-1.02E+2,2.41E+2
45,74,119Rh,,,,,,,,1.09E+3,1.20E+2,-9.45E+3,1.96E+2,1.40E+2,9.94E+1
45,77,122Rh,,,,,,,,8.38E+2,3.99E+2,-1.10E+4,5.00E+2,-1.26E+2,3.08E+2
45,76,121Rh,,,,,,,,1.02E+3,4.70E+2,-1.05E+4,7.37E+2,-7.98E+1,5.27E+2
45,60,105Rh,,,,,,,,1.19E+3,3.41,-3.93E+3,2.41E+1,3.19E+2,1.21E+1
45,60,105Rh,,,,,,,,1.19E+3,3.41,-3.93E+3,2.41E+1,3.19E+2,1.21E+1
45,62,107Rh,,,,,,,,1.16E+3,1.13E+1,-4.68E+3,1.55E+1,4.54E+2,9.85
45,61,106Rh,,,,,,,,9.94E+2,7.23,-4.21E+3,1.04E+1,3.47E+2,5.90
45,61,106Rh,,,,,,,,9.94E+2,7.23,-4.21E+3,1.04E+1,3.47E+2,5.90
45,68,113Rh,,,,,,,,1.04E+3,4.23E+1,-6.90E+3,1.20E+1,5.34E+2,9.73
45,67,112Rh,,,,,,,,8.04E+2,3.15E+1,-6.23E+3,4.49E+1,4.98E+2,3.15E+1
45,67,112Rh,,,,,,,,8.04E+2,3.15E+1,-6.23E+3,4.49E+1,4.98E+2,3.15E+1
45,69,114Rh,,,,,,,,7.87E+2,5.08E+1,-7.10E+3,7.21E+1,4.16E+2,5.08E+1
45,69,114Rh,,,,,,,,7.87E+2,5.08E+1,-7.10E+3,7.21E+1,4.16E+2,5.08E+1
45,64,109Rh,,,,,,,,1.06E+3,1.16E+1,-5.13E+3,3.54E+1,3.42E+2,1.97E+1
45,63,108Rh,,,,,,,,9.00E+2,1.17E+1,-4.95E+3,2.85E+1,4.89E+2,1.59E+1
45,63,108Rh,,,,,,,,9.00E+2,1.17E+1,-4.95E+3,2.85E+1,4.89E+2,1.59E+1
45,66,111Rh,,,,,,,,1.02E+3,2.42E+1,-5.97E+3,1.10E+1,4.37E+2,1.12E+1
45,65,110Rh,,,,,,,,8.22E+2,1.32E+1,-5.47E+3,2.15E+1,4.75E+2,1.41E+1
45,65,110Rh,,,,,,,,8.22E+2,1.32E+1,-5.47E+3,2.15E+1,4.75E+2,1.41E+1
45,51,96Rh,,,,,,,,7.81E+2,1.91E+1,-3.18E+3,1.04E+1,1.15E+3,7.65
45,51,96Rh,,,,,,,,7.81E+2,1.91E+1,-3.18E+3,1.04E+1,1.15E+3,7.65
45,50,95Rh,,,,,,,,2.04E+3,5.95,-4.77E+3,4.54,1.99E+3,4.33
45,50,95Rh,,,,,,,,2.04E+3,5.95,-4.77E+3,4.54,1.99E+3,4.33
45,57,102Rh,,,,,,,,9.38E+2,5.50,-2.77E+3,7.24,9.60E+1,5.06
45,57,102Rh,,,,,,,,9.38E+2,5.50,-2.77E+3,7.24,9.60E+1,5.06
45,56,101Rh,,,,,,,,1.22E+3,1.04E+1,-2.61E+3,7.14,2.64E+2,5.14
45,56,101Rh,,,,,,,,1.22E+3,1.04E+1,-2.61E+3,7.14,2.64E+2,5.14
45,59,104Rh,,,,,,,,9.82E+2,2.34,-3.36E+3,2.66,1.45E+2,2.12
45,59,104Rh,,,,,,,,9.82E+2,2.34,-3.36E+3,2.66,1.45E+2,2.12
45,58,103Rh,,,,,,,,1.16E+3,3.77,-3.12E+3,2.46,1.64E+2,2.06
45,58,103Rh,,,,,,,,1.16E+3,3.77,-3.12E+3,2.46,1.64E+2,2.06
45,53,98Rh,,,,,,,,9.15E+2,2.19E+1,-1.44E+3,1.25E+1,-2.72E+1,9.57
45,53,98Rh,,,,,,,,9.15E+2,2.19E+1,-1.44E+3,1.25E+1,-2.72E+1,9.57
45,52,97Rh,,,,,,,,1.16E+3,2.62E+1,-1.41E+3,3.54E+1,1.27E+2,2.51E+1
45,52,97Rh,,,,,,,,1.16E+3,2.62E+1,-1.41E+3,3.54E+1,1.27E+2,2.51E+1
45,55,100Rh,,,,,,,,9.07E+2,1.63E+1,-2.19E+3,1.88E+1,1.22E+2,1.32E+1
45,55,100Rh,,,,,,,,9.07E+2,1.63E+1,-2.19E+3,1.88E+1,1.22E+2,1.32E+1
45,54,99Rh,,,,,,,,1.20E+3,1.75E+1,-1.98E+3,2.01E+1,1.72E+2,1.41E+1
45,54,99Rh,,,,,,,,1.20E+3,1.75E+1,-1.98E+3,2.01E+1,1.72E+2,1.41E+1
45,49,94Rh,,,,,,,,7.68E+2,3.34,-4.60E+3,3.53,1.01E+3,1.66E+1
45,49,94Rh,,,,,,,,7.68E+2,3.34,-4.60E+3,3.53,1.01E+3,1.66E+1
45,46,91Rh,,,,,,,,1.24E+3,2.13E+2,-3.30E+3,2.98E+2,-2.28E+2,2.90E+2
45,46,91Rh,,,,,,,,1.24E+3,2.13E+2,-3.30E+3,2.98E+2,-2.28E+2,2.90E+2
45,45,90Rh,,,,,,,,4.74E+2,2.57E+2,-2.48E+3,3.61E+2,-3.52E+2,2.87E+2
45,45,90Rh,,,,,,,,4.74E+2,2.57E+2,-2.48E+3,3.61E+2,-3.52E+2,2.87E+2
45,48,93Rh,,,,,,,,1.05E+3,3.33,-4.04E+3,4.63,-1.37E+2,6.57
45,48,93Rh,,,,,,,,1.05E+3,3.33,-4.04E+3,4.63,-1.37E+2,6.57
45,47,92Rh,,,,,,,,7.88E+2,1.36E+2,-3.75E+3,5.99,-9.18E+1,4.51E+1
45,47,92Rh,,,,,,,,7.88E+2,1.36E+2,-3.75E+3,5.99,-9.18E+1,4.51E+1
45,44,89Rh,,,,,,,,1.43E+3,3.46E+2,-2.22E+3,5.38E+2,-4.74E+2,3.80E+2
46,83,129Pd,,,,,,,,6.64E+2,5.38E+2,-1.19E+4,6.71E+2,1.62E+3,4.60E+2
46,82,128Pd,,,,,,,,1.82E+3,5.47E+2,-1.32E+4,7.81E+2,2.36E+3,4.64E+2
46,85,131Pd,,,,,,,,,,,,,
46,84,130Pd,,,,,,,,8.91E+2,3.93E+2,,,,
46,81,127Pd,,,,,,,,8.59E+2,4.79E+2,-1.30E+4,7.07E+2,1.33E+3,4.33E+2
46,80,126Pd,,,,,,,,1.22E+3,4.13E+2,-1.24E+4,6.40E+2,3.41E+2,3.77E+2
46,80,126Pd,,,,,,,,1.22E+3,4.13E+2,-1.24E+4,6.40E+2,3.41E+2,3.77E+2
46,72,118Pd,,,,,,,,1.47E+3,5.76,-7.59E+3,4.22,-2.84E+1,2.70
46,71,117Pd,,,,,,,,1.18E+3,6.37,-6.98E+3,3.89E+1,-4.69E+1,1.98E+1
46,74,120Pd,,,,,,,,1.48E+3,4.73,-8.63E+3,4.37,-1.04E+2,2.79
46,73,119Pd,,,,,,,,1.42E+3,6.07,-7.72E+3,2.64E+1,-3.52E+2,1.39E+1
46,73,119Pd,,,,,,,,1.42E+3,6.07,-7.72E+3,2.64E+1,-3.52E+2,1.39E+1
46,70,116Pd,,,,,,,,1.40E+3,9.19,-6.62E+3,1.19E+1,3.69E+1,7.20
46,79,125Pd,,,,,,,,1.16E+3,3.48E+2,-1.17E+4,5.65E+2,8.85E+1,3.46E+2
46,76,122Pd,,,,,,,,1.31E+3,3.94E+2,-1.00E+4,2.01E+2,-1.17E+1,1.00E+2
46,75,121Pd,,,,,,,,1.26E+3,1.01E+1,-9.11E+3,4.33E+2,-2.36E+2,2.16E+2
46,78,124Pd,,,,,,,,1.20E+3,4.70E+2,-1.11E+4,5.00E+2,-7.90E+1,2.91E+2
46,77,123Pd,,,,,,,,1.07E+3,5.71E+2,-1.07E+4,8.45E+2,1.93E+1,5.78E+2
46,77,123Pd,,,,,,,,1.07E+3,5.71E+2,-1.07E+4,8.45E+2,1.93E+1,5.78E+2
46,61,107Pd,,,,,,,,1.34E+3,1.15,-3.53E+3,1.27,1.12E+2,8.93E-1
46,61,107Pd,,,,,,,,1.34E+3,1.15,-3.53E+3,1.27,1.12E+2,8.93E-1
46,60,106Pd,,,,,,,,1.51E+3,1.13,-3.22E+3,1.17,1.80E+2,8.29E-1
46,63,109Pd,,,,,,,,1.32E+3,1.01,-4.09E+3,2.73,1.17E+2,1.48
46,63,109Pd,,,,,,,,1.32E+3,1.01,-4.09E+3,2.73,1.17E+2,1.48
46,62,108Pd,,,,,,,,1.53E+3,1.13,-3.85E+3,2.73,1.88E+2,1.47
46,69,115Pd,,,,,,,,1.23E+3,1.07E+1,-6.06E+3,1.66E+1,4.46E+1,2.16E+1
46,69,115Pd,,,,,,,,1.23E+3,1.07E+1,-6.06E+3,1.66E+1,4.46E+1,2.16E+1
46,68,114Pd,,,,,,,,1.48E+3,9.06,-5.84E+3,1.13E+1,1.03E+2,1.20E+1
46,65,111Pd,,,,,,,,1.34E+3,3.32,-4.54E+3,8.70,1.23E+1,4.37
46,65,111Pd,,,,,,,,1.34E+3,3.32,-4.54E+3,8.70,1.23E+1,4.37
46,64,110Pd,,,,,,,,1.53E+3,7.95E-1,-4.43E+3,5.42,1.61E+2,2.73
46,67,113Pd,,,,,,,,1.31E+3,6.85,-5.27E+3,1.13E+1,1.20E+1,6.66
46,67,113Pd,,,,,,,,1.31E+3,6.85,-5.27E+3,1.13E+1,1.20E+1,6.66
46,66,112Pd,,,,,,,,1.53E+3,5.79,-5.08E+3,1.08E+1,1.34E+2,6.34
46,50,96Pd,,,,,,,,2.29E+3,4.11,-4.30E+3,4.99,1.93E+3,3.36
46,52,98Pd,,,,,,,,1.32E+3,4.86,-1.16E+3,5.68,1.99E+2,3.79
46,51,97Pd,,,,,,,,9.46E+2,4.66,-3.01E+3,5.26,1.27E+3,3.65
46,58,104Pd,,,,,,,,1.45E+3,1.18,-2.59E+3,1.37,1.55E+2,1.11
46,57,103Pd,,,,,,,,1.19E+3,9.36E-1,-2.25E+3,8.09E-1,1.49E+2,1.02
46,59,105Pd,,,,,,,,1.23E+3,1.18,-2.88E+3,1.20,1.86E+2,1.13
46,54,100Pd,,,,,,,,1.40E+3,1.29E+1,-1.55E+3,1.76E+1,1.88E+2,1.24E+1
46,53,99Pd,,,,,,,,1.08E+3,9.82,-1.15E+3,1.07E+1,1.28E+2,6.03
46,56,102Pd,,,,,,,,1.45E+3,2.35,-2.10E+3,6.47,2.24E+2,3.29
46,55,101Pd,,,,,,,,1.12E+3,9.39,-1.73E+3,5.35,2.04E+2,3.59
46,47,93Pd,,,,,,,,1.45E+3,3.13E+2,-3.03E+3,3.70E+2,-5.69E+2,3.35E+2
46,46,92Pd,,,,,,,,2.21E+3,3.81E+2,-2.86E+3,4.57E+2,-1.76E+2,3.52E+2
46,49,95Pd,,,,,,,,1.17E+3,3.68,-4.15E+3,3.75,8.80E+2,2.53
46,49,95Pd,,,,,,,,1.17E+3,3.68,-4.15E+3,3.75,8.80E+2,2.53
46,49,95Pd,,,,,,,,1.17E+3,3.68,-4.15E+3,3.75,8.80E+2,2.53
46,48,94Pd,,,,,,,,1.62E+3,1.85E+2,-3.64E+3,5.68,-1.57E+2,2.61E+1
46,45,91Pd,,,,,,,,1.10E+3,4.07E+2,-2.86E+3,5.82E+2,-2.23E+2,4.57E+2
46,44,90Pd,,,,,,,,,,-2.36E+3,5.65E+2,-3.95E+2,4.26E+2
47,85,132Ag,,,,,,,,5.49E+2,5.28E+2,-9.48E+3,5.83E+2,2.45E+2,4.12E+2
47,83,130Ag,,,,,,,,3.47E+2,4.26E+2,-1.11E+4,6.56E+2,1.31E+3,4.03E+2
47,84,131Ag,,,,,,,,6.34E+2,4.94E+2,-9.44E+3,7.81E+2,3.30E+2,4.87E+2
47,81,128Ag,,,,,,,,6.12E+2,2.93E+2,-1.24E+4,5.00E+2,1.14E+3,2.93E+2
47,82,129Ag,,,,,,,,1.51E+3,3.59E+2,-1.24E+4,6.40E+2,2.11E+3,3.90E+2
47,82,129Ag,,,,,,,,1.51E+3,3.59E+2,-1.24E+4,6.40E+2,2.11E+3,3.90E+2
47,80,127Ag,,,,,,,,1.04E+3,2.54E+2,-1.18E+4,4.47E+2,4.20E+1,2.44E+2
47,80,127Ag,,,,,,,,1.04E+3,2.54E+2,-1.18E+4,4.47E+2,4.20E+1,2.44E+2
47,74,121Ag,,,,,,,,1.02E+3,2.10E+1,-7.93E+3,1.50E+1,-2.51E+2,9.68
47,75,122Ag,,,,,,,,8.79E+2,3.21E+1,-8.64E+3,4.52E+1,-2.41E+2,2.96E+1
47,75,122Ag,,,,,,,,8.79E+2,3.21E+1,-8.64E+3,4.52E+1,-2.41E+2,2.96E+1
47,72,119Ag,,,,,,,,1.04E+3,1.07E+1,-6.84E+3,1.64E+1,-1.83E+2,1.48E+1
47,72,119Ag,,,,,,,,1.04E+3,1.07E+1,-6.84E+3,1.64E+1,-1.83E+2,1.48E+1
47,73,120Ag,,,,,,,,8.72E+2,1.00E+1,-7.34E+3,7.39E+1,-1.50E+2,4.00E+1
47,73,120Ag,,,,,,,,8.72E+2,1.00E+1,-7.34E+3,7.39E+1,-1.50E+2,4.00E+1
47,73,120Ag,,,,,,,,8.72E+2,1.00E+1,-7.34E+3,7.39E+1,-1.50E+2,4.00E+1
47,70,117Ag,,,,,,,,1.13E+3,9.81,-5.83E+3,1.53E+1,-1.18E+2,1.71E+1
47,70,117Ag,,,,,,,,1.13E+3,9.81,-5.83E+3,1.53E+1,-1.18E+2,1.71E+1
47,71,118Ag,,,,,,,,8.60E+2,1.01E+1,-6.26E+3,7.16E+1,-8.70E+1,4.37E+1
47,71,118Ag,,,,,,,,8.60E+2,1.01E+1,-6.26E+3,7.16E+1,-8.70E+1,4.37E+1
47,78,125Ag,,,,,,,,1.06E+3,3.54E+2,-1.06E+4,7.55E+2,-2.25E+1,4.35E+2
47,78,125Ag,,,,,,,,1.06E+3,3.54E+2,-1.06E+4,7.55E+2,-2.25E+1,4.35E+2
47,79,126Ag,,,,,,,,9.40E+2,3.07E+2,-1.12E+4,3.61E+2,-1.72E+2,2.06E+2
47,79,126Ag,,,,,,,,9.40E+2,3.07E+2,-1.12E+4,3.61E+2,-1.72E+2,2.06E+2
47,76,123Ag,,,,,,,,9.00E+2,1.29E+2,-9.17E+3,3.39E+1,-2.82E+2,2.40E+1
47,77,124Ag,,,,,,,,8.14E+2,2.80E+2,-1.00E+4,3.22E+2,-1.75E+2,2.04E+2
47,77,124Ag,,,,,,,,8.14E+2,2.80E+2,-1.00E+4,3.22E+2,-1.75E+2,2.04E+2
47,63,110Ag,,,,,,,,1.01E+3,1.33,-3.51E+3,5.54,-8.92,2.84
47,63,110Ag,,,,,,,,1.01E+3,1.33,-3.51E+3,5.54,-8.92,2.84
47,64,111Ag,,,,,,,,1.19E+3,1.71,-3.77E+3,1.21E+1,1.54E+1,6.11
47,64,111Ag,,,,,,,,1.19E+3,1.71,-3.77E+3,1.21E+1,1.54E+1,6.11
47,61,108Ag,,,,,,,,9.56E+2,2.16,-3.07E+3,3.31,1.32E+2,2.94
47,61,108Ag,,,,,,,,9.56E+2,2.16,-3.07E+3,3.31,1.32E+2,2.94
47,62,109Ag,,,,,,,,1.18E+3,1.63,-3.29E+3,2.81,1.10E+2,1.54
47,62,109Ag,,,,,,,,1.18E+3,1.63,-3.29E+3,2.81,1.10E+2,1.54
47,60,107Ag,,,,,,,,1.13E+3,2.55,-2.79E+3,3.31,1.94E+2,2.66
47,60,107Ag,,,,,,,,1.13E+3,2.55,-2.79E+3,3.31,1.94E+2,2.66
47,69,116Ag,,,,,,,,1.03E+3,1.16E+1,-5.23E+3,4.42E+1,-1.86E+2,2.98E+1
47,69,116Ag,,,,,,,,1.03E+3,1.16E+1,-5.23E+3,4.42E+1,-1.86E+2,2.98E+1
47,69,116Ag,,,,,,,,1.03E+3,1.16E+1,-5.23E+3,4.42E+1,-1.86E+2,2.98E+1
47,67,114Ag,,,,,,,,1.07E+3,1.27E+1,-4.52E+3,1.83E+1,-9.76E+1,1.02E+1
47,68,115Ag,,,,,,,,1.24E+3,1.32E+1,-5.10E+3,1.95E+1,-1.86E+1,1.38E+1
47,68,115Ag,,,,,,,,1.24E+3,1.32E+1,-5.10E+3,1.95E+1,-1.86E+1,1.38E+1
47,65,112Ag,,,,,,,,1.03E+3,8.52,-3.97E+3,1.42E+1,-5.67E+1,7.20
47,66,113Ag,,,,,,,,1.26E+3,1.20E+1,-4.45E+3,1.71E+1,5.56E+1,1.21E+1
47,66,113Ag,,,,,,,,1.26E+3,1.20E+1,-4.45E+3,1.71E+1,5.56E+1,1.21E+1
47,52,99Ag,,,,,,,,1.11E+3,1.72E+1,-7.96E+2,7.37,2.25E+2,6.60
47,52,99Ag,,,,,,,,1.11E+3,1.72E+1,-7.96E+2,7.37,2.25E+2,6.60
47,53,100Ag,,,,,,,,8.85E+2,5.30,-8.75E+2,1.11E+1,2.02E+2,6.77
47,53,100Ag,,,,,,,,8.85E+2,5.30,-8.75E+2,1.11E+1,2.02E+2,6.77
47,50,97Ag,,,,,,,,2.11E+3,4.87E+1,-4.31E+3,1.23E+1,2.12E+3,1.03E+1
47,51,98Ag,,,,,,,,7.41E+2,2.42E+1,-2.58E+3,3.30E+1,1.26E+3,2.34E+1
47,58,105Ag,,,,,,,,1.04E+3,4.13,-2.08E+3,7.39,1.19E+2,4.77
47,58,105Ag,,,,,,,,1.04E+3,4.13,-2.08E+3,7.39,1.19E+2,4.77
47,59,106Ag,,,,,,,,7.96E+2,3.33,-2.58E+3,7.08,3.15E+2,6.94
47,59,106Ag,,,,,,,,7.96E+2,3.33,-2.58E+3,7.08,3.15E+2,6.94
47,56,103Ag,,,,,,,,1.12E+3,5.43,-1.64E+3,1.98E+1,2.27E+2,1.12E+1
47,56,103Ag,,,,,,,,1.12E+3,5.43,-1.64E+3,1.98E+1,2.27E+2,1.12E+1
47,57,104Ag,,,,,,,,8.20E+2,4.27,-1.95E+3,1.86E+1,2.60E+2,1.04E+1
47,57,104Ag,,,,,,,,8.20E+2,4.27,-1.95E+3,1.86E+1,2.60E+2,1.04E+1
47,54,101Ag,,,,,,,,1.14E+3,5.88,-1.16E+3,3.57E+1,2.15E+2,1.87E+1
47,54,101Ag,,,,,,,,1.14E+3,5.88,-1.16E+3,3.57E+1,2.15E+2,1.87E+1
47,55,102Ag,,,,,,,,8.21E+2,6.59,-1.49E+3,1.44E+1,3.55E+2,1.03E+1
47,55,102Ag,,,,,,,,8.21E+2,6.59,-1.49E+3,1.44E+1,3.55E+2,1.03E+1
47,49,96Ag,,,,,,,,9.00E+2,2.00E+2,-3.93E+3,9.01E+1,9.23E+2,6.37E+1
47,49,96Ag,,,,,,,,9.00E+2,2.00E+2,-3.93E+3,9.01E+1,9.23E+2,6.37E+1
47,47,94Ag,,,,,,,,7.28E+2,3.76E+2,-3.19E+3,4.47E+2,-3.68E+2,3.36E+2
47,47,94Ag,,,,,,,,7.28E+2,3.76E+2,-3.19E+3,4.47E+2,-3.68E+2,3.36E+2
47,47,94Ag,,,,,,,,7.28E+2,3.76E+2,-3.19E+3,4.47E+2,-3.68E+2,3.36E+2
47,48,95Ag,,,,,,,,1.44E+3,3.31E+2,-3.76E+3,4.99E+2,-6.70E+1,3.52E+2
47,45,92Ag,,,,,,,,,,-3.09E+3,5.65E+2,5.50E+1,4.26E+2
47,46,93Ag,,,,,,,,1.40E+3,3.72E+2,-3.17E+3,5.39E+2,-1.20E+2,3.90E+2
48,64,112Cd,,,,,,,,1.42E+3,2.78E-1,-3.47E+3,1.12,4.97E+1,5.79E-1
48,65,113Cd,,,,,,,,1.25E+3,2.54E-1,-3.86E+3,1.13,4.11E+1,6.28E-1
48,65,113Cd,,,,,,,,1.25E+3,2.54E-1,-3.86E+3,1.13,4.11E+1,6.28E-1
48,62,110Cd,,,,,,,,1.46E+3,8.34E-1,-2.86E+3,1.16,1.14E+2,6.14E-1
48,63,111Cd,,,,,,,,1.20E+3,3.39E-1,-3.30E+3,1.25,4.89E+1,6.51E-1
48,63,111Cd,,,,,,,,1.20E+3,3.39E-1,-3.30E+3,1.25,4.89E+1,6.51E-1
48,60,108Cd,,,,,,,,1.50E+3,1.38,-2.28E+3,1.74,2.27E+2,1.04
48,61,109Cd,,,,,,,,1.29E+3,1.23,-2.51E+3,1.91,1.31E+2,1.45
48,68,116Cd,,,,,,,,1.46E+3,6.16E-1,-4.81E+3,6.54,3.09,3.30
48,69,117Cd,,,,,,,,1.28E+3,1.00E+1,-5.25E+3,7.02,2.48E+1,3.58
48,69,117Cd,,,,,,,,1.28E+3,1.00E+1,-5.25E+3,7.02,2.48E+1,3.58
48,66,114Cd,,,,,,,,1.45E+3,4.00E-1,-4.10E+3,6.34E-1,2.30E+1,4.25E-1
48,67,115Cd,,,,,,,,1.27E+3,4.90E-1,-4.52E+3,9.54E-1,5.90E+1,6.81E-1
48,67,115Cd,,,,,,,,1.27E+3,4.90E-1,-4.52E+3,9.54E-1,5.90E+1,6.81E-1
48,53,101Cd,,,,,,,,1.09E+3,1.58,-4.55E+2,5.06,2.64E+2,3.30
48,54,102Cd,,,,,,,,1.41E+3,1.66,-7.63E+2,5.02,3.22E+2,3.67
48,51,99Cd,,,,,,,,9.84E+2,2.59E+1,-2.39E+3,3.41,1.40E+3,5.00E+1
48,52,100Cd,,,,,,,,1.31E+3,1.61,-4.36E+2,4.51,2.89E+2,3.74
48,50,98Cd,,,,,,,,2.30E+3,2.13E+2,-3.95E+3,5.19E+1,2.11E+3,6.20E+1
48,59,107Cd,,,,,,,,1.20E+3,1.41,-1.95E+3,1.87,2.92E+2,2.94
48,57,105Cd,,,,,,,,1.21E+3,1.40,-1.32E+3,4.79,3.02E+2,4.69
48,58,106Cd,,,,,,,,1.47E+3,1.33,-1.65E+3,1.17,2.59E+2,6.93
48,55,103Cd,,,,,,,,1.16E+3,1.74,-8.93E+2,5.41,3.04E+2,3.89
48,56,104Cd,,,,,,,,1.47E+3,1.64,-1.18E+3,1.77E+1,3.27E+2,9.29
48,48,96Cd,,,,,,,,1.69E+3,4.46E+2,-3.21E+3,5.36E+2,-3.92E+2,3.58E+2
48,48,96Cd,,,,,,,,1.69E+3,4.46E+2,-3.21E+3,5.36E+2,-3.92E+2,3.58E+2
48,49,97Cd,,,,,,,,8.69E+2,3.54E+2,-4.17E+3,5.59E+2,1.09E+3,3.80E+2
48,49,97Cd,,,,,,,,8.69E+2,3.54E+2,-4.17E+3,5.59E+2,1.09E+3,3.80E+2
48,49,97Cd,,,,,,,,8.69E+2,3.54E+2,-4.17E+3,5.59E+2,1.09E+3,3.80E+2
48,46,94Cd,,,,,,,,,,-3.15E+3,6.40E+2,,
48,47,95Cd,,,,,,,,9.81E+2,5.04E+2,-3.31E+3,7.06E+2,-1.70E+1,5.38E+2
48,86,134Cd,,,,,,,,1.04E+3,3.07E+2,-9.15E+3,4.24E+2,3.40E+2,3.27E+2
48,84,132Cd,,,,,,,,7.79E+2,1.39E+2,-8.50E+3,5.04E+2,1.85E+2,2.72E+2
48,85,133Cd,,,,,,,,8.32E+2,2.32E+2,-8.68E+3,6.32E+2,1.25E+2,3.63E+2
48,82,130Cd,,,,,,,,1.95E+3,1.86E+1,-1.17E+4,4.00E+2,2.00E+3,2.00E+2
48,83,131Cd,,,,,,,,5.79E+2,3.48E+1,-1.04E+4,5.01E+2,1.28E+3,2.50E+2
48,80,128Cd,,,,,,,,1.30E+3,6.11,-1.12E+4,3.00E+2,-2.35E+2,1.50E+2
48,81,129Cd,,,,,,,,1.05E+3,1.22E+1,-1.15E+4,4.00E+2,7.05E+2,2.00E+2
48,81,129Cd,,,,,,,,1.05E+3,1.22E+1,-1.15E+4,4.00E+2,7.05E+2,2.00E+2
48,75,123Cd,,,,,,,,1.24E+3,2.57,-8.43E+3,8.67,-2.42E+1,6.47
48,75,123Cd,,,,,,,,1.24E+3,2.57,-8.43E+3,8.67,-2.42E+1,6.47
48,76,124Cd,,,,,,,,1.31E+3,2.69,-8.84E+3,3.47,-1.21E+2,9.10
48,73,121Cd,,,,,,,,1.21E+3,2.58,-7.07E+3,7.51,-8.49E+1,3.93
48,73,121Cd,,,,,,,,1.21E+3,2.58,-7.07E+3,7.51,-8.49E+1,3.93
48,74,122Cd,,,,,,,,1.36E+3,2.32,-7.64E+3,3.39,-8.93E+1,5.72
48,71,119Cd,,,,,,,,1.35E+3,2.85E+1,-5.97E+3,4.00E+1,-1.43E+2,2.75E+1
48,71,119Cd,,,,,,,,1.35E+3,2.85E+1,-5.97E+3,4.00E+1,-1.43E+2,2.75E+1
48,72,120Cd,,,,,,,,1.43E+3,1.90E+1,-6.55E+3,8.04,-7.38E+1,4.48
48,70,118Cd,,,,,,,,1.50E+3,2.35E+1,-5.63E+3,2.11E+1,-1.35E+1,1.46E+1
48,79,127Cd,,,,,,,,1.00E+3,5.55,-1.07E+4,7.89E+2,-1.05E+2,3.94E+2
48,79,127Cd,,,,,,,,1.00E+3,5.55,-1.07E+4,7.89E+2,-1.05E+2,3.94E+2
48,77,125Cd,,,,,,,,1.12E+3,2.68,-9.59E+3,4.42,-3.83E+1,9.03
48,77,125Cd,,,,,,,,1.12E+3,2.68,-9.59E+3,4.42,-3.83E+1,9.03
48,78,126Cd,,,,,,,,1.21E+3,3.78,-1.00E+4,1.96E+1,-1.18E+2,9.95
49,88,137In,,,,,,,,,,-9.17E+3,6.40E+2,1.52E+3,4.52E+2
49,87,136In,,,,,,,,4.34E+2,3.12E+2,-8.99E+3,5.83E+2,1.57E+3,4.44E+2
49,86,135In,,,,,,,,5.81E+2,2.43E+2,-8.78E+3,5.83E+2,1.71E+3,3.84E+2
49,85,134In,,,,,,,,4.28E+2,2.11E+2,-8.49E+3,4.69E+2,1.69E+3,2.95E+2
49,84,133In,,,,,,,,5.24E+2,2.01E+2,-8.24E+3,4.47E+2,1.72E+3,2.46E+2
49,84,133In,,,,,,,,5.24E+2,2.01E+2,-8.24E+3,4.47E+2,1.72E+3,2.46E+2
49,83,132In,,,,,,,,4.55E+2,1.39E+2,-1.01E+4,3.06E+2,2.80E+3,1.55E+2
49,82,131In,,,,,,,,1.86E+3,3.00E+1,-1.18E+4,2.00E+2,3.85E+3,1.00E+2
49,82,131In,,,,,,,,1.86E+3,3.00E+1,-1.18E+4,2.00E+2,3.85E+3,1.00E+2
49,82,131In,,,,,,,,1.86E+3,3.00E+1,-1.18E+4,2.00E+2,3.85E+3,1.00E+2
49,81,130In,,,,,,,,5.23E+2,1.94,-1.16E+4,2.00E+2,2.53E+3,1.00E+2
49,81,130In,,,,,,,,5.23E+2,1.94,-1.16E+4,2.00E+2,2.53E+3,1.00E+2
49,81,130In,,,,,,,,5.23E+2,1.94,-1.16E+4,2.00E+2,2.53E+3,1.00E+2
49,80,129In,,,,,,,,7.86E+2,1.78,-1.07E+4,4.33E+2,1.11E+3,2.16E+2
49,80,129In,,,,,,,,7.86E+2,1.78,-1.07E+4,4.33E+2,1.11E+3,2.16E+2
49,80,129In,,,,,,,,7.86E+2,1.78,-1.07E+4,4.33E+2,1.11E+3,2.16E+2
49,80,129In,,,,,,,,7.86E+2,1.78,-1.07E+4,4.33E+2,1.11E+3,2.16E+2
49,77,126In,,,,,,,,8.36E+2,5.88,-9.12E+3,3.84E+1,1.11E+3,2.05E+1
49,77,126In,,,,,,,,8.36E+2,5.88,-9.12E+3,3.84E+1,1.11E+3,2.05E+1
49,76,125In,,,,,,,,1.07E+3,1.54E+1,-8.43E+3,1.22E+1,8.96E+2,1.22E+1
49,76,125In,,,,,,,,1.07E+3,1.54E+1,-8.43E+3,1.22E+1,8.96E+2,1.22E+1
49,75,124In,,,,,,,,1.05E+3,2.37E+1,-7.64E+3,3.08E+1,7.27E+2,2.36E+1
49,75,124In,,,,,,,,1.05E+3,2.37E+1,-7.64E+3,3.08E+1,7.27E+2,2.36E+1
49,74,123In,,,,,,,,1.20E+3,3.25E+1,-7.20E+3,2.46E+1,7.57E+2,1.60E+1
49,74,123In,,,,,,,,1.20E+3,3.25E+1,-7.20E+3,2.46E+1,7.57E+2,1.60E+1
49,73,122In,,,,,,,,1.06E+3,3.92E+1,-6.44E+3,5.01E+1,5.97E+2,3.88E+1
49,73,122In,,,,,,,,1.06E+3,3.92E+1,-6.44E+3,5.01E+1,5.97E+2,3.88E+1
49,73,122In,,,,,,,,1.06E+3,3.92E+1,-6.44E+3,5.01E+1,5.97E+2,3.88E+1
49,72,121In,,,,,,,,1.18E+3,3.74E+1,-6.07E+3,3.05E+1,6.16E+2,2.05E+1
49,72,121In,,,,,,,,1.18E+3,3.74E+1,-6.07E+3,3.05E+1,6.16E+2,2.05E+1
49,71,120In,,,,,,,,1.03E+3,3.16E+1,-5.60E+3,4.01E+1,6.46E+2,2.83E+1
49,71,120In,,,,,,,,1.03E+3,3.16E+1,-5.60E+3,4.01E+1,6.46E+2,2.83E+1
49,71,120In,,,,,,,,1.03E+3,3.16E+1,-5.60E+3,4.01E+1,6.46E+2,2.83E+1
49,70,119In,,,,,,,,1.22E+3,2.10E+1,-5.14E+3,1.96E+1,5.95E+2,1.05E+1
49,70,119In,,,,,,,,1.22E+3,2.10E+1,-5.14E+3,1.96E+1,5.95E+2,1.05E+1
49,79,128In,,,,,,,,6.67E+2,5.18,-1.03E+4,2.51E+2,1.25E+3,1.25E+2
49,79,128In,,,,,,,,6.67E+2,5.18,-1.03E+4,2.51E+2,1.25E+3,1.25E+2
49,79,128In,,,,,,,,6.67E+2,5.18,-1.03E+4,2.51E+2,1.25E+3,1.25E+2
49,78,127In,,,,,,,,8.80E+2,7.41,-9.73E+3,3.41E+1,1.10E+3,1.77E+1
49,78,127In,,,,,,,,8.80E+2,7.41,-9.73E+3,3.41E+1,1.10E+3,1.77E+1
49,78,127In,,,,,,,,8.80E+2,7.41,-9.73E+3,3.41E+1,1.10E+3,1.77E+1
49,66,115In,,,,,,,,1.12E+3,1.90E-1,-3.74E+3,1.45,6.90E+2,3.57
49,66,115In,,,,,,,,1.12E+3,1.90E-1,-3.74E+3,1.45,6.90E+2,3.57
49,65,114In,,,,,,,,8.81E+2,2.38E-1,-3.53E+3,1.31,8.43E+2,1.65
49,65,114In,,,,,,,,8.81E+2,2.38E-1,-3.53E+3,1.31,8.43E+2,1.65
49,64,113In,,,,,,,,1.08E+3,2.13,-3.07E+3,1.29,6.87E+2,4.26
49,64,113In,,,,,,,,1.08E+3,2.13,-3.07E+3,1.29,6.87E+2,4.26
49,63,112In,,,,,,,,8.89E+2,3.46,-2.80E+3,4.87,7.75E+2,4.13
49,63,112In,,,,,,,,8.89E+2,3.46,-2.80E+3,4.87,7.75E+2,4.13
49,62,111In,,,,,,,,1.16E+3,6.61,-2.41E+3,4.17,6.86E+2,8.45
49,62,111In,,,,,,,,1.16E+3,6.61,-2.41E+3,4.17,6.86E+2,8.45
49,61,110In,,,,,,,,9.70E+2,8.57,-1.95E+3,1.19E+1,7.50E+2,1.29E+1
49,61,110In,,,,,,,,9.70E+2,8.57,-1.95E+3,1.19E+1,7.50E+2,1.29E+1
49,60,109In,,,,,,,,1.19E+3,7.73,-1.84E+3,6.03,7.45E+2,9.32
49,60,109In,,,,,,,,1.19E+3,7.73,-1.84E+3,6.03,7.45E+2,9.32
49,60,109In,,,,,,,,1.19E+3,7.73,-1.84E+3,6.03,7.45E+2,9.32
49,69,118In,,,,,,,,1.09E+3,7.02,-4.72E+3,8.99,5.95E+2,6.06
49,69,118In,,,,,,,,1.09E+3,7.02,-4.72E+3,8.99,5.95E+2,6.06
49,69,118In,,,,,,,,1.09E+3,7.02,-4.72E+3,8.99,5.95E+2,6.06
49,68,117In,,,,,,,,1.20E+3,5.19,-4.34E+3,1.73E+1,6.30E+2,9.09
49,68,117In,,,,,,,,1.20E+3,5.19,-4.34E+3,1.73E+1,6.30E+2,9.09
49,67,116In,,,,,,,,9.89E+2,2.44,-4.09E+3,2.43,7.49E+2,3.80
49,67,116In,,,,,,,,9.89E+2,2.44,-4.09E+3,2.43,7.49E+2,3.80
49,67,116In,,,,,,,,9.89E+2,2.44,-4.09E+3,2.43,7.49E+2,3.80
49,55,104In,,,,,,,,9.53E+2,7.94,-4.69E+2,7.63,8.91E+2,5.52
49,55,104In,,,,,,,,9.53E+2,7.94,-4.69E+2,7.63,8.91E+2,5.52
49,54,103In,,,,,,,,1.19E+3,7.34,-3.44E+2,1.09E+1,9.49E+2,7.37
49,54,103In,,,,,,,,1.19E+3,7.34,-3.44E+2,1.09E+1,9.49E+2,7.37
49,53,102In,,,,,,,,8.93E+2,8.03,-5.33E+1,3.32E+1,9.25E+2,1.71E+1
49,52,101In,,,,,,,,1.10E+3,8.63,-6.57E+1,1.67E+1,1.08E+3,1.49E+1
49,52,101In,,,,,,,,1.10E+3,8.63,-6.57E+1,1.67E+1,1.08E+3,1.49E+1
49,51,100In,,,,,,,,7.79E+2,1.48E+2,-2.09E+3,9.01E+1,2.27E+3,6.76E+1
49,50,99In,,,,,,,,2.33E+3,2.56E+2,-3.89E+3,4.99E+2,3.08E+3,3.27E+2
49,59,108In,,,,,,,,9.08E+2,8.03,-1.42E+3,9.61,7.62E+2,1.10E+1
49,59,108In,,,,,,,,9.08E+2,8.03,-1.42E+3,9.61,7.62E+2,1.10E+1
49,58,107In,,,,,,,,1.20E+3,1.01E+1,-1.18E+3,1.04E+1,7.46E+2,8.38
49,58,107In,,,,,,,,1.20E+3,1.01E+1,-1.18E+3,1.04E+1,7.46E+2,8.38
49,57,106In,,,,,,,,9.95E+2,1.11E+1,-7.86E+2,1.47E+1,7.59E+2,1.00E+1
49,57,106In,,,,,,,,9.95E+2,1.11E+1,-7.86E+2,1.47E+1,7.59E+2,1.00E+1
49,56,105In,,,,,,,,1.24E+3,9.90,-7.31E+2,1.13E+1,8.47E+2,8.07
49,56,105In,,,,,,,,1.24E+3,9.90,-7.31E+2,1.13E+1,8.47E+2,8.07
49,49,98In,,,,,,,,5.10E+2,3.20E+2,-3.92E+3,5.03E+2,2.15E+3,3.55E+2
49,49,98In,,,,,,,,5.10E+2,3.20E+2,-3.92E+3,5.03E+2,2.15E+3,3.55E+2
49,48,97In,,,,,,,,1.42E+3,3.93E+2,-3.41E+3,5.66E+2,,
49,47,96In,,,,,,,,,,-2.98E+3,6.40E+2,,
50,49,99Sn,,,,,,,,,,-3.34E+3,8.12E+2,,
50,51,101Sn,,,,,,,,7.35E+2,2.48E+2,-1.99E+3,5.16E+2,3.53E+3,2.58E+2
50,50,100Sn,,,,,,,,2.99E+3,3.73E+2,-4.00E+3,4.75E+2,4.54E+3,2.59E+2
50,53,103Sn,,,,,,,,1.18E+3,8.84E+1,4.14E+2,1.00E+2,1.79E+3,5.00E+1
50,52,102Sn,,,,,,,,1.23E+3,1.73E+2,2.76E+2,1.12E+2,2.00E+3,5.65E+1
50,55,105Sn,,,,,,,,1.15E+3,4.75,7.35E+1,4.24,1.56E+3,3.55
50,54,104Sn,,,,,,,,1.40E+3,5.16E+1,1.42E+2,5.98,1.63E+3,4.83
50,57,107Sn,,,,,,,,1.19E+3,5.27,-2.85E+2,5.60,1.39E+3,5.02
50,56,106Sn,,,,,,,,1.42E+3,4.89,-1.18E+2,5.35,1.40E+3,4.71
50,59,109Sn,,,,,,,,1.32E+3,9.28,-7.21E+2,8.07,1.28E+3,1.50E+1
50,58,108Sn,,,,,,,,1.49E+3,6.10,-5.26E+2,5.63,1.30E+3,5.72
50,60,110Sn,,,,,,,,1.55E+3,1.08E+1,-1.13E+3,1.38E+1,1.33E+3,1.56E+1
50,62,112Sn,,,,,,,,1.52E+3,2.79,-1.82E+3,1.15,1.39E+3,1.21E+1
50,61,111Sn,,,,,,,,1.30E+3,7.85,-1.37E+3,5.58,1.41E+3,1.44E+1
50,64,114Sn,,,,,,,,1.37E+3,7.86E-1,-2.63E+3,3.80E-1,1.54E+3,9.15
50,63,113Sn,,,,,,,,1.27E+3,1.12,-2.24E+3,2.19,1.52E+3,6.86
50,63,113Sn,,,,,,,,1.27E+3,1.12,-2.24E+3,2.19,1.52E+3,6.86
50,66,116Sn,,,,,,,,1.31E+3,2.51E-1,-3.37E+3,2.66E-1,1.55E+3,8.86E-1
50,65,115Sn,,,,,,,,1.00E+3,6.19E-2,-3.20E+3,3.57E-1,1.81E+3,3.64
50,68,118Sn,,,,,,,,1.42E+3,5.58E-1,-4.06E+3,5.68E-1,1.48E+3,7.71E-1
50,67,117Sn,,,,,,,,1.19E+3,4.23E-1,-3.77E+3,5.39E-1,1.60E+3,1.29E+1
50,67,117Sn,,,,,,,,1.19E+3,4.23E-1,-3.77E+3,5.39E-1,1.60E+3,1.29E+1
50,69,119Sn,,,,,,,,1.31E+3,7.33E-1,-4.40E+3,9.73E-1,1.43E+3,9.00E-1
50,69,119Sn,,,,,,,,1.31E+3,7.33E-1,-4.40E+3,9.73E-1,1.43E+3,9.00E-1
50,71,121Sn,,,,,,,,1.32E+3,1.48,-5.20E+3,1.40,1.47E+3,9.90E-1
50,71,121Sn,,,,,,,,1.32E+3,1.48,-5.20E+3,1.40,1.47E+3,9.90E-1
50,70,120Sn,,,,,,,,1.46E+3,8.93E-1,-4.81E+3,9.32E-1,1.47E+3,8.24E-1
50,73,123Sn,,,,,,,,1.27E+3,2.24,-6.26E+3,3.77E+1,1.68E+3,1.89E+1
50,73,123Sn,,,,,,,,1.27E+3,2.24,-6.26E+3,3.77E+1,1.68E+3,1.89E+1
50,72,122Sn,,,,,,,,1.43E+3,2.18,-5.66E+3,2.01E+1,1.55E+3,1.01E+1
50,75,125Sn,,,,,,,,1.22E+3,5.46,-7.24E+3,2.35,1.85E+3,1.38
50,75,125Sn,,,,,,,,1.22E+3,5.46,-7.24E+3,2.35,1.85E+3,1.38
50,74,124Sn,,,,,,,,1.37E+3,1.68,-6.69E+3,3.95,1.75E+3,2.10
50,77,127Sn,,,,,,,,1.21E+3,1.22E+1,-8.48E+3,9.61,2.15E+3,6.66
50,77,127Sn,,,,,,,,1.21E+3,1.22E+1,-8.48E+3,9.61,2.15E+3,6.66
50,76,126Sn,,,,,,,,1.33E+3,8.87,-7.82E+3,1.09E+1,2.03E+3,7.64
50,79,129Sn,,,,,,,,1.15E+3,1.51E+1,-9.66E+3,1.75E+1,2.44E+3,1.23E+1
50,79,129Sn,,,,,,,,1.15E+3,1.51E+1,-9.66E+3,1.75E+1,2.44E+3,1.23E+1
50,78,128Sn,,,,,,,,1.33E+3,1.58E+1,-9.08E+3,1.78E+1,2.41E+3,1.26E+1
50,78,128Sn,,,,,,,,1.33E+3,1.58E+1,-9.08E+3,1.78E+1,2.41E+3,1.26E+1
50,80,130Sn,,,,,,,,1.20E+3,8.92,-1.03E+4,2.96,2.73E+3,2.22
50,80,130Sn,,,,,,,,1.20E+3,8.92,-1.03E+4,2.96,2.73E+3,2.22
50,82,132Sn,,,,,,,,2.47E+3,2.47,-1.17E+4,6.72,5.71E+3,3.68
50,81,131Sn,,,,,,,,1.07E+3,2.89,-1.09E+4,7.18,4.02E+3,4.11
50,81,131Sn,,,,,,,,1.07E+3,2.89,-1.09E+4,7.18,4.02E+3,4.11
50,84,134Sn,,,,,,,,6.80E+2,2.87,-7.74E+3,2.25E+1,3.02E+3,1.15E+1
50,83,133Sn,,,,,,,,6.16E+2,2.29,-1.01E+4,5.64,4.66E+3,3.15
50,86,136Sn,,,,,,,,8.08E+2,1.67E+2,-8.13E+3,2.09E+2,2.75E+3,1.44E+2
50,85,135Sn,,,,,,,,6.89E+2,6.80E+1,-7.84E+3,1.94E+1,2.92E+3,1.00E+1
50,88,138Sn,,,,,,,,7.98E+2,3.84E+2,-8.47E+3,5.00E+2,2.50E+3,4.06E+2
50,87,137Sn,,,,,,,,7.14E+2,2.91E+2,-8.43E+3,3.61E+2,2.74E+3,3.08E+2
50,89,139Sn,,,,,,,,6.55E+2,3.86E+2,-8.91E+3,5.65E+2,2.63E+3,4.26E+2
50,90,140Sn,,,,,,,,,,,,,
51,54,105Sb,,,,,,,,1.12E+3,5.43E+1,2.10E+3,2.47E+1,9.06E+2,1.61E+1
51,53,104Sb,,,,,,,,1.02E+3,1.71E+2,2.45E+3,1.01E+2,8.20E+2,5.05E+1
51,56,107Sb,,,,,,,,1.19E+3,5.48,1.55E+3,9.89,8.60E+2,5.58
51,55,106Sb,,,,,,,,8.61E+2,1.22E+1,1.79E+3,8.74,8.91E+2,3.10E+1
51,58,109Sb,,,,,,,,1.30E+3,5.50,9.64E+2,1.15E+1,8.70E+2,7.49
51,57,108Sb,,,,,,,,1.00E+3,5.13,1.31E+3,7.97,8.22E+2,7.04
51,59,110Sb,,,,,,,,1.09E+3,6.65,7.33E+2,1.36E+1,8.26E+2,1.24E+1
51,61,112Sb,,,,,,,,1.02E+3,1.58E+1,9.59E+1,1.98E+1,8.28E+2,3.98E+1
51,60,111Sb,,,,,,,,1.31E+3,1.12E+1,3.05E+2,1.30E+1,8.84E+2,1.64E+1
51,63,114Sb,,,,,,,,1.21E+3,1.82E+1,-4.51E+2,2.29E+1,7.76E+2,1.80E+1
51,62,113Sb,,,,,,,,1.36E+3,1.80E+1,-3.52E+2,1.76E+1,9.52E+2,1.77E+1
51,65,116Sb,,,,,,,,9.99E+2,9.76,-1.25E+3,6.68,9.53E+2,8.63
51,65,116Sb,,,,,,,,9.99E+2,9.76,-1.25E+3,6.68,9.53E+2,8.63
51,64,115Sb,,,,,,,,1.34E+3,1.52E+1,-1.03E+3,1.63E+1,9.18E+2,1.57E+1
51,67,118Sb,,,,,,,,1.06E+3,5.88,-1.85E+3,3.03,6.71E+2,3.35
51,67,118Sb,,,,,,,,1.06E+3,5.88,-1.85E+3,3.03,6.71E+2,3.35
51,66,117Sb,,,,,,,,1.23E+3,6.67,-1.69E+3,8.43,8.33E+2,6.41
51,69,120Sb,,,,,,,,1.12E+3,6.30,-2.59E+3,7.20,6.09E+2,5.19
51,69,120Sb,,,,,,,,1.12E+3,6.30,-2.59E+3,7.20,6.09E+2,5.19
51,68,119Sb,,,,,,,,1.26E+3,6.30,-2.36E+3,6.99,7.36E+2,5.27
51,68,119Sb,,,,,,,,1.26E+3,6.30,-2.36E+3,6.99,7.36E+2,5.27
51,70,121Sb,,,,,,,,1.22E+3,4.20,-3.08E+3,5.48,7.09E+2,2.94
51,72,123Sb,,,,,,,,1.24E+3,1.71,-3.94E+3,7.37,8.81E+2,4.09
51,71,122Sb,,,,,,,,1.07E+3,2.27,-3.53E+3,8.14,7.64E+2,4.59
51,71,122Sb,,,,,,,,1.07E+3,2.27,-3.53E+3,8.14,7.64E+2,4.59
51,74,125Sb,,,,,,,,1.24E+3,1.60E+1,-4.84E+3,2.74E+1,1.08E+3,1.38E+1
51,73,124Sb,,,,,,,,1.11E+3,1.72,-4.31E+3,4.00E+1,8.86E+2,2.00E+1
51,73,124Sb,,,,,,,,1.11E+3,1.72,-4.31E+3,4.00E+1,8.86E+2,2.00E+1
51,73,124Sb,,,,,,,,1.11E+3,1.72,-4.31E+3,4.00E+1,8.86E+2,2.00E+1
51,76,127Sb,,,,,,,,1.18E+3,1.88E+1,-5.69E+3,2.04E+1,1.26E+3,1.05E+1
51,75,126Sb,,,,,,,,1.08E+3,2.27E+1,-5.24E+3,5.93E+1,1.13E+3,3.36E+1
51,75,126Sb,,,,,,,,1.08E+3,2.27E+1,-5.24E+3,5.93E+1,1.13E+3,3.36E+1
51,75,126Sb,,,,,,,,1.08E+3,2.27E+1,-5.24E+3,5.93E+1,1.13E+3,3.36E+1
51,78,129Sb,,,,,,,,1.17E+3,1.90E+1,-6.64E+3,2.12E+1,1.49E+3,1.53E+1
51,78,129Sb,,,,,,,,1.17E+3,1.90E+1,-6.64E+3,2.12E+1,1.49E+3,1.53E+1
51,77,128Sb,,,,,,,,1.03E+3,1.71E+1,-6.18E+3,3.58E+1,1.34E+3,2.03E+1
51,77,128Sb,,,,,,,,1.03E+3,1.71E+1,-6.18E+3,3.58E+1,1.34E+3,2.03E+1
51,79,130Sb,,,,,,,,1.01E+3,1.46E+1,-6.90E+3,1.48E+1,1.35E+3,1.05E+1
51,79,130Sb,,,,,,,,1.01E+3,1.46E+1,-6.90E+3,1.48E+1,1.35E+3,1.05E+1
51,81,132Sb,,,,,,,,8.17E+2,2.56,-7.87E+3,2.79,2.76E+3,7.33
51,81,132Sb,,,,,,,,8.17E+2,2.56,-7.87E+3,2.79,2.76E+3,7.33
51,80,131Sb,,,,,,,,1.02E+3,7.35,-7.52E+3,1.02E+1,1.65E+3,5.31
51,83,134Sb,,,,,,,,2.87E+2,2.98,-6.53E+3,3.55,3.07E+3,3.79
51,83,134Sb,,,,,,,,2.87E+2,2.98,-6.53E+3,3.55,3.07E+3,3.79
51,82,133Sb,,,,,,,,2.09E+3,2.96,-8.51E+3,3.69,4.32E+3,4.84
51,85,136Sb,,,,,,,,3.68E+2,2.64E+1,-4.52E+3,6.03E+1,1.49E+3,3.08E+1
51,84,135Sb,,,,,,,,4.27E+2,3.79,-4.09E+3,3.44,1.44E+3,2.95
51,87,138Sb,,,,,,,,4.09E+2,2.86E+2,-5.10E+3,3.61E+2,1.26E+3,2.34E+2
51,86,137Sb,,,,,,,,4.96E+2,1.42E+2,-4.79E+3,2.07E+2,1.25E+3,1.07E+2
51,89,140Sb,,,,,,,,4.52E+2,5.28E+2,-5.84E+3,6.71E+2,1.24E+3,4.92E+2
51,88,139Sb,,,,,,,,5.24E+2,4.29E+2,-5.36E+3,5.00E+2,1.10E+3,3.35E+2
51,90,141Sb,,,,,,,,6.02E+2,5.07E+2,-6.13E+3,6.40E+2,1.06E+3,4.76E+2
51,91,142Sb,,,,,,,,,,,,,
52,54,106Te,,,,,,,,1.48E+3,1.74E+2,4.29E+3,9.35,-2.09E+2,6.66
52,55,107Te,,,,,,,,1.34E+3,9.08E+1,4.01E+3,4.60,-1.49E+2,2.85E+1
52,52,104Te,,,,,,,,,,5.09E+3,2.08E+2,-2.63E+2,1.46E+2
52,53,105Te,,,,,,,,1.11E+3,2.69E+2,5.06E+3,3.00,-4.26E+2,3.93
52,58,110Te,,,,,,,,1.57E+3,6.06,2.69E+3,7.75,1.00E+1,7.55
52,59,111Te,,,,,,,,1.31E+3,7.00,2.49E+3,8.33,2.98,8.02
52,56,108Te,,,,,,,,1.59E+3,5.36E+1,3.42E+3,7.60,-4.50E+1,4.92
52,57,109Te,,,,,,,,1.29E+3,5.26,3.19E+3,5.70,-5.54E+1,4.77
52,61,113Te,,,,,,,,1.38E+3,2.36E+1,1.85E+3,2.90E+1,-6.07E+1,2.08E+1
52,62,114Te,,,,,,,,1.68E+3,2.62E+1,1.52E+3,2.80E+1,-7.08E+1,1.93E+1
52,60,112Te,,,,,,,,1.60E+3,1.55E+1,2.07E+3,9.96,9.10,9.20
52,65,117Te,,,,,,,,1.38E+3,1.79E+1,8.07E+2,1.35E+1,-3.09E+2,1.08E+1
52,65,117Te,,,,,,,,1.38E+3,1.79E+1,8.07E+2,1.35E+1,-3.09E+2,1.08E+1
52,66,118Te,,,,,,,,1.55E+3,1.50E+1,4.44E+2,1.83E+1,-2.66E+2,1.40E+1
52,63,115Te,,,,,,,,1.51E+3,2.61E+1,1.45E+3,2.84E+1,-3.03E+2,2.06E+1
52,63,115Te,,,,,,,,1.51E+3,2.61E+1,1.45E+3,2.84E+1,-3.03E+2,2.06E+1
52,64,116Te,,,,,,,,1.68E+3,2.30E+1,9.66E+2,2.42E+1,-1.49E+2,1.81E+1
52,69,121Te,,,,,,,,1.29E+3,1.83E+1,-5.70E+2,2.58E+1,-2.55E+2,1.82E+1
52,69,121Te,,,,,,,,1.29E+3,1.83E+1,-5.70E+2,2.58E+1,-2.55E+2,1.82E+1
52,67,119Te,,,,,,,,1.34E+3,1.05E+1,4.26E+2,7.27,-4.58E+2,7.01
52,67,119Te,,,,,,,,1.34E+3,1.05E+1,4.26E+2,7.27,-4.58E+2,7.01
52,68,120Te,,,,,,,,1.49E+3,1.34E+1,-2.61E+2,1.75,-2.34E+2,1.04
52,72,124Te,,,,,,,,1.42E+3,1.35,-1.85E+3,1.35,4.50E+1,9.58E-1
52,73,125Te,,,,,,,,1.27E+3,1.34,-2.25E+3,1.39,7.54E+1,9.71E-1
52,73,125Te,,,,,,,,1.27E+3,1.34,-2.25E+3,1.39,7.54E+1,9.71E-1
52,70,122Te,,,,,,,,1.45E+3,1.29E+1,-1.08E+3,1.43,-8.63E+1,9.87E-1
52,71,123Te,,,,,,,,1.24E+3,1.35,-1.53E+3,1.51,-2.19E+1,2.15
52,71,123Te,,,,,,,,1.24E+3,1.35,-1.53E+3,1.51,-2.19E+1,2.15
52,76,128Te,,,,,,,,1.35E+3,9.18E-1,-3.18E+3,1.45,2.38E+2,8.10E-1
52,77,129Te,,,,,,,,1.16E+3,6.13E-1,-3.53E+3,1.47,2.36E+2,1.45
52,77,129Te,,,,,,,,1.16E+3,6.13E-1,-3.53E+3,1.47,2.36E+2,1.45
52,74,126Te,,,,,,,,1.41E+3,1.35,-2.54E+3,2.42,1.53E+2,1.38
52,75,127Te,,,,,,,,1.24E+3,1.23,-2.89E+3,2.42,1.66E+2,1.39
52,75,127Te,,,,,,,,1.24E+3,1.23,-2.89E+3,2.42,1.66E+2,1.39
52,78,130Te,,,,,,,,1.24E+3,3.57E-1,-3.76E+3,1.06E+1,2.82E+2,5.34
52,79,131Te,,,,,,,,1.05E+3,1.74,-4.16E+3,9.22,2.69E+2,4.96
52,79,131Te,,,,,,,,1.05E+3,1.74,-4.16E+3,9.22,2.69E+2,4.96
52,79,131Te,,,,,,,,1.05E+3,1.74,-4.16E+3,9.22,2.69E+2,4.96
52,80,132Te,,,,,,,,1.11E+3,2.67,-4.25E+3,1.80E+1,2.92E+2,9.17
52,83,135Te,,,,,,,,7.50E+2,2.16,-2.88E+3,4.00,1.27E+3,2.43
52,84,136Te,,,,,,,,9.09E+2,2.11,-3.03E+2,3.01,-3.41E+2,2.22
52,81,133Te,,,,,,,,9.23E+2,2.65,-4.77E+3,1.73E+1,1.45E+3,8.75
52,81,133Te,,,,,,,,9.23E+2,2.65,-4.77E+3,1.73E+1,1.45E+3,8.75
52,82,134Te,,,,,,,,2.20E+3,2.36,-4.82E+3,3.32,2.48E+3,2.57
52,87,139Te,,,,,,,,8.26E+2,7.84,-1.99E+3,4.68,-2.12E+2,3.74
52,88,140Te,,,,,,,,9.40E+2,2.11E+2,-2.62E+3,2.01E+2,-1.53E+2,1.00E+2
52,85,137Te,,,,,,,,7.56E+2,2.66,-8.54E+2,2.83,-2.31E+2,2.27
52,86,138Te,,,,,,,,9.41E+2,3.37,-1.68E+3,4.93,-1.35E+2,3.39
52,89,141Te,,,,,,,,8.35E+2,4.12E+2,-2.94E+3,5.00E+2,-1.52E+2,3.20E+2
52,90,142Te,,,,,,,,1.03E+3,5.02E+2,-3.46E+3,6.40E+2,-1.83E+2,4.06E+2
52,91,143Te,,,,,,,,8.93E+2,4.39E+2,-3.64E+3,6.40E+2,-3.24E+2,4.18E+2
52,92,144Te,,,,,,,,9.00E+2,3.29E+2,-4.15E+3,4.24E+2,-3.49E+2,2.99E+2
52,93,145Te,,,,,,,,,,,,,
53,55,108I,,,,,,,,7.93E+2,1.77E+2,4.09E+3,4.60,-8.36E+1,2.93E+1
53,56,109I,,,,,,,,1.05E+3,6.24E+1,3.91E+3,2.07E+1,-2.17E+2,1.10E+1
53,59,112I,,,,,,,,9.73E+2,8.61,2.95E+3,1.16E+1,-1.80E+2,5.08E+1
53,57,110I,,,,,,,,8.45E+2,4.39E+1,3.58E+3,6.14E+1,-1.11E+2,4.23E+1
53,58,111I,,,,,,,,1.18E+3,3.15E+1,3.27E+3,5.18,-2.22E+2,5.15E+1
53,62,115I,,,,,,,,1.30E+3,4.38E+1,2.07E+3,3.02E+1,-2.33E+2,2.20E+1
53,63,116I,,,,,,,,9.67E+2,5.64E+1,1.75E+3,7.71E+1,-3.23E+2,5.40E+1
53,60,113I,,,,,,,,1.26E+3,1.25E+1,2.70E+3,9.58,-2.52E+2,3.18E+1
53,61,114I,,,,,,,,1.08E+3,2.06E+1,2.38E+3,2.08E+1,-2.90E+2,1.58E+1
53,61,114I,,,,,,,,1.08E+3,2.06E+1,2.38E+3,2.08E+1,-2.90E+2,1.58E+1
53,66,119I,,,,,,,,1.41E+3,1.97E+1,8.00E+2,2.69E+1,-2.45E+2,1.83E+1
53,67,120I,,,,,,,,1.26E+3,1.54E+1,6.49E+2,1.59E+1,-5.34E+2,1.18E+1
53,67,120I,,,,,,,,1.26E+3,1.54E+1,6.49E+2,1.59E+1,-5.34E+2,1.18E+1
53,64,117I,,,,,,,,1.24E+3,4.28E+1,1.55E+3,3.08E+1,-3.21E+2,2.12E+1
53,65,118I,,,,,,,,1.13E+3,2.18E+1,1.10E+3,2.79E+1,-3.49E+2,2.40E+1
53,65,118I,,,,,,,,1.13E+3,2.18E+1,1.10E+3,2.79E+1,-3.49E+2,2.40E+1
53,68,121I,,,,,,,,1.33E+3,8.65,-3.10E+1,9.66,-1.19E+2,6.60
53,69,122I,,,,,,,,1.01E+3,4.73,-5.07E+2,5.99,-9.41E+1,6.52
53,70,123I,,,,,,,,1.22E+3,3.85,-8.91E+2,7.90,8.48E+1,5.16
53,73,126I,,,,,,,,9.99E+2,3.29,-2.00E+3,4.24,2.93E+2,5.05
53,74,127I,,,,,,,,1.15E+3,3.66,-2.18E+3,3.56,3.43E+2,2.54
53,71,124I,,,,,,,,1.02E+3,2.54,-1.37E+3,7.50,1.90E+2,4.75
53,72,125I,,,,,,,,1.19E+3,2.40,-1.66E+3,2.13,2.86E+2,2.60
53,77,130I,,,,,,,,1.03E+3,2.74,-2.96E+3,3.20E+1,2.94E+2,1.60E+1
53,77,130I,,,,,,,,1.03E+3,2.74,-2.96E+3,3.20E+1,2.94E+2,1.60E+1
53,78,131I,,,,,,,,1.12E+3,2.60,-3.16E+3,5.11,3.02E+2,2.58
53,75,128I,,,,,,,,1.00E+3,3.50,-2.54E+3,3.56,3.52E+2,2.59
53,76,129I,,,,,,,,1.17E+3,3.27,-2.67E+3,4.02,3.44E+2,2.55
53,79,132I,,,,,,,,9.46E+2,4.13,-3.49E+3,1.92E+1,2.19E+2,9.86
53,79,132I,,,,,,,,9.46E+2,4.13,-3.49E+3,1.92E+1,2.19E+2,9.86
53,80,133I,,,,,,,,9.83E+2,5.23,-3.65E+3,2.20E+1,2.69E+2,1.14E+1
53,80,133I,,,,,,,,9.83E+2,5.23,-3.65E+3,2.20E+1,2.69E+2,1.14E+1
53,81,134I,,,,,,,,7.74E+2,4.64,-4.18E+3,1.50E+1,1.45E+3,9.12
53,81,134I,,,,,,,,7.74E+2,4.64,-4.18E+3,1.50E+1,1.45E+3,9.12
53,84,137I,,,,,,,,5.93E+2,9.71,1.42E+2,8.94,-3.44E+2,7.66
53,85,138I,,,,,,,,4.33E+2,6.27,-3.85E+2,6.70,-2.86E+2,5.71
53,82,135I,,,,,,,,1.98E+3,7.63,-4.22E+3,2.93,2.43E+3,2.37
53,83,136I,,,,,,,,5.22E+2,1.09E+1,-2.33E+3,1.44E+1,1.20E+3,1.09E+1
53,83,136I,,,,,,,,5.22E+2,1.09E+1,-2.33E+3,1.44E+1,1.20E+3,1.09E+1
53,88,141I,,,,,,,,7.22E+2,1.29E+1,-2.29E+3,5.45E+1,-1.30E+2,2.87E+1
53,89,142I,,,,,,,,5.88E+2,7.20E+1,-2.57E+3,3.00E+2,-1.77E+2,1.50E+2
53,86,139I,,,,,,,,6.77E+2,7.31,-1.20E+3,4.79,-2.11E+2,4.90
53,87,140I,,,,,,,,5.92E+2,1.18E+1,-1.52E+3,1.34E+1,-2.82E+2,1.35E+1
53,87,140I,,,,,,,,5.92E+2,1.18E+1,-1.52E+3,1.34E+1,-2.82E+2,1.35E+1
53,87,140I,,,,,,,,5.92E+2,1.18E+1,-1.52E+3,1.34E+1,-2.82E+2,1.35E+1
53,91,144I,,,,,,,,6.86E+2,3.81E+2,-3.36E+3,7.21E+2,-3.20E+2,4.12E+2
53,92,145I,,,,,,,,6.86E+2,4.03E+2,-4.01E+3,7.07E+2,-2.89E+2,4.76E+2
53,90,143I,,,,,,,,8.02E+2,2.38E+2,-3.16E+3,4.47E+2,-1.95E+2,2.44E+2
53,93,146I,,,,,,,,5.50E+2,3.33E+2,-4.35E+3,4.24E+2,-3.50E+2,3.27E+2
53,94,147I,,,,,,,,,,,,,
54,71,125Xe,,,,,,,,1.20E+3,1.20,-1.08E+3,2.58E+1,3.97E+2,1.39E+1
54,71,125Xe,,,,,,,,1.20E+3,1.20,-1.08E+3,2.58E+1,3.97E+2,1.39E+1
54,70,124Xe,,,,,,,,1.44E+3,4.91,-7.30E+2,1.12,3.01E+2,1.19
54,75,129Xe,,,,,,,,1.17E+3,3.87E-2,-2.09E+3,1.35,4.08E+2,8.38E-1
54,75,129Xe,,,,,,,,1.17E+3,3.87E-2,-2.09E+3,1.35,4.08E+2,8.38E-1
54,74,128Xe,,,,,,,,1.35E+3,2.04,-1.76E+3,1.35,3.81E+2,8.56E-1
54,73,127Xe,,,,,,,,1.18E+3,2.89,-1.57E+3,4.04,3.95E+2,2.88
54,73,127Xe,,,,,,,,1.18E+3,2.89,-1.57E+3,4.04,3.95E+2,2.88
54,72,126Xe,,,,,,,,1.38E+3,2.16,-1.25E+3,1.35,3.61E+2,6.93E-1
54,79,133Xe,,,,,,,,1.05E+3,1.69,-3.06E+3,2.50,2.80E+2,1.73
54,79,133Xe,,,,,,,,1.05E+3,1.69,-3.06E+3,2.50,2.80E+2,1.73
54,78,132Xe,,,,,,,,1.25E+3,1.19,-2.71E+3,7.06E-1,3.38E+2,3.73E-1
54,77,131Xe,,,,,,,,1.16E+3,3.93E-2,-2.55E+3,1.36,3.47E+2,6.93E-1
54,77,131Xe,,,,,,,,1.16E+3,3.93E-2,-2.55E+3,1.36,3.47E+2,6.93E-1
54,76,130Xe,,,,,,,,1.32E+3,3.90E-2,-2.24E+3,1.35,3.73E+2,6.88E-1
54,82,136Xe,,,,,,,,2.03E+3,1.83,-3.66E+3,3.48,2.20E+3,4.31
54,81,135Xe,,,,,,,,8.64E+2,2.59,-3.62E+3,3.66,1.35E+3,2.59
54,81,135Xe,,,,,,,,8.64E+2,2.59,-3.62E+3,3.66,1.35E+3,2.59
54,80,134Xe,,,,,,,,1.09E+3,2.19,-3.19E+3,1.04E-2,3.18E+2,1.24E-1
54,80,134Xe,,,,,,,,1.09E+3,2.19,-3.19E+3,1.04E-2,3.18E+2,1.24E-1
54,86,140Xe,,,,,,,,1.06E+3,2.43,-9.86E+2,3.25,-1.09E+2,4.09
54,85,139Xe,,,,,,,,8.34E+2,2.36,-3.40E+2,2.74,-1.88E+2,3.80
54,84,138Xe,,,,,,,,9.58E+2,2.25,1.36E+2,3.92,-2.15E+2,3.81
54,83,137Xe,,,,,,,,8.17E+2,1.40,-1.87E+3,2.06,1.04E+3,2.85
54,89,143Xe,,,,,,,,8.48E+2,4.44,-2.42E+3,5.84,-3.16E+1,1.05E+1
54,88,142Xe,,,,,,,,1.02E+3,3.34,-1.95E+3,4.65,-5.14E+1,2.83
54,87,141Xe,,,,,,,,9.10E+2,2.71,-1.31E+3,3.57,-2.12E+2,4.82
54,93,147Xe,,,,,,,,9.54E+2,1.81E+2,-4.29E+3,5.39E+2,-3.35E+2,3.50E+2
54,92,146Xe,,,,,,,,1.03E+3,7.56E+1,-3.83E+3,5.01E+2,-2.64E+2,2.50E+2
54,91,145Xe,,,,,,,,9.20E+2,1.47E+1,-3.24E+3,4.00E+2,-2.56E+2,2.00E+2
54,90,144Xe,,,,,,,,1.02E+3,7.12,-2.92E+3,1.53E+1,-8.38E+1,8.14
54,96,150Xe,,,,,,,,,,,,,
54,95,149Xe,,,,,,,,8.62E+2,2.98E+2,-5.41E+3,4.24E+2,-2.40E+2,3.27E+2
54,94,148Xe,,,,,,,,9.93E+2,2.67E+2,-4.85E+3,4.24E+2,-2.65E+2,3.27E+2
54,57,111Xe,,,,,,,,1.44E+3,9.34E+1,3.71E+3,5.68E+1,-2.68E+2,1.18E+2
54,56,110Xe,,,,,,,,1.57E+3,1.75E+2,3.87E+3,9.49,-1.39E+2,1.04E+1
54,55,109Xe,,,,,,,,1.10E+3,2.89E+2,4.21E+3,7.26,-9.10E+1,2.12E+2
54,54,108Xe,,,,,,,,,,4.56E+3,2.07E+2,,
54,59,113Xe,,,,,,,,1.35E+3,8.47,3.08E+3,7.65,-3.83E+2,1.25E+2
54,58,112Xe,,,,,,,,1.65E+3,5.59E+1,3.33E+3,6.27,-5.42E+1,1.00E+2
54,60,114Xe,,,,,,,,1.65E+3,1.05E+1,2.71E+3,1.29E+1,-1.29E+2,1.00E+2
54,64,118Xe,,,,,,,,1.58E+3,1.03E+1,1.38E+3,2.65E+1,-1.70E+2,1.99E+1
54,63,117Xe,,,,,,,,1.37E+3,1.10E+1,1.73E+3,2.98E+1,-3.60E+2,7.26E+1
54,62,116Xe,,,,,,,,1.62E+3,1.21E+1,2.09E+3,1.54E+1,-1.81E+2,1.50E+2
54,61,115Xe,,,,,,,,1.40E+3,1.21E+1,2.50E+3,1.37E+1,-4.32E+2,1.00E+2
54,68,122Xe,,,,,,,,1.49E+3,1.05E+1,-8.91E+1,2.14E+1,1.74E+2,1.35E+1
54,67,121Xe,,,,,,,,1.28E+3,1.08E+1,1.89E+2,1.69E+1,9.87E+1,1.13E+1
54,66,120Xe,,,,,,,,1.53E+3,1.10E+1,6.66E+2,2.69E+1,-4.35,1.59E+1
54,65,119Xe,,,,,,,,1.33E+3,1.07E+1,8.43E+2,2.98E+1,-6.43E+1,1.69E+1
54,69,123Xe,,,,,,,,1.26E+3,8.76,-4.90E+2,1.19E+1,2.48E+2,9.53
55,58,113Cs,,,,,,,,1.18E+3,7.05E+1,3.48E+3,7.76,-2.07E+2,1.00E+2
55,57,112Cs,,,,,,,,8.58E+2,1.36E+2,3.93E+3,5.85E+1,4.28,1.52E+2
55,59,114Cs,,,,,,,,1.03E+3,8.33E+1,3.35E+3,5.83E+1,-3.57E+2,1.58E+2
55,61,116Cs,,,,,,,,1.06E+3,1.04E+2,2.59E+3,1.01E+2,-2.74E+2,1.65E+2
55,61,116Cs,,,,,,,,1.06E+3,1.04E+2,2.59E+3,1.01E+2,-2.74E+2,1.65E+2
55,60,115Cs,,,,,,,,1.31E+3,1.08E+2,2.82E+3,1.03E+2,-2.87E+2,1.66E+2
55,65,120Cs,,,,,,,,8.15E+2,1.22E+1,1.10E+3,7.56E+1,4.90E+1,4.75E+1
55,65,120Cs,,,,,,,,8.15E+2,1.22E+1,1.10E+3,7.56E+1,4.90E+1,4.75E+1
55,64,119Cs,,,,,,,,1.15E+3,1.27E+1,1.60E+3,3.20E+1,-1.89E+2,9.93E+1
55,64,119Cs,,,,,,,,1.15E+3,1.27E+1,1.60E+3,3.20E+1,-1.89E+2,9.93E+1
55,63,118Cs,,,,,,,,9.89E+2,3.32E+1,1.80E+3,2.37E+1,-1.81E+2,1.49E+2
55,63,118Cs,,,,,,,,9.89E+2,3.32E+1,1.80E+3,2.37E+1,-1.81E+2,1.49E+2
55,62,117Cs,,,,,,,,1.28E+3,7.31E+1,2.20E+3,6.29E+1,-1.61E+2,1.56E+2
55,62,117Cs,,,,,,,,1.28E+3,7.31E+1,2.20E+3,6.29E+1,-1.61E+2,1.56E+2
55,69,124Cs,,,,,,,,8.25E+2,9.67,-4.18E+2,1.76E+1,5.54E+2,2.89E+1
55,69,124Cs,,,,,,,,8.25E+2,9.67,-4.18E+2,1.76E+1,5.54E+2,2.89E+1
55,68,123Cs,,,,,,,,1.10E+3,1.94E+1,3.09E+2,2.48E+1,2.06E+2,1.89E+1
55,68,123Cs,,,,,,,,1.10E+3,1.94E+1,3.09E+2,2.48E+1,2.06E+2,1.89E+1
55,67,122Cs,,,,,,,,9.28E+2,2.55E+1,4.01E+2,3.90E+1,1.72E+2,5.20E+1
55,67,122Cs,,,,,,,,9.28E+2,2.55E+1,4.01E+2,3.90E+1,1.72E+2,5.20E+1
55,67,122Cs,,,,,,,,9.28E+2,2.55E+1,4.01E+2,3.90E+1,1.72E+2,5.20E+1
55,66,121Cs,,,,,,,,1.08E+3,2.02E+1,9.11E+2,2.92E+1,3.31,2.08E+1
55,66,121Cs,,,,,,,,1.08E+3,2.02E+1,9.11E+2,2.92E+1,3.31,2.08E+1
55,72,127Cs,,,,,,,,1.09E+3,7.04,-7.22E+2,6.65,3.84E+2,1.46E+1
55,71,126Cs,,,,,,,,8.14E+2,8.73,-6.96E+2,1.15E+1,4.97E+2,1.51E+1
55,70,125Cs,,,,,,,,1.04E+3,8.81,-2.69E+2,9.00,3.05E+2,1.22E+1
55,76,131Cs,,,,,,,,1.02E+3,4.21,-1.49E+3,3.62,2.42E+2,5.05
55,75,130Cs,,,,,,,,8.77E+2,6.33,-1.41E+3,9.17,3.35E+2,1.17E+1
55,75,130Cs,,,,,,,,8.77E+2,6.33,-1.41E+3,9.17,3.35E+2,1.17E+1
55,74,129Cs,,,,,,,,1.08E+3,5.92,-1.08E+3,4.75,3.33E+2,1.43E+1
55,73,128Cs,,,,,,,,9.37E+2,5.23,-9.92E+2,5.84,3.87E+2,1.86E+1
55,79,134Cs,,,,,,,,9.35E+2,1.85E-1,-2.37E+3,3.15,1.66E+2,1.59
55,79,134Cs,,,,,,,,9.35E+2,1.85E-1,-2.37E+3,3.15,1.66E+2,1.59
55,78,133Cs,,,,,,,,1.04E+3,5.22E-1,-1.98E+3,3.15,2.46E+2,1.77
55,77,132Cs,,,,,,,,9.10E+2,7.43E-1,-1.83E+3,3.76,2.64E+2,2.66E+1
55,83,138Cs,,,,,,,,7.36E+2,6.66,-1.26E+3,1.03E+1,8.53E+2,7.59
55,83,138Cs,,,,,,,,7.36E+2,6.66,-1.26E+3,1.03E+1,8.53E+2,7.59
55,82,137Cs,,,,,,,,1.93E+3,4.68,-3.11E+3,5.90,2.15E+3,3.60
55,81,136Cs,,,,,,,,7.24E+2,1.34,-3.06E+3,4.47,1.33E+3,2.44
55,81,136Cs,,,,,,,,7.24E+2,1.34,-3.06E+3,4.47,1.33E+3,2.44
55,80,135Cs,,,,,,,,9.66E+2,9.73E-1,-2.56E+3,7.05E-1,2.49E+2,4.99E-1
55,80,135Cs,,,,,,,,9.66E+2,9.73E-1,-2.56E+3,7.05E-1,2.49E+2,4.99E-1
55,87,142Cs,,,,,,,,5.61E+2,7.77,-9.59E+2,9.24,-8.59E+1,5.87
55,86,141Cs,,,,,,,,6.95E+2,8.46,-5.45E+2,1.24E+1,-1.18E+2,9.87
55,85,140Cs,,,,,,,,5.39E+2,7.56,7.05E+1,1.63E+1,-1.47E+2,1.12E+1
55,84,139Cs,,,,,,,,7.32E+2,6.53,6.53E+2,3.74,-2.74E+2,4.40
55,89,144Cs,,,,,,,,5.93E+2,1.54E+1,-2.09E+3,2.34E+1,1.13E+2,1.82E+1
55,88,143Cs,,,,,,,,7.82E+2,1.19E+1,-1.62E+3,8.56,1.00E+2,7.83
55,90,145Cs,,,,,,,,7.63E+2,1.20E+1,-2.55E+3,1.82E+1,-1.88E+1,1.00E+2
55,94,149Cs,,,,,,,,7.33E+2,3.88E+2,-4.59E+3,6.40E+2,-2.95E+2,4.06E+2
55,93,148Cs,,,,,,,,6.88E+2,2.23E+2,-4.00E+3,4.00E+2,-3.99E+2,2.50E+2
55,92,147Cs,,,,,,,,8.09E+2,8.92,-3.55E+3,2.00E+2,-1.30E+2,2.39E+2
55,91,146Cs,,,,,,,,6.76E+2,6.50,-2.93E+3,5.72,-2.46E+2,3.44
55,97,152Cs,,,,,,,,,,,,,
55,96,151Cs,,,,,,,,5.58E+2,4.53E+2,-5.50E+3,5.83E+2,-2.85E+2,4.32E+2
55,95,150Cs,,,,,,,,5.70E+2,4.50E+2,-5.05E+3,5.00E+2,-3.65E+2,3.53E+2
56,92,148Ba,,,,,,,,9.97E+2,1.00E+1,-3.09E+3,5.51,-3.81E+2,1.00E+2
56,93,149Ba,,,,,,,,8.86E+2,3.43,-3.76E+3,1.14E+1,-3.70E+2,1.00E+2
56,94,150Ba,,,,,,,,9.88E+2,2.26E+2,-4.35E+3,2.48E+1,-1.97E+2,1.00E+2
56,95,151Ba,,,,,,,,7.91E+2,3.93E+2,-4.96E+3,4.47E+2,-1.50E+2,3.35E+2
56,90,146Ba,,,,,,,,9.76E+2,1.08E+1,-2.06E+3,3.22,-1.71E+2,6.13
56,91,147Ba,,,,,,,,9.41E+2,1.40E+1,-2.48E+3,2.02E+1,-4.49E+2,1.66E+1
56,96,152Ba,,,,,,,,9.40E+2,4.56E+2,-5.38E+3,5.00E+2,-1.25E+2,3.53E+2
56,97,153Ba,,,,,,,,8.90E+2,4.59E+2,-5.89E+3,5.00E+2,5.00,3.77E+2
56,98,154Ba,,,,,,,,,,-6.35E+3,5.83E+2,1.55E+2,4.32E+2
56,58,114Ba,,,,,,,,1.57E+3,2.17E+2,3.59E+3,1.85E+1,,
56,59,115Ba,,,,,,,,1.16E+3,2.06E+2,3.17E+3,2.31E+2,-2.50E+2,2.93E+2
56,60,116Ba,,,,,,,,1.12E+3,2.36E+2,3.22E+3,2.00E+2,-4.98E+2,2.87E+2
56,61,117Ba,,,,,,,,7.98E+2,2.42E+2,2.32E+3,2.50E+2,1.10E+1,2.67E+2
56,62,118Ba,,,,,,,,1.15E+3,2.31E+2,2.46E+3,2.01E+2,-2.80E+2,2.45E+2
56,67,123Ba,,,,,,,,1.19E+3,1.75E+1,7.14E+2,1.59E+1,2.68E+2,1.75E+1
56,68,124Ba,,,,,,,,1.42E+3,1.20E+1,6.57E+2,1.71E+1,2.36E+2,1.75E+1
56,69,125Ba,,,,,,,,1.21E+3,1.17E+1,3.87E+2,1.50E+1,2.84E+2,1.67E+1
56,63,119Ba,,,,,,,,9.45E+2,2.37E+2,1.64E+3,2.00E+2,1.18E+2,2.05E+2
56,64,120Ba,,,,,,,,1.22E+3,2.45E+2,1.73E+3,3.00E+2,-9.26E+1,2.59E+2
56,65,121Ba,,,,,,,,1.00E+3,1.81E+2,1.01E+3,1.42E+2,3.23E+2,1.40E+2
56,66,122Ba,,,,,,,,1.40E+3,7.38E+1,1.04E+3,2.98E+1,1.59E+2,2.47E+1
56,70,126Ba,,,,,,,,1.42E+3,1.18E+1,2.60E+2,1.67E+1,2.80E+2,1.74E+1
56,71,127Ba,,,,,,,,1.20E+3,1.02E+1,5.38,1.48E+1,3.39E+2,1.88E+1
56,71,127Ba,,,,,,,,1.20E+3,1.02E+1,5.38,1.48E+1,3.39E+2,1.88E+1
56,72,128Ba,,,,,,,,1.42E+3,7.81,-1.26E+2,2.10,3.01E+2,1.02E+1
56,73,129Ba,,,,,,,,1.25E+3,7.47,-2.86E+2,1.05E+1,2.52E+2,1.10E+1
56,73,129Ba,,,,,,,,1.25E+3,7.47,-2.86E+2,1.05E+1,2.52E+2,1.10E+1
56,78,134Ba,,,,,,,,1.24E+3,5.43E-1,-1.49E+3,2.50E-1,2.26E+2,2.62E-1
56,79,135Ba,,,,,,,,1.06E+3,2.46E-1,-1.86E+3,2.45E-1,1.64E+2,1.05
56,79,135Ba,,,,,,,,1.06E+3,2.46E-1,-1.86E+3,2.45E-1,1.64E+2,1.05
56,74,130Ba,,,,,,,,1.38E+3,5.25,-5.35E+2,2.87E-1,2.67E+2,1.01E+1
56,75,131Ba,,,,,,,,1.16E+3,6.22E-1,-7.82E+2,4.10,2.10E+2,5.53
56,75,131Ba,,,,,,,,1.16E+3,6.22E-1,-7.82E+2,4.10,2.10E+2,5.53
56,76,132Ba,,,,,,,,1.31E+3,9.22E-1,-9.99E+2,1.05,2.50E+2,7.62E-1
56,77,133Ba,,,,,,,,1.13E+3,8.90E-1,-1.28E+3,9.92E-1,2.46E+2,7.24E-1
56,77,133Ba,,,,,,,,1.13E+3,8.90E-1,-1.28E+3,9.92E-1,2.46E+2,7.24E-1
56,81,137Ba,,,,,,,,8.53E+2,2.46E-1,-2.50E+3,2.41,1.18E+3,1.37
56,81,137Ba,,,,,,,,8.53E+2,2.46E-1,-2.50E+3,2.41,1.18E+3,1.37
56,82,138Ba,,,,,,,,1.94E+3,2.48E-1,-2.56E+3,2.49E-1,1.93E+3,1.23
56,83,139Ba,,,,,,,,8.50E+2,3.95,-9.25E+2,3.66,9.04E+2,2.20
56,84,140Ba,,,,,,,,9.44E+2,6.18,7.36E+2,7.89,-1.62E+2,5.76
56,80,136Ba,,,,,,,,1.10E+3,2.44E-1,-2.03E+3,2.44E-1,2.10E+2,6.78E-1
56,80,136Ba,,,,,,,,1.10E+3,2.44E-1,-2.03E+3,2.44E-1,2.10E+2,6.78E-1
56,89,145Ba,,,,,,,,8.00E+2,7.03,-1.74E+3,8.95,8.25E+1,8.01
56,85,141Ba,,,,,,,,8.22E+2,6.20,2.26E+2,5.31,7.25,1.73E+1
56,86,142Ba,,,,,,,,1.00E+3,5.99,-2.94E+2,6.55,4.32E+1,8.55
56,87,143Ba,,,,,,,,8.67E+2,6.65,-7.17E+2,7.08,1.07E+2,6.50
56,88,144Ba,,,,,,,,1.04E+3,7.40,-1.20E+3,7.50,7.46E+1,7.62
57,60,117La,,,,,,,,1.48E+3,2.98E+2,3.06E+3,2.00E+2,-3.87E+2,2.87E+2
57,63,120La,,,,,,,,1.10E+3,2.74E+2,2.04E+3,3.16E+2,-2.70E+1,2.95E+2
57,68,125La,,,,,,,,1.14E+3,5.64E+1,9.17E+2,2.96E+1,3.21E+2,2.47E+1
57,68,125La,,,,,,,,1.14E+3,5.64E+1,9.17E+2,2.96E+1,3.21E+2,2.47E+1
57,69,126La,,,,,,,,8.54E+2,6.65E+1,7.46E+2,9.65E+1,3.13E+2,7.35E+1
57,69,126La,,,,,,,,8.54E+2,6.65E+1,7.46E+2,9.65E+1,3.13E+2,7.35E+1
57,64,121La,,,,,,,,1.18E+3,2.42E+2,1.87E+3,3.06E+2,-9.15E+1,2.61E+2
57,65,122La,,,,,,,,8.79E+2,2.44E+2,1.44E+3,2.98E+2,1.77E+2,2.32E+2
57,66,123La,,,,,,,,1.25E+3,2.14E+2,1.22E+3,1.96E+2,2.27E+2,1.69E+2
57,67,124La,,,,,,,,9.52E+2,1.30E+2,1.20E+3,5.75E+1,1.48E+2,4.30E+1
57,67,124La,,,,,,,,9.52E+2,1.30E+2,1.20E+3,5.75E+1,1.48E+2,4.30E+1
57,71,128La,,,,,,,,9.84E+2,4.20E+1,6.90E+2,5.52E+1,1.41E+2,4.13E+1
57,71,128La,,,,,,,,9.84E+2,4.20E+1,6.90E+2,5.52E+1,1.41E+2,4.13E+1
57,72,129La,,,,,,,,1.19E+3,3.37E+1,3.41E+2,2.27E+1,3.09E+2,1.67E+1
57,72,129La,,,,,,,,1.19E+3,3.37E+1,3.41E+2,2.27E+1,3.09E+2,1.67E+1
57,73,130La,,,,,,,,9.19E+2,2.54E+1,2.98E+2,2.79E+1,1.88E+2,2.16E+1
57,74,131La,,,,,,,,1.09E+3,2.98E+1,4.58E+1,2.84E+1,1.81E+2,2.08E+1
57,70,127La,,,,,,,,1.09E+3,5.59E+1,7.22E+2,2.86E+1,2.23E+2,3.04E+1
57,70,127La,,,,,,,,1.09E+3,5.59E+1,7.22E+2,2.86E+1,2.23E+2,3.04E+1
57,79,136La,,,,,,,,8.54E+2,3.79E+1,-1.30E+3,5.31E+1,1.18E+2,3.77E+1
57,79,136La,,,,,,,,8.54E+2,3.79E+1,-1.30E+3,5.31E+1,1.18E+2,3.77E+1
57,75,132La,,,,,,,,9.08E+2,3.24E+1,-2.16E+2,3.67E+1,8.74E+1,2.64E+1
57,75,132La,,,,,,,,9.08E+2,3.24E+1,-2.16E+2,3.67E+1,8.74E+1,2.64E+1
57,76,133La,,,,,,,,1.02E+3,2.86E+1,-4.20E+2,2.83E+1,1.43E+2,2.03E+1
57,77,134La,,,,,,,,8.50E+2,2.03E+1,-7.43E+2,2.16E+1,2.04E+2,1.55E+1
57,78,135La,,,,,,,,1.01E+3,2.91E+1,-1.01E+3,9.43,2.01E+2,6.91
57,82,139La,,,,,,,,1.80E+3,5.66E-1,-2.06E+3,7.07E-1,1.89E+3,1.00
57,83,140La,,,,,,,,7.64E+2,2.13,-3.98E+2,1.96,7.67E+2,1.69
57,84,141La,,,,,,,,7.61E+2,4.30,1.19E+3,4.13,-1.56E+2,4.58
57,85,142La,,,,,,,,5.26E+2,6.12,4.38E+2,1.11E+1,2.43E+2,1.83E+1
57,80,137La,,,,,,,,8.65E+2,2.66E+1,-1.49E+3,1.64,9.81E+1,1.38
57,81,138La,,,,,,,,6.68E+2,9.24E-1,-2.04E+3,4.16E-1,1.17E+3,8.04E-1
57,86,143La,,,,,,,,7.34E+2,8.86,1.04E+2,7.97,9.88E+1,9.59
57,87,144La,,,,,,,,6.53E+2,1.16E+1,-2.24E+2,1.53E+1,5.70E+1,1.25E+1
57,88,145La,,,,,,,,7.99E+2,1.08E+1,-7.82E+2,1.53E+1,7.69E+1,1.09E+1
57,89,146La,,,,,,,,5.35E+2,8.23,-1.13E+3,7.26,-1.86E+2,5.84
57,89,146La,,,,,,,,5.35E+2,8.23,-1.13E+3,7.26,-1.86E+2,5.84
57,93,150La,,,,,,,,4.53E+2,2.39E+2,-3.42E+3,3.83,-2.73E+2,5.00E+1
57,94,151La,,,,,,,,5.26E+2,3.43E+2,-3.81E+3,4.35E+2,-3.57E+2,3.08E+2
57,95,152La,,,,,,,,4.35E+2,3.42E+2,-4.80E+3,3.00E+2,1.10E+2,2.12E+2
57,96,153La,,,,,,,,7.14E+2,3.06E+2,-5.18E+3,5.00E+2,1.92E+2,2.91E+2
57,90,147La,,,,,,,,7.13E+2,1.23E+1,-1.42E+3,1.31E+1,-5.49E+2,1.02E+1
57,91,148La,,,,,,,,7.40E+2,1.01E+2,-1.86E+3,2.80E+1,-8.05E+2,1.94E+1
57,92,149La,,,,,,,,7.09E+2,1.41E+2,-2.59E+3,2.00E+2,-5.91E+2,1.41E+2
57,97,154La,,,,,,,,5.12E+2,3.53E+2,-5.78E+3,5.00E+2,3.70E+2,3.27E+2
57,98,155La,,,,,,,,6.47E+2,4.31E+2,-6.07E+3,6.40E+2,4.05E+2,4.26E+2
57,99,156La,,,,,,,,4.40E+2,4.33E+2,-6.34E+3,6.40E+2,3.86E+2,4.26E+2
57,100,157La,,,,,,,,,,,,,
58,100,158Ce,,,,,,,,8.17E+2,4.74E+2,-6.04E+3,6.40E+2,5.75E+2,4.26E+2
58,63,121Ce,,,,,,,,1.12E+3,3.96E+2,2.34E+3,4.72E+2,-7.40E+1,3.68E+2
58,64,122Ce,,,,,,,,1.37E+3,3.39E+2,1.90E+3,4.48E+2,8.40E+1,3.35E+2
58,69,127Ce,,,,,,,,1.19E+3,2.84E+1,1.25E+3,3.13E+1,2.67E+2,2.53E+1
58,69,127Ce,,,,,,,,1.19E+3,2.84E+1,1.25E+3,3.13E+1,2.67E+2,2.53E+1
58,65,123Ce,,,,,,,,1.07E+3,2.81E+2,1.87E+3,3.59E+2,3.60E+1,2.77E+2
58,66,124Ce,,,,,,,,1.40E+3,2.48E+2,1.54E+3,4.23E+2,2.06E+2,2.77E+2
58,67,125Ce,,,,,,,,1.16E+3,2.16E+2,1.66E+3,2.42E+2,9.80E+1,1.85E+2
58,67,125Ce,,,,,,,,1.16E+3,2.16E+2,1.66E+3,2.42E+2,9.80E+1,1.85E+2
58,68,126Ce,,,,,,,,1.47E+3,1.27E+2,1.36E+3,3.95E+1,2.17E+2,2.79E+1
58,72,130Ce,,,,,,,,1.42E+3,2.92E+1,8.22E+2,3.06E+1,2.64E+2,2.15E+1
58,73,131Ce,,,,,,,,1.23E+3,2.89E+1,6.84E+2,3.47E+1,1.92E+2,2.57E+1
58,73,131Ce,,,,,,,,1.23E+3,2.89E+1,6.84E+2,3.47E+1,1.92E+2,2.57E+1
58,74,132Ce,,,,,,,,1.40E+3,2.33E+1,4.75E+2,2.04E+1,1.84E+2,1.56E+1
58,75,133Ce,,,,,,,,1.23E+3,1.84E+1,2.17E+2,1.94E+1,9.58E+1,1.39E+1
58,75,133Ce,,,,,,,,1.23E+3,1.84E+1,2.17E+2,1.94E+1,9.58E+1,1.39E+1
58,70,128Ce,,,,,,,,1.40E+3,2.81E+1,1.13E+3,3.06E+1,2.76E+2,2.39E+1
58,71,129Ce,,,,,,,,1.19E+3,2.79E+1,9.56E+2,3.00E+1,2.86E+2,3.10E+1
58,76,134Ce,,,,,,,,1.31E+3,1.73E+1,-1.03,2.03E+1,1.95E+2,1.55E+1
58,77,135Ce,,,,,,,,1.05E+3,1.25E+1,-3.62E+2,1.02E+1,2.68E+2,1.55E+1
58,77,135Ce,,,,,,,,1.05E+3,1.25E+1,-3.62E+2,1.02E+1,2.68E+2,1.55E+1
58,78,136Ce,,,,,,,,1.24E+3,5.13,-4.98E+2,1.10,1.62E+2,1.72
58,79,137Ce,,,,,,,,1.11E+3,3.89E-1,-7.90E+2,1.05,4.62E+1,1.68
58,79,137Ce,,,,,,,,1.11E+3,3.89E-1,-7.90E+2,1.05,4.62E+1,1.68
58,83,141Ce,,,,,,,,8.72E+2,1.66,-1.34E+2,1.33,8.54E+2,9.93E-1
58,84,142Ce,,,,,,,,1.01E+3,2.21,1.30E+3,2.45,-6.09E+1,1.65
58,85,143Ce,,,,,,,,8.76E+2,2.54,8.82E+2,2.45,7.60E+1,1.65
58,86,144Ce,,,,,,,,1.09E+3,1.71E+1,4.11E+2,8.38,9.39E+1,4.46
58,80,138Ce,,,,,,,,1.12E+3,1.11,-1.04E+3,4.61E-1,1.15E+2,7.14E-1
58,80,138Ce,,,,,,,,1.12E+3,1.11,-1.04E+3,4.61E-1,1.15E+2,7.14E-1
58,81,139Ce,,,,,,,,8.62E+2,1.63,-1.53E+3,2.10,1.03E+3,1.60
58,81,139Ce,,,,,,,,8.62E+2,1.63,-1.53E+3,2.10,1.03E+3,1.60
58,82,140Ce,,,,,,,,1.87E+3,1.54,-1.61E+3,1.33,1.75E+3,9.86E-1
58,87,145Ce,,,,,,,,9.61E+2,2.51E+1,2.40E+2,3.43E+1,1.30E+1,2.41E+1
58,88,146Ce,,,,,,,,1.08E+3,2.03E+1,-2.08E+2,1.58E+1,-1.35E+2,1.07E+1
58,89,147Ce,,,,,,,,9.98E+2,1.10E+1,-5.01E+2,1.09E+1,-4.26E+2,6.96
58,94,152Ce,,,,,,,,9.12E+2,1.32E+2,-3.86E+3,2.00E+2,1.06E+2,1.41E+2
58,95,153Ce,,,,,,,,6.66E+2,1.53E+2,-4.50E+3,2.00E+2,2.47E+2,1.41E+2
58,96,154Ce,,,,,,,,8.70E+2,2.04E+2,-4.75E+3,2.00E+2,3.57E+2,1.41E+2
58,97,155Ce,,,,,,,,7.51E+2,2.79E+2,-5.26E+3,5.00E+2,4.48E+2,2.91E+2
58,90,148Ce,,,,,,,,1.05E+3,1.03E+1,-1.05E+3,1.32E+1,-5.59E+2,1.50E+1
58,91,149Ce,,,,,,,,9.52E+2,1.08E+1,-1.57E+3,1.32E+1,-7.53E+2,8.50
58,92,150Ce,,,,,,,,8.99E+2,1.31E+1,-2.40E+3,1.18E+1,-3.76E+2,8.33
58,93,151Ce,,,,,,,,7.02E+2,7.72E+1,-3.38E+3,2.65E+1,-4.88E+1,1.65E+1
58,98,156Ce,,,,,,,,9.61E+2,3.57E+2,-5.63E+3,5.00E+2,6.52E+2,2.92E+2
58,99,157Ce,,,,,,,,6.80E+2,4.37E+2,-5.88E+3,5.65E+2,5.80E+2,3.99E+2
59,100,159Pr,,,,,,,,5.02E+2,4.05E+2,-5.26E+3,5.65E+2,3.24E+2,3.99E+2
59,101,160Pr,,,,,,,,3.74E+2,4.07E+2,-5.57E+3,5.65E+2,4.94E+2,3.99E+2
59,102,161Pr,,,,,,,,,,-5.84E+3,5.83E+2,6.19E+2,4.58E+2
59,85,144Pr,,,,,,,,5.96E+2,4.15,1.13E+3,2.75,1.61E+2,3.36
59,85,144Pr,,,,,,,,5.96E+2,4.15,1.13E+3,2.75,1.61E+2,3.36
59,84,143Pr,,,,,,,,7.99E+2,2.01,1.72E+3,1.88,-6.39E+1,1.19
59,87,146Pr,,,,,,,,8.61E+2,2.58E+1,9.25E+2,3.49E+1,-1.37E+2,2.64E+1
59,86,145Pr,,,,,,,,9.13E+2,1.79E+1,8.78E+2,8.18,1.28E+2,5.49
59,81,140Pr,,,,,,,,7.35E+2,4.77,-1.07E+3,5.35E+1,9.59E+2,2.69E+1
59,80,139Pr,,,,,,,,9.21E+2,6.42,-6.10E+2,1.01E+1,2.65E+1,5.57
59,83,142Pr,,,,,,,,7.55E+2,1.58,3.02E+2,1.55,8.02E+2,2.29
59,83,142Pr,,,,,,,,7.55E+2,1.58,3.02E+2,1.55,8.02E+2,2.29
59,82,141Pr,,,,,,,,1.77E+3,3.33,-1.29E+3,2.22,1.81E+3,1.81
59,89,148Pr,,,,,,,,7.06E+2,1.41E+1,-1.10E+2,1.98E+1,-5.16E+2,1.79E+1
59,89,148Pr,,,,,,,,7.06E+2,1.41E+1,-1.10E+2,1.98E+1,-5.16E+2,1.79E+1
59,88,147Pr,,,,,,,,8.39E+2,2.18E+1,3.02E+2,1.74E+1,-3.34E+2,1.20E+1
59,90,149Pr,,,,,,,,6.21E+2,1.12E+1,-6.28E+2,1.57E+1,-7.02E+2,1.03E+1
59,96,155Pr,,,,,,,,7.60E+2,5.14E+1,-4.52E+3,4.35E+2,4.82E+2,2.18E+2
59,95,154Pr,,,,,,,,6.32E+2,7.14E+1,-3.97E+3,1.00E+2,1.50E+2,7.07E+1
59,98,157Pr,,,,,,,,6.04E+2,1.58E+2,-4.80E+3,3.00E+2,3.61E+2,1.50E+2
59,97,156Pr,,,,,,,,4.75E+2,8.77,-4.58E+3,3.00E+2,3.56E+2,1.50E+2
59,92,151Pr,,,,,,,,7.50E+2,1.31E+1,-2.52E+3,1.58E+1,-2.95E+1,1.01E+1
59,91,150Pr,,,,,,,,6.09E+2,9.95,-1.50E+3,9.16,-4.43E+2,1.40E+1
59,94,153Pr,,,,,,,,7.59E+2,5.15E+1,-3.77E+3,2.00E+2,3.09E+2,1.00E+2
59,93,152Pr,,,,,,,,4.16E+2,1.55E+1,-3.47E+3,2.68E+1,3.20E+2,1.63E+1
59,99,158Pr,,,,,,,,3.56E+2,3.26E+2,-5.04E+3,4.24E+2,3.65E+2,2.99E+2
59,62,121Pr,,,,,,,,,,2.29E+3,5.39E+2,,
59,65,124Pr,,,,,,,,9.61E+2,3.44E+2,1.99E+3,5.00E+2,2.56E+2,3.53E+2
59,67,126Pr,,,,,,,,9.69E+2,2.52E+2,1.79E+3,3.57E+2,3.17E+2,2.26E+2
59,66,125Pr,,,,,,,,1.34E+3,2.85E+2,1.69E+3,4.24E+2,3.85E+2,2.99E+2
59,69,128Pr,,,,,,,,8.22E+2,1.29E+2,1.50E+3,6.40E+1,3.87E+2,8.24E+1
59,68,127Pr,,,,,,,,1.18E+3,2.19E+2,1.68E+3,2.77E+2,3.32E+2,1.96E+2
59,74,133Pr,,,,,,,,1.05E+3,1.97E+1,9.61E+2,2.47E+1,2.39E+2,1.53E+1
59,74,133Pr,,,,,,,,1.05E+3,1.97E+1,9.61E+2,2.47E+1,2.39E+2,1.53E+1
59,73,132Pr,,,,,,,,8.91E+2,3.17E+1,9.73E+2,6.16E+1,3.29E+2,4.84E+1
59,76,135Pr,,,,,,,,1.00E+3,1.43E+1,4.08E+2,3.03E+1,3.00E+2,1.76E+1
59,75,134Pr,,,,,,,,9.08E+2,1.67E+1,6.74E+2,3.29E+1,2.57E+2,2.02E+1
59,75,134Pr,,,,,,,,9.08E+2,1.67E+1,6.74E+2,3.29E+1,2.57E+2,2.02E+1
59,70,129Pr,,,,,,,,1.02E+3,4.12E+1,1.56E+3,3.95E+1,1.89E+2,3.52E+1
59,72,131Pr,,,,,,,,1.09E+3,4.84E+1,1.17E+3,5.37E+1,3.21E+2,5.46E+1
59,72,131Pr,,,,,,,,1.09E+3,4.84E+1,1.17E+3,5.37E+1,3.21E+2,5.46E+1
59,71,130Pr,,,,,,,,8.61E+2,5.32E+1,1.37E+3,1.11E+2,3.06E+2,6.74E+1
59,71,130Pr,,,,,,,,8.61E+2,5.32E+1,1.37E+3,1.11E+2,3.06E+2,6.74E+1
59,78,137Pr,,,,,,,,9.67E+2,9.53,-1.32E+2,2.91E+1,1.93E+2,1.66E+1
59,77,136Pr,,,,,,,,7.28E+2,1.08E+1,-4.17E+1,3.81E+1,3.72E+2,2.32E+1
59,79,138Pr,,,,,,,,8.86E+2,8.37,-3.35E+2,2.23E+1,-5.12E+1,1.69E+1
59,79,138Pr,,,,,,,,8.86E+2,8.37,-3.35E+2,2.23E+1,-5.12E+1,1.69E+1
60,103,163Nd,,,,,,,,,,-5.16E+3,7.07E+2,7.44E+2,4.99E+2
60,101,161Nd,,,,,,,,6.17E+2,2.80E+2,-4.72E+3,5.65E+2,5.10E+2,3.99E+2
60,102,162Nd,,,,,,,,8.35E+2,3.71E+2,-4.89E+3,5.65E+2,5.15E+2,3.99E+2
60,100,160Nd,,,,,,,,7.52E+2,1.65E+2,-4.33E+3,3.04E+2,3.52E+2,1.53E+2
60,74,134Nd,,,,,,,,1.37E+3,2.65E+1,1.35E+3,3.03E+1,1.86E+2,1.73E+1
60,73,133Nd,,,,,,,,1.20E+3,3.55E+1,1.53E+3,5.43E+1,1.92E+2,3.85E+1
60,73,133Nd,,,,,,,,1.20E+3,3.55E+1,1.53E+3,5.43E+1,1.92E+2,3.85E+1
60,72,132Nd,,,,,,,,1.37E+3,3.20E+1,1.68E+3,3.69E+1,2.53E+2,2.29E+1
60,71,131Nd,,,,,,,,1.24E+3,2.68E+1,1.78E+3,3.98E+1,3.49E+2,8.10E+1
60,70,130Nd,,,,,,,,1.52E+3,1.31E+2,1.79E+3,3.95E+1,4.97E+2,1.00E+2
60,79,139Nd,,,,,,,,1.12E+3,2.03E+1,1.74E+2,2.93E+1,-4.97E+1,2.01E+1
60,79,139Nd,,,,,,,,1.12E+3,2.03E+1,1.74E+2,2.93E+1,-4.97E+1,2.01E+1
60,78,138Nd,,,,,,,,1.21E+3,1.70E+1,3.90E+2,2.34E+1,1.09E+2,1.31E+1
60,77,137Nd,,,,,,,,1.02E+3,1.17E+1,4.09E+2,2.01E+1,4.07E+2,1.24E+1
60,77,137Nd,,,,,,,,1.02E+3,1.17E+1,4.09E+2,2.01E+1,4.07E+2,1.24E+1
60,76,136Nd,,,,,,,,1.30E+3,1.39E+1,8.44E+2,2.35E+1,2.36E+2,1.45E+1
60,75,135Nd,,,,,,,,1.20E+3,1.58E+1,1.06E+3,3.79E+1,1.69E+2,2.19E+1
60,75,135Nd,,,,,,,,1.20E+3,1.58E+1,1.06E+3,3.79E+1,1.69E+2,2.19E+1
60,85,145Nd,,,,,,,,9.04E+2,1.26,1.57E+3,1.46,1.48E+2,8.80E-1
60,84,144Nd,,,,,,,,1.03E+3,1.26,1.90E+3,1.45,4.28E+1,7.59E-1
60,83,143Nd,,,,,,,,8.46E+2,1.25,5.30E+2,2.41,8.90E+2,1.23
60,82,142Nd,,,,,,,,1.85E+3,1.92,-8.09E+2,1.35,1.66E+3,1.56
60,81,141Nd,,,,,,,,9.12E+2,2.85,-6.97E+2,3.20,9.06E+2,2.27
60,81,141Nd,,,,,,,,9.12E+2,2.85,-6.97E+2,3.20,9.06E+2,2.27
60,80,140Nd,,,,,,,,1.15E+3,1.40E+1,-1.73E+2,3.27,2.01E+1,2.42
60,89,149Nd,,,,,,,,1.16E+3,1.86,2.66E+2,3.39E+1,-4.38E+2,1.69E+1
60,88,148Nd,,,,,,,,1.14E+3,1.89,5.98E+2,3.03,-1.89E+2,1.79
60,87,147Nd,,,,,,,,1.02E+3,1.50,1.03E+3,2.21,5.53E+1,1.20
60,86,146Nd,,,,,,,,1.13E+3,1.27,1.18E+3,2.21,1.33E+2,1.20
60,96,156Nd,,,,,,,,8.13E+2,4.79,-3.64E+3,2.00E+2,5.95E+2,1.00E+2
60,95,155Nd,,,,,,,,6.07E+2,6.53,-3.48E+3,1.99E+1,5.67E+2,1.13E+1
60,94,154Nd,,,,,,,,7.72E+2,4.83,-3.15E+3,1.17E+1,5.30E+2,6.35
60,93,153Nd,,,,,,,,5.34E+2,1.24E+1,-3.08E+3,1.06E+1,6.56E+2,5.90
60,92,152Nd,,,,,,,,1.01E+3,1.73E+1,-2.17E+3,2.69E+1,2.70E+2,1.86E+1
60,91,151Nd,,,,,,,,9.71E+2,1.22E+1,-1.35E+3,8.64,-1.59E+2,4.35
60,90,150Nd,,,,,,,,1.02E+3,1.41,-4.78E+2,1.47E+1,-3.60E+2,7.37
60,99,159Nd,,,,,,,,5.55E+2,3.14E+1,-4.36E+3,3.01E+2,5.34E+2,1.51E+2
60,98,158Nd,,,,,,,,7.26E+2,1.49E+1,-4.04E+3,2.00E+2,5.35E+2,1.00E+2
60,97,157Nd,,,,,,,,5.24E+2,1.77,-4.00E+3,2.00E+2,7.03E+2,1.00E+2
60,69,129Nd,,,,,,,,1.15E+3,2.23E+2,1.85E+3,2.81E+2,4.30E+2,2.28E+2
60,69,129Nd,,,,,,,,1.15E+3,2.23E+2,1.85E+3,2.81E+2,4.30E+2,2.28E+2
60,68,128Nd,,,,,,,,1.31E+3,2.56E+2,1.96E+3,3.59E+2,5.02E+2,2.54E+2
60,67,127Nd,,,,,,,,9.80E+2,2.54E+2,1.95E+3,4.23E+2,6.27E+2,3.27E+2
60,66,126Nd,,,,,,,,1.35E+3,2.88E+2,2.06E+3,5.00E+2,5.93E+2,3.53E+2
60,65,125Nd,,,,,,,,1.03E+3,3.84E+2,2.19E+3,5.66E+2,5.60E+2,4.27E+2
61,69,130Pm,,,,,,,,9.99E+2,2.60E+2,2.42E+3,2.80E+2,4.07E+2,2.28E+2
61,68,129Pm,,,,,,,,1.39E+3,2.58E+2,2.46E+3,4.24E+2,5.27E+2,2.99E+2
61,67,128Pm,,,,,,,,1.05E+3,2.92E+2,2.50E+3,5.00E+2,5.44E+2,3.53E+2
61,75,136Pm,,,,,,,,8.97E+2,6.43E+1,1.63E+3,7.48E+1,6.32E+1,5.70E+1
61,75,136Pm,,,,,,,,8.97E+2,6.43E+1,1.63E+3,7.48E+1,6.32E+1,5.70E+1
61,74,135Pm,,,,,,,,1.09E+3,7.11E+1,1.81E+3,9.52E+1,2.12E+2,6.34E+1
61,74,135Pm,,,,,,,,1.09E+3,7.11E+1,1.81E+3,9.52E+1,2.12E+2,6.34E+1
61,73,134Pm,,,,,,,,9.71E+2,5.68E+1,1.98E+3,7.67E+1,3.01E+2,4.58E+1
61,73,134Pm,,,,,,,,9.71E+2,5.68E+1,1.98E+3,7.67E+1,3.01E+2,4.58E+1
61,72,133Pm,,,,,,,,1.18E+3,7.78E+1,1.94E+3,5.84E+1,4.47E+2,3.86E+1
61,72,133Pm,,,,,,,,1.18E+3,7.78E+1,1.94E+3,5.84E+1,4.47E+2,3.86E+1
61,71,132Pm,,,,,,,,8.97E+2,1.62E+2,2.27E+3,1.52E+2,3.40E+2,1.44E+2
61,70,131Pm,,,,,,,,1.15E+3,2.35E+2,2.34E+3,2.80E+2,4.25E+2,1.97E+2
61,79,140Pm,,,,,,,,7.99E+2,1.97E+1,7.03E+2,2.67E+1,-2.67E+2,1.88E+1
61,79,140Pm,,,,,,,,7.99E+2,1.97E+1,7.03E+2,2.67E+1,-2.67E+2,1.88E+1
61,78,139Pm,,,,,,,,9.37E+2,1.65E+1,1.00E+3,1.80E+1,-8.75E+1,1.25E+1
61,78,139Pm,,,,,,,,9.37E+2,1.65E+1,1.00E+3,1.80E+1,-8.75E+1,1.25E+1
61,77,138Pm,,,,,,,,8.72E+2,1.24E+1,1.18E+3,2.33E+1,-4.09,1.99E+1
61,76,137Pm,,,,,,,,1.03E+3,3.62E+1,1.43E+3,1.80E+1,1.41E+2,1.28E+1
61,76,137Pm,,,,,,,,1.03E+3,3.62E+1,1.43E+3,1.80E+1,1.41E+2,1.28E+1
61,86,147Pm,,,,,,,,8.81E+2,3.67,1.60E+3,1.46,1.81E+2,9.07E-1
61,85,146Pm,,,,,,,,7.00E+2,3.39,1.90E+3,4.32,1.64E+2,4.09
61,84,145Pm,,,,,,,,8.32E+2,3.25,2.32E+3,2.86,3.95E+1,2.69
61,83,144Pm,,,,,,,,6.97E+2,2.89,8.45E+2,6.71,9.24E+2,6.11
61,82,143Pm,,,,,,,,1.68E+3,1.20E+1,-5.56E+2,4.67,1.77E+3,2.80
61,81,142Pm,,,,,,,,6.00E+2,1.81E+1,-4.37E+2,2.56E+1,1.01E+3,1.76E+1
61,80,141Pm,,,,,,,,8.46E+2,1.95E+1,2.53E+2,1.61E+1,-7.37E+1,1.07E+1
61,89,150Pm,,,,,,,,1.12E+3,1.43E+1,6.51E+2,3.97E+1,-6.08E+2,2.22E+1
61,88,149Pm,,,,,,,,8.32E+2,1.05E+1,1.13E+3,7.33,-4.32E+2,3.79
61,87,148Pm,,,,,,,,6.87E+2,4.21,1.45E+3,6.14,4.63E+1,4.15
61,87,148Pm,,,,,,,,6.87E+2,4.21,1.45E+3,6.14,4.63E+1,4.15
61,97,158Pm,,,,,,,,3.19E+2,6.14,-3.67E+3,1.00E+2,8.14E+2,5.00E+1
61,96,157Pm,,,,,,,,6.60E+2,5.00,-3.15E+3,1.37E+1,6.17E+2,9.31
61,95,156Pm,,,,,,,,4.51E+2,4.30,-2.83E+3,1.85E+1,5.41E+2,9.31
61,95,156Pm,,,,,,,,4.51E+2,4.30,-2.83E+3,1.85E+1,5.41E+2,9.31
61,94,155Pm,,,,,,,,7.23E+2,1.29E+1,-2.58E+3,1.25E+1,5.28E+2,7.04
61,93,154Pm,,,,,,,,5.27E+2,1.84E+1,-2.39E+3,2.65E+1,4.81E+2,1.82E+1
61,93,154Pm,,,,,,,,5.27E+2,1.84E+1,-2.39E+3,2.65E+1,4.81E+2,1.82E+1
61,92,153Pm,,,,,,,,8.87E+2,1.91E+1,-2.03E+3,1.34E+1,3.98E+2,8.35
61,91,152Pm,,,,,,,,7.62E+2,1.90E+1,-1.14E+3,2.99E+1,-5.46E+1,1.98E+1
61,91,152Pm,,,,,,,,7.62E+2,1.90E+1,-1.14E+3,2.99E+1,-5.46E+1,1.98E+1
61,91,152Pm,,,,,,,,7.62E+2,1.90E+1,-1.14E+3,2.99E+1,-5.46E+1,1.98E+1
61,90,151Pm,,,,,,,,9.60E+2,1.66E+1,-3.67E+2,1.64E+1,-2.44E+2,8.54
61,99,160Pm,,,,,,,,4.25E+2,6.90,-3.87E+3,2.29,5.53E+2,1.85
61,99,160Pm,,,,,,,,4.25E+2,6.90,-3.87E+3,2.29,5.53E+2,1.85
61,98,159Pm,,,,,,,,5.53E+2,7.18,-3.56E+3,1.99E+1,5.59E+2,1.11E+1
61,104,165Pm,,,,,,,,,,-4.60E+3,7.07E+2,5.95E+2,4.99E+2
61,100,161Pm,,,,,,,,6.13E+2,1.62E+2,-4.07E+3,9.57,5.04E+2,7.07
61,101,162Pm,,,,,,,,4.63E+2,2.81E+2,-4.31E+3,4.24E+2,5.90E+2,2.64E+2
61,102,163Pm,,,,,,,,7.57E+2,3.26E+2,-4.61E+3,5.65E+2,6.90E+2,3.99E+2
61,103,164Pm,,,,,,,,4.67E+2,3.76E+2,-4.58E+3,5.65E+2,6.35E+2,3.99E+2
62,67,129Sm,,,,,,,,1.13E+3,4.86E+2,3.31E+3,6.40E+2,2.65E+2,4.76E+2
62,68,130Sm,,,,,,,,1.39E+3,4.25E+2,3.25E+3,5.00E+2,2.45E+2,3.77E+2
62,69,131Sm,,,,,,,,1.14E+3,3.64E+2,3.20E+3,5.00E+2,2.00E+2,3.77E+2
62,77,139Sm,,,,,,,,1.09E+3,1.15E+1,1.40E+3,2.20E+1,1.57E+2,1.00E+2
62,77,139Sm,,,,,,,,1.09E+3,1.15E+1,1.40E+3,2.20E+1,1.57E+2,1.00E+2
62,78,140Sm,,,,,,,,1.29E+3,1.12E+1,1.31E+3,1.71E+1,-2.34E+1,1.75E+1
62,79,141Sm,,,,,,,,1.28E+3,8.73,1.22E+3,1.45E+1,-3.21E+2,1.29E+1
62,79,141Sm,,,,,,,,1.28E+3,8.73,1.22E+3,1.45E+1,-3.21E+2,1.29E+1
62,70,132Sm,,,,,,,,1.42E+3,3.01E+2,2.96E+3,3.61E+2,3.29E+2,2.78E+2
62,71,133Sm,,,,,,,,1.02E+3,2.39E+2,2.71E+3,3.60E+2,4.37E+2,2.77E+2
62,71,133Sm,,,,,,,,1.02E+3,2.39E+2,2.71E+3,3.60E+2,4.37E+2,2.77E+2
62,72,134Sm,,,,,,,,1.27E+3,1.80E+2,2.79E+3,1.98E+2,2.48E+2,1.71E+2
62,73,135Sm,,,,,,,,1.21E+3,1.28E+2,2.48E+3,1.57E+2,1.57E+2,1.47E+2
62,74,136Sm,,,,,,,,1.38E+3,7.91E+1,2.19E+3,2.72E+1,2.06E+2,2.04E+1
62,75,137Sm,,,,,,,,1.16E+3,2.19E+1,1.91E+3,5.46E+1,2.13E+2,3.23E+1
62,76,138Sm,,,,,,,,1.31E+3,1.74E+1,1.72E+3,1.67E+1,1.94E+2,1.73E+1
62,88,150Sm,,,,,,,,1.19E+3,1.12,1.44E+3,9.66E-1,-2.64E+2,5.83E-1
62,89,151Sm,,,,,,,,1.33E+3,1.09,1.14E+3,9.72E-1,-5.32E+2,5.90E-1
62,80,142Sm,,,,,,,,1.25E+3,4.66,6.10E+2,1.17E+1,-6.95E+1,6.20
62,81,143Sm,,,,,,,,9.56E+2,2.27,7.48E+1,2.76E+1,8.30E+2,1.38E+1
62,81,143Sm,,,,,,,,9.56E+2,2.27,7.48E+1,2.76E+1,8.30E+2,1.38E+1
62,82,144Sm,,,,,,,,1.88E+3,1.86,-1.33E+2,3.57,1.70E+3,1.78
62,83,145Sm,,,,,,,,8.29E+2,1.98,1.11E+3,3.23,9.92E+2,2.24
62,84,146Sm,,,,,,,,1.03E+3,2.36,2.52E+3,2.81,1.39E+2,3.32
62,85,147Sm,,,,,,,,9.00E+2,1.87,2.31E+3,4.97E-1,1.70E+2,1.47
62,86,148Sm,,,,,,,,1.13E+3,1.22,1.98E+3,4.45E-1,1.08E+2,5.58E-1
62,87,149Sm,,,,,,,,1.05E+3,1.17,1.87E+3,9.71E-1,-2.15E+1,6.08E-1
62,102,164Sm,,,,,,,,8.73E+2,1.65E+2,-3.62E+3,4.67E+1,4.88E+2,1.51E+2
62,101,163Sm,,,,,,,,5.52E+2,5.86,-3.30E+3,3.07E+1,3.49E+2,1.59E+1
62,100,162Sm,,,,,,,,7.43E+2,5.59,-2.96E+3,3.75,2.76E+2,2.69
62,106,168Sm,,,,,,,,,,,,,
62,105,167Sm,,,,,,,,8.09E+2,4.25E+2,-3.67E+3,7.07E+2,1.85E+2,4.99E+2
62,104,166Sm,,,,,,,,1.10E+3,3.80E+2,-3.86E+3,5.65E+2,5.20E+2,4.26E+2
62,103,165Sm,,,,,,,,7.01E+2,2.86E+2,-3.70E+3,5.65E+2,4.50E+2,3.99E+2
62,99,161Sm,,,,,,,,6.34E+2,5.22,-2.60E+3,7.14,1.62E+2,4.98
62,90,152Sm,,,,,,,,1.19E+3,1.04,2.20E+2,1.93,-2.08E+2,9.80E-1
62,91,153Sm,,,,,,,,1.04E+3,1.10,-6.09E+2,1.93,-3.96E+1,9.88E-1
62,92,154Sm,,,,,,,,1.07E+3,1.25,-1.20E+3,1.05,2.70E+2,6.90E-1
62,93,155Sm,,,,,,,,7.16E+2,4.41,-1.67E+3,1.08,4.38E+2,7.19E-1
62,94,156Sm,,,,,,,,9.26E+2,6.45,-1.63E+3,2.58E+1,3.14E+2,1.36E+1
62,95,157Sm,,,,,,,,6.28E+2,5.80,-1.77E+3,5.16,2.59E+2,3.48
62,96,158Sm,,,,,,,,8.09E+2,5.01,-2.09E+3,4.89,3.21E+2,3.95
62,97,159Sm,,,,,,,,5.34E+2,4.92,-2.34E+3,1.08E+1,3.71E+2,6.21
62,98,160Sm,,,,,,,,7.93E+2,4.72,-2.45E+3,2.35,2.85E+2,1.60
63,107,170Eu,,,,,,,,,,,,,
63,106,169Eu,,,,,,,,6.16E+2,4.70E+2,-3.41E+3,7.07E+2,7.05E+1,4.99E+2
63,101,164Eu,,,,,,,,4.19E+2,3.02,-2.76E+3,2.91,3.94E+2,2.75
63,100,163Eu,,,,,,,,5.96E+2,1.38,-2.44E+3,1.00E+1,3.55E+2,5.15
63,103,166Eu,,,,,,,,4.81E+2,2.04E+2,-3.13E+3,3.16E+2,3.74E+2,2.23E+2
63,102,165Eu,,,,,,,,7.40E+2,8.30E+1,-3.06E+3,1.04E+1,4.45E+2,1.50E+2
63,105,168Eu,,,,,,,,3.96E+2,3.85E+2,-3.31E+3,5.65E+2,2.25E+2,4.26E+2
63,104,167Eu,,,,,,,,6.90E+2,3.01E+2,-3.23E+3,5.65E+2,4.05E+2,3.99E+2
63,67,130Eu,,,,,,,,,,3.81E+3,7.35E+2,,
63,68,131Eu,,,,,,,,1.53E+3,4.28E+2,3.42E+3,5.65E+2,2.82E+2,3.99E+2
63,69,132Eu,,,,,,,,1.08E+3,3.67E+2,3.59E+3,5.00E+2,1.41E+2,4.06E+2
63,78,141Eu,,,,,,,,7.78E+2,3.11E+1,1.72E+3,1.81E+1,-3.10E+2,5.65E+1
63,78,141Eu,,,,,,,,7.78E+2,3.11E+1,1.72E+3,1.81E+1,-3.10E+2,5.65E+1
63,79,142Eu,,,,,,,,7.74E+2,2.28E+1,1.18E+3,3.22E+1,-3.00E+1,3.14E+1
63,79,142Eu,,,,,,,,7.74E+2,2.28E+1,1.18E+3,3.22E+1,-3.00E+1,3.14E+1
63,71,134Eu,,,,,,,,8.96E+2,2.41E+2,3.24E+3,3.61E+2,2.65E+2,2.78E+2
63,72,135Eu,,,,,,,,1.12E+3,1.78E+2,3.19E+3,2.80E+2,1.97E+2,2.26E+2
63,73,136Eu,,,,,,,,9.44E+2,1.17E+2,2.95E+3,2.46E+2,1.88E+2,4.29E+2
63,73,136Eu,,,,,,,,9.44E+2,1.17E+2,2.95E+3,2.46E+2,1.88E+2,4.29E+2
63,74,137Eu,,,,,,,,1.18E+3,6.94E+1,2.83E+3,5.04E+1,1.71E+2,5.84E+1
63,75,138Eu,,,,,,,,1.02E+3,2.09E+1,2.58E+3,5.03E+1,8.79E+1,3.51E+2
63,76,139Eu,,,,,,,,1.03E+3,3.07E+1,2.23E+3,8.39E+1,1.57E+2,4.96E+1
63,77,140Eu,,,,,,,,6.75E+2,3.75E+1,1.75E+3,8.61E+1,2.16E+2,5.21E+1
63,77,140Eu,,,,,,,,6.75E+2,3.75E+1,1.75E+3,8.61E+1,2.16E+2,5.21E+1
63,89,152Eu,,,,,,,,1.12E+3,1.17,1.55E+3,5.61,-5.89E+2,3.37
63,89,152Eu,,,,,,,,1.12E+3,1.17,1.55E+3,5.61,-5.89E+2,3.37
63,89,152Eu,,,,,,,,1.12E+3,1.17,1.55E+3,5.61,-5.89E+2,3.37
63,80,143Eu,,,,,,,,7.77E+2,1.77E+1,8.34E+2,1.74E+1,1.19E+2,1.10E+1
63,81,144Eu,,,,,,,,4.97E+2,9.52,1.67E+2,2.65E+1,1.24E+3,1.56E+1
63,82,145Eu,,,,,,,,1.62E+3,6.54,1.06E+2,1.43E+1,1.98E+3,7.23
63,83,146Eu,,,,,,,,6.50E+2,4.69,1.59E+3,2.43E+1,9.93E+2,1.24E+1
63,84,147Eu,,,,,,,,8.37E+2,6.09,2.99E+3,3.11,2.52E+2,2.50
63,85,148Eu,,,,,,,,6.95E+2,7.42,2.69E+3,1.02E+1,2.30E+2,2.12E+1
63,86,149Eu,,,,,,,,8.96E+2,6.48,2.40E+3,4.57,1.50E+2,3.39
63,87,150Eu,,,,,,,,7.54E+2,4.85,2.23E+3,6.96,-1.31E+1,2.31E+1
63,87,150Eu,,,,,,,,7.54E+2,4.85,2.23E+3,6.96,-1.31E+1,2.31E+1
63,88,151Eu,,,,,,,,8.12E+2,3.27,1.96E+3,1.06,-4.93E+2,4.93
63,90,153Eu,,,,,,,,1.05E+3,1.17,2.72E+2,1.98,-4.66E+1,1.07
63,91,154Eu,,,,,,,,8.54E+2,1.20,-5.65E+2,2.00E+1,2.04E+2,1.00E+1
63,91,154Eu,,,,,,,,8.54E+2,1.20,-5.65E+2,2.00E+1,2.04E+2,1.00E+1
63,92,155Eu,,,,,,,,9.07E+2,2.06,-8.56E+2,4.53,3.58E+2,2.33
63,93,156Eu,,,,,,,,5.55E+2,3.33,-1.25E+3,2.61E+1,5.37E+2,1.31E+1
63,94,157Eu,,,,,,,,7.82E+2,3.62,-1.23E+3,9.97,4.04E+2,5.43
63,95,158Eu,,,,,,,,4.80E+2,3.35,-1.42E+3,2.51E+1,1.97E+2,1.26E+1
63,96,159Eu,,,,,,,,6.61E+2,3.25,-1.52E+3,6.37,2.75E+2,4.34
63,97,160Eu,,,,,,,,4.24E+2,5.66,-1.75E+3,1.49,3.57E+2,1.27
63,97,160Eu,,,,,,,,4.24E+2,5.66,-1.75E+3,1.49,3.57E+2,1.27
63,98,161Eu,,,,,,,,6.83E+2,7.39,-1.91E+3,1.25E+1,3.48E+2,8.17
63,99,162Eu,,,,,,,,4.59E+2,5.30,-2.04E+3,1.58,2.65E+2,1.26
63,99,162Eu,,,,,,,,4.59E+2,5.30,-2.04E+3,1.58,2.65E+2,1.26
64,79,143Gd,,,,,,,,1.12E+3,1.43E+2,1.72E+3,2.00E+2,-5.68E+1,1.41E+2
64,79,143Gd,,,,,,,,1.12E+3,1.43E+2,1.72E+3,2.00E+2,-5.68E+1,1.41E+2
64,70,134Gd,,,,,,,,1.44E+3,4.38E+2,3.74E+3,5.65E+2,2.14E+2,4.27E+2
64,72,136Gd,,,,,,,,1.33E+3,3.11E+2,3.62E+3,4.23E+2,1.05E+2,3.27E+2
64,71,135Gd,,,,,,,,1.10E+3,3.75E+2,3.60E+3,5.65E+2,2.59E+2,4.26E+2
64,74,138Gd,,,,,,,,1.21E+3,1.81E+2,3.29E+3,2.80E+2,-8.85E+1,4.03E+2
64,73,137Gd,,,,,,,,1.12E+3,2.46E+2,3.59E+3,4.22E+2,-9.35E+1,2.98E+2
64,76,140Gd,,,,,,,,1.33E+3,7.29E+1,2.60E+3,3.06E+1,9.17E+1,2.10E+1
64,75,139Gd,,,,,,,,1.06E+3,1.20E+2,2.80E+3,2.49E+2,1.18E+2,1.58E+2
64,75,139Gd,,,,,,,,1.06E+3,1.20E+2,2.80E+3,2.49E+2,1.18E+2,1.58E+2
64,78,142Gd,,,,,,,,1.23E+3,1.02E+2,2.11E+3,3.03E+1,-6.68E+1,2.08E+1
64,77,141Gd,,,,,,,,1.14E+3,2.41E+1,2.34E+3,3.47E+1,1.07E+2,2.02E+1
64,77,141Gd,,,,,,,,1.14E+3,2.41E+1,2.34E+3,3.47E+1,1.07E+2,2.02E+1
64,81,145Gd,,,,,,,,9.96E+2,1.98E+1,5.82E+2,2.14E+1,1.11E+3,1.52E+1
64,81,145Gd,,,,,,,,9.96E+2,1.98E+1,5.82E+2,2.14E+1,1.11E+3,1.52E+1
64,80,144Gd,,,,,,,,1.18E+3,1.02E+2,1.27E+3,3.06E+1,1.01E+2,2.11E+1
64,83,147Gd,,,,,,,,8.20E+2,2.54,1.73E+3,2.00,1.22E+3,1.65
64,82,146Gd,,,,,,,,1.94E+3,1.03E+1,4.71E+2,4.00,1.94E+3,2.14
64,85,149Gd,,,,,,,,8.89E+2,3.89,3.09E+3,3.13,2.29E+2,2.39
64,84,148Gd,,,,,,,,1.02E+3,2.16,3.27E+3,3.08E-2,2.27E+2,2.17
64,87,151Gd,,,,,,,,1.04E+3,3.72,2.65E+3,2.91,-2.20E+1,5.21
64,86,150Gd,,,,,,,,1.10E+3,4.83,2.80E+3,6.01,6.88E+1,3.89
64,89,153Gd,,,,,,,,1.32E+3,1.00,1.82E+3,7.34E-1,-3.97E+2,2.58
64,88,152Gd,,,,,,,,1.17E+3,1.72,2.20E+3,1.02,-2.25E+2,5.33E-1
64,90,154Gd,,,,,,,,1.22E+3,9.97E-1,9.20E+2,6.53E-1,-2.28E+1,1.24
64,92,156Gd,,,,,,,,1.08E+3,9.78E-1,-1.97E+2,3.30E-1,3.17E+2,5.26E-1
64,91,155Gd,,,,,,,,1.05E+3,9.84E-1,8.12E+1,6.69E-1,1.98E+2,7.37E-1
64,94,158Gd,,,,,,,,9.97E+2,9.79E-1,-6.59E+2,8.96E-1,3.71E+2,6.67E-1
64,93,157Gd,,,,,,,,7.88E+2,9.77E-1,-6.88E+2,3.85E-1,5.16E+2,5.31E-1
64,96,160Gd,,,,,,,,9.08E+2,1.19,-1.00E+3,8.50,2.77E+2,4.28
64,95,159Gd,,,,,,,,7.54E+2,1.01,-7.95E+2,9.39E-1,2.75E+2,6.83E-1
64,98,162Gd,,,,,,,,8.33E+2,2.93,-1.45E+3,6.20,3.62E+2,3.68
64,97,161Gd,,,,,,,,6.05E+2,2.31,-1.25E+3,4.68,3.61E+2,2.45
64,99,163Gd,,,,,,,,5.98E+2,2.12,-1.60E+3,5.98,3.28E+2,3.62
64,99,163Gd,,,,,,,,5.98E+2,2.12,-1.60E+3,5.98,3.28E+2,3.62
64,104,168Gd,,,,,,,,8.14E+2,2.91E+2,-2.64E+3,3.00E+2,3.07E+2,2.59E+2
64,103,167Gd,,,,,,,,4.94E+2,1.68E+2,-2.60E+3,9.01,4.71E+2,1.00E+2
64,102,166Gd,,,,,,,,7.20E+2,2.90,-2.41E+3,3.86,3.26E+2,1.00E+2
64,101,165Gd,,,,,,,,5.06E+2,1.31,-2.27E+3,6.94,3.91E+2,1.50E+2
64,100,164Gd,,,,,,,,7.36E+2,1.04,-1.88E+3,2.19,2.97E+2,7.00E+1
64,108,172Gd,,,,,,,,,,-3.75E+3,4.24E+2,3.45E+2,3.60E+2
64,107,171Gd,,,,,,,,7.47E+2,4.75E+2,-3.30E+3,7.07E+2,1.80E+2,4.99E+2
64,106,170Gd,,,,,,,,7.87E+2,4.73E+2,-2.82E+3,6.40E+2,6.00E+1,4.76E+2
64,105,169Gd,,,,,,,,5.70E+2,3.87E+2,-2.80E+3,5.65E+2,2.65E+2,3.99E+2
65,101,166Tb,,,,,,,,4.27E+2,1.61,-1.51E+3,1.96,3.28E+2,2.50E+1
65,100,165Tb,,,,,,,,6.31E+2,1.60,-1.22E+3,1.05E+1,2.95E+2,1.13E+1
65,103,168Tb,,,,,,,,3.90E+2,1.69E+2,-1.97E+3,4.67,4.23E+2,9.80E+1
65,102,167Tb,,,,,,,,5.88E+2,2.61,-1.73E+3,2.13,3.37E+2,3.00E+2
65,109,174Tb,,,,,,,,,,-3.53E+3,7.07E+2,4.74E+2,4.99E+2
65,108,173Tb,,,,,,,,6.27E+2,5.19E+2,-3.27E+3,7.07E+2,5.39E+2,4.99E+2
65,105,170Tb,,,,,,,,4.05E+2,3.40E+2,-2.38E+3,3.16E+2,4.00E+2,2.64E+2
65,104,169Tb,,,,,,,,7.10E+2,2.93E+2,-2.17E+3,3.00E+2,4.40E+2,2.59E+2
65,107,172Tb,,,,,,,,4.95E+2,4.79E+2,-2.86E+3,6.40E+2,3.70E+2,4.76E+2
65,106,171Tb,,,,,,,,6.19E+2,3.92E+2,-2.42E+3,5.65E+2,2.35E+2,3.99E+2
65,80,145Tb,,,,,,,,1.33E+3,8.27E+1,1.10E+3,1.11E+2,6.13E+2,7.88E+1
65,82,147Tb,,,,,,,,1.59E+3,2.39E+1,1.07E+3,1.36E+1,1.81E+3,6.88
65,82,147Tb,,,,,,,,1.59E+3,2.39E+1,1.07E+3,1.36E+1,1.81E+3,6.88
65,81,146Tb,,,,,,,,8.07E+2,6.40E+1,1.12E+3,5.39E+1,1.13E+3,3.57E+1
65,81,146Tb,,,,,,,,8.07E+2,6.40E+1,1.12E+3,5.39E+1,1.13E+3,3.57E+1
65,84,149Tb,,,,,,,,6.67E+2,7.68,4.07E+3,2.16,-1.31E+1,2.07
65,84,149Tb,,,,,,,,6.67E+2,7.68,4.07E+3,2.16,-1.31E+1,2.07
65,83,148Tb,,,,,,,,5.78E+2,9.86,2.65E+3,1.64E+1,9.25E+2,8.26
65,83,148Tb,,,,,,,,5.78E+2,9.86,2.65E+3,1.64E+1,9.25E+2,8.26
65,86,151Tb,,,,,,,,7.12E+2,2.05E+1,3.49E+3,3.92,-1.68E+2,9.17
65,86,151Tb,,,,,,,,7.12E+2,2.05E+1,3.49E+3,3.92,-1.68E+2,9.17
65,85,150Tb,,,,,,,,4.50E+2,5.88,3.58E+3,4.92,2.27E+2,3.05
65,85,150Tb,,,,,,,,4.50E+2,5.88,3.58E+3,4.92,2.27E+2,3.05
65,88,153Tb,,,,,,,,8.76E+2,3.03E+1,2.70E+3,5.02,-3.23E+2,1.21E+1
65,87,152Tb,,,,,,,,7.51E+2,2.84E+1,3.15E+3,4.12E+1,-2.00E+2,3.45E+1
65,87,152Tb,,,,,,,,7.51E+2,2.84E+1,3.15E+3,4.12E+1,-2.00E+2,3.45E+1
65,89,154Tb,,,,,,,,1.12E+3,3.24E+1,2.21E+3,4.57E+1,-3.33E+2,3.49E+1
65,89,154Tb,,,,,,,,1.12E+3,3.24E+1,2.21E+3,4.57E+1,-3.33E+2,3.49E+1
65,89,154Tb,,,,,,,,1.12E+3,3.24E+1,2.21E+3,4.57E+1,-3.33E+2,3.49E+1
65,91,156Tb,,,,,,,,9.16E+2,5.61,3.72E+2,3.74,4.55E+2,7.95
65,91,156Tb,,,,,,,,9.16E+2,5.61,3.72E+2,3.74,4.55E+2,7.95
65,91,156Tb,,,,,,,,9.16E+2,5.61,3.72E+2,3.74,4.55E+2,7.95
65,90,155Tb,,,,,,,,1.12E+3,2.37E+1,9.77E+2,9.81,2.59E+2,7.08
65,93,158Tb,,,,,,,,6.77E+2,1.16,-1.57E+2,1.24,5.81E+2,1.76
65,93,158Tb,,,,,,,,6.77E+2,1.16,-1.57E+2,1.24,5.81E+2,1.76
65,92,157Tb,,,,,,,,9.82E+2,2.11,1.78E+2,8.16E-1,4.81E+2,1.23
65,95,160Tb,,,,,,,,6.60E+2,1.13,-1.78E+2,3.49,3.04E+2,1.93
65,94,159Tb,,,,,,,,8.78E+2,1.14,-1.39E+2,1.14,4.34E+2,7.91E-1
65,97,162Tb,,,,,,,,1.49E+2,2.57,-1.03E+3,2.88,7.09E+2,1.81
65,97,162Tb,,,,,,,,1.49E+2,2.57,-1.03E+3,2.88,7.09E+2,1.81
65,96,161Tb,,,,,,,,6.03E+2,1.45,-4.27E+2,4.29,2.83E+2,2.24
65,99,164Tb,,,,,,,,4.87E+2,2.54,-1.03E+3,2.07,3.28E+2,1.50E+1
65,99,164Tb,,,,,,,,4.87E+2,2.54,-1.03E+3,2.07,3.28E+2,1.50E+1
65,98,163Tb,,,,,,,,6.03E+2,3.18,-9.77E+2,5.91,4.34E+2,4.42
65,70,135Tb,,,,,,,,,,3.98E+3,5.65E+2,,
65,73,138Tb,,,,,,,,9.23E+2,3.15E+2,3.77E+3,4.24E+2,7.50E+1,3.27E+2
65,75,140Tb,,,,,,,,8.71E+2,5.85E+2,3.33E+3,8.24E+2,5.59E+1,5.74E+2
65,74,139Tb,,,,,,,,1.10E+3,4.66E+2,3.59E+3,3.57E+2,3.25E+1,2.76E+2
65,77,142Tb,,,,,,,,9.20E+2,4.98E+2,2.76E+3,7.01E+2,6.55E+1,4.95E+2
65,77,142Tb,,,,,,,,9.20E+2,4.98E+2,2.76E+3,7.01E+2,6.55E+1,4.95E+2
65,76,141Tb,,,,,,,,1.01E+3,5.37E+2,3.18E+3,1.05E+2,-9.21E+1,7.45E+1
65,79,144Tb,,,,,,,,1.04E+3,6.41E+1,2.19E+3,5.86E+1,-1.20E+2,5.30E+1
65,79,144Tb,,,,,,,,1.04E+3,6.41E+1,2.19E+3,5.86E+1,-1.20E+2,5.30E+1
65,78,143Tb,,,,,,,,9.55E+2,3.52E+2,2.55E+3,5.28E+1,-1.58E+2,3.69E+1
65,78,143Tb,,,,,,,,9.55E+2,3.52E+2,2.55E+3,5.28E+1,-1.58E+2,3.69E+1
66,75,141Dy,,,,,,,,1.08E+3,4.58E+2,3.40E+3,4.22E+2,1.55E+2,2.77E+2
66,76,142Dy,,,,,,,,1.39E+3,5.21E+2,3.11E+3,7.56E+2,1.29E+2,5.25E+2
66,73,139Dy,,,,,,,,1.14E+3,5.24E+2,4.12E+3,6.40E+2,-4.50,4.52E+2
66,74,140Dy,,,,,,,,1.23E+3,4.30E+2,3.83E+3,4.99E+2,-1.90E+1,3.34E+2
66,79,145Dy,,,,,,,,1.31E+3,6.73,2.55E+3,2.08E+1,-2.40E+2,1.77E+1
66,79,145Dy,,,,,,,,1.31E+3,6.73,2.55E+3,2.08E+1,-2.40E+2,1.77E+1
66,77,143Dy,,,,,,,,1.20E+3,3.55E+2,3.03E+3,1.96E+2,4.91E+1,1.00E+2
66,77,143Dy,,,,,,,,1.20E+3,3.55E+2,3.03E+3,1.96E+2,4.91E+1,1.00E+2
66,78,144Dy,,,,,,,,1.36E+3,8.88,2.78E+3,2.88E+1,-6.05E+1,1.57E+1
66,82,148Dy,,,,,,,,1.91E+3,8.86,1.47E+3,2.92E+1,1.72E+3,1.46E+1
66,83,149Dy,,,,,,,,8.90E+2,8.11,2.80E+3,2.17E+1,9.97E+2,1.08E+1
66,83,149Dy,,,,,,,,8.90E+2,8.11,2.80E+3,2.17E+1,9.97E+2,1.08E+1
66,80,146Dy,,,,,,,,1.33E+3,7.25,1.97E+3,2.87E+1,1.59E+2,1.70E+1
66,80,146Dy,,,,,,,,1.33E+3,7.25,1.97E+3,2.87E+1,1.59E+2,1.70E+1
66,81,147Dy,,,,,,,,1.01E+3,8.32,1.61E+3,2.00E+2,9.47E+2,1.00E+2
66,81,147Dy,,,,,,,,1.01E+3,8.32,1.61E+3,2.00E+2,9.47E+2,1.00E+2
66,86,152Dy,,,,,,,,1.17E+3,4.14,3.72E+3,4.35,-1.22E+2,1.27E+1
66,87,153Dy,,,,,,,,1.11E+3,5.20,3.55E+3,3.61,-1.27E+2,1.35E+1
66,84,150Dy,,,,,,,,1.08E+3,5.74,4.35E+3,1.53,-3.57E+1,1.51
66,85,151Dy,,,,,,,,9.61E+2,3.89,4.17E+3,2.64,-3.06E+1,2.88
66,88,154Dy,,,,,,,,1.24E+3,7.41,2.94E+3,4.94,-1.39E+2,1.33E+1
66,89,155Dy,,,,,,,,1.30E+3,7.78,2.60E+3,1.00E+1,-2.19E+2,7.16
66,90,156Dy,,,,,,,,1.23E+3,5.50,1.75E+3,3.01E-1,1.43E+2,1.21E+1
66,93,159Dy,,,,,,,,8.72E+2,1.59,4.78E+2,1.31,5.48E+2,2.47
66,94,160Dy,,,,,,,,1.06E+3,9.43E-1,4.37E+2,9.99E-1,4.33E+2,5.06E-1
66,91,157Dy,,,,,,,,1.04E+3,3.85,1.03E+3,5.12,3.82E+2,5.68
66,92,158Dy,,,,,,,,1.11E+3,3.14,8.74E+2,2.40,3.86E+2,1.65
66,97,163Dy,,,,,,,,6.93E+2,6.96E-1,-2.43E+2,9.93E-1,4.55E+2,6.14E-1
66,98,164Dy,,,,,,,,9.71E+2,6.92E-1,-4.50E+2,1.10,5.02E+2,6.59E-1
66,95,161Dy,,,,,,,,8.71E+2,6.96E-1,3.43E+2,9.91E-1,3.82E+2,5.81E-1
66,96,162Dy,,,,,,,,9.62E+2,6.96E-1,8.38E+1,9.90E-1,3.74E+2,6.17E-1
66,99,165Dy,,,,,,,,6.63E+2,7.19E-1,-5.31E+2,1.49,3.98E+2,8.32E-1
66,99,165Dy,,,,,,,,6.63E+2,7.19E-1,-5.31E+2,1.49,3.98E+2,8.32E-1
66,110,176Dy,,,,,,,,,,-3.06E+3,5.83E+2,5.35E+2,4.58E+2
66,102,168Dy,,,,,,,,8.04E+2,1.80E+2,-1.28E+3,1.40E+2,4.70E+2,9.90E+1
66,101,167Dy,,,,,,,,6.59E+2,7.00E+1,-9.47E+2,4.08,3.58E+2,2.94
66,100,166Dy,,,,,,,,8.22E+2,2.11,-7.28E+2,3.97,3.90E+2,2.14
66,106,172Dy,,,,,,,,8.78E+2,3.10E+2,-2.03E+3,4.24E+2,3.69E+2,3.27E+2
66,106,172Dy,,,,,,,,8.78E+2,3.10E+2,-2.03E+3,4.24E+2,3.69E+2,3.27E+2
66,105,171Dy,,,,,,,,7.52E+2,2.26E+2,-1.65E+3,2.00E+2,2.96E+2,2.45E+2
66,104,170Dy,,,,,,,,9.72E+2,2.10E+2,-1.76E+3,2.00E+2,5.50E+2,2.05E+2
66,103,169Dy,,,,,,,,5.78E+2,2.39E+2,-1.49E+3,3.00E+2,5.06E+2,2.34E+2
66,109,175Dy,,,,,,,,6.79E+2,5.25E+2,-2.94E+3,7.07E+2,5.85E+2,4.99E+2
66,108,174Dy,,,,,,,,8.90E+2,4.84E+2,-2.70E+3,7.07E+2,5.75E+2,5.25E+2
66,107,173Dy,,,,,,,,6.73E+2,3.96E+2,-2.27E+3,5.65E+2,3.66E+2,4.27E+2
67,73,140Ho,,,,,,,,,,4.15E+3,7.07E+2,2.88E+2,4.77E+2
67,76,143Ho,,,,,,,,1.11E+3,2.93E+2,3.65E+3,4.22E+2,-5.00,2.58E+2
67,77,144Ho,,,,,,,,9.88E+2,1.43E+2,3.44E+3,8.00E+2,-1.41E+1,4.00E+2
67,74,141Ho,,,,,,,,1.02E+3,4.61E+2,4.17E+3,5.67E+2,8.95E+1,3.60E+2
67,75,142Ho,,,,,,,,8.80E+2,3.94E+2,3.92E+3,5.00E+2,-7.75E+1,3.35E+2
67,78,145Ho,,,,,,,,1.19E+3,7.52,2.99E+3,1.05E+2,-1.20E+2,1.13E+2
67,79,146Ho,,,,,,,,1.20E+3,6.46,2.89E+3,7.00E+2,-2.87E+2,3.63E+2
67,80,147Ho,,,,,,,,1.14E+3,4.21E+1,2.23E+3,5.14E+1,1.61E+2,2.76E+1
67,83,150Ho,,,,,,,,6.88E+2,1.23E+1,3.39E+3,4.69E+1,8.50E+2,2.35E+1
67,83,150Ho,,,,,,,,6.88E+2,1.23E+1,3.39E+3,4.69E+1,8.50E+2,2.35E+1
67,84,151Ho,,,,,,,,8.47E+2,1.11E+1,4.69E+3,1.81,-6.15E+1,2.86
67,84,151Ho,,,,,,,,8.47E+2,1.11E+1,4.69E+3,1.81,-6.15E+1,2.86
67,81,148Ho,,,,,,,,7.10E+2,5.96E+1,1.95E+3,8.83E+1,9.46E+2,6.66E+1
67,81,148Ho,,,,,,,,7.10E+2,5.96E+1,1.95E+3,8.83E+1,9.46E+2,6.66E+1
67,82,149Ho,,,,,,,,1.67E+3,4.33E+1,2.32E+3,1.11E+2,1.45E+3,5.57E+1
67,82,149Ho,,,,,,,,1.67E+3,4.33E+1,2.32E+3,1.11E+2,1.45E+3,5.57E+1
67,87,154Ho,,,,,,,,8.86E+2,1.07E+1,4.04E+3,3.63,-2.65E+2,1.33E+1
67,87,154Ho,,,,,,,,8.86E+2,1.07E+1,4.04E+3,3.63,-2.65E+2,1.33E+1
67,88,155Ho,,,,,,,,9.50E+2,2.32E+1,3.15E+3,1.79E+1,-5.71E+1,1.87E+1
67,85,152Ho,,,,,,,,7.12E+2,1.01E+1,4.50E+3,1.33,-8.10E+1,3.66
67,85,152Ho,,,,,,,,7.12E+2,1.01E+1,4.50E+3,1.33,-8.10E+1,3.66
67,86,153Ho,,,,,,,,8.90E+2,8.30,4.05E+3,3.53,-8.68E+1,1.43E+1
67,86,153Ho,,,,,,,,8.90E+2,8.30,4.05E+3,3.53,-8.68E+1,1.43E+1
67,89,156Ho,,,,,,,,8.97E+2,3.08E+1,2.75E+3,5.54E+1,2.92E+1,3.74E+1
67,89,156Ho,,,,,,,,8.97E+2,3.08E+1,2.75E+3,5.54E+1,2.92E+1,3.74E+1
67,89,156Ho,,,,,,,,8.97E+2,3.08E+1,2.75E+3,5.54E+1,2.92E+1,3.74E+1
67,90,157Ho,,,,,,,,9.69E+2,2.87E+1,2.05E+3,2.37E+1,2.26E+2,2.17E+1
67,91,158Ho,,,,,,,,8.93E+2,2.25E+1,1.54E+3,5.27E+1,3.70E+2,3.24E+1
67,91,158Ho,,,,,,,,8.93E+2,2.25E+1,1.54E+3,5.27E+1,3.70E+2,3.24E+1
67,91,158Ho,,,,,,,,8.93E+2,2.25E+1,1.54E+3,5.27E+1,3.70E+2,3.24E+1
67,94,161Ho,,,,,,,,9.84E+2,7.82,1.14E+3,2.33,3.49E+2,1.75
67,94,161Ho,,,,,,,,9.84E+2,7.82,1.14E+3,2.33,3.49E+2,1.75
67,95,162Ho,,,,,,,,7.46E+2,2.47,1.00E+3,3.29,3.61E+2,6.20
67,95,162Ho,,,,,,,,7.46E+2,2.47,1.00E+3,3.29,3.61E+2,6.20
67,92,159Ho,,,,,,,,1.04E+3,1.56E+1,1.49E+3,1.02E+1,3.40E+2,5.99
67,92,159Ho,,,,,,,,1.04E+3,1.56E+1,1.49E+3,1.02E+1,3.40E+2,5.99
67,93,160Ho,,,,,,,,8.80E+2,1.07E+1,1.28E+3,1.54E+1,3.82E+2,1.65E+1
67,93,160Ho,,,,,,,,8.80E+2,1.07E+1,1.28E+3,1.54E+1,3.82E+2,1.65E+1
67,93,160Ho,,,,,,,,8.80E+2,1.07E+1,1.28E+3,1.54E+1,3.82E+2,1.65E+1
67,98,165Ho,,,,,,,,8.72E+2,9.75E-1,1.38E+2,1.31,5.29E+2,8.33E-1
67,99,166Ho,,,,,,,,5.18E+2,2.68,3.84E+2,2.19,2.32E+2,1.20
67,99,166Ho,,,,,,,,5.18E+2,2.68,3.84E+2,2.19,2.32E+2,1.20
67,96,163Ho,,,,,,,,8.67E+2,1.77,7.29E+2,1.09,3.40E+2,8.92E-1
67,96,163Ho,,,,,,,,8.67E+2,1.77,7.29E+2,1.09,3.40E+2,8.92E-1
67,97,164Ho,,,,,,,,6.57E+2,1.11,4.31E+2,1.67,4.06E+2,1.36
67,97,164Ho,,,,,,,,6.57E+2,1.11,4.31E+2,1.67,4.06E+2,1.36
67,101,168Ho,,,,,,,,4.78E+2,2.36E+1,-3.79E+2,3.00E+1,3.19E+2,2.14E+1
67,101,168Ho,,,,,,,,4.78E+2,2.36E+1,-3.79E+2,3.00E+1,3.19E+2,2.14E+1
67,100,167Ho,,,,,,,,7.14E+2,1.54E+1,-1.08E+2,6.58,3.76E+2,4.16
67,103,170Ho,,,,,,,,4.19E+2,3.02E+2,-8.53E+2,5.00E+1,4.00E+2,4.18E+1
67,103,170Ho,,,,,,,,4.19E+2,3.02E+2,-8.53E+2,5.00E+1,4.00E+2,4.18E+1
67,102,169Ho,,,,,,,,6.47E+2,3.24E+1,-6.32E+2,2.01E+1,3.73E+2,1.43E+1
67,105,172Ho,,,,,,,,4.66E+2,3.67E+2,-1.12E+3,1.96E+2,4.07E+2,1.47E+2
67,104,171Ho,,,,,,,,6.47E+2,4.33E+2,-1.05E+3,6.00E+2,4.21E+2,4.25E+2
67,107,174Ho,,,,,,,,4.17E+2,3.48E+2,-1.58E+3,4.24E+2,3.94E+2,2.99E+2
67,106,173Ho,,,,,,,,7.08E+2,3.12E+2,-1.29E+3,4.23E+2,3.25E+2,2.77E+2
67,109,176Ho,,,,,,,,4.20E+2,4.90E+2,-2.12E+3,7.07E+2,4.60E+2,4.76E+2
67,108,175Ho,,,,,,,,6.31E+2,4.01E+2,-1.95E+3,5.65E+2,4.64E+2,3.99E+2
67,110,177Ho,,,,,,,,5.51E+2,5.31E+2,-2.19E+3,7.07E+2,3.05E+2,4.99E+2
67,111,178Ho,,,,,,,,,,-2.58E+3,7.07E+2,4.00E+2,4.99E+2
68,108,176Er,,,,,,,,8.96E+2,4.03E+2,-1.29E+3,5.00E+2,3.91E+2,3.53E+2
68,107,175Er,,,,,,,,6.85E+2,3.50E+2,-1.06E+3,4.48E+2,3.27E+2,3.16E+2
68,106,174Er,,,,,,,,7.97E+2,3.14E+2,-6.64E+2,3.59E+2,2.55E+2,2.33E+2
68,106,174Er,,,,,,,,7.97E+2,3.14E+2,-6.64E+2,3.59E+2,2.55E+2,2.33E+2
68,105,173Er,,,,,,,,5.40E+2,2.12E+2,-4.83E+2,3.59E+2,3.63E+2,2.04E+2
68,104,172Er,,,,,,,,7.91E+2,8.65E+1,-3.49E+2,1.40E+2,4.57E+2,7.00E+1
68,103,171Er,,,,,,,,5.77E+2,2.31,-2.31E+2,4.24,4.14E+2,2.23
68,102,170Er,,,,,,,,7.88E+2,1.21,5.20E+1,1.60,3.43E+2,1.06
68,101,169Er,,,,,,,,6.27E+2,7.41E-1,2.66E+2,7.38E-1,3.39E+2,3.99E-1
68,100,168Er,,,,,,,,8.84E+2,2.81E-1,5.53E+2,7.20E-1,3.77E+2,3.83E-1
68,109,177Er,,,,,,,,6.02E+2,4.93E+2,-1.54E+3,6.42E+2,4.44E+2,4.34E+2
68,112,180Er,,,,,,,,,,-1.99E+3,7.07E+2,7.45E+1,5.00E+2
68,111,179Er,,,,,,,,6.07E+2,5.37E+2,-1.77E+3,7.07E+2,2.15E+2,4.76E+2
68,110,178Er,,,,,,,,8.19E+2,5.34E+2,-1.55E+3,7.78E+2,2.45E+2,5.29E+2
68,78,146Er,,,,,,,,1.40E+3,7.51E+1,3.37E+3,7.29E+2,-1.53E+2,3.94E+2
68,77,145Er,,,,,,,,1.22E+3,1.25E+2,3.71E+3,3.59E+2,-1.16E+2,2.54E+2
68,77,145Er,,,,,,,,1.22E+3,1.25E+2,3.71E+3,3.59E+2,-1.16E+2,2.54E+2
68,76,144Er,,,,,,,,1.41E+3,2.48E+2,3.79E+3,4.46E+2,7.80E+1,3.15E+2
68,75,143Er,,,,,,,,1.10E+3,4.21E+2,4.11E+3,6.40E+2,,
68,79,147Er,,,,,,,,1.29E+3,2.76E+1,3.13E+3,4.03E+1,-2.47E+2,1.52E+2
68,79,147Er,,,,,,,,1.29E+3,2.76E+1,3.13E+3,4.03E+1,-2.47E+2,1.52E+2
68,81,149Er,,,,,,,,9.13E+2,2.21E+1,2.07E+3,2.86E+1,1.04E+3,1.02E+2
68,81,149Er,,,,,,,,9.13E+2,2.21E+1,2.07E+3,2.86E+1,1.04E+3,1.02E+2
68,80,148Er,,,,,,,,1.30E+3,2.47E+1,2.66E+3,1.25E+1,5.87E+1,7.52E+1
68,85,153Er,,,,,,,,1.08E+3,8.29,4.80E+3,1.40,-9.02E+1,3.01
68,84,152Er,,,,,,,,1.13E+3,1.13E+1,4.93E+3,1.61,-6.22E+1,1.94
68,83,151Er,,,,,,,,8.99E+2,1.51E+1,3.50E+3,1.86E+1,9.16E+2,9.40
68,83,151Er,,,,,,,,8.99E+2,1.51E+1,3.50E+3,1.86E+1,9.16E+2,9.40
68,82,150Er,,,,,,,,1.82E+3,2.02E+1,2.29E+3,1.84E+1,1.58E+3,9.26
68,89,157Er,,,,,,,,1.34E+3,2.57E+1,3.30E+3,2.68E+1,-7.50E+1,2.03E+1
68,88,156Er,,,,,,,,1.40E+3,2.20E+1,3.48E+3,2.50E+1,7.10E+1,1.77E+1
68,87,155Er,,,,,,,,1.19E+3,1.32E+1,4.11E+3,5.13,-8.37E+1,9.58
68,86,154Er,,,,,,,,1.26E+3,6.56,4.27E+3,2.61,-5.46E+1,3.74
68,92,160Er,,,,,,,,1.18E+3,1.77E+1,2.04E+3,2.42E+1,2.93E+2,1.87E+1
68,91,159Er,,,,,,,,1.12E+3,1.76E+1,2.16E+3,1.02E+1,3.36E+2,9.29
68,90,158Er,,,,,,,,1.31E+3,2.22E+1,2.66E+3,2.62E+1,1.96E+2,1.97E+1
68,96,164Er,,,,,,,,1.09E+3,2.41,1.30E+3,1.69E-1,3.16E+2,3.63E-1
68,95,163Er,,,,,,,,9.70E+2,3.31,1.57E+3,4.78,2.88E+2,3.86
68,94,162Er,,,,,,,,1.14E+3,4.98,1.64E+3,2.27,3.33E+2,3.69
68,93,161Er,,,,,,,,9.97E+2,1.36E+1,1.79E+3,1.01E+1,3.41E+2,1.48E+1
68,99,167Er,,,,,,,,6.67E+2,2.93E-1,6.66E+2,7.23E-1,4.45E+2,3.88E-1
68,99,167Er,,,,,,,,6.67E+2,2.93E-1,6.66E+2,7.23E-1,4.45E+2,3.88E-1
68,98,166Er,,,,,,,,1.01E+3,5.37E-1,8.32E+2,7.35E-1,4.51E+2,4.03E-1
68,97,165Er,,,,,,,,9.11E+2,7.60E-1,1.10E+3,6.07E-1,3.05E+2,5.56E-1
69,75,144Tm,,,,,,,,,,4.73E+3,6.41E+2,,
69,79,148Tm,,,,,,,,1.19E+3,7.49E+1,3.41E+3,1.32E+1,-2.50E+2,9.82E+1
69,78,147Tm,,,,,,,,1.08E+3,7.33E+1,3.64E+3,2.98E+2,-1.99E+2,2.11E+2
69,77,146Tm,,,,,,,,7.46E+2,1.26E+2,3.77E+3,4.48E+2,4.45E+1,2.87E+2
69,77,146Tm,,,,,,,,7.46E+2,1.26E+2,3.77E+3,4.48E+2,4.45E+1,2.87E+2
69,77,146Tm,,,,,,,,7.46E+2,1.26E+2,3.77E+3,4.48E+2,4.45E+1,2.87E+2
69,76,145Tm,,,,,,,,9.83E+2,2.49E+2,4.35E+3,4.46E+2,,
69,82,151Tm,,,,,,,,1.69E+3,8.08E+1,2.56E+3,2.00E+1,1.62E+3,1.00E+1
69,82,151Tm,,,,,,,,1.69E+3,8.08E+1,2.56E+3,2.00E+1,1.62E+3,1.00E+1
69,81,150Tm,,,,,,,,9.27E+2,1.29E+2,2.32E+3,1.96E+2,1.03E+3,1.70E+2
69,80,149Tm,,,,,,,,1.35E+3,1.29E+2,2.75E+3,2.00E+2,1.92E+2,1.60E+2
69,86,155Tm,,,,,,,,9.95E+2,1.23E+1,4.57E+3,5.43,-3.97E+1,1.96E+1
69,86,155Tm,,,,,,,,9.95E+2,1.23E+1,4.57E+3,5.43,-3.97E+1,1.96E+1
69,85,154Tm,,,,,,,,8.72E+2,1.28E+1,5.09E+3,2.64,-1.51E+2,2.64
69,85,154Tm,,,,,,,,8.72E+2,1.28E+1,5.09E+3,2.64,-1.51E+2,2.64
69,84,153Tm,,,,,,,,8.98E+2,2.92E+1,5.24E+3,1.45,-7.02E+1,1.60
69,84,153Tm,,,,,,,,8.98E+2,2.92E+1,5.24E+3,1.45,-7.02E+1,1.60
69,83,152Tm,,,,,,,,6.51E+2,3.98E+1,3.84E+3,9.97E+1,8.74E+2,4.98E+1
69,83,152Tm,,,,,,,,6.51E+2,3.98E+1,3.84E+3,9.97E+1,8.74E+2,4.98E+1
69,89,158Tm,,,,,,,,9.36E+2,2.66E+1,3.51E+3,2.65E+1,-3.23E+1,4.17E+1
69,88,157Tm,,,,,,,,9.40E+2,2.45E+1,3.87E+3,2.84E+1,-7.79E+1,2.43E+1
69,87,156Tm,,,,,,,,8.33E+2,1.79E+1,4.34E+3,7.20,-1.02E+2,2.95E+1
69,93,162Tm,,,,,,,,8.36E+2,2.32E+1,2.28E+3,3.75E+1,3.73E+2,2.72E+1
69,93,162Tm,,,,,,,,8.36E+2,2.32E+1,2.28E+3,3.75E+1,3.73E+2,2.72E+1
69,92,161Tm,,,,,,,,1.00E+3,2.87E+1,2.50E+3,3.64E+1,2.61E+2,2.65E+1
69,92,161Tm,,,,,,,,1.00E+3,2.87E+1,2.50E+3,3.64E+1,2.61E+2,2.65E+1
69,91,160Tm,,,,,,,,9.33E+2,3.04E+1,2.81E+3,5.04E+1,2.10E+2,3.31E+1
69,91,160Tm,,,,,,,,9.33E+2,3.04E+1,2.81E+3,5.04E+1,2.10E+2,3.31E+1
69,90,159Tm,,,,,,,,1.06E+3,2.85E+1,3.04E+3,3.29E+1,1.54E+2,2.57E+1
69,97,166Tm,,,,,,,,8.50E+2,8.23,1.72E+3,1.19E+1,2.13E+2,1.18E+1
69,97,166Tm,,,,,,,,8.50E+2,8.23,1.72E+3,1.19E+1,2.13E+2,1.18E+1
69,96,165Tm,,,,,,,,1.03E+3,1.38E+1,1.84E+3,2.61,2.90E+2,2.15
69,95,164Tm,,,,,,,,9.20E+2,1.79E+1,2.04E+3,2.91E+1,1.81E+2,2.70E+1
69,95,164Tm,,,,,,,,9.20E+2,1.79E+1,2.04E+3,2.91E+1,1.81E+2,2.70E+1
69,94,163Tm,,,,,,,,1.03E+3,1.84E+1,2.17E+3,6.25,3.00E+2,1.90E+1
69,99,168Tm,,,,,,,,5.96E+2,1.39,1.24E+3,2.14,4.54E+2,1.79
69,98,167Tm,,,,,,,,9.43E+2,5.90,1.40E+3,1.41,4.39E+2,1.32
69,109,178Tm,,,,,,,,4.29E+2,3.21E+2,-7.96E+2,4.24E+2,4.20E+2,2.78E+2
69,108,177Tm,,,,,,,,7.11E+2,2.23E+2,-6.44E+2,3.59E+2,4.95E+2,2.14E+2
69,108,177Tm,,,,,,,,7.11E+2,2.23E+2,-6.44E+2,3.59E+2,4.95E+2,2.14E+2
69,105,174Tm,,,,,,,,4.18E+2,4.03E+1,-5.19E+1,6.70E+1,5.76E+2,4.03E+1
69,105,174Tm,,,,,,,,4.18E+2,4.03E+1,-5.19E+1,6.70E+1,5.76E+2,4.03E+1
69,104,173Tm,,,,,,,,6.37E+2,2.27E+1,1.15E+2,2.05E+1,6.66E+2,1.05E+1
69,107,176Tm,,,,,,,,5.60E+2,1.16E+2,-3.13E+2,2.20E+2,2.91E+2,1.25E+2
69,106,175Tm,,,,,,,,6.92E+2,6.51E+1,-2.17E+2,6.02E+2,5.22E+2,3.02E+2
69,101,170Tm,,,,,,,,4.47E+2,8.01E-1,8.50E+2,1.01,4.74E+2,1.00
69,100,169Tm,,,,,,,,7.20E+2,1.05,1.19E+3,1.02,3.85E+2,1.00
69,103,172Tm,,,,,,,,3.59E+2,4.48,2.60E+2,3.04E+1,6.52E+2,1.55E+1
69,102,171Tm,,,,,,,,6.25E+2,2.85,6.44E+2,5.10,4.87E+2,2.66
69,112,181Tm,,,,,,,,6.51E+2,5.04E+2,-1.58E+3,7.07E+2,3.19E+2,4.58E+2
69,111,180Tm,,,,,,,,6.12E+2,4.12E+2,-1.20E+3,6.40E+2,3.25E+2,3.90E+2
69,110,179Tm,,,,,,,,7.33E+2,3.58E+2,-1.02E+3,5.65E+2,3.92E+2,3.48E+2
70,79,149Yb,,,,,,,,1.29E+3,3.40E+2,3.48E+3,3.61E+2,6.00E+1,2.78E+2
70,89,159Yb,,,,,,,,1.25E+3,1.33E+1,3.95E+3,1.84E+1,9.42E+1,1.81E+1
70,86,156Yb,,,,,,,,1.30E+3,1.19E+1,4.80E+3,3.53,4.60E+1,2.19
70,85,155Yb,,,,,,,,1.09E+3,1.53E+1,5.33E+3,2.07,-5.68E+1,1.68
70,88,158Yb,,,,,,,,1.38E+3,1.17E+1,4.17E+3,7.03,1.22E+2,4.27
70,87,157Yb,,,,,,,,1.21E+3,9.85,4.62E+3,5.85,2.86E+1,1.28E+1
70,82,152Yb,,,,,,,,1.88E+3,1.99E+2,2.78E+3,1.50E+2,1.62E+3,7.50E+1
70,81,151Yb,,,,,,,,1.00E+3,2.70E+2,2.64E+3,3.02E+2,1.08E+3,2.60E+2
70,81,151Yb,,,,,,,,1.00E+3,2.70E+2,2.64E+3,3.02E+2,1.08E+3,2.60E+2
70,84,154Yb,,,,,,,,1.07E+3,7.79E+1,5.47E+3,1.72,-3.47E+1,1.61
70,83,153Yb,,,,,,,,8.82E+2,1.31E+2,4.15E+3,2.02E+2,8.61E+2,1.01E+2
70,80,150Yb,,,,,,,,1.41E+3,2.99E+2,3.06E+3,3.00E+2,3.04E+2,2.59E+2
70,97,167Yb,,,,,,,,9.96E+2,4.48,2.15E+3,6.08,2.90E+2,1.48E+1
70,96,166Yb,,,,,,,,1.15E+3,1.42E+1,2.31E+3,7.04,2.99E+2,1.48E+1
70,99,169Yb,,,,,,,,7.96E+2,1.43E-1,1.72E+3,9.32E-1,4.08E+2,1.39E+1
70,99,169Yb,,,,,,,,7.96E+2,1.43E-1,1.72E+3,9.32E-1,4.08E+2,1.39E+1
70,98,168Yb,,,,,,,,1.09E+3,1.98,1.93E+3,7.07E-1,4.07E+2,1.22E+1
70,93,163Yb,,,,,,,,1.12E+3,1.51E+1,2.84E+3,1.55E+1,2.79E+2,1.76E+1
70,92,162Yb,,,,,,,,1.25E+3,1.51E+1,3.05E+3,2.93E+1,2.39E+2,2.16E+1
70,95,165Yb,,,,,,,,1.00E+3,2.05E+1,2.48E+3,2.79E+1,3.36E+2,2.38E+1
70,94,164Yb,,,,,,,,1.21E+3,1.86E+1,2.62E+3,2.85E+1,2.99E+2,2.13E+1
70,91,161Yb,,,,,,,,1.15E+3,1.33E+1,3.15E+3,3.05E+1,3.09E+2,2.20E+1
70,90,160Yb,,,,,,,,1.32E+3,1.22E+1,3.62E+3,2.52E+1,1.48E+2,1.51E+1
70,101,171Yb,,,,,,,,7.02E+2,5.13E-2,1.55E+3,2.85E-1,4.21E+2,1.15
70,100,170Yb,,,,,,,,9.22E+2,1.02E-1,1.73E+3,3.33E-1,3.79E+2,1.14
70,112,182Yb,,,,,,,,8.35E+2,3.64E+2,-1.06E+3,7.18E+2,5.58E+2,4.11E+2
70,111,181Yb,,,,,,,,7.08E+2,3.62E+2,-6.55E+2,5.85E+2,4.99E+2,3.29E+2
70,110,180Yb,,,,,,,,9.15E+2,3.24E+2,-5.14E+2,5.00E+2,6.55E+2,2.92E+2
70,105,175Yb,,,,,,,,5.22E+2,7.21E-2,5.97E+2,1.40,6.05E+2,9.99E-1
70,104,174Yb,,,,,,,,8.21E+2,6.28E-2,7.38E+2,1.38,6.73E+2,9.90E-1
70,103,173Yb,,,,,,,,5.48E+2,5.19E-2,9.45E+2,3.03E-1,6.50E+2,7.21E-1
70,102,172Yb,,,,,,,,8.26E+2,5.16E-2,1.30E+3,2.61E-1,4.72E+2,7.52E-1
70,109,179Yb,,,,,,,,5.89E+2,2.20E+2,-4.13E+2,4.48E+2,6.72E+2,2.45E+2
70,108,178Yb,,,,,,,,8.57E+2,8.96E+1,-1.53E+2,2.98E+2,6.77E+2,1.49E+2
70,107,177Yb,,,,,,,,5.97E+2,3.29,2.43E+2,1.96E+2,4.57E+2,9.80E+1
70,107,177Yb,,,,,,,,5.97E+2,3.29,2.43E+2,1.96E+2,4.57E+2,9.80E+1
70,106,176Yb,,,,,,,,6.50E+2,1.28E-1,5.66E+2,3.96,3.60E+2,2.10
70,106,176Yb,,,,,,,,6.50E+2,1.28E-1,5.66E+2,3.96,3.60E+2,2.10
70,115,185Yb,,,,,,,,,,,,,
70,114,184Yb,,,,,,,,9.37E+2,5.12E+2,-1.84E+3,7.09E+2,5.96E+2,4.59E+2
70,113,183Yb,,,,,,,,8.07E+2,4.19E+2,-1.34E+3,6.40E+2,4.60E+2,3.90E+2
71,102,173Lu,,,,,,,,7.27E+2,1.79,1.96E+3,1.73,3.86E+2,1.84
71,101,172Lu,,,,,,,,6.18E+2,2.05,2.15E+3,2.87,3.97E+2,1.54E+1
71,101,172Lu,,,,,,,,6.18E+2,2.05,2.15E+3,2.87,3.97E+2,1.54E+1
71,104,175Lu,,,,,,,,6.89E+2,1.30,1.61E+3,1.54,3.81E+2,9.00E-1
71,103,174Lu,,,,,,,,4.53E+2,1.48,1.80E+3,1.72,3.73E+2,2.60E+1
71,103,174Lu,,,,,,,,4.53E+2,1.48,1.80E+3,1.72,3.73E+2,2.60E+1
71,106,177Lu,,,,,,,,5.23E+2,1.54,1.44E+3,4.56,3.63E+1,2.46
71,106,177Lu,,,,,,,,5.23E+2,1.54,1.44E+3,4.56,3.63E+1,2.46
71,105,176Lu,,,,,,,,3.92E+2,1.21,1.56E+3,5.61,2.28E+2,3.02
71,105,176Lu,,,,,,,,3.92E+2,1.21,1.56E+3,5.61,2.28E+2,3.02
71,108,179Lu,,,,,,,,5.51E+2,3.55E+1,8.26E+2,5.02E+1,2.56E+2,2.52E+1
71,107,178Lu,,,,,,,,3.83E+2,3.09,1.10E+3,4.47E+1,1.90E+2,2.24E+1
71,107,178Lu,,,,,,,,3.83E+2,3.09,1.10E+3,4.47E+1,1.90E+2,2.24E+1
71,109,180Lu,,,,,,,,2.51E+2,8.03E+1,2.69E+2,1.22E+2,5.71E+2,7.19E+1
71,111,182Lu,,,,,,,,4.18E+2,1.48E+2,4.50E+1,3.61E+2,3.46E+2,2.08E+2
71,110,181Lu,,,,,,,,5.39E+2,1.32E+2,3.47E+2,2.36E+2,3.15E+2,1.33E+2
71,100,171Lu,,,,,,,,8.07E+2,8.60,2.28E+3,2.24,3.52E+2,1.40E+1
71,100,171Lu,,,,,,,,8.07E+2,8.60,2.28E+3,2.24,3.52E+2,1.40E+1
71,113,184Lu,,,,,,,,5.19E+2,2.29E+2,-5.55E+2,4.47E+2,2.60E+2,2.64E+2
71,112,183Lu,,,,,,,,6.20E+2,1.41E+2,-2.41E+2,4.08E+2,3.18E+2,2.09E+2
71,115,186Lu,,,,,,,,5.42E+2,3.72E+2,-1.25E+3,6.40E+2,2.15E+2,3.90E+2
71,114,185Lu,,,,,,,,6.63E+2,3.33E+2,-9.46E+2,5.83E+2,2.61E+2,3.42E+2
71,117,188Lu,,,,,,,,,,,,,
71,116,187Lu,,,,,,,,6.71E+2,3.74E+2,,,,
71,87,158Lu,,,,,,,,8.62E+2,2.24E+1,4.79E+3,4.58,1.07E+2,3.08E+1
71,86,157Lu,,,,,,,,9.83E+2,2.93E+1,5.10E+3,2.85,6.42E+1,1.20E+1
71,86,157Lu,,,,,,,,9.83E+2,2.93E+1,5.10E+3,2.85,6.42E+1,1.20E+1
71,89,160Lu,,,,,,,,8.65E+2,4.65E+1,4.13E+3,5.85E+1,2.11E+2,4.31E+1
71,89,160Lu,,,,,,,,8.65E+2,4.65E+1,4.13E+3,5.85E+1,2.11E+2,4.31E+1
71,88,159Lu,,,,,,,,9.67E+2,3.96E+1,4.49E+3,3.89E+1,1.28E+2,1.96E+1
71,83,154Lu,,,,,,,,8.24E+2,1.32E+2,4.39E+3,2.80E+2,8.62E+2,1.40E+2
71,83,154Lu,,,,,,,,8.24E+2,1.32E+2,4.39E+3,2.80E+2,8.62E+2,1.40E+2
71,82,153Lu,,,,,,,,1.82E+3,1.51E+2,3.14E+3,2.50E+2,1.60E+3,1.25E+2
71,85,156Lu,,,,,,,,7.92E+2,3.99E+1,5.59E+3,3.20,-7.24E+1,2.79
71,85,156Lu,,,,,,,,7.92E+2,3.99E+1,5.59E+3,3.20,-7.24E+1,2.79
71,84,155Lu,,,,,,,,8.77E+2,8.27E+1,5.80E+3,2.23,-6.03E+1,3.23
71,84,155Lu,,,,,,,,8.77E+2,8.27E+1,5.80E+3,2.23,-6.03E+1,3.23
71,81,152Lu,,,,,,,,8.70E+2,1.99E+2,2.91E+3,1.96E+2,1.03E+3,2.04E+2
71,80,151Lu,,,,,,,,1.17E+3,2.71E+2,3.24E+3,3.00E+2,3.19E+2,2.59E+2
71,80,151Lu,,,,,,,,1.17E+3,2.71E+2,3.24E+3,3.00E+2,3.19E+2,2.59E+2
71,98,169Lu,,,,,,,,8.92E+2,2.08E+1,2.42E+3,3.43,4.19E+2,1.41E+1
71,98,169Lu,,,,,,,,8.92E+2,2.08E+1,2.42E+3,3.43,4.19E+2,1.41E+1
71,97,168Lu,,,,,,,,7.31E+2,3.27E+1,2.41E+3,4.54E+1,4.53E+2,3.27E+1
71,97,168Lu,,,,,,,,7.31E+2,3.27E+1,2.41E+3,4.54E+1,4.53E+2,3.27E+1
71,99,170Lu,,,,,,,,6.49E+2,1.20E+1,2.15E+3,2.04E+1,4.92E+2,1.92E+1
71,99,170Lu,,,,,,,,6.49E+2,1.20E+1,2.15E+3,2.04E+1,4.92E+2,1.92E+1
71,94,165Lu,,,,,,,,1.11E+3,2.77E+1,3.03E+3,3.85E+1,3.47E+2,2.72E+1
71,93,164Lu,,,,,,,,9.74E+2,2.75E+1,3.23E+3,4.30E+1,2.94E+2,2.92E+1
71,96,167Lu,,,,,,,,9.79E+2,3.57E+1,2.77E+3,3.76E+1,3.01E+2,2.99E+1
71,96,167Lu,,,,,,,,9.79E+2,3.57E+1,2.77E+3,3.76E+1,3.01E+2,2.99E+1
71,95,166Lu,,,,,,,,9.63E+2,3.11E+1,3.03E+3,3.95E+1,2.13E+2,2.84E+1
71,95,166Lu,,,,,,,,9.63E+2,3.11E+1,3.03E+3,3.95E+1,2.13E+2,2.84E+1
71,95,166Lu,,,,,,,,9.63E+2,3.11E+1,3.03E+3,3.95E+1,2.13E+2,2.84E+1
71,90,161Lu,,,,,,,,1.01E+3,5.10E+1,3.72E+3,3.95E+1,2.83E+2,2.51E+1
71,92,163Lu,,,,,,,,1.05E+3,4.46E+1,3.35E+3,3.95E+1,3.30E+2,2.79E+1
71,91,162Lu,,,,,,,,8.45E+2,5.66E+1,3.44E+3,7.91E+1,4.31E+2,5.62E+1
71,91,162Lu,,,,,,,,8.45E+2,5.66E+1,3.44E+3,7.91E+1,4.31E+2,5.62E+1
71,91,162Lu,,,,,,,,8.45E+2,5.66E+1,3.44E+3,7.91E+1,4.31E+2,5.62E+1
71,79,150Lu,,,,,,,,,,3.85E+3,3.61E+2,,
72,89,161Hf,,,,,,,,1.23E+3,1.78E+1,4.67E+3,2.50E+1,1.75E+2,2.03E+1
72,87,159Hf,,,,,,,,1.16E+3,1.55E+1,5.22E+3,2.66,1.47E+2,2.80E+1
72,88,160Hf,,,,,,,,1.35E+3,1.59E+1,4.90E+3,2.58,1.88E+2,1.63
72,85,157Hf,,,,,,,,1.10E+3,1.34E+2,5.88E+3,3.05,2.14E+1,2.37
72,86,158Hf,,,,,,,,1.25E+3,7.99E+1,5.40E+3,2.71,1.36E+2,1.81
72,83,155Hf,,,,,,,,9.99E+2,2.78E+2,4.80E+3,4.25E+2,8.21E+2,2.12E+2
72,84,156Hf,,,,,,,,1.25E+3,2.03E+2,6.02E+3,3.08,1.97E+1,2.76
72,81,153Hf,,,,,,,,,,3.60E+3,4.24E+2,7.90E+2,3.27E+2
72,82,154Hf,,,,,,,,1.90E+3,3.08E+2,3.67E+3,4.24E+2,1.46E+3,2.12E+2
72,98,170Hf,,,,,,,,1.17E+3,2.81E+1,2.91E+3,2.88E+1,3.43E+2,2.44E+1
72,99,171Hf,,,,,,,,8.96E+2,2.75E+1,2.73E+3,2.91E+1,3.20E+2,2.48E+1
72,99,171Hf,,,,,,,,8.96E+2,2.75E+1,2.73E+3,2.91E+1,3.20E+2,2.48E+1
72,96,168Hf,,,,,,,,1.26E+3,2.79E+1,3.22E+3,3.17E+1,3.05E+2,2.53E+1
72,97,169Hf,,,,,,,,1.09E+3,2.79E+1,3.15E+3,3.85E+1,2.05E+2,2.76E+1
72,94,166Hf,,,,,,,,1.30E+3,2.79E+1,3.53E+3,3.17E+1,3.03E+2,2.21E+1
72,95,167Hf,,,,,,,,1.14E+3,2.79E+1,3.40E+3,3.17E+1,2.77E+2,2.53E+1
72,92,164Hf,,,,,,,,1.36E+3,2.20E+1,3.91E+3,1.67E+1,2.90E+2,1.01E+1
72,93,165Hf,,,,,,,,1.20E+3,2.54E+1,3.77E+3,3.17E+1,2.59E+2,2.25E+1
72,90,162Hf,,,,,,,,1.37E+3,1.85E+1,4.41E+3,4.86,2.19E+2,3.12
72,91,163Hf,,,,,,,,1.22E+3,2.03E+1,4.13E+3,3.11E+1,3.05E+2,2.15E+1
72,109,181Hf,,,,,,,,5.11E+2,3.32,1.15E+3,1.44,2.15E+2,1.06
72,108,180Hf,,,,,,,,8.46E+2,1.42,1.28E+3,1.42,1.81E+2,1.05
72,108,180Hf,,,,,,,,8.46E+2,1.42,1.28E+3,1.42,1.81E+2,1.05
72,107,179Hf,,,,,,,,6.44E+2,1.41,1.80E+3,1.41,-6.75E+1,1.05
72,107,179Hf,,,,,,,,6.44E+2,1.41,1.80E+3,1.41,-6.75E+1,1.05
72,107,179Hf,,,,,,,,6.44E+2,1.41,1.80E+3,1.41,-6.75E+1,1.05
72,106,178Hf,,,,,,,,7.63E+2,1.41,2.08E+3,1.41,-1.59E+2,1.05
72,106,178Hf,,,,,,,,7.63E+2,1.41,2.08E+3,1.41,-1.59E+2,1.05
72,106,178Hf,,,,,,,,7.63E+2,1.41,2.08E+3,1.41,-1.59E+2,1.05
72,105,177Hf,,,,,,,,6.25E+2,1.43,2.24E+3,1.41,-1.18E+1,7.32E-1
72,105,177Hf,,,,,,,,6.25E+2,1.43,2.24E+3,1.41,-1.18E+1,7.32E-1
72,105,177Hf,,,,,,,,6.25E+2,1.43,2.24E+3,1.41,-1.18E+1,7.32E-1
72,104,176Hf,,,,,,,,8.95E+2,1.69,2.25E+3,1.48,1.30E+2,9.02E-1
72,103,175Hf,,,,,,,,7.28E+2,2.10,2.40E+3,2.28,1.80E+2,7.41
72,102,174Hf,,,,,,,,8.97E+2,1.41E+1,2.49E+3,2.25,2.59E+2,7.71
72,101,173Hf,,,,,,,,7.11E+2,2.32E+1,2.53E+3,2.79E+1,3.73E+2,2.42E+1
72,100,172Hf,,,,,,,,9.80E+2,2.64E+1,2.75E+3,2.44E+1,2.91E+2,2.22E+1
72,110,182Hf,,,,,,,,7.06E+2,1.56E+1,1.20E+3,9.02,-4.32E+1,5.49
72,110,182Hf,,,,,,,,7.06E+2,1.56E+1,1.20E+3,9.02,-4.32E+1,5.49
72,118,190Hf,,,,,,,,,,,,,
72,117,189Hf,,,,,,,,6.46E+2,3.78E+2,-1.09E+3,5.83E+2,-1.85E+2,3.42E+2
72,116,188Hf,,,,,,,,7.67E+2,3.39E+2,-6.54E+2,5.86E+2,-2.80E+2,3.44E+2
72,115,187Hf,,,,,,,,5.75E+2,2.31E+2,-4.25E+2,4.47E+2,-8.80E+1,2.45E+2
72,114,186Hf,,,,,,,,7.23E+2,1.05E+2,5.10E+1,4.03E+2,-2.10E+2,2.03E+2
72,114,186Hf,,,,,,,,7.23E+2,1.05E+2,5.10E+1,4.03E+2,-2.10E+2,2.03E+2
72,113,185Hf,,,,,,,,6.42E+2,5.58E+1,3.43E+2,3.05E+2,-1.28E+2,1.85E+2
72,112,184Hf,,,,,,,,6.97E+2,4.52E+1,7.96E+2,3.03E+2,-1.94E+2,1.52E+2
72,112,184Hf,,,,,,,,6.97E+2,4.52E+1,7.96E+2,3.03E+2,-1.94E+2,1.52E+2
72,112,184Hf,,,,,,,,6.97E+2,4.52E+1,7.96E+2,3.03E+2,-1.94E+2,1.52E+2
72,111,183Hf,,,,,,,,4.91E+2,2.92E+1,9.31E+2,2.03E+2,1.17E+1,1.02E+2
73,88,161Ta,,,,,,,,9.76E+2,4.51E+1,5.23E+3,2.38E+1,2.28E+2,1.23E+1
73,88,161Ta,,,,,,,,9.76E+2,4.51E+1,5.23E+3,2.38E+1,2.28E+2,1.23E+1
73,89,162Ta,,,,,,,,8.75E+2,5.01E+1,5.00E+3,6.14E+1,2.56E+2,4.34E+1
73,86,159Ta,,,,,,,,9.52E+2,8.46E+1,5.68E+3,6.06,1.65E+2,4.92
73,86,159Ta,,,,,,,,9.52E+2,8.46E+1,5.68E+3,6.06,1.65E+2,4.92
73,87,160Ta,,,,,,,,7.85E+2,4.14E+1,5.45E+3,4.58,2.37E+2,3.42
73,87,160Ta,,,,,,,,7.85E+2,4.14E+1,5.45E+3,4.58,2.37E+2,3.42
73,84,157Ta,,,,,,,,1.01E+3,2.04E+2,6.35E+3,6.28,-1.31E+1,4.59
73,85,158Ta,,,,,,,,8.68E+2,1.34E+2,6.12E+3,4.35,5.83E+1,3.36
73,82,155Ta,,,,,,,,,,3.88E+3,4.24E+2,1.43E+3,2.13E+2
73,83,156Ta,,,,,,,,8.03E+2,2.79E+2,4.99E+3,3.58E+2,8.50E+2,1.79E+2
73,83,156Ta,,,,,,,,8.03E+2,2.79E+2,4.99E+3,3.58E+2,8.50E+2,1.79E+2
73,99,172Ta,,,,,,,,7.28E+2,2.79E+1,3.31E+3,4.71E+1,2.62E+2,3.07E+1
73,97,170Ta,,,,,,,,8.67E+2,2.79E+1,3.45E+3,4.08E+1,2.90E+2,2.84E+1
73,98,171Ta,,,,,,,,9.86E+2,2.79E+1,3.38E+3,4.65E+1,3.12E+2,3.05E+1
73,95,168Ta,,,,,,,,9.26E+2,2.79E+1,3.82E+3,3.95E+1,2.89E+2,3.00E+1
73,96,169Ta,,,,,,,,1.02E+3,2.79E+1,3.72E+3,3.85E+1,2.92E+2,2.76E+1
73,93,166Ta,,,,,,,,1.00E+3,2.51E+1,4.30E+3,8.00E+1,2.29E+2,4.27E+1
73,94,167Ta,,,,,,,,1.10E+3,2.79E+1,4.01E+3,3.95E+1,3.30E+2,2.79E+1
73,91,164Ta,,,,,,,,9.08E+2,2.82E+1,4.56E+3,6.33E+1,2.50E+2,3.23E+1
73,92,165Ta,,,,,,,,1.15E+3,2.19E+1,4.28E+3,3.10E+1,3.62E+2,1.68E+1
73,90,163Ta,,,,,,,,1.00E+3,4.38E+1,4.74E+3,5.49,2.63E+2,7.05
73,108,181Ta,,,,,,,,7.56E+2,1.71,1.51E+3,1.84,3.37E+2,1.23
73,107,180Ta,,,,,,,,4.64E+2,1.81,2.02E+3,2.27,1.32E+2,2.59
73,107,180Ta,,,,,,,,4.64E+2,1.81,2.02E+3,2.27,1.32E+2,2.59
73,109,182Ta,,,,,,,,4.35E+2,1.58,1.48E+3,2.64,2.98E+2,1.55
73,109,182Ta,,,,,,,,4.35E+2,1.58,1.48E+3,2.64,2.98E+2,1.55
73,109,182Ta,,,,,,,,4.35E+2,1.58,1.48E+3,2.64,2.98E+2,1.55
73,104,177Ta,,,,,,,,7.08E+2,1.55E+1,2.74E+3,3.26,1.55E+1,6.69
73,103,176Ta,,,,,,,,6.96E+2,2.58E+1,2.94E+3,3.08E+1,7.86E+1,2.42E+1
73,106,179Ta,,,,,,,,5.67E+2,1.46,2.38E+3,9.18E-1,-1.30E+2,4.10
73,105,178Ta,,,,,,,,3.89E+2,1.81,2.54E+3,5.20E+1,9.00E+1,6.31E+1
73,105,178Ta,,,,,,,,3.89E+2,1.81,2.54E+3,5.20E+1,9.00E+1,6.31E+1
73,105,178Ta,,,,,,,,3.89E+2,1.81,2.54E+3,5.20E+1,9.00E+1,6.31E+1
73,100,173Ta,,,,,,,,8.61E+2,2.79E+1,3.26E+3,2.81E+1,2.20E+2,2.42E+1
73,102,175Ta,,,,,,,,8.55E+2,2.86E+1,2.99E+3,2.80E+1,2.02E+2,2.33E+1
73,101,174Ta,,,,,,,,6.61E+2,2.79E+1,3.14E+3,3.26E+1,2.60E+2,2.56E+1
73,121,194Ta,,,,,,,,,,,,,
73,120,193Ta,,,,,,,,6.90E+2,4.42E+2,,,,
73,119,192Ta,,,,,,,,5.62E+2,3.84E+2,-1.70E+3,5.65E+2,1.05E+1,3.77E+2
73,118,191Ta,,,,,,,,5.87E+2,3.44E+2,-1.17E+3,5.00E+2,-1.45E+2,3.27E+2
73,115,188Ta,,,,,,,,4.77E+2,1.65E+2,-3.50E+1,2.83E+2,-3.45E+1,1.76E+2
73,115,188Ta,,,,,,,,4.77E+2,1.65E+2,-3.50E+1,2.83E+2,-3.45E+1,1.76E+2
73,114,187Ta,,,,,,,,6.27E+2,1.06E+2,3.95E+2,9.76E+1,-1.37E+2,5.65E+1
73,114,187Ta,,,,,,,,6.27E+2,1.06E+2,3.95E+2,9.76E+1,-1.37E+2,5.65E+1
73,114,187Ta,,,,,,,,6.27E+2,1.06E+2,3.95E+2,9.76E+1,-1.37E+2,5.65E+1
73,117,190Ta,,,,,,,,4.61E+2,2.51E+2,-8.25E+2,4.47E+2,-7.00E+1,2.64E+2
73,116,189Ta,,,,,,,,5.80E+2,1.89E+2,-4.24E+2,3.61E+2,-1.36E+2,2.07E+2
73,111,184Ta,,,,,,,,5.04E+2,1.97E+1,1.41E+3,7.53E+1,-7.22,3.98E+1
73,110,183Ta,,,,,,,,6.58E+2,1.30E+1,1.34E+3,5.33,1.55E+2,2.79
73,113,186Ta,,,,,,,,5.37E+2,5.12E+1,7.38E+2,2.09E+2,-6.91E+1,1.08E+2
73,113,186Ta,,,,,,,,5.37E+2,5.12E+1,7.38E+2,2.09E+2,-6.91E+1,1.08E+2
73,113,186Ta,,,,,,,,5.37E+2,5.12E+1,7.38E+2,2.09E+2,-6.91E+1,1.08E+2
73,112,185Ta,,,,,,,,6.70E+2,3.41E+1,9.78E+2,1.26E+2,6.11,6.37E+1
74,117,191W,,,,,,,,8.12E+2,1.02E+2,-6.01E+2,2.05E+2,-7.96E+1,1.08E+2
74,118,192W,,,,,,,,9.30E+2,1.67E+2,-1.21E+3,3.61E+2,6.65E+1,2.07E+2
74,119,193W,,,,,,,,8.56E+2,2.55E+2,-1.46E+3,3.61E+2,7.50E+1,2.29E+2
74,113,187W,,,,,,,,6.84E+2,1.86,9.54E+2,3.00E+1,6.46E+1,1.50E+1
74,114,188W,,,,,,,,8.55E+2,9.45E+1,4.06E+2,3.98E+1,-2.29E+1,1.99E+1
74,115,189W,,,,,,,,7.97E+2,1.34E+2,8.60E+1,2.10E+2,-4.80E+1,1.45E+2
74,116,190W,,,,,,,,9.20E+2,9.99E+1,-3.69E+2,6.22E+1,-6.08E+1,3.58E+1
74,110,184W,,,,,,,,8.28E+2,7.40E-1,1.64E+3,1.56,2.47E+2,8.94E-1
74,111,185W,,,,,,,,7.19E+2,8.80E-1,1.59E+3,1.56,1.92E+2,8.92E-1
74,111,185W,,,,,,,,7.19E+2,8.80E-1,1.59E+3,1.56,1.92E+2,8.92E-1
74,112,186W,,,,,,,,8.62E+2,1.11,1.11E+3,6.27,1.29E+2,3.19
74,120,194W,,,,,,,,9.83E+2,3.50E+2,-2.03E+3,5.00E+2,2.10E+2,3.08E+2
74,121,195W,,,,,,,,8.64E+2,3.90E+2,,,,
74,122,196W,,,,,,,,9.94E+2,3.92E+2,,,,
74,123,197W,,,,,,,,,,,,,
74,106,180W,,,,,,,,8.71E+2,7.39,2.51E+3,1.03,2.21E+2,9.67E-1
74,107,181W,,,,,,,,7.07E+2,1.30,2.22E+3,3.99E-1,3.90E+2,8.47E-1
74,108,182W,,,,,,,,9.46E+2,9.71E-1,1.76E+3,1.56,5.28E+2,8.95E-1
74,109,183W,,,,,,,,6.10E+2,7.45E-1,1.67E+3,1.56,5.24E+2,8.94E-1
74,109,183W,,,,,,,,6.10E+2,7.45E-1,1.67E+3,1.56,5.24E+2,8.94E-1
74,102,176W,,,,,,,,9.74E+2,2.79E+1,3.33E+3,3.71E+1,2.62E+2,2.45E+1
74,103,177W,,,,,,,,8.22E+2,2.53E+1,3.28E+3,3.95E+1,2.20E+2,2.73E+1
74,104,178W,,,,,,,,9.08E+2,1.90E+1,3.01E+3,1.52E+1,1.80E+2,1.53E+1
74,105,179W,,,,,,,,7.26E+2,1.28E+1,2.76E+3,1.46E+1,2.22E+2,2.69E+1
74,105,179W,,,,,,,,7.26E+2,1.28E+1,2.76E+3,1.46E+1,2.22E+2,2.69E+1
74,100,174W,,,,,,,,1.04E+3,2.79E+1,3.60E+3,3.95E+1,3.28E+2,2.51E+1
74,101,175W,,,,,,,,8.01E+2,2.79E+1,3.37E+3,4.01E+1,4.07E+2,2.56E+1
74,89,163W,,,,,,,,1.20E+3,4.25E+1,5.51E+3,5.59E+1,2.32E+2,3.95E+1
74,88,162W,,,,,,,,1.30E+3,8.65E+1,5.67E+3,2.40,2.32E+2,2.04
74,87,161W,,,,,,,,1.19E+3,1.36E+2,5.92E+3,3.62,2.06E+2,3.35
74,86,160W,,,,,,,,1.38E+3,2.07E+2,6.06E+3,4.58,2.06E+2,3.48
74,85,159W,,,,,,,,1.11E+3,2.84E+2,6.45E+3,3.55,1.10E+2,3.97
74,84,158W,,,,,,,,1.16E+3,3.61E+2,6.61E+3,2.63,7.76E+1,1.95
74,83,157W,,,,,,,,,,5.18E+3,5.00E+2,9.41E+2,2.50E+2
74,99,173W,,,,,,,,9.34E+2,2.79E+1,3.56E+3,3.95E+1,3.90E+2,2.52E+1
74,98,172W,,,,,,,,1.19E+3,2.79E+1,3.83E+3,3.95E+1,3.51E+2,2.48E+1
74,97,171W,,,,,,,,1.10E+3,2.50E+1,3.95E+3,3.95E+1,2.99E+2,2.49E+1
74,96,170W,,,,,,,,1.28E+3,1.84E+1,4.14E+3,3.09E+1,3.63E+2,1.61E+1
74,95,169W,,,,,,,,1.17E+3,1.43E+1,4.29E+3,3.19E+1,3.80E+2,1.62E+1
74,94,168W,,,,,,,,1.38E+3,1.53E+1,4.50E+3,1.14E+1,3.61E+2,6.70
74,93,167W,,,,,,,,1.29E+3,1.55E+1,4.75E+3,2.98E+1,3.09E+2,1.51E+1
74,92,166W,,,,,,,,1.41E+3,1.72E+1,4.85E+3,3.93,3.40E+2,2.38
74,91,165W,,,,,,,,1.20E+3,1.94E+1,5.02E+3,3.20E+1,3.41E+2,1.60E+1
74,90,164W,,,,,,,,1.35E+3,3.26E+1,5.27E+3,2.00,2.68E+2,1.68
75,118,193Re,,,,,,,,8.44E+2,1.06E+2,-6.97E+2,2.04E+2,1.19E+2,1.04E+2
75,119,194Re,,,,,,,,6.61E+2,2.39E+2,-9.65E+2,2.83E+2,4.50E+1,2.00E+2
75,119,194Re,,,,,,,,6.61E+2,2.39E+2,-9.65E+2,2.83E+2,4.50E+1,2.00E+2
75,119,194Re,,,,,,,,6.61E+2,2.39E+2,-9.65E+2,2.83E+2,4.50E+1,2.00E+2
75,116,191Re,,,,,,,,7.64E+2,3.62E+1,1.20E+2,5.68E+1,5.64E+1,2.88E+1
75,117,192Re,,,,,,,,7.02E+2,5.39E+1,-1.04E+2,2.12E+2,-8.38E+1,1.13E+2
75,110,185Re,,,,,,,,7.45E+2,2.24,2.19E+3,1.63,3.74E+2,6.34
75,111,186Re,,,,,,,,5.90E+2,7.95E-1,2.07E+3,1.63,3.35E+2,1.10
75,111,186Re,,,,,,,,5.90E+2,7.95E-1,2.07E+3,1.63,3.35E+2,1.10
75,114,189Re,,,,,,,,6.79E+2,6.28,9.90E+2,1.63E+1,1.37E+1,9.15
75,115,190Re,,,,,,,,5.81E+2,7.40,5.99E+2,6.02E+1,1.33E+1,3.01E+1
75,115,190Re,,,,,,,,5.81E+2,7.40,5.99E+2,6.02E+1,1.33E+1,3.01E+1
75,112,187Re,,,,,,,,7.44E+2,7.53E-1,1.65E+3,1.68,2.15E+2,1.04
75,113,188Re,,,,,,,,5.80E+2,4.14,1.39E+3,2.60E+1,1.79E+2,1.30E+1
75,113,188Re,,,,,,,,5.80E+2,4.14,1.39E+3,2.60E+1,1.79E+2,1.30E+1
75,121,196Re,,,,,,,,5.76E+2,3.92E+2,-1.68E+3,5.00E+2,2.45E+1,3.07E+2
75,122,197Re,,,,,,,,7.02E+2,3.94E+2,-1.96E+3,5.00E+2,2.60E+1,3.08E+2
75,120,195Re,,,,,,,,6.94E+2,3.51E+2,-1.46E+3,4.24E+2,1.01E+2,2.60E+2
75,123,198Re,,,,,,,,4.81E+2,3.96E+2,-2.28E+3,6.40E+2,1.05E+2,4.06E+2
75,124,199Re,,,,,,,,,,,,,
75,107,182Re,,,,,,,,7.17E+2,7.24E+1,2.72E+3,1.15E+2,5.60E+2,7.72E+1
75,107,182Re,,,,,,,,7.17E+2,7.24E+1,2.72E+3,1.15E+2,5.60E+2,7.72E+1
75,108,183Re,,,,,,,,9.76E+2,5.13E+1,2.12E+3,8.16,8.56E+2,1.51E+1
75,105,180Re,,,,,,,,7.13E+2,2.04E+1,3.10E+3,3.74E+1,3.49E+2,2.56E+1
75,106,181Re,,,,,,,,8.75E+2,5.28E+1,2.77E+3,1.29E+1,4.92E+2,1.66E+1
75,109,184Re,,,,,,,,5.94E+2,5.04,2.28E+3,4.66,5.80E+2,5.65
75,109,184Re,,,,,,,,5.94E+2,5.04,2.28E+3,4.66,5.80E+2,5.65
75,100,175Re,,,,,,,,9.20E+2,2.79E+1,4.00E+3,3.95E+1,3.87E+2,2.46E+1
75,103,178Re,,,,,,,,7.73E+2,2.71E+1,3.66E+3,3.95E+1,2.57E+2,2.63E+1
75,104,179Re,,,,,,,,8.38E+2,2.47E+1,3.39E+3,3.72E+1,2.78E+2,2.55E+1
75,101,176Re,,,,,,,,7.15E+2,2.79E+1,3.84E+3,3.95E+1,4.09E+2,2.65E+1
75,102,177Re,,,,,,,,9.11E+2,2.79E+1,3.70E+3,3.95E+1,3.39E+2,2.43E+1
75,89,164Re,,,,,,,,8.58E+2,4.13E+1,5.92E+3,5.09,2.27E+2,4.96
75,89,164Re,,,,,,,,8.58E+2,4.13E+1,5.92E+3,5.09,2.27E+2,4.96
75,88,163Re,,,,,,,,1.01E+3,8.64E+1,6.01E+3,7.76,2.46E+2,4.10
75,88,163Re,,,,,,,,1.01E+3,8.64E+1,6.01E+3,7.76,2.46E+2,4.10
75,87,162Re,,,,,,,,9.24E+2,1.37E+2,6.24E+3,5.12,2.40E+2,3.78
75,87,162Re,,,,,,,,9.24E+2,1.37E+2,6.24E+3,5.12,2.40E+2,3.78
75,86,161Re,,,,,,,,1.16E+3,2.08E+2,6.32E+3,6.68,2.47E+2,2.52E+1
75,86,161Re,,,,,,,,1.16E+3,2.08E+2,6.32E+3,6.68,2.47E+2,2.52E+1
75,85,160Re,,,,,,,,9.27E+2,2.86E+2,6.69E+3,4.10,1.36E+2,5.00E+1
75,84,159Re,,,,,,,,,,6.75E+3,5.50E+1,1.55E+2,2.52E+2
75,84,159Re,,,,,,,,,,6.75E+3,5.50E+1,1.55E+2,2.52E+2
75,99,174Re,,,,,,,,7.47E+2,2.79E+1,4.03E+3,3.95E+1,4.77E+2,2.59E+1
75,98,173Re,,,,,,,,9.33E+2,3.00E+1,4.31E+3,3.95E+1,3.84E+2,2.61E+1
75,97,172Re,,,,,,,,8.35E+2,3.19E+1,4.40E+3,4.52E+1,4.28E+2,2.87E+1
75,97,172Re,,,,,,,,8.35E+2,3.19E+1,4.40E+3,4.52E+1,4.28E+2,2.87E+1
75,96,171Re,,,,,,,,1.01E+3,2.71E+1,4.67E+3,3.95E+1,3.77E+2,2.49E+1
75,95,170Re,,,,,,,,9.25E+2,1.71E+1,4.76E+3,3.01E+1,4.62E+2,1.70E+1
75,95,170Re,,,,,,,,9.25E+2,1.71E+1,4.76E+3,3.01E+1,4.62E+2,1.70E+1
75,94,169Re,,,,,,,,1.05E+3,1.83E+1,5.01E+3,1.32E+1,3.51E+2,7.99
75,94,169Re,,,,,,,,1.05E+3,1.83E+1,5.01E+3,1.32E+1,3.51E+2,7.99
75,93,168Re,,,,,,,,8.64E+2,2.25E+1,5.06E+3,1.30E+1,4.63E+2,8.20
75,92,167Re,,,,,,,,1.09E+3,4.67E+1,5.27E+3,1.30E+1,3.60E+2,8.84
75,92,167Re,,,,,,,,1.09E+3,4.67E+1,5.27E+3,1.30E+1,3.60E+2,8.84
75,91,166Re,,,,,,,,9.46E+2,6.35E+1,5.51E+3,6.14E+1,3.55E+2,3.96E+1
75,90,165Re,,,,,,,,1.00E+3,5.44E+1,5.69E+3,6.14,2.23E+2,3.57
75,90,165Re,,,,,,,,1.00E+3,5.44E+1,5.69E+3,6.14,2.23E+2,3.57
76,90,166Os,,,,,,,,1.28E+3,9.27E+1,6.14E+3,3.31,2.82E+2,2.29
76,91,167Os,,,,,,,,1.21E+3,5.81E+1,5.98E+3,5.59E+1,3.11E+2,2.80E+1
76,92,168Os,,,,,,,,1.38E+3,4.30E+1,5.81E+3,2.69,3.23E+2,2.42
76,93,169Os,,,,,,,,1.23E+3,1.96E+1,5.71E+3,3.08,3.23E+2,2.89E+1
76,94,170Os,,,,,,,,1.41E+3,1.72E+1,5.53E+3,2.69,3.23E+2,2.17
76,95,171Os,,,,,,,,1.28E+3,1.51E+1,5.37E+3,4.43,3.96E+2,2.98
76,96,172Os,,,,,,,,1.37E+3,1.48E+1,5.22E+3,6.97,3.30E+2,3.63
76,97,173Os,,,,,,,,1.18E+3,1.33E+1,5.05E+3,5.77,2.94E+2,3.19
76,98,174Os,,,,,,,,1.22E+3,1.19E+1,4.87E+3,9.68,3.51E+2,4.96
76,99,175Os,,,,,,,,9.57E+2,1.12E+1,4.55E+3,3.03E+1,4.28E+2,1.58E+1
76,85,161Os,,,,,,,,,,7.06E+3,1.05E+1,1.92E+2,8.90
76,86,162Os,,,,,,,,1.27E+3,3.24E+2,6.76E+3,2.88,2.62E+2,3.89
76,87,163Os,,,,,,,,1.10E+3,2.91E+2,6.67E+3,7.10,2.42E+2,3.09E+1
76,88,164Os,,,,,,,,1.34E+3,2.11E+2,6.47E+3,5.25,2.55E+2,3.04
76,89,165Os,,,,,,,,1.14E+3,1.38E+2,6.33E+3,5.64,2.61E+2,3.81
76,126,202Os,,,,,,,,1.53E+3,3.64E+2,,,,
76,127,203Os,,,,,,,,,,,,,
76,120,196Os,,,,,,,,9.62E+2,1.06E+2,-1.08E+3,2.04E+2,1.67E+2,1.04E+2
76,121,197Os,,,,,,,,7.99E+2,1.72E+2,-1.31E+3,2.83E+2,1.14E+2,1.75E+2
76,122,198Os,,,,,,,,9.02E+2,1.98E+2,-1.61E+3,3.61E+2,4.90E+1,2.06E+2
76,123,199Os,,,,,,,,8.84E+2,1.99E+2,-1.95E+3,3.61E+2,1.45E+2,2.29E+2
76,124,200Os,,,,,,,,1.11E+3,2.00E+2,-2.23E+3,5.00E+2,3.70E+2,3.08E+2
76,125,201Os,,,,,,,,7.90E+2,2.66E+2,-2.39E+3,5.00E+2,9.94E+2,3.27E+2
76,115,191Os,,,,,,,,8.99E+2,1.29,1.08E+3,1.17,4.62E+1,6.40E-1
76,115,191Os,,,,,,,,8.99E+2,1.29,1.08E+3,1.17,4.62E+1,6.40E-1
76,116,192Os,,,,,,,,9.87E+2,2.03,3.60E+2,3.76,2.26E+2,2.20
76,116,192Os,,,,,,,,9.87E+2,2.03,3.60E+2,3.76,2.26E+2,2.20
76,117,193Os,,,,,,,,7.64E+2,2.34,-1.00E+1,2.00E+2,2.79E+2,1.00E+2
76,118,194Os,,,,,,,,9.82E+2,2.80E+1,-4.91E+2,3.54E+1,2.98E+2,1.77E+1
76,119,195Os,,,,,,,,8.44E+2,4.43E+1,-7.60E+2,6.98E+1,2.29E+2,4.47E+1
76,119,195Os,,,,,,,,8.44E+2,4.43E+1,-7.60E+2,6.98E+1,2.29E+2,4.47E+1
76,110,186Os,,,,,,,,9.87E+2,7.72E-1,2.82E+3,8.74E-1,2.23E+2,5.26E-1
76,111,187Os,,,,,,,,8.49E+2,7.38E-1,2.72E+3,8.70E-1,1.87E+2,2.08
76,112,188Os,,,,,,,,1.03E+3,7.14E-1,2.14E+3,8.64E-1,1.40E+2,1.33
76,113,189Os,,,,,,,,9.35E+2,6.76E-1,1.97E+3,8.52E-1,5.30E+1,7.42E-1
76,113,189Os,,,,,,,,9.35E+2,6.76E-1,1.97E+3,8.52E-1,5.30E+1,7.42E-1
76,114,190Os,,,,,,,,1.01E+3,6.55E-1,1.37E+3,1.17,7.34E+1,6.33E-1
76,114,190Os,,,,,,,,1.01E+3,6.55E-1,1.37E+3,1.17,7.34E+1,6.33E-1
76,104,180Os,,,,,,,,1.07E+3,1.85E+1,3.86E+3,3.20E+1,3.69E+2,1.65E+1
76,105,181Os,,,,,,,,9.32E+2,2.23E+1,3.72E+3,3.77E+1,3.55E+2,1.95E+1
76,105,181Os,,,,,,,,9.32E+2,2.23E+1,3.72E+3,3.77E+1,3.55E+2,1.95E+1
76,106,182Os,,,,,,,,1.00E+3,3.18E+1,3.37E+3,2.65E+1,4.73E+2,1.60E+1
76,107,183Os,,,,,,,,7.67E+2,3.68E+1,3.20E+3,5.18E+1,6.73E+2,3.78E+1
76,107,183Os,,,,,,,,7.67E+2,3.68E+1,3.20E+3,5.18E+1,6.73E+2,3.78E+1
76,108,184Os,,,,,,,,1.01E+3,2.48E+1,2.95E+3,1.63,5.23E+2,2.76
76,109,185Os,,,,,,,,8.20E+2,8.14E-1,3.00E+3,1.64,4.54E+2,5.12
76,100,176Os,,,,,,,,1.10E+3,1.21E+1,4.54E+3,3.00E+1,3.67E+2,1.52E+1
76,101,177Os,,,,,,,,8.81E+2,1.35E+1,4.34E+3,3.15E+1,4.02E+2,1.59E+1
76,102,178Os,,,,,,,,1.05E+3,1.43E+1,4.25E+3,3.10E+1,3.46E+2,1.57E+1
76,103,179Os,,,,,,,,9.30E+2,1.51E+1,4.18E+3,3.19E+1,3.17E+2,1.65E+1
77,123,200Ir,,,,,,,,5.10E+2,1.74E+2,-1.63E+3,3.58E+2,1.95E+2,2.27E+2
77,124,201Ir,,,,,,,,7.15E+2,2.01E+2,-1.91E+3,3.61E+2,3.79E+2,2.29E+2
77,121,198Ir,,,,,,,,6.05E+2,1.41E+2,-8.75E+2,2.83E+2,-9.65E+1,1.73E+2
77,122,199Ir,,,,,,,,7.47E+2,1.43E+2,-1.26E+3,3.03E+2,4.65E+1,1.52E+2
77,120,197Ir,,,,,,,,6.83E+2,1.01E+2,-4.57E+2,4.39E+1,-5.20E+1,2.42E+1
77,120,197Ir,,,,,,,,6.83E+2,1.01E+2,-4.57E+2,4.39E+1,-5.20E+1,2.42E+1
77,127,204Ir,,,,,,,,3.88E+2,4.08E+2,,,,
77,128,205Ir,,,,,,,,,,,,,
77,125,202Ir,,,,,,,,4.92E+2,2.67E+2,-2.07E+3,5.00E+2,1.05E+3,3.27E+2
77,126,203Ir,,,,,,,,1.23E+3,3.66E+2,-2.06E+3,5.65E+2,1.68E+3,3.77E+2
77,112,189Ir,,,,,,,,9.00E+2,1.00E+1,2.94E+3,1.25E+1,-1.62E+2,9.89
77,113,190Ir,,,,,,,,8.25E+2,6.39,2.74E+3,1.48,-3.16E+2,1.44
77,113,190Ir,,,,,,,,8.25E+2,6.39,2.74E+3,1.48,-3.16E+2,1.44
77,113,190Ir,,,,,,,,8.25E+2,6.39,2.74E+3,1.48,-3.16E+2,1.44
77,110,187Ir,,,,,,,,7.90E+2,2.19E+1,3.83E+3,2.90E+1,-2.54E+2,2.03E+1
77,110,187Ir,,,,,,,,7.90E+2,2.19E+1,3.83E+3,2.90E+1,-2.54E+2,2.03E+1
77,111,188Ir,,,,,,,,6.54E+2,1.67E+1,3.44E+3,1.03E+1,-1.51E+2,1.05E+1
77,118,195Ir,,,,,,,,7.08E+2,1.92E+1,2.33E+2,1.02E+1,-2.97E+1,5.18
77,118,195Ir,,,,,,,,7.08E+2,1.92E+1,2.33E+2,1.02E+1,-2.97E+1,5.18
77,119,196Ir,,,,,,,,5.42E+2,2.89E+1,-2.71E+2,8.05E+1,2.10E+1,4.65E+1
77,119,196Ir,,,,,,,,5.42E+2,2.89E+1,-2.71E+2,8.05E+1,2.10E+1,4.65E+1
77,116,193Ir,,,,,,,,8.52E+2,1.32,1.01E+3,8.24,-2.31E+1,4.17
77,116,193Ir,,,,,,,,8.52E+2,1.32,1.01E+3,8.24,-2.31E+1,4.17
77,117,194Ir,,,,,,,,5.82E+2,1.33,6.26E+2,4.59,-5.01E+1,2.39
77,117,194Ir,,,,,,,,5.82E+2,1.33,6.26E+2,4.59,-5.01E+1,2.39
77,114,191Ir,,,,,,,,9.14E+2,1.32,2.08E+3,1.24,-1.82E+2,1.00
77,114,191Ir,,,,,,,,9.14E+2,1.32,2.08E+3,1.24,-1.82E+2,1.00
77,114,191Ir,,,,,,,,9.14E+2,1.32,2.08E+3,1.24,-1.82E+2,1.00
77,115,192Ir,,,,,,,,7.86E+2,1.31,1.75E+3,1.24,-2.42E+2,1.71
77,115,192Ir,,,,,,,,7.86E+2,1.31,1.75E+3,1.24,-2.42E+2,1.71
77,115,192Ir,,,,,,,,7.86E+2,1.31,1.75E+3,1.24,-2.42E+2,1.71
77,101,178Ir,,,,,,,,8.10E+2,1.72E+1,4.99E+3,3.36E+1,2.65E+2,1.69E+1
77,102,179Ir,,,,,,,,9.65E+2,1.59E+1,4.78E+3,2.96E+1,3.41E+2,1.48E+1
77,100,177Ir,,,,,,,,9.79E+2,1.73E+1,5.08E+3,3.42E+1,3.34E+2,1.71E+1
77,109,186Ir,,,,,,,,7.70E+2,2.29E+1,3.84E+3,1.03E+2,3.25E+1,5.23E+1
77,109,186Ir,,,,,,,,7.70E+2,2.29E+1,3.84E+3,1.03E+2,3.25E+1,5.23E+1
77,107,184Ir,,,,,,,,6.57E+2,2.71E+1,3.80E+3,3.51E+1,5.06E+2,2.25E+1
77,108,185Ir,,,,,,,,9.43E+2,2.55E+1,3.75E+3,3.06E+1,2.85E+2,2.30E+1
77,105,182Ir,,,,,,,,7.80E+2,1.94E+1,4.17E+3,3.49E+1,3.67E+2,1.88E+1
77,106,183Ir,,,,,,,,8.70E+2,2.46E+1,3.95E+3,3.48E+1,3.95E+2,2.30E+1
77,103,180Ir,,,,,,,,7.94E+2,1.63E+1,4.66E+3,3.53E+1,2.86E+2,1.78E+1
77,104,181Ir,,,,,,,,9.48E+2,1.55E+1,4.38E+3,2.84E+1,3.99E+2,1.43E+1
77,90,167Ir,,,,,,,,1.05E+3,8.84E+1,6.50E+3,2.63,2.90E+2,5.50
77,90,167Ir,,,,,,,,1.05E+3,8.84E+1,6.50E+3,2.63,2.90E+2,5.50
77,91,168Ir,,,,,,,,9.16E+2,4.17E+1,6.38E+3,8.52,2.71E+2,6.66
77,91,168Ir,,,,,,,,9.16E+2,4.17E+1,6.38E+3,8.52,2.71E+2,6.66
77,92,169Ir,,,,,,,,1.19E+3,9.08E+1,6.14E+3,3.66,3.47E+2,3.06
77,92,169Ir,,,,,,,,1.19E+3,9.08E+1,6.14E+3,3.66,3.47E+2,3.06
77,93,170Ir,,,,,,,,1.12E+3,1.22E+2,6.23E+3,5.00E+1,2.34E+2,2.52E+1
77,93,170Ir,,,,,,,,1.12E+3,1.22E+2,6.23E+3,5.00E+1,2.34E+2,2.52E+1
77,94,171Ir,,,,,,,,1.15E+3,9.07E+1,5.99E+3,1.20E+1,2.93E+2,6.15
77,94,171Ir,,,,,,,,1.15E+3,9.07E+1,5.99E+3,1.20E+1,2.93E+2,6.15
77,95,172Ir,,,,,,,,9.60E+2,3.03E+1,5.99E+3,1.00E+1,2.21E+2,6.15
77,95,172Ir,,,,,,,,9.60E+2,3.03E+1,5.99E+3,1.00E+1,2.21E+2,6.15
77,96,173Ir,,,,,,,,1.18E+3,1.86E+1,5.71E+3,9.00,2.90E+2,4.90
77,96,173Ir,,,,,,,,1.18E+3,1.86E+1,5.71E+3,9.00,2.90E+2,4.90
77,97,174Ir,,,,,,,,1.04E+3,1.13E+1,5.69E+3,1.60E+1,1.82E+2,8.32
77,97,174Ir,,,,,,,,1.04E+3,1.13E+1,5.69E+3,1.60E+1,1.82E+2,8.32
77,98,175Ir,,,,,,,,1.06E+3,1.11E+1,5.43E+3,3.05E+1,2.75E+2,1.54E+1
77,98,175Ir,,,,,,,,1.06E+3,1.11E+1,5.43E+3,3.05E+1,2.75E+2,1.54E+1
77,99,176Ir,,,,,,,,8.39E+2,1.29E+1,5.26E+3,3.55E+1,2.85E+2,1.81E+1
77,87,164Ir,,,,,,,,8.41E+2,2.95E+2,6.97E+3,1.00E+2,3.09E+2,2.59E+2
77,88,165Ir,,,,,,,,1.05E+3,2.17E+2,6.82E+3,5.00E+1,2.79E+2,1.70E+2
77,88,165Ir,,,,,,,,1.05E+3,2.17E+2,6.82E+3,5.00E+1,2.79E+2,1.70E+2
77,89,166Ir,,,,,,,,9.16E+2,1.43E+2,6.72E+3,5.58,2.27E+2,8.14
77,89,166Ir,,,,,,,,9.16E+2,1.43E+2,6.72E+3,5.58,2.27E+2,8.14
78,130,208Pt,,,,,,,,,,,,,
78,100,178Pt,,,,,,,,1.17E+3,1.11E+1,5.57E+3,2.20,2.11E+2,2.57
78,101,179Pt,,,,,,,,9.45E+2,9.09,5.41E+3,9.45,3.13E+2,5.11
78,106,184Pt,,,,,,,,1.10E+3,1.80E+1,4.59E+3,8.08,5.52E+1,8.41
78,107,185Pt,,,,,,,,9.10E+2,2.24E+1,4.43E+3,1.00E+1,9.99E+1,2.09E+1
78,107,185Pt,,,,,,,,9.10E+2,2.24E+1,4.43E+3,1.00E+1,9.99E+1,2.09E+1
78,108,186Pt,,,,,,,,1.17E+3,2.34E+1,4.31E+3,1.81E+1,-1.25E+2,1.62E+1
78,109,187Pt,,,,,,,,1.15E+3,2.03E+1,4.55E+3,5.51E+1,-4.42E+2,3.20E+1
78,102,180Pt,,,,,,,,1.10E+3,1.06E+1,5.27E+3,5.04,1.91E+2,3.31
78,103,181Pt,,,,,,,,9.17E+2,1.27E+1,5.15E+3,5.11,3.11E+2,3.39
78,104,182Pt,,,,,,,,1.09E+3,1.35E+1,4.95E+3,5.04,1.26E+2,5.55
78,105,183Pt,,,,,,,,9.77E+2,1.40E+1,4.82E+3,8.79,2.03E+2,8.24
78,105,183Pt,,,,,,,,9.77E+2,1.40E+1,4.82E+3,8.79,2.03E+2,8.24
78,110,188Pt,,,,,,,,1.24E+3,1.35E+1,4.00E+3,5.27,-3.11E+2,8.62
78,111,189Pt,,,,,,,,1.09E+3,7.62,3.91E+3,1.01E+1,-4.64E+2,1.05E+1
78,112,190Pt,,,,,,,,1.22E+3,5.47,3.26E+3,5.87E-1,-2.85E+2,1.50
78,117,195Pt,,,,,,,,9.08E+2,5.07E-1,1.17E+3,5.04E-1,-1.76E+2,4.15E-1
78,117,195Pt,,,,,,,,9.08E+2,5.07E-1,1.17E+3,5.04E-1,-1.76E+2,4.15E-1
78,118,196Pt,,,,,,,,1.03E+3,5.14E-1,8.12E+2,2.27,-4.82E+1,1.18
78,119,197Pt,,,,,,,,8.54E+2,1.14,5.49E+2,2.29,-1.08E+2,1.22
78,119,197Pt,,,,,,,,8.54E+2,1.14,5.49E+2,2.29,-1.08E+2,1.22
78,113,191Pt,,,,,,,,1.09E+3,3.20,3.09E+3,4.07,-4.17E+2,1.19E+1
78,114,192Pt,,,,,,,,1.19E+3,2.83,2.42E+3,2.53,-1.93E+2,2.32
78,115,193Pt,,,,,,,,1.04E+3,1.62,2.08E+3,1.21,-2.83E+2,1.83
78,115,193Pt,,,,,,,,1.04E+3,1.62,2.08E+3,1.21,-2.83E+2,1.83
78,116,194Pt,,,,,,,,1.12E+3,8.04E-1,1.52E+3,4.79E-1,-7.09E+1,3.78E-1
78,120,198Pt,,,,,,,,9.99E+2,1.85,1.06E+2,3.14,1.37E+1,1.91
78,121,199Pt,,,,,,,,8.62E+2,1.02E+1,-3.02E+2,5.59E+1,-1.69,2.79E+1
78,121,199Pt,,,,,,,,8.62E+2,1.02E+1,-3.02E+2,5.59E+1,-1.69,2.79E+1
78,122,200Pt,,,,,,,,1.03E+3,2.88E+1,-7.46E+2,4.47E+1,1.15E+2,2.45E+1
78,123,201Pt,,,,,,,,9.04E+2,3.89E+1,-1.08E+3,2.06E+2,5.70E+1,1.06E+2
78,128,206Pt,,,,,,,,7.40E+2,2.73E+2,8.65E+2,5.00E+2,3.25E+2,3.08E+2
78,129,207Pt,,,,,,,,6.01E+2,3.73E+2,7.06E+2,5.65E+2,3.09E+2,3.60E+2
78,124,202Pt,,,,,,,,1.04E+3,1.06E+2,-1.51E+3,2.02E+2,4.19E+2,1.02E+2
78,125,203Pt,,,,,,,,6.54E+2,1.76E+2,-1.66E+3,2.83E+2,1.13E+3,1.73E+2
78,125,203Pt,,,,,,,,6.54E+2,1.76E+2,-1.66E+3,2.83E+2,1.13E+3,1.73E+2
78,126,204Pt,,,,,,,,1.54E+3,2.04E+2,-1.49E+3,3.61E+2,1.71E+3,2.07E+2
78,127,205Pt,,,,,,,,6.98E+2,2.05E+2,-4.05E+2,4.24E+2,1.09E+3,2.70E+2
78,88,166Pt,,,,,,,,1.38E+3,3.32E+2,7.29E+3,7.23,2.40E+2,1.57E+1
78,87,165Pt,,,,,,,,,,7.45E+3,1.43E+1,,
78,89,167Pt,,,,,,,,1.24E+3,2.98E+2,7.15E+3,6.15E+1,2.54E+2,3.17E+1
78,91,169Pt,,,,,,,,1.18E+3,1.41E+2,6.85E+3,5.12,2.60E+2,3.39
78,90,168Pt,,,,,,,,1.42E+3,2.15E+2,6.98E+3,3.07,2.67E+2,3.45
78,93,171Pt,,,,,,,,1.23E+3,5.81E+1,6.60E+3,3.07,2.32E+2,2.79
78,92,170Pt,,,,,,,,1.33E+3,9.45E+1,6.70E+3,3.18,2.62E+2,3.40
78,95,173Pt,,,,,,,,1.27E+3,4.54E+1,6.36E+3,5.78E+1,1.87E+2,4.03E+1
78,94,172Pt,,,,,,,,1.40E+3,5.19E+1,6.46E+3,4.03,2.16E+2,3.43
78,97,175Pt,,,,,,,,1.41E+3,1.55E+1,6.16E+3,3.99,9.36E+1,1.57E+1
78,96,174Pt,,,,,,,,1.49E+3,3.38E+1,6.18E+3,3.41,1.97E+2,2.26
78,99,177Pt,,,,,,,,1.09E+3,1.33E+1,5.64E+3,2.73,3.20E+2,2.50
78,98,176Pt,,,,,,,,1.39E+3,1.49E+1,5.88E+3,2.04,1.86E+2,1.52
79,92,171Au,,,,,,,,1.01E+3,9.07E+1,7.08E+3,1.06E+1,,
79,92,171Au,,,,,,,,1.01E+3,9.07E+1,7.08E+3,1.06E+1,,
79,91,170Au,,,,,,,,8.78E+2,2.07E+2,7.17E+3,1.53E+1,,
79,91,170Au,,,,,,,,8.78E+2,2.07E+2,7.17E+3,1.53E+1,,
79,94,173Au,,,,,,,,1.13E+3,9.28E+1,6.83E+3,4.91,1.15E+2,4.34
79,94,173Au,,,,,,,,1.13E+3,9.28E+1,6.83E+3,4.91,1.15E+2,4.34
79,93,172Au,,,,,,,,8.79E+2,4.25E+1,6.92E+3,1.02E+1,2.77E+2,5.03E+1
79,93,172Au,,,,,,,,8.79E+2,4.25E+1,6.92E+3,1.02E+1,2.77E+2,5.03E+1
79,96,175Au,,,,,,,,1.10E+3,9.26E+1,6.58E+3,2.72,6.28E+1,1.89
79,96,175Au,,,,,,,,1.10E+3,9.26E+1,6.58E+3,2.72,6.28E+1,1.89
79,95,174Au,,,,,,,,1.04E+3,1.25E+2,6.69E+3,7.23,1.60E+2,6.26
79,95,174Au,,,,,,,,1.04E+3,1.25E+2,6.69E+3,7.23,1.60E+2,6.26
79,98,177Au,,,,,,,,1.13E+3,1.87E+1,6.29E+3,3.88,1.21E+1,2.97
79,98,177Au,,,,,,,,1.13E+3,1.87E+1,6.29E+3,3.88,1.21E+1,2.97
79,97,176Au,,,,,,,,9.53E+2,3.07E+1,6.43E+3,7.16,1.36E+2,3.09E+1
79,97,176Au,,,,,,,,9.53E+2,3.07E+1,6.43E+3,7.16,1.36E+2,3.09E+1
79,99,178Au,,,,,,,,9.64E+2,1.05E+1,6.05E+3,4.57,2.46E+2,3.85
79,99,178Au,,,,,,,,9.64E+2,1.05E+1,6.05E+3,4.57,2.46E+2,3.85
79,109,188Au,,,,,,,,9.34E+2,1.52E+1,4.81E+3,2.80E+1,-3.70E+2,2.12E+1
79,100,179Au,,,,,,,,1.02E+3,1.00E+1,5.98E+3,5.04,-2.31,5.22
79,103,182Au,,,,,,,,7.27E+2,1.72E+1,5.52E+3,4.44,2.35E+2,1.31E+1
79,104,183Au,,,,,,,,8.80E+2,1.60E+1,5.46E+3,2.93,-7.16E+1,3.86
79,101,180Au,,,,,,,,8.04E+2,1.20E+1,5.83E+3,6.76,2.43E+2,5.73
79,102,181Au,,,,,,,,9.06E+2,1.71E+1,5.75E+3,2.92,-3.14E+1,3.03
79,107,186Au,,,,,,,,7.28E+2,1.86E+1,4.91E+3,1.40E+1,5.89,1.31E+1
79,108,187Au,,,,,,,,9.85E+2,1.90E+1,4.74E+3,3.01E+1,-2.13E+2,1.91E+1
79,108,187Au,,,,,,,,9.85E+2,1.90E+1,4.74E+3,3.01E+1,-2.13E+2,1.91E+1
79,105,184Au,,,,,,,,7.06E+2,1.64E+1,5.23E+3,5.00,1.61E+2,1.88E+1
79,105,184Au,,,,,,,,7.06E+2,1.64E+1,5.23E+3,5.00,1.61E+2,1.88E+1
79,106,185Au,,,,,,,,8.41E+2,1.54E+1,5.17E+3,4.55,-1.81E+2,4.93
79,106,185Au,,,,,,,,8.41E+2,1.54E+1,5.17E+3,4.55,-1.81E+2,4.93
79,110,189Au,,,,,,,,9.79E+2,1.43E+1,4.32E+3,3.44E+1,-3.24E+2,2.02E+1
79,110,189Au,,,,,,,,9.79E+2,1.43E+1,4.32E+3,3.44E+1,-3.24E+2,2.02E+1
79,111,190Au,,,,,,,,8.56E+2,1.06E+1,3.91E+3,1.68E+1,-2.21E+2,1.10E+1
79,111,190Au,,,,,,,,8.56E+2,1.06E+1,3.91E+3,1.68E+1,-2.21E+2,1.10E+1
79,114,193Au,,,,,,,,9.12E+2,1.00E+1,2.61E+3,1.52E+1,2.89,1.10E+1
79,114,193Au,,,,,,,,9.12E+2,1.00E+1,2.61E+3,1.52E+1,2.89,1.10E+1
79,115,194Au,,,,,,,,7.74E+2,4.61,2.11E+3,2.47,7.07E+1,4.10
79,115,194Au,,,,,,,,7.74E+2,4.61,2.11E+3,2.47,7.07E+1,4.10
79,115,194Au,,,,,,,,7.74E+2,4.61,2.11E+3,2.47,7.07E+1,4.10
79,112,191Au,,,,,,,,9.95E+2,8.81,3.32E+3,2.83E+1,-5.44E+1,1.54E+1
79,112,191Au,,,,,,,,9.95E+2,8.81,3.32E+3,2.83E+1,-5.44E+1,1.54E+1
79,113,192Au,,,,,,,,8.29E+2,1.22E+1,3.14E+3,1.84E+1,-1.48E+2,1.35E+1
79,113,192Au,,,,,,,,8.29E+2,1.22E+1,3.14E+3,1.84E+1,-1.48E+2,1.35E+1
79,118,197Au,,,,,,,,7.79E+2,1.55,9.71E+2,1.35,2.81E+2,7.12
79,118,197Au,,,,,,,,7.79E+2,1.55,9.71E+2,1.35,2.81E+2,7.12
79,119,198Au,,,,,,,,5.35E+2,5.39E-1,5.26E+2,1.35,3.24E+2,1.16
79,119,198Au,,,,,,,,5.35E+2,5.39E-1,5.26E+2,1.35,3.24E+2,1.16
79,116,195Au,,,,,,,,8.91E+2,1.98,1.71E+3,1.59,1.82E+2,1.40E+1
79,116,195Au,,,,,,,,8.91E+2,1.98,1.71E+3,1.59,1.82E+2,1.40E+1
79,117,196Au,,,,,,,,7.14E+2,2.18,1.27E+3,3.20,1.97E+2,3.60
79,117,196Au,,,,,,,,7.14E+2,2.18,1.27E+3,3.20,1.97E+2,3.60
79,117,196Au,,,,,,,,7.14E+2,2.18,1.27E+3,3.20,1.97E+2,3.60
79,121,200Au,,,,,,,,5.07E+2,1.89E+1,-2.29E+2,4.67E+1,3.49E+2,2.69E+1
79,121,200Au,,,,,,,,5.07E+2,1.89E+1,-2.29E+2,4.67E+1,3.49E+2,2.69E+1
79,122,201Au,,,,,,,,6.04E+2,1.78E+1,-5.61E+2,2.03E+1,3.58E+2,1.03E+1
79,120,199Au,,,,,,,,6.83E+2,1.33E+1,1.73E+2,1.35,3.66E+2,9.22E-1
79,125,204Au,,,,,,,,4.85E+2,1.76E+2,-1.24E+3,2.80E+2,1.23E+3,1.72E+2
79,126,205Au,,,,,,,,1.24E+3,2.05E+2,-1.15E+3,2.83E+2,1.82E+3,1.73E+2
79,126,205Au,,,,,,,,1.24E+3,2.05E+2,-1.15E+3,2.83E+2,1.82E+3,1.73E+2
79,123,202Au,,,,,,,,4.19E+2,1.66E+1,-1.06E+3,2.02E+2,3.71E+2,1.01E+2
79,124,203Au,,,,,,,,8.02E+2,1.02E+2,-1.16E+3,4.11E+1,4.26E+2,2.08E+1
79,129,208Au,,,,,,,,3.97E+2,2.75E+2,1.23E+3,5.00E+2,3.49E+2,3.08E+2
79,127,206Au,,,,,,,,3.94E+2,2.06E+2,2.50E+1,4.24E+2,1.24E+3,2.59E+2
79,128,207Au,,,,,,,,5.36E+2,2.07E+2,1.30E+3,5.00E+2,4.16E+2,2.92E+2
79,130,209Au,,,,,,,,5.42E+2,3.77E+2,9.45E+2,6.40E+2,3.22E+2,3.77E+2
79,131,210Au,,,,,,,,,,,,,
80,90,170Hg,,,,,,,,,,7.77E+3,3.07E+1,,
80,94,174Hg,,,,,,,,1.31E+3,9.64E+1,7.23E+3,6.01,2.78E+2,7.15
80,93,173Hg,,,,,,,,1.17E+3,1.43E+2,7.37E+3,4.45,,
80,92,172Hg,,,,,,,,1.37E+3,2.19E+2,7.52E+3,6.19,,
80,91,171Hg,,,,,,,,1.09E+3,3.04E+2,7.66E+3,1.53E+1,,
80,98,178Hg,,,,,,,,1.46E+3,4.52E+1,6.57E+3,2.97,2.44E+2,3.13
80,97,177Hg,,,,,,,,1.27E+3,6.04E+1,6.73E+3,5.61E+1,2.52E+2,2.83E+1
80,96,176Hg,,,,,,,,1.41E+3,5.91E+1,6.89E+3,5.54,2.60E+2,3.89
80,95,175Hg,,,,,,,,1.24E+3,5.83E+1,7.07E+3,4.65,2.61E+2,3.36
80,99,179Hg,,,,,,,,1.35E+3,2.15E+1,6.35E+3,3.12E+1,2.88E+2,1.60E+1
80,103,183Hg,,,,,,,,1.15E+3,8.47,6.03E+3,3.89,1.77E+2,3.65
80,104,184Hg,,,,,,,,1.35E+3,1.02E+1,5.66E+3,4.30,2.24E+2,2.74
80,105,185Hg,,,,,,,,1.25E+3,1.22E+1,5.77E+3,4.46,7.08E+1,3.10
80,105,185Hg,,,,,,,,1.25E+3,1.22E+1,5.77E+3,4.46,7.08E+1,3.10
80,106,186Hg,,,,,,,,1.38E+3,1.24E+1,5.20E+3,9.88,2.46E+2,5.44
80,107,187Hg,,,,,,,,1.25E+3,1.13E+1,5.22E+3,1.39E+1,8.62E+1,1.00E+1
80,107,187Hg,,,,,,,,1.25E+3,1.13E+1,5.22E+3,1.39E+1,8.62E+1,1.00E+1
80,108,188Hg,,,,,,,,1.32E+3,1.76E+1,4.70E+3,1.47E+1,2.56E+2,7.76
80,109,189Hg,,,,,,,,1.15E+3,2.39E+1,4.63E+3,4.07E+1,1.67E+2,2.62E+1
80,109,189Hg,,,,,,,,1.15E+3,2.39E+1,4.63E+3,4.07E+1,1.67E+2,2.62E+1
80,110,190Hg,,,,,,,,1.26E+3,2.23E+1,4.06E+3,2.69E+1,3.34E+2,1.58E+1
80,111,191Hg,,,,,,,,1.09E+3,1.92E+1,3.66E+3,3.27E+1,3.80E+2,1.99E+1
80,111,191Hg,,,,,,,,1.09E+3,1.92E+1,3.66E+3,3.27E+1,3.80E+2,1.99E+1
80,112,192Hg,,,,,,,,1.18E+3,1.74E+1,3.38E+3,1.64E+1,4.26E+2,1.19E+1
80,113,193Hg,,,,,,,,1.03E+3,1.35E+1,2.98E+3,1.84E+1,4.54E+2,1.23E+1
80,113,193Hg,,,,,,,,1.03E+3,1.35E+1,2.98E+3,1.84E+1,4.54E+2,1.23E+1
80,114,194Hg,,,,,,,,1.14E+3,1.40E+1,2.69E+3,2.96,4.96E+2,4.83
80,115,195Hg,,,,,,,,9.91E+2,1.64E+1,2.26E+3,2.35E+1,5.48E+2,1.68E+1
80,115,195Hg,,,,,,,,9.91E+2,1.64E+1,2.26E+3,2.35E+1,5.48E+2,1.68E+1
80,116,196Hg,,,,,,,,1.04E+3,1.18E+1,2.03E+3,3.89,5.56E+2,5.56
80,117,197Hg,,,,,,,,8.49E+2,2.71,1.51E+3,3.46,6.64E+2,7.26
80,117,197Hg,,,,,,,,8.49E+2,2.71,1.51E+3,3.46,6.64E+2,7.26
80,118,198Hg,,,,,,,,9.11E+2,1.65,1.38E+3,5.87E-1,6.03E+2,1.93
80,119,199Hg,,,,,,,,6.82E+2,5.18E-1,8.22E+2,6.61E-1,7.55E+2,3.29
80,119,199Hg,,,,,,,,6.82E+2,5.18E-1,8.22E+2,6.61E-1,7.55E+2,3.29
80,120,200Hg,,,,,,,,8.98E+2,5.90E-1,7.16E+2,6.67E-1,6.26E+2,6.59E-1
80,121,201Hg,,,,,,,,7.61E+2,6.77E-1,3.32E+2,8.38E-1,5.67E+2,6.76E-1
80,122,202Hg,,,,,,,,8.79E+2,1.01,1.33E+2,2.18,5.00E+2,1.21
80,123,203Hg,,,,,,,,7.48E+2,1.22,-3.05E+2,2.68,3.48E+2,1.48
80,124,204Hg,,,,,,,,9.11E+2,2.02,-5.15E+2,2.01E+1,5.16E+2,1.00E+1
80,100,180Hg,,,,,,,,1.45E+3,1.83E+1,6.25E+3,2.25,2.57E+2,1.92
80,101,181Hg,,,,,,,,1.25E+3,1.34E+1,6.28E+3,4.20,2.05E+2,3.26
80,102,182Hg,,,,,,,,1.34E+3,1.09E+1,5.99E+3,4.64,2.37E+2,3.42
80,125,205Hg,,,,,,,,5.30E+2,1.05E+1,-9.71E+2,5.02E+1,1.61E+3,2.51E+1
80,126,206Hg,,,,,,,,1.55E+3,2.08E+1,-6.78E+2,3.24E+1,2.23E+3,1.91E+1
80,127,207Hg,,,,,,,,6.18E+2,2.80E+1,5.98E+2,2.02E+2,1.48E+3,1.02E+2
80,128,208Hg,,,,,,,,7.22E+2,1.07E+2,1.93E+3,2.03E+2,6.80E+2,1.02E+2
80,129,209Hg,,,,,,,,7.33E+2,1.81E+2,1.78E+3,3.35E+2,5.98E+2,1.83E+2
80,130,210Hg,,,,,,,,8.58E+2,2.10E+2,1.51E+3,3.61E+2,5.88E+2,2.06E+2
80,131,211Hg,,,,,,,,7.20E+2,2.11E+2,1.32E+3,4.47E+2,4.92E+2,2.46E+2
80,132,212Hg,,,,,,,,8.67E+2,2.12E+2,1.09E+3,5.00E+2,4.85E+2,3.08E+2
80,133,213Hg,,,,,,,,8.33E+2,2.82E+2,,,,
80,134,214Hg,,,,,,,,8.75E+2,3.86E+2,,,,
80,135,215Hg,,,,,,,,7.33E+2,4.30E+2,,,,
80,136,216Hg,,,,,,,,,,,,,
81,111,192Tl,,,,,,,,1.00E+3,2.29E+1,4.07E+3,3.17E+1,6.82E+2,2.55E+1
81,111,192Tl,,,,,,,,1.00E+3,2.29E+1,4.07E+3,3.17E+1,6.82E+2,2.55E+1
81,112,193Tl,,,,,,,,1.07E+3,1.79E+1,3.67E+3,2.11E+1,8.42E+2,1.18E+1
81,112,193Tl,,,,,,,,1.07E+3,1.79E+1,3.67E+3,2.11E+1,8.42E+2,1.18E+1
81,110,191Tl,,,,,,,,1.16E+3,1.70E+1,4.32E+3,2.36E+1,7.55E+2,1.21E+1
81,110,191Tl,,,,,,,,1.16E+3,1.70E+1,4.32E+3,2.36E+1,7.55E+2,1.21E+1
81,108,189Tl,,,,,,,,1.26E+3,1.64E+1,4.81E+3,8.76,7.44E+2,5.02
81,108,189Tl,,,,,,,,1.26E+3,1.64E+1,4.81E+3,8.76,7.44E+2,5.02
81,109,190Tl,,,,,,,,1.08E+3,7.57,4.92E+3,2.21E+1,4.97E+2,1.13E+1
81,109,190Tl,,,,,,,,1.08E+3,7.57,4.92E+3,2.21E+1,4.97E+2,1.13E+1
81,106,187Tl,,,,,,,,1.33E+3,1.90E+1,5.32E+3,7.14,7.29E+2,3.88
81,106,187Tl,,,,,,,,1.33E+3,1.90E+1,5.32E+3,7.14,7.29E+2,3.88
81,107,188Tl,,,,,,,,1.19E+3,2.19E+1,5.55E+3,3.72E+1,4.09E+2,1.87E+1
81,107,188Tl,,,,,,,,1.19E+3,2.19E+1,5.55E+3,3.72E+1,4.09E+2,1.87E+1
81,104,185Tl,,,,,,,,1.37E+3,1.86E+1,5.68E+3,5.32,7.89E+2,2.98
81,104,185Tl,,,,,,,,1.37E+3,1.86E+1,5.68E+3,5.32,7.89E+2,2.98
81,105,186Tl,,,,,,,,1.21E+3,1.83E+1,5.99E+3,2.59E+1,4.32E+2,1.30E+1
81,105,186Tl,,,,,,,,1.21E+3,1.83E+1,5.99E+3,2.59E+1,4.32E+2,1.30E+1
81,105,186Tl,,,,,,,,1.21E+3,1.83E+1,5.99E+3,2.59E+1,4.32E+2,1.30E+1
81,102,183Tl,,,,,,,,1.48E+3,1.02E+1,5.97E+3,9.16,9.01E+2,4.92
81,103,184Tl,,,,,,,,1.28E+3,1.33E+1,6.31E+3,9.26,4.73E+2,5.25
81,103,184Tl,,,,,,,,1.28E+3,1.33E+1,6.31E+3,9.26,4.73E+2,5.25
81,103,184Tl,,,,,,,,1.28E+3,1.33E+1,6.31E+3,9.26,4.73E+2,5.25
81,122,203Tl,,,,,,,,5.98E+2,1.36,9.07E+2,1.24,1.18E+3,1.23
81,123,204Tl,,,,,,,,4.44E+2,1.18,4.69E+2,2.67E+1,1.29E+3,1.34E+1
81,120,201Tl,,,,,,,,6.66E+2,1.04E+1,1.53E+3,1.41E+1,1.07E+3,1.03E+1
81,121,202Tl,,,,,,,,4.90E+2,7.23,1.17E+3,1.88,1.17E+3,3.98
81,119,200Tl,,,,,,,,5.72E+2,1.61E+1,1.66E+3,6.46,1.15E+3,6.30
81,117,198Tl,,,,,,,,6.78E+2,1.64E+1,2.25E+3,7.83,1.04E+3,8.86
81,117,198Tl,,,,,,,,6.78E+2,1.64E+1,2.25E+3,7.83,1.04E+3,8.86
81,118,199Tl,,,,,,,,7.71E+2,2.03E+1,2.08E+3,2.79E+1,1.01E+3,2.07E+1
81,115,196Tl,,,,,,,,7.58E+2,1.22E+1,2.85E+3,1.99E+1,9.25E+2,1.62E+1
81,115,196Tl,,,,,,,,7.58E+2,1.22E+1,2.85E+3,1.99E+1,9.25E+2,1.62E+1
81,116,197Tl,,,,,,,,8.41E+2,1.19E+1,2.62E+3,1.61E+1,9.37E+2,8.59
81,116,197Tl,,,,,,,,8.41E+2,1.19E+1,2.62E+3,1.61E+1,9.37E+2,8.59
81,113,194Tl,,,,,,,,8.78E+2,1.18E+1,3.47E+3,1.43E+1,8.33E+2,1.70E+1
81,113,194Tl,,,,,,,,8.78E+2,1.18E+1,3.47E+3,1.43E+1,8.33E+2,1.70E+1
81,114,195Tl,,,,,,,,9.38E+2,1.21E+1,3.21E+3,1.21E+1,8.57E+2,6.94
81,114,195Tl,,,,,,,,9.38E+2,1.21E+1,3.21E+3,1.21E+1,8.57E+2,6.94
81,100,181Tl,,,,,,,,1.43E+3,3.60E+1,6.32E+3,4.49,9.07E+2,4.05E+1
81,101,182Tl,,,,,,,,1.36E+3,1.06E+1,6.55E+3,6.20,6.02E+2,6.75
81,101,182Tl,,,,,,,,1.36E+3,1.06E+1,6.55E+3,6.20,6.02E+2,6.75
81,133,214Tl,,,,,,,,5.63E+2,1.86E+2,1.36E+3,4.45E+2,1.48E+3,2.43E+2
81,134,215Tl,,,,,,,,6.63E+2,2.15E+2,,,,
81,131,212Tl,,,,,,,,5.36E+2,1.51E+2,1.93E+3,3.61E+2,1.53E+3,2.06E+2
81,132,213Tl,,,,,,,,6.41E+2,1.51E+2,1.58E+3,4.01E+2,1.46E+3,2.01E+2
81,130,211Tl,,,,,,,,6.49E+2,1.10E+2,2.13E+3,3.03E+2,1.57E+3,1.52E+2
81,128,209Tl,,,,,,,,6.46E+2,7.29,2.50E+3,2.00E+2,1.74E+3,1.00E+2
81,129,210Tl,,,,,,,,6.14E+2,2.27E+1,2.51E+3,3.00E+2,1.55E+3,1.50E+2
81,126,207Tl,,,,,,,,1.53E+3,4.01,-3.15E+2,6.23,3.53E+3,3.12
81,126,207Tl,,,,,,,,1.53E+3,4.01,-3.15E+2,6.23,3.53E+3,3.12
81,127,208Tl,,,,,,,,5.89E+2,4.29,1.21E+3,2.00E+2,2.49E+3,1.00E+2
81,124,205Tl,,,,,,,,5.21E+2,1.22,1.54E+2,3.27,1.49E+3,1.68
81,125,206Tl,,,,,,,,1.74E+2,2.93,-3.25E+2,2.33E+1,2.68E+3,1.16E+1
81,125,206Tl,,,,,,,,1.74E+2,2.93,-3.25E+2,2.33E+1,2.68E+3,1.16E+1
81,135,216Tl,,,,,,,,5.21E+2,2.86E+2,,,,
81,136,217Tl,,,,,,,,5.61E+2,3.91E+2,,,,
81,95,176Tl,,,,,,,,,,7.47E+3,1.00E+2,,
81,96,177Tl,,,,,,,,1.34E+3,9.93E+1,7.06E+3,7.16,,
81,97,178Tl,,,,,,,,1.23E+3,1.27E+2,7.02E+3,1.02E+1,,
81,98,179Tl,,,,,,,,1.28E+3,9.94E+1,6.70E+3,2.63,,
81,99,180Tl,,,,,,,,1.14E+3,5.32E+1,6.70E+3,6.15E+1,7.57E+2,5.87E+1
82,96,178Pb,,,,,,,,,,7.78E+3,1.29E+1,,
82,97,179Pb,,,,,,,,1.23E+3,5.89E+1,7.59E+3,4.85,,
82,98,180Pb,,,,,,,,1.41E+3,5.94E+1,7.41E+3,5.47,,
82,99,181Pb,,,,,,,,1.27E+3,6.07E+1,7.24E+3,7.31,,
82,116,198Pb,,,,,,,,1.07E+3,7.46,3.69E+3,9.21,1.00E+3,4.68
82,117,199Pb,,,,,,,,9.27E+2,8.21,3.35E+3,2.41E+1,1.06E+3,1.23E+1
82,117,199Pb,,,,,,,,9.27E+2,8.21,3.35E+3,2.41E+1,1.06E+3,1.23E+1
82,118,200Pb,,,,,,,,9.99E+2,1.04E+1,3.15E+3,1.04E+1,1.16E+3,5.25
82,119,201Pb,,,,,,,,8.24E+2,1.10E+1,2.84E+3,1.41E+1,1.24E+3,8.63
82,119,201Pb,,,,,,,,8.24E+2,1.10E+1,2.84E+3,1.41E+1,1.24E+3,8.63
82,112,194Pb,,,,,,,,1.22E+3,1.36E+1,4.73E+3,1.67E+1,7.85E+2,8.38
82,113,195Pb,,,,,,,,1.04E+3,1.01E+1,4.42E+3,2.28E+1,8.22E+2,1.14E+1
82,113,195Pb,,,,,,,,1.04E+3,1.01E+1,4.42E+3,2.28E+1,8.22E+2,1.14E+1
82,114,196Pb,,,,,,,,1.10E+3,6.47,4.23E+3,1.72E+1,8.71E+2,8.68
82,115,197Pb,,,,,,,,9.62E+2,6.74,3.89E+3,1.62E+1,9.53E+2,8.15
82,115,197Pb,,,,,,,,9.62E+2,6.74,3.89E+3,1.62E+1,9.53E+2,8.15
82,120,202Pb,,,,,,,,9.11E+2,8.07,2.58E+3,3.82,1.36E+3,2.01
82,120,202Pb,,,,,,,,9.11E+2,8.07,2.58E+3,3.82,1.36E+3,2.01
82,121,203Pb,,,,,,,,7.38E+2,5.04,2.33E+3,6.55,1.44E+3,3.50
82,121,203Pb,,,,,,,,7.38E+2,5.04,2.33E+3,6.55,1.44E+3,3.50
82,121,203Pb,,,,,,,,7.38E+2,5.04,2.33E+3,6.55,1.44E+3,3.50
82,122,204Pb,,,,,,,,8.31E+2,3.42,1.96E+3,1.13,1.62E+3,8.53E-1
82,122,204Pb,,,,,,,,8.31E+2,3.42,1.96E+3,1.13,1.62E+3,8.53E-1
82,105,187Pb,,,,,,,,1.25E+3,8.30,6.39E+3,6.19,5.50E+2,3.96
82,105,187Pb,,,,,,,,1.25E+3,8.30,6.39E+3,6.19,5.50E+2,3.96
82,106,188Pb,,,,,,,,1.39E+3,1.03E+1,6.10E+3,3.40,6.05E+2,2.35
82,107,189Pb,,,,,,,,1.26E+3,1.27E+1,5.91E+3,4.31,5.89E+2,2.82
82,107,189Pb,,,,,,,,1.26E+3,1.27E+1,5.91E+3,4.31,5.89E+2,2.82
82,108,190Pb,,,,,,,,1.34E+3,1.17E+1,5.69E+3,4.56,6.44E+2,2.78
82,101,183Pb,,,,,,,,1.35E+3,2.23E+1,6.92E+3,7.00,5.25E+2,8.27
82,101,183Pb,,,,,,,,1.35E+3,2.23E+1,6.92E+3,7.00,5.25E+2,8.27
82,102,184Pb,,,,,,,,1.49E+3,1.89E+1,6.77E+3,3.12,6.54E+2,7.82
82,103,185Pb,,,,,,,,1.32E+3,1.42E+1,6.69E+3,5.00,4.99E+2,7.90
82,103,185Pb,,,,,,,,1.32E+3,1.42E+1,6.69E+3,5.00,4.99E+2,7.90
82,104,186Pb,,,,,,,,1.41E+3,1.15E+1,6.47E+3,5.02,6.11E+2,4.39
82,109,191Pb,,,,,,,,1.19E+3,8.31,5.40E+3,1.44E+1,6.73E+2,7.36
82,109,191Pb,,,,,,,,1.19E+3,8.31,5.40E+3,1.44E+1,6.73E+2,7.36
82,110,192Pb,,,,,,,,1.29E+3,7.33,5.22E+3,4.79,7.18E+2,2.67
82,111,193Pb,,,,,,,,1.15E+3,1.17E+1,4.97E+3,3.31E+1,7.19E+2,1.66E+1
82,111,193Pb,,,,,,,,1.15E+3,1.17E+1,4.97E+3,3.31E+1,7.19E+2,1.66E+1
82,100,182Pb,,,,,,,,1.47E+3,4.57E+1,7.06E+3,5.50,7.17E+2,7.38
82,138,220Pb,,,,,,,,,,7.85E+2,5.65E+2,1.28E+3,3.59E+2
82,134,216Pb,,,,,,,,9.09E+2,1.89E+2,2.06E+3,3.61E+2,1.63E+3,2.06E+2
82,135,217Pb,,,,,,,,7.42E+2,2.17E+2,1.63E+3,4.24E+2,1.72E+3,2.59E+2
82,136,218Pb,,,,,,,,7.80E+2,2.88E+2,1.43E+3,5.00E+2,1.49E+3,2.92E+2
82,137,219Pb,,,,,,,,7.49E+2,3.95E+2,1.08E+3,5.65E+2,1.47E+3,3.59E+2
82,127,209Pb,,,,,,,,6.23E+2,1.54,2.24E+3,3.92,3.14E+3,2.34
82,128,210Pb,,,,,,,,6.74E+2,1.75,3.79E+3,2.03E+1,2.02E+3,1.01E+1
82,129,211Pb,,,,,,,,6.45E+2,1.98,3.56E+3,2.98E+1,1.97E+3,1.49E+1
82,123,205Pb,,,,,,,,6.77E+2,1.14,1.46E+3,1.06,1.75E+3,8.62E-1
82,124,206Pb,,,,,,,,6.74E+2,1.14,1.13E+3,1.04,2.13E+3,5.26E-1
82,125,207Pb,,,,,,,,3.15E+2,1.14,3.92E+2,1.27,3.60E+3,6.85E-1
82,125,207Pb,,,,,,,,3.15E+2,1.14,3.92E+2,1.27,3.60E+3,6.85E-1
82,126,208Pb,,,,,,,,1.71E+3,1.32,5.16E+2,1.18,4.21E+3,5.93E-1
82,130,212Pb,,,,,,,,7.00E+2,3.87,3.29E+3,3.07E+1,1.80E+3,1.53E+1
82,131,213Pb,,,,,,,,6.62E+2,5.09,2.98E+3,1.50E+2,1.84E+3,7.50E+1
82,132,214Pb,,,,,,,,7.52E+2,2.66E+1,2.69E+3,2.00E+2,1.71E+3,1.00E+2
82,133,215Pb,,,,,,,,7.27E+2,1.14E+2,2.30E+3,2.07E+2,1.80E+3,1.06E+2
83,120,203Bi,,,,,,,,8.26E+2,1.23E+1,4.10E+3,3.07E+1,8.81E+2,1.54E+1
83,120,203Bi,,,,,,,,8.26E+2,1.23E+1,4.10E+3,3.07E+1,8.81E+2,1.54E+1
83,121,204Bi,,,,,,,,6.49E+2,9.41,3.97E+3,1.08E+1,8.87E+2,5.52
83,113,196Bi,,,,,,,,8.47E+2,1.79E+1,5.43E+3,3.99E+1,5.78E+2,2.00E+1
83,113,196Bi,,,,,,,,8.47E+2,1.79E+1,5.43E+3,3.99E+1,5.78E+2,2.00E+1
83,113,196Bi,,,,,,,,8.47E+2,1.79E+1,5.43E+3,3.99E+1,5.78E+2,2.00E+1
83,114,197Bi,,,,,,,,9.95E+2,1.93E+1,5.36E+3,1.06E+1,5.53E+2,5.40
83,114,197Bi,,,,,,,,9.95E+2,1.93E+1,5.36E+3,1.06E+1,5.53E+2,5.40
83,111,194Bi,,,,,,,,9.32E+2,5.93,5.91E+3,5.00,4.85E+2,2.67
83,111,194Bi,,,,,,,,9.32E+2,5.93,5.91E+3,5.00,4.85E+2,2.67
83,111,194Bi,,,,,,,,9.32E+2,5.93,5.91E+3,5.00,4.85E+2,2.67
83,112,195Bi,,,,,,,,1.00E+3,1.30E+1,5.83E+3,5.10,4.72E+2,2.61
83,112,195Bi,,,,,,,,1.00E+3,1.30E+1,5.83E+3,5.10,4.72E+2,2.61
83,117,200Bi,,,,,,,,7.42E+2,1.79E+1,4.70E+3,2.57E+1,6.84E+2,1.28E+1
83,117,200Bi,,,,,,,,7.42E+2,1.79E+1,4.70E+3,2.57E+1,6.84E+2,1.28E+1
83,117,200Bi,,,,,,,,7.42E+2,1.79E+1,4.70E+3,2.57E+1,6.84E+2,1.28E+1
83,118,201Bi,,,,,,,,8.68E+2,1.58E+1,4.50E+3,6.00,7.59E+2,3.12
83,118,201Bi,,,,,,,,8.68E+2,1.58E+1,4.50E+3,6.00,7.59E+2,3.12
83,115,198Bi,,,,,,,,8.68E+2,2.06E+1,5.13E+3,3.09E+1,6.07E+2,1.54E+1
83,115,198Bi,,,,,,,,8.68E+2,2.06E+1,5.13E+3,3.09E+1,6.07E+2,1.54E+1
83,115,198Bi,,,,,,,,8.68E+2,2.06E+1,5.13E+3,3.09E+1,6.07E+2,1.54E+1
83,116,199Bi,,,,,,,,9.25E+2,1.93E+1,4.93E+3,6.70,6.38E+2,3.38
83,116,199Bi,,,,,,,,9.25E+2,1.93E+1,4.93E+3,6.70,6.38E+2,3.38
83,119,202Bi,,,,,,,,7.26E+2,1.32E+1,4.35E+3,1.59E+1,7.66E+2,8.32
83,110,193Bi,,,,,,,,1.10E+3,1.61E+1,6.30E+3,4.90,3.98E+2,2.89
83,110,193Bi,,,,,,,,1.10E+3,1.61E+1,6.30E+3,4.90,3.98E+2,2.89
83,102,185Bi,,,,,,,,1.17E+3,9.23E+1,8.13E+3,8.10E+1,,
83,103,186Bi,,,,,,,,1.12E+3,1.29E+1,7.75E+3,1.20E+1,,
83,101,184Bi,,,,,,,,,,8.22E+3,1.00E+2,,
83,106,189Bi,,,,,,,,1.16E+3,1.89E+1,7.26E+3,2.71,1.52E+2,3.71
83,107,190Bi,,,,,,,,1.05E+3,1.85E+1,6.86E+3,3.04,2.96E+2,5.51
83,107,190Bi,,,,,,,,1.05E+3,1.85E+1,6.86E+3,3.04,2.96E+2,5.51
83,104,187Bi,,,,,,,,1.21E+3,1.23E+1,7.77E+3,3.61,2.16E+1,7.04
83,105,188Bi,,,,,,,,1.02E+3,1.40E+1,7.26E+3,4.97,2.15E+2,1.30E+1
83,105,188Bi,,,,,,,,1.02E+3,1.40E+1,7.26E+3,4.97,2.15E+2,1.30E+1
83,108,191Bi,,,,,,,,1.17E+3,1.90E+1,6.78E+3,3.04,2.81E+2,3.36
83,108,191Bi,,,,,,,,1.17E+3,1.90E+1,6.78E+3,3.04,2.81E+2,3.36
83,109,192Bi,,,,,,,,1.02E+3,2.19E+1,6.37E+3,3.53,4.09E+2,2.23
83,109,192Bi,,,,,,,,1.02E+3,2.19E+1,6.37E+3,3.53,4.09E+2,2.23
83,140,223Bi,,,,,,,,9.08E+2,4.02E+2,,,,
83,141,224Bi,,,,,,,,,,,,,
83,135,218Bi,,,,,,,,6.59E+2,1.11E+2,4.32E+3,1.97E+2,4.92E+2,9.97E+1
83,136,219Bi,,,,,,,,6.91E+2,1.90E+2,3.86E+3,3.61E+2,4.09E+2,2.06E+2
83,133,216Bi,,,,,,,,6.94E+2,1.22E+1,5.00E+3,2.00E+2,5.38E+2,1.00E+2
83,133,216Bi,,,,,,,,6.94E+2,1.22E+1,5.00E+3,2.00E+2,5.38E+2,1.00E+2
83,134,217Bi,,,,,,,,8.15E+2,1.92E+1,4.52E+3,3.22E+1,5.53E+2,1.96E+1
83,139,222Bi,,,,,,,,8.72E+2,2.94E+2,2.81E+3,5.00E+2,2.35E+2,3.27E+2
83,137,220Bi,,,,,,,,6.44E+2,2.20E+2,3.66E+3,4.24E+2,3.31E+2,2.59E+2
83,138,221Bi,,,,,,,,7.90E+2,2.21E+2,3.11E+3,5.00E+2,2.79E+2,3.27E+2
83,131,214Bi,,,,,,,,6.00E+2,8.79,5.62E+3,3.00,6.27E+2,1.98
83,131,214Bi,,,,,,,,6.00E+2,8.79,5.62E+3,3.00,6.27E+2,1.98
83,132,215Bi,,,,,,,,7.07E+2,8.86,5.28E+3,4.22E+1,5.29E+2,2.12E+1
83,132,215Bi,,,,,,,,7.07E+2,8.86,5.28E+3,4.22E+1,5.29E+2,2.12E+1
83,130,213Bi,,,,,,,,5.72E+2,6.72,5.98E+3,3.39,6.06E+2,1.80
83,124,207Bi,,,,,,,,6.05E+2,4.33,3.28E+3,2.13,1.35E+3,1.25
83,125,208Bi,,,,,,,,2.86E+2,2.13,3.05E+3,2.01,2.38E+3,1.05
83,122,205Bi,,,,,,,,7.28E+2,6.87,3.69E+3,1.49E+1,1.03E+3,7.53
83,123,206Bi,,,,,,,,5.31E+2,6.03,3.52E+3,7.73,1.05E+3,3.89
83,128,211Bi,,,,,,,,4.04E+2,4.01,6.75E+3,4.61E-1,7.13E+2,1.90
83,129,212Bi,,,,,,,,4.27E+2,3.94,6.20E+3,2.80E-2,8.71E+2,1.52
83,129,212Bi,,,,,,,,4.27E+2,3.94,6.20E+3,2.80E-2,8.71E+2,1.52
83,129,212Bi,,,,,,,,4.27E+2,3.94,6.20E+3,2.80E-2,8.71E+2,1.52
83,126,209Bi,,,,,,,,1.42E+3,1.64,3.13E+3,7.71E-1,3.05E+3,2.38
83,127,210Bi,,,,,,,,2.66E+2,2.96,5.03E+3,7.76E-1,1.97E+3,1.91
83,127,210Bi,,,,,,,,2.66E+2,2.96,5.03E+3,7.76E-1,1.97E+3,1.91
84,121,205Po,,,,,,,,7.43E+2,8.94,5.32E+3,9.93,4.15E+2,5.06
84,122,206Po,,,,,,,,8.55E+2,6.67,5.32E+3,1.29,4.15E+2,1.26
84,123,207Po,,,,,,,,6.83E+2,5.19,5.21E+3,2.50,3.74E+2,1.44
84,123,207Po,,,,,,,,6.83E+2,5.19,5.21E+3,2.50,3.74E+2,1.44
84,124,208Po,,,,,,,,7.13E+2,3.64,5.21E+3,1.27,5.84E+2,1.45
84,125,209Po,,,,,,,,3.45E+2,1.61,4.97E+3,1.36,1.63E+3,1.58
84,126,210Po,,,,,,,,1.55E+3,1.36,5.40E+3,7.13E-2,1.90E+3,4.55
84,127,211Po,,,,,,,,7.28E+2,1.20,7.59E+3,5.09E-1,6.22E+2,2.99
84,127,211Po,,,,,,,,7.28E+2,1.20,7.59E+3,5.09E-1,6.22E+2,2.99
84,128,212Po,,,,,,,,8.26E+2,1.83,8.95E+3,1.14E-1,-3.78E+2,2.82
84,128,212Po,,,,,,,,8.26E+2,1.83,8.95E+3,1.14E-1,-3.78E+2,2.82
84,129,213Po,,,,,,,,7.66E+2,2.34,8.53E+3,2.55,-3.24E+2,1.92
84,130,214Po,,,,,,,,8.72E+2,2.12,7.83E+3,6.11E-2,-2.85E+2,9.25E-1
84,131,215Po,,,,,,,,8.02E+2,1.90,7.52E+3,8.12E-1,-2.90E+2,4.34E-1
84,132,216Po,,,,,,,,8.88E+2,3.67,6.90E+3,5.05E-1,-2.50E+2,2.57E-1
84,133,217Po,,,,,,,,8.13E+2,4.82,6.66E+3,2.35,-2.49E+2,1.98
84,134,218Po,,,,,,,,9.25E+2,8.67,6.11E+3,9.17E-2,-2.62E+2,1.59E-1
84,135,219Po,,,,,,,,8.71E+2,1.43E+1,5.91E+3,5.02E+1,-3.15E+2,2.66E+1
84,136,220Po,,,,,,,,9.64E+2,1.77E+1,5.32E+3,2.01E+2,-2.86E+2,1.01E+2
84,137,221Po,,,,,,,,8.98E+2,2.58E+1,5.08E+3,3.01E+2,-3.76E+2,1.50E+2
84,138,222Po,,,,,,,,9.61E+2,1.15E+2,4.43E+3,3.03E+2,-2.97E+2,1.52E+2
84,139,223Po,,,,,,,,8.77E+2,1.94E+2,4.03E+3,4.45E+2,-3.26E+2,2.43E+2
84,140,224Po,,,,,,,,7.98E+2,2.24E+2,3.35E+3,4.45E+2,-2.23E+2,2.43E+2
84,141,225Po,,,,,,,,6.60E+2,2.98E+2,,,,
84,142,226Po,,,,,,,,6.93E+2,4.07E+2,,,,
84,143,227Po,,,,,,,,,,,,,
84,102,186Po,,,,,,,,,,8.50E+3,1.37E+1,,
84,103,187Po,,,,,,,,1.04E+3,2.67E+1,7.97E+3,1.50E+1,,
84,104,188Po,,,,,,,,1.24E+3,2.42E+1,8.08E+3,1.53E+1,,
84,105,189Po,,,,,,,,1.13E+3,1.96E+1,7.69E+3,1.50E+1,1.72E+2,9.60
84,106,190Po,,,,,,,,1.31E+3,1.48E+1,7.69E+3,7.22,8.45E+1,6.25
84,107,191Po,,,,,,,,1.24E+3,9.84,7.49E+3,4.94,1.00E+2,2.57E+1
84,108,192Po,,,,,,,,1.36E+3,1.10E+1,7.31E+3,3.25,1.48E+2,4.87
84,109,193Po,,,,,,,,1.21E+3,1.32E+1,7.09E+3,3.66,1.58E+2,4.01
84,109,193Po,,,,,,,,1.21E+3,1.32E+1,7.09E+3,3.66,1.58E+2,4.01
84,110,194Po,,,,,,,,1.28E+3,1.20E+1,6.98E+3,3.17,1.81E+2,2.42
84,111,195Po,,,,,,,,1.12E+3,8.20,6.74E+3,2.78,1.91E+2,2.47
84,111,195Po,,,,,,,,1.12E+3,8.20,6.74E+3,2.78,1.91E+2,2.47
84,112,196Po,,,,,,,,1.21E+3,6.92,6.65E+3,2.38,1.92E+2,1.59
84,113,197Po,,,,,,,,1.07E+3,1.14E+1,6.41E+3,3.17,2.24E+2,1.95
84,113,197Po,,,,,,,,1.07E+3,1.14E+1,6.41E+3,3.17,2.24E+2,1.95
84,114,198Po,,,,,,,,1.15E+3,1.35E+1,6.30E+3,1.36,2.32E+2,1.14
84,115,199Po,,,,,,,,9.68E+2,1.02E+1,6.07E+3,1.89,2.77E+2,1.40
84,115,199Po,,,,,,,,9.68E+2,1.02E+1,6.07E+3,1.89,2.77E+2,1.40
84,116,200Po,,,,,,,,1.06E+3,6.49,5.98E+3,1.84,2.82E+2,1.29
84,117,201Po,,,,,,,,9.20E+2,6.73,5.79E+3,1.69,2.93E+2,1.25
84,117,201Po,,,,,,,,9.20E+2,6.73,5.79E+3,1.69,2.93E+2,1.25
84,118,202Po,,,,,,,,1.02E+3,7.00,5.70E+3,1.69,3.41E+2,1.17
84,119,203Po,,,,,,,,8.30E+2,7.41,5.49E+3,5.00,3.77E+2,2.62
84,119,203Po,,,,,,,,8.30E+2,7.41,5.49E+3,5.00,3.77E+2,2.62
84,120,204Po,,,,,,,,9.24E+2,9.02,5.48E+3,1.36,3.87E+2,1.07
85,108,193At,,,,,,,,1.17E+3,2.37E+1,7.57E+3,6.91,1.61E+2,2.66E+1
85,109,194At,,,,,,,,1.05E+3,2.03E+1,7.45E+3,1.06E+1,2.07E+2,1.15E+1
85,109,194At,,,,,,,,1.05E+3,2.03E+1,7.45E+3,1.06E+1,2.07E+2,1.15E+1
85,106,191At,,,,,,,,,,7.82E+3,1.36E+1,,
85,107,192At,,,,,,,,1.02E+3,2.38E+1,7.69E+3,2.55E+1,,
85,107,192At,,,,,,,,1.02E+3,2.38E+1,7.69E+3,2.55E+1,,
85,119,204At,,,,,,,,6.98E+2,1.79E+1,6.07E+3,1.22,3.57E+2,1.23E+1
85,119,204At,,,,,,,,6.98E+2,1.79E+1,6.07E+3,1.22,3.57E+2,1.23E+1
85,117,202At,,,,,,,,8.80E+2,2.06E+1,6.35E+3,1.33,2.84E+2,1.87
85,117,202At,,,,,,,,8.80E+2,2.06E+1,6.35E+3,1.33,2.84E+2,1.87
85,117,202At,,,,,,,,8.80E+2,2.06E+1,6.35E+3,1.33,2.84E+2,1.87
85,118,203At,,,,,,,,9.27E+2,1.93E+1,6.21E+3,8.40E-1,3.39E+2,1.00E+1
85,115,200At,,,,,,,,8.18E+2,1.79E+1,6.59E+3,1.33,2.87E+2,1.37
85,115,200At,,,,,,,,8.18E+2,1.79E+1,6.59E+3,1.33,2.87E+2,1.37
85,115,200At,,,,,,,,8.18E+2,1.79E+1,6.59E+3,1.33,2.87E+2,1.37
85,116,201At,,,,,,,,9.97E+2,1.93E+1,6.47E+3,1.56,2.90E+2,1.43
85,113,198At,,,,,,,,8.80E+2,5.93,6.88E+3,1.87,2.48E+2,1.99
85,113,198At,,,,,,,,8.80E+2,5.93,6.88E+3,1.87,2.48E+2,1.99
85,114,199At,,,,,,,,9.75E+2,1.30E+1,6.77E+3,1.15,2.48E+2,1.87
85,114,199At,,,,,,,,9.75E+2,1.30E+1,6.77E+3,1.15,2.48E+2,1.87
85,111,196At,,,,,,,,9.99E+2,2.22E+1,7.19E+3,2.72,2.12E+2,2.49
85,112,197At,,,,,,,,1.04E+3,1.63E+1,7.10E+3,3.07,2.07E+2,2.65
85,112,197At,,,,,,,,1.04E+3,1.63E+1,7.10E+3,3.07,2.07E+2,2.65
85,110,195At,,,,,,,,1.15E+3,2.03E+1,7.34E+3,6.00,2.36E+2,5.76
85,110,195At,,,,,,,,1.15E+3,2.03E+1,7.34E+3,6.00,2.36E+2,5.76
85,128,213At,,,,,,,,5.75E+2,4.17,9.25E+3,4.70,-3.92E+2,3.19
85,129,214At,,,,,,,,5.38E+2,4.98,8.98E+3,3.74,-4.87E+2,2.00
85,126,211At,,,,,,,,1.34E+3,4.46,5.98E+3,1.30,1.77E+3,3.32
85,127,212At,,,,,,,,4.85E+2,3.27,7.81E+3,6.11E-1,6.78E+2,1.73
85,127,212At,,,,,,,,4.85E+2,3.27,7.81E+3,6.11E-1,6.78E+2,1.73
85,124,209At,,,,,,,,6.62E+2,6.77,5.75E+3,1.99,5.73E+2,1.19
85,125,210At,,,,,,,,2.93E+2,6.08,5.63E+3,9.82E-1,1.47E+3,1.89
85,122,207At,,,,,,,,7.72E+2,1.19E+1,5.87E+3,3.05,3.94E+2,2.20
85,123,208At,,,,,,,,5.85E+2,9.15,5.75E+3,2.16,3.88E+2,1.34
85,120,205At,,,,,,,,8.27E+2,1.57E+1,6.01E+3,1.71,3.78E+2,1.99
85,121,206At,,,,,,,,6.66E+2,1.28E+1,5.88E+3,4.93,3.92E+2,3.51
85,130,215At,,,,,,,,6.95E+2,5.39,8.17E+3,3.78,-3.64E+2,2.10
85,139,224At,,,,,,,,8.35E+2,1.13E+2,4.32E+3,3.01E+2,-5.39E+2,1.50E+2
85,137,222At,,,,,,,,8.47E+2,1.49E+1,5.31E+3,3.13E+1,-5.84E+2,1.78E+1
85,138,223At,,,,,,,,9.04E+2,1.68E+1,4.68E+3,2.01E+2,-4.26E+2,1.00E+2
85,135,220At,,,,,,,,7.86E+2,1.22E+1,6.07E+3,1.78E+1,-5.64E+2,1.26E+1
85,136,221At,,,,,,,,8.81E+2,1.44E+1,5.62E+3,2.25E+1,-5.07E+2,1.45E+1
85,133,218At,,,,,,,,7.04E+2,8.66,6.87E+3,2.58,-5.11E+2,6.97
85,134,219At,,,,,,,,8.41E+2,9.33,6.34E+3,4.83,-3.90E+2,2.79
85,131,216At,,,,,,,,6.87E+2,4.85,7.94E+3,3.05,-5.74E+2,1.78
85,132,217At,,,,,,,,7.83E+2,6.98,7.20E+3,1.21,-3.71E+2,9.29E-1
85,140,225At,,,,,,,,8.30E+2,1.95E+2,3.67E+3,4.24E+2,-3.65E+2,2.59E+2
85,141,226At,,,,,,,,6.64E+2,2.26E+2,3.28E+3,4.24E+2,-4.41E+2,2.59E+2
85,144,229At,,,,,,,,,,,,,
85,142,227At,,,,,,,,6.95E+2,3.00E+2,2.76E+3,5.00E+2,-2.70E+2,2.91E+2
85,143,228At,,,,,,,,6.70E+2,4.11E+2,2.38E+3,5.65E+2,-3.08E+2,3.46E+2
86,128,214Rn,,,,,,,,8.87E+2,7.36,9.20E+3,9.11,-3.34E+2,4.86
86,127,213Rn,,,,,,,,7.93E+2,5.40,8.24E+3,2.86,4.57E+2,3.40
86,129,215Rn,,,,,,,,8.64E+2,6.92,8.83E+3,5.95,-3.50E+2,3.34
86,124,210Rn,,,,,,,,7.56E+2,6.84,6.15E+3,2.16,5.56E+2,1.69
86,123,209Rn,,,,,,,,6.89E+2,8.98,6.15E+3,1.95,3.53E+2,1.49
86,126,212Rn,,,,,,,,1.43E+3,4.39,6.38E+3,2.62,1.57E+3,3.91
86,125,211Rn,,,,,,,,3.76E+2,5.55,5.96E+3,1.44,1.44E+3,1.37
86,120,206Rn,,,,,,,,9.60E+2,6.99,6.38E+3,1.64,3.83E+2,1.82
86,122,208Rn,,,,,,,,8.67E+2,9.06,6.26E+3,1.66,3.85E+2,1.17
86,121,207Rn,,,,,,,,7.59E+2,7.45,6.25E+3,1.62,3.95E+2,1.67
86,140,226Rn,,,,,,,,9.62E+2,1.16E+1,3.83E+3,4.14E+1,-2.45E+2,2.19E+1
86,139,225Rn,,,,,,,,9.38E+2,1.06E+1,4.33E+3,2.25E+1,-3.66E+2,1.47E+1
86,138,224Rn,,,,,,,,1.01E+3,9.71,4.75E+3,2.02E+1,-3.43E+2,1.12E+1
86,135,221Rn,,,,,,,,9.79E+2,4.26,6.16E+3,3.18,-5.33E+2,3.00
86,134,220Rn,,,,,,,,1.03E+3,3.30,6.40E+3,1.01E-1,-3.07E+2,9.17E-2
86,137,223Rn,,,,,,,,9.81E+2,7.46,5.28E+3,1.76E+1,-4.60E+2,9.70
86,136,222Rn,,,,,,,,1.05E+3,5.04,5.59E+3,3.05E-1,-3.59E+2,1.98E-1
86,131,217Rn,,,,,,,,9.23E+2,4.29,7.88E+3,2.88,-5.03E+2,1.74
86,130,216Rn,,,,,,,,9.91E+2,5.50,8.19E+3,5.65,-3.01E+2,3.75
86,133,219Rn,,,,,,,,9.14E+2,2.08,6.94E+3,3.05E-1,-4.83E+2,1.85E-1
86,132,218Rn,,,,,,,,1.02E+3,2.85,7.26E+3,1.85,-2.92E+2,2.30
86,145,231Rn,,,,,,,,,,1.84E+3,5.00E+2,1.55E+2,3.27E+2
86,142,228Rn,,,,,,,,8.80E+2,1.57E+1,2.90E+3,1.96E+2,-3.97E+1,9.85E+1
86,141,227Rn,,,,,,,,8.90E+2,1.43E+1,3.38E+3,1.96E+2,-2.38E+2,9.84E+1
86,144,230Rn,,,,,,,,6.31E+2,1.99E+2,2.19E+3,4.48E+2,7.00E+1,2.45E+2
86,143,229Rn,,,,,,,,6.05E+2,1.15E+2,2.35E+3,3.00E+2,9.43E+1,1.50E+2
86,109,195Rn,,,,,,,,1.20E+3,3.81E+1,7.69E+3,5.11E+1,,
86,109,195Rn,,,,,,,,1.20E+3,3.81E+1,7.69E+3,5.11E+1,,
86,108,194Rn,,,,,,,,1.32E+3,3.10E+1,7.86E+3,1.02E+1,,
86,107,193Rn,,,,,,,,,,8.03E+3,1.20E+1,,
86,117,203Rn,,,,,,,,9.38E+2,1.03E+1,6.62E+3,2.08,3.21E+2,2.90E+1
86,117,203Rn,,,,,,,,9.38E+2,1.03E+1,6.62E+3,2.08,3.21E+2,2.90E+1
86,116,202Rn,,,,,,,,1.12E+3,1.36E+1,6.77E+3,1.82,3.20E+2,2.27
86,119,205Rn,,,,,,,,8.41E+2,6.72,6.38E+3,1.83,3.78E+2,1.62
86,118,204Rn,,,,,,,,1.02E+3,6.52,6.54E+3,1.81,3.63E+2,2.70
86,113,199Rn,,,,,,,,1.05E+3,8.95,7.13E+3,4.09,3.02E+2,3.78
86,113,199Rn,,,,,,,,1.05E+3,8.95,7.13E+3,4.09,3.02E+2,3.78
86,112,198Rn,,,,,,,,1.20E+3,1.29E+1,7.34E+3,3.65,2.65E+2,3.83
86,115,201Rn,,,,,,,,1.03E+3,1.16E+1,6.86E+3,2.28,3.12E+2,1.02E+1
86,115,201Rn,,,,,,,,1.03E+3,1.16E+1,6.86E+3,2.28,3.12E+2,1.02E+1
86,114,200Rn,,,,,,,,1.16E+3,7.47,7.04E+3,2.13,2.96E+2,3.55
86,111,197Rn,,,,,,,,1.13E+3,1.50E+1,7.41E+3,7.14,2.95E+2,7.08
86,110,196Rn,,,,,,,,1.30E+3,2.88E+1,7.61E+3,9.18,,
87,139,226Fr,,,,,,,,7.69E+2,7.99,4.14E+3,1.70E+1,-1.24E+2,1.20E+1
87,138,225Fr,,,,,,,,8.13E+2,1.06E+1,4.61E+3,1.83E+1,-8.42E+1,1.25E+1
87,137,224Fr,,,,,,,,6.47E+2,9.96,4.94E+3,1.78E+1,-1.13E+2,1.06E+1
87,132,219Fr,,,,,,,,6.53E+2,5.67,7.44E+3,1.82,-3.32E+2,1.03
87,131,218Fr,,,,,,,,5.93E+2,5.60,8.01E+3,1.44,-4.38E+2,1.24
87,130,217Fr,,,,,,,,7.00E+2,5.49,8.46E+3,4.31,-3.38E+2,2.83E+1
87,136,223Fr,,,,,,,,6.81E+2,6.85,5.56E+3,2.81,-2.59E+2,1.41
87,135,222Fr,,,,,,,,5.48E+2,5.89,5.85E+3,1.37E+1,-1.73E+2,7.95
87,134,221Fr,,,,,,,,6.52E+2,5.46,6.45E+3,1.40,-2.61E+2,1.00
87,133,220Fr,,,,,,,,5.35E+2,5.08,6.80E+3,1.85,-2.36E+2,9.92E-1
87,129,216Fr,,,,,,,,6.54E+2,5.64,9.17E+3,3.42,-4.13E+2,2.82
87,128,215Fr,,,,,,,,6.88E+2,6.89,9.54E+3,6.51,-3.56E+2,2.57E+1
87,127,214Fr,,,,,,,,6.59E+2,7.37,8.58E+3,3.65,3.97E+2,2.85E+1
87,126,213Fr,,,,,,,,1.31E+3,6.96,6.90E+3,1.30,1.46E+3,5.13
87,121,208Fr,,,,,,,,6.50E+2,1.33E+1,6.78E+3,2.45E+1,3.77E+2,1.71E+1
87,120,207Fr,,,,,,,,8.93E+2,1.95E+1,6.88E+3,2.00E+1,3.39E+2,2.80E+1
87,125,212Fr,,,,,,,,3.31E+2,8.94,6.52E+3,1.61,1.35E+3,1.64
87,124,211Fr,,,,,,,,7.10E+2,1.16E+1,6.66E+3,3.18,5.41E+2,2.25
87,123,210Fr,,,,,,,,6.17E+2,1.26E+1,6.67E+3,5.00,3.40E+2,2.79
87,122,209Fr,,,,,,,,7.77E+2,1.20E+1,6.77E+3,3.60,3.60E+2,2.78
87,143,230Fr,,,,,,,,6.12E+2,6.52,2.40E+3,3.00E+2,2.63E+2,1.50E+2
87,142,229Fr,,,,,,,,7.67E+2,5.86,2.94E+3,3.00E+2,1.35E+2,1.50E+2
87,141,228Fr,,,,,,,,7.08E+2,6.12,3.24E+3,2.33E+1,4.84E+1,1.37E+1
87,140,227Fr,,,,,,,,7.69E+2,6.20,3.82E+3,1.51E+1,-8.70E+1,1.04E+1
87,146,233Fr,,,,,,,,,,1.60E+3,4.00E+2,5.34E+2,2.82E+2
87,145,232Fr,,,,,,,,5.72E+2,1.44E+1,1.76E+3,4.00E+2,4.77E+2,2.01E+2
87,144,231Fr,,,,,,,,6.99E+2,9.45,2.22E+3,3.00E+2,3.13E+2,1.50E+2
87,118,205Fr,,,,,,,,9.90E+2,1.93E+1,7.05E+3,2.40,3.37E+2,2.76E+1
87,117,204Fr,,,,,,,,8.24E+2,1.80E+1,7.17E+3,2.39,2.79E+2,2.98E+1
87,117,204Fr,,,,,,,,8.24E+2,1.80E+1,7.17E+3,2.39,2.79E+2,2.98E+1
87,117,204Fr,,,,,,,,8.24E+2,1.80E+1,7.17E+3,2.39,2.79E+2,2.98E+1
87,116,203Fr,,,,,,,,9.78E+2,1.34E+1,7.27E+3,3.57,2.85E+2,2.80E+1
87,116,203Fr,,,,,,,,9.78E+2,1.34E+1,7.27E+3,3.57,2.85E+2,2.80E+1
87,115,202Fr,,,,,,,,8.69E+2,6.97,7.38E+3,3.51,2.86E+2,3.24E+1
87,115,202Fr,,,,,,,,8.69E+2,6.97,7.38E+3,3.51,2.86E+2,3.24E+1
87,119,206Fr,,,,,,,,8.32E+2,2.18E+1,6.92E+3,3.49,3.31E+2,2.87E+1
87,119,206Fr,,,,,,,,8.32E+2,2.18E+1,6.92E+3,3.49,3.31E+2,2.87E+1
87,119,206Fr,,,,,,,,8.32E+2,2.18E+1,6.92E+3,3.49,3.31E+2,2.87E+1
87,110,197Fr,,,,,,,,,,7.89E+3,5.28E+1,,
87,114,201Fr,,,,,,,,1.02E+3,1.68E+1,7.51E+3,4.32,2.87E+2,2.93E+1
87,114,201Fr,,,,,,,,1.02E+3,1.68E+1,7.51E+3,4.32,2.87E+2,2.93E+1
87,113,200Fr,,,,,,,,9.53E+2,2.30E+1,7.62E+3,4.19,,
87,112,199Fr,,,,,,,,1.08E+3,2.38E+1,7.81E+3,9.83,,
87,111,198Fr,,,,,,,,1.06E+3,3.64E+1,7.86E+3,2.04E+1,,
87,111,198Fr,,,,,,,,1.06E+3,3.64E+1,7.86E+3,2.04E+1,,
88,137,225Ra,,,,,,,,7.46E+2,2.25,5.09E+3,5.09,3.53E+1,2.59
88,136,224Ra,,,,,,,,7.87E+2,2.10,5.78E+3,1.52E-1,-1.34E+2,1.35E-1
88,139,227Ra,,,,,,,,8.73E+2,1.95,4.36E+3,8.06,-7.46E+1,4.10
88,138,226Ra,,,,,,,,9.17E+2,2.11,4.87E+3,2.54E-1,-5.03E+1,7.68E-1
88,131,219Ra,,,,,,,,9.35E+2,7.85,8.13E+3,3.05,-2.85E+2,2.54
88,130,218Ra,,,,,,,,9.96E+2,8.49,8.54E+3,3.43,-2.03E+2,2.23
88,133,221Ra,,,,,,,,6.67E+2,5.49,6.88E+3,1.95,2.05E+1,1.44
88,132,220Ra,,,,,,,,9.06E+2,6.76,7.59E+3,4.94,-1.47E+2,3.83
88,135,223Ra,,,,,,,,6.60E+2,2.82,5.97E+3,2.12E-1,8.38E+1,1.17E-1
88,134,222Ra,,,,,,,,7.78E+2,4.05,6.67E+3,4.22,-1.12E+2,2.17
88,126,214Ra,,,,,,,,1.34E+3,7.12,7.27E+3,2.60,1.28E+3,4.73
88,125,213Ra,,,,,,,,3.98E+2,9.02,6.86E+3,2.27,1.28E+3,2.31
88,128,216Ra,,,,,,,,9.19E+2,7.58,9.52E+3,7.37,-2.76E+2,6.66
88,127,215Ra,,,,,,,,8.39E+2,6.99,8.86E+3,2.33,3.21E+2,2.80E+1
88,129,217Ra,,,,,,,,9.21E+2,8.06,9.16E+3,6.18,-2.67E+2,3.62
88,120,208Ra,,,,,,,,9.58E+2,2.99E+1,7.27E+3,5.09,3.42E+2,3.41
88,122,210Ra,,,,,,,,9.02E+2,7.53,7.15E+3,3.27,3.38E+2,3.15
88,121,209Ra,,,,,,,,7.72E+2,7.61,7.14E+3,2.68,3.46E+2,3.84
88,124,212Ra,,,,,,,,7.87E+2,9.10,7.03E+3,1.66,5.20E+2,2.28
88,123,211Ra,,,,,,,,7.09E+2,7.73,7.04E+3,2.93,3.11E+2,2.45
88,140,228Ra,,,,,,,,9.29E+2,7.90,4.07E+3,1.00E+1,5.71,5.05
88,142,230Ra,,,,,,,,8.72E+2,1.20E+1,3.34E+3,1.46E+1,1.63E+2,9.06
88,141,229Ra,,,,,,,,8.33E+2,1.21E+1,3.60E+3,1.90E+1,7.09E+1,1.22E+1
88,144,232Ra,,,,,,,,7.78E+2,9.62,2.82E+3,1.99E+1,2.52E+2,1.29E+1
88,143,231Ra,,,,,,,,7.09E+2,1.05E+1,2.90E+3,1.81E+1,2.35E+2,1.25E+1
88,146,234Ra,,,,,,,,7.75E+2,1.17E+2,2.33E+3,2.00E+2,4.16E+2,1.73E+2
88,145,233Ra,,,,,,,,6.20E+2,8.68,2.54E+3,1.56E+1,3.24E+2,1.19E+1
88,115,203Ra,,,,,,,,1.03E+3,1.10E+1,7.73E+3,6.37,,
88,114,202Ra,,,,,,,,1.19E+3,1.54E+1,7.88E+3,6.74,,
88,117,205Ra,,,,,,,,9.90E+2,1.89E+1,7.48E+3,2.03E+1,3.39E+2,5.39E+1
88,117,205Ra,,,,,,,,9.90E+2,1.89E+1,7.48E+3,2.03E+1,3.39E+2,5.39E+1
88,116,204Ra,,,,,,,,1.14E+3,1.38E+1,7.63E+3,6.78,2.82E+2,1.56E+1
88,119,207Ra,,,,,,,,8.67E+2,4.24E+1,7.27E+3,5.79E+1,3.32E+2,4.29E+1
88,118,206Ra,,,,,,,,1.09E+3,3.37E+1,7.41E+3,4.16,3.26E+2,3.55
88,113,201Ra,,,,,,,,,,8.00E+3,1.22E+1,,
88,113,201Ra,,,,,,,,,,8.00E+3,1.22E+1,,
89,119,208Ac,,,,,,,,7.65E+2,6.04E+1,7.72E+3,5.96E+1,3.41E+2,4.20E+1
89,118,207Ac,,,,,,,,9.76E+2,6.06E+1,7.84E+3,5.59E+1,3.18E+2,3.45E+1
89,117,206Ac,,,,,,,,8.58E+2,6.15E+1,7.95E+3,6.48E+1,,
89,117,206Ac,,,,,,,,8.58E+2,6.15E+1,7.95E+3,6.48E+1,,
89,116,205Ac,,,,,,,,,,8.09E+3,5.86E+1,,
89,145,234Ac,,,,,,,,5.08E+2,1.37E+1,2.92E+3,1.54E+1,3.49E+2,1.30E+1
89,144,233Ac,,,,,,,,6.89E+2,1.32E+1,3.21E+3,1.39E+1,2.89E+2,1.15E+1
89,143,232Ac,,,,,,,,6.18E+2,1.30E+1,3.34E+3,1.46E+1,2.04E+2,1.20E+1
89,142,231Ac,,,,,,,,7.33E+2,1.38E+1,3.65E+3,1.43E+1,2.22E+2,1.19E+1
89,141,230Ac,,,,,,,,6.11E+2,1.43E+1,3.89E+3,1.70E+1,9.13E+1,1.18E+1
89,140,229Ac,,,,,,,,6.76E+2,1.17E+1,4.44E+3,1.70E+1,-3.49E+1,1.04E+1
89,147,236Ac,,,,,,,,5.80E+2,2.38E+2,2.72E+3,4.06E+1,3.20E+2,1.04E+2
89,146,235Ac,,,,,,,,6.73E+2,2.26E+1,2.85E+3,1.59E+1,3.51E+2,9.83E+1
89,123,212Ac,,,,,,,,6.57E+2,3.15E+1,7.53E+3,2.39E+1,2.79E+2,1.32E+1
89,122,211Ac,,,,,,,,8.88E+2,5.03E+1,7.56E+3,5.24E+1,3.34E+2,4.08E+1
89,121,210Ac,,,,,,,,7.69E+2,5.86E+1,7.58E+3,5.74E+1,3.42E+2,3.88E+1
89,120,209Ac,,,,,,,,9.17E+2,5.97E+1,7.72E+3,5.52E+1,3.27E+2,2.83E+1
89,129,218Ac,,,,,,,,7.14E+2,4.85E+1,9.38E+3,5.69E+1,-2.97E+2,4.30E+1
89,128,217Ac,,,,,,,,7.97E+2,3.02E+1,9.83E+3,1.01E+1,-2.91E+2,2.95E+1
89,127,216Ac,,,,,,,,7.83E+2,1.06E+1,9.24E+3,2.86,2.31E+2,5.86
89,126,215Ac,,,,,,,,1.26E+3,1.20E+1,7.74E+3,3.18,1.19E+3,3.43E+1
89,125,214Ac,,,,,,,,3.47E+2,1.28E+1,7.35E+3,2.49,1.21E+3,5.93
89,124,213Ac,,,,,,,,7.25E+2,1.52E+1,7.49E+3,4.24,4.95E+2,3.09
89,134,223Ac,,,,,,,,6.02E+2,5.82,6.78E+3,1.00,-1.01E+2,1.17
89,133,222Ac,,,,,,,,4.43E+2,2.88E+1,7.13E+3,2.03,-7.52E+1,5.19
89,133,222Ac,,,,,,,,4.43E+2,2.88E+1,7.13E+3,2.03,-7.52E+1,5.19
89,132,221Ac,,,,,,,,6.51E+2,4.04E+1,7.79E+3,5.65E+1,-1.95E+2,4.08E+1
89,131,220Ac,,,,,,,,6.93E+2,3.86E+1,8.34E+3,4.48,-3.27E+2,3.16
89,130,219Ac,,,,,,,,7.27E+2,4.65E+1,8.82E+3,5.09E+1,-2.41E+2,3.76E+1
89,139,228Ac,,,,,,,,6.24E+2,6.31,4.72E+3,1.13E+1,-4.70E+1,6.91
89,138,227Ac,,,,,,,,7.52E+2,2.31,5.04E+3,1.42E-1,5.38E+1,4.18E-1
89,137,226Ac,,,,,,,,5.65E+2,3.37,5.50E+3,8.07,-3.33E+1,4.05
89,136,225Ac,,,,,,,,6.34E+2,4.22,5.93E+3,1.42,-5.02E+1,2.24
89,135,224Ac,,,,,,,,5.02E+2,5.11,6.32E+3,7.00E-1,-3.11E+1,8.07E-1
90,148,238Th,,,,,,,,7.91E+2,2.92E+2,3.16E+3,2.83E+2,2.50E+2,1.73E+2
90,145,235Th,,,,,,,,5.83E+2,1.16E+1,3.37E+3,1.73E+1,3.76E+2,1.08E+1
90,144,234Th,,,,,,,,7.61E+2,6.81,3.67E+3,1.06E+1,2.99E+2,5.41
90,147,237Th,,,,,,,,5.91E+2,1.19E+2,3.19E+3,1.80E+1,3.10E+2,9.84E+1
90,146,236Th,,,,,,,,7.31E+2,1.42E+1,3.33E+3,1.67E+1,3.51E+2,1.09E+1
90,141,231Th,,,,,,,,6.61E+2,1.27,4.21E+3,1.55,2.32E+2,8.49E-1
90,140,230Th,,,,,,,,8.38E+2,1.60,4.77E+3,1.51,4.37E+1,8.29E-1
90,143,233Th,,,,,,,,7.01E+2,1.78,3.74E+3,1.55E+1,2.44E+2,7.76
90,142,232Th,,,,,,,,8.27E+2,1.37,4.08E+3,1.40,2.45E+2,8.24E-1
90,138,228Th,,,,,,,,9.24E+2,2.03,5.52E+3,2.23E-1,-5.32E+1,1.20E-1
90,137,227Th,,,,,,,,8.20E+2,2.82,6.14E+3,1.00E-1,-2.85E+2,8.33E-1
90,139,229Th,,,,,,,,7.68E+2,2.01,5.16E+3,1.02,-1.29E+2,7.81E-1
90,134,224Th,,,,,,,,8.52E+2,8.26,7.29E+3,5.87,-2.49E+2,5.56
90,133,223Th,,,,,,,,7.86E+2,8.98,7.56E+3,4.08,-1.65E+2,2.54
90,136,226Th,,,,,,,,8.59E+2,4.19,6.45E+3,1.01,-2.30E+2,5.65E-1
90,135,225Th,,,,,,,,7.13E+2,6.40,6.92E+3,2.12,-2.22E+2,1.85
90,130,220Th,,,,,,,,1.01E+3,3.01E+1,8.97E+3,1.11E+1,-1.72E+2,6.49
90,132,222Th,,,,,,,,9.59E+2,9.15,8.13E+3,2.86,-2.15E+2,2.56
90,131,221Th,,,,,,,,9.93E+2,1.02E+1,8.62E+3,3.77,-3.09E+2,3.50
90,127,217Th,,,,,,,,8.73E+2,1.07E+1,9.43E+3,4.03,2.26E+2,3.57E+1
90,126,216Th,,,,,,,,1.26E+3,9.99,8.07E+3,4.26,1.10E+3,5.00E+1
90,129,219Th,,,,,,,,9.34E+2,4.08E+1,9.50E+3,5.59E+1,-1.74E+2,2.93E+1
90,128,218Th,,,,,,,,9.67E+2,2.96E+1,9.84E+3,9.11,-1.83E+2,2.58E+1
90,123,213Th,,,,,,,,7.17E+2,9.82,7.83E+3,7.20,2.94E+2,4.01E+1
90,122,212Th,,,,,,,,8.87E+2,4.38E+1,7.95E+3,4.55,2.86E+2,1.33E+1
90,125,215Th,,,,,,,,4.24E+2,8.90,7.66E+3,3.93,1.14E+3,6.18
90,124,214Th,,,,,,,,8.25E+2,9.38,7.82E+3,5.39,4.73E+2,5.08
90,121,211Th,,,,,,,,7.91E+2,6.17E+1,7.93E+3,6.33E+1,3.25E+2,4.31E+1
90,120,210Th,,,,,,,,1.07E+3,4.50E+1,8.06E+3,5.76,,
90,119,209Th,,,,,,,,1.01E+3,1.85E+1,8.16E+3,1.06E+2,,
90,118,208Th,,,,,,,,,,8.20E+3,3.05E+1,,
91,120,211Pa,,,,,,,,,,8.48E+3,4.07E+1,,
91,124,215Pa,,,,,,,,8.37E+2,7.21E+1,8.23E+3,6.25E+1,4.85E+2,3.73E+1
91,123,214Pa,,,,,,,,7.30E+2,7.62E+1,8.27E+3,5.22E+1,,
91,122,213Pa,,,,,,,,8.74E+2,7.21E+1,8.38E+3,1.22E+1,,
91,121,212Pa,,,,,,,,7.43E+2,7.65E+1,8.41E+3,5.93E+1,,
91,128,219Pa,,,,,,,,8.80E+2,5.06E+1,1.01E+4,6.85E+1,-2.38E+2,4.09E+1
91,127,218Pa,,,,,,,,8.30E+2,3.75E+1,9.79E+3,1.16E+1,2.04E+2,1.77E+1
91,126,217Pa,,,,,,,,1.18E+3,1.75E+1,8.48E+3,4.48,9.71E+2,1.00E+2
91,125,216Pa,,,,,,,,3.94E+2,4.51E+1,8.09E+3,1.13E+1,1.06E+3,1.07E+1
91,129,220Pa,,,,,,,,7.99E+2,4.69E+1,9.70E+3,1.13E+1,-1.87E+2,1.58E+1
91,131,222Pa,,,,,,,,7.08E+2,7.78E+1,8.78E+3,6.46E+1,-2.30E+2,4.21E+1
91,130,221Pa,,,,,,,,7.96E+2,6.07E+1,9.24E+3,5.83E+1,-2.14E+2,4.54E+1
91,135,226Pa,,,,,,,,4.40E+2,4.18E+1,6.98E+3,1.01E+1,-1.04E+2,2.74E+1
91,134,225Pa,,,,,,,,5.91E+2,5.82E+1,7.40E+3,5.88E+1,-1.90E+2,4.18E+1
91,133,224Pa,,,,,,,,5.15E+2,5.59E+1,7.69E+3,4.47,-7.78E+1,5.00E+1
91,132,223Pa,,,,,,,,6.25E+2,6.89E+1,8.34E+3,5.54E+1,-2.63E+2,2.86E+1
91,139,230Pa,,,,,,,,5.12E+2,2.84,5.43E+3,7.10E-1,-4.15E+1,4.42
91,138,229Pa,,,,,,,,6.51E+2,3.51,5.83E+3,4.26,-1.03E+2,2.55E+1
91,137,228Pa,,,,,,,,5.60E+2,5.02,6.26E+3,1.45,-1.26E+2,5.00E+1
91,136,227Pa,,,,,,,,6.48E+2,7.90,6.58E+3,2.12,-1.06E+2,2.53E+1
91,142,233Pa,,,,,,,,6.53E+2,4.44,4.37E+3,1.21E+1,2.91E+2,6.10
91,141,232Pa,,,,,,,,4.89E+2,5.52,4.62E+3,7.88,1.89E+2,2.57E+1
91,140,231Pa,,,,,,,,6.35E+2,4.30,5.14E+3,8.25E-1,2.19E+1,8.43E-1
91,146,237Pa,,,,,,,,5.86E+2,1.40E+1,3.79E+3,1.84E+1,2.83E+2,5.12E+1
91,145,236Pa,,,,,,,,4.25E+2,1.37E+1,3.75E+3,1.91E+1,4.01E+2,1.45E+1
91,144,235Pa,,,,,,,,5.47E+2,1.22E+1,4.10E+3,1.91E+1,2.48E+2,1.18E+1
91,143,234Pa,,,,,,,,4.49E+2,7.59,4.07E+3,1.63E+1,3.07E+2,8.41
91,143,234Pa,,,,,,,,4.49E+2,7.59,4.07E+3,1.63E+1,3.07E+2,8.41
91,148,239Pa,,,,,,,,5.66E+2,2.07E+2,3.55E+3,1.96E+2,2.44E+2,1.39E+2
91,147,238Pa,,,,,,,,4.29E+2,1.20E+2,3.62E+3,2.11E+1,2.34E+2,1.00E+2
92,123,215U,,,,,,,,,,8.58E+3,5.86E+1,,
92,130,222U,,,,,,,,1.00E+3,5.93E+1,9.48E+3,5.09E+1,-2.74E+2,1.06E+2
92,132,224U,,,,,,,,9.65E+2,3.18E+1,8.62E+3,6.75,-3.44E+2,9.46
92,131,223U,,,,,,,,1.03E+3,4.97E+1,9.15E+3,1.73E+1,-4.28E+2,5.86E+1
92,134,226U,,,,,,,,8.79E+2,1.02E+1,7.70E+3,4.26,-2.61E+2,5.11
92,133,225U,,,,,,,,8.36E+2,1.17E+1,8.00E+3,5.89,-2.04E+2,3.00E+1
92,125,217U,,,,,,,,4.41E+2,1.56E+1,8.42E+3,8.00E+1,1.05E+3,1.60E+2
92,124,216U,,,,,,,,8.39E+2,5.57E+1,8.53E+3,2.62E+1,,
92,127,219U,,,,,,,,8.91E+2,1.16E+1,9.94E+3,1.17E+1,2.25E+2,1.50E+2
92,126,218U,,,,,,,,1.21E+3,1.17E+1,8.77E+3,8.62,9.82E+2,1.50E+2
92,129,221U,,,,,,,,9.26E+2,5.72E+1,9.88E+3,7.13E+1,-2.67E+2,1.58E+2
92,141,233U,,,,,,,,5.41E+2,1.92,4.90E+3,1.18,4.19E+2,1.27
92,140,232U,,,,,,,,7.53E+2,2.17,5.41E+3,9.00E-2,2.26E+2,6.06E-2
92,143,235U,,,,,,,,6.24E+2,1.12,4.67E+3,6.91E-1,2.83E+2,3.60E-1
92,143,235U,,,,,,,,6.24E+2,1.12,4.67E+3,6.91E-1,2.83E+2,3.60E-1
92,142,234U,,,,,,,,7.73E+2,1.49,4.85E+3,6.76E-1,3.67E+2,3.51E-1
92,145,237U,,,,,,,,5.13E+2,1.26,4.23E+3,9.91E-1,4.53E+2,5.50E-1
92,144,236U,,,,,,,,7.09E+2,1.13,4.57E+3,8.73E-1,3.41E+2,4.42E-1
92,136,228U,,,,,,,,9.07E+2,1.08E+1,6.79E+3,9.45,-4.17E+1,6.94
92,135,227U,,,,,,,,7.70E+2,1.05E+1,7.23E+3,3.05,-1.98E+2,1.02E+1
92,138,230U,,,,,,,,8.93E+2,4.55,5.99E+3,5.03E-1,1.58E+2,2.55
92,137,229U,,,,,,,,7.93E+2,8.24,6.47E+3,3.05,-2.96E+1,2.69E+1
92,139,231U,,,,,,,,6.93E+2,3.08,5.57E+3,1.66,1.87E+2,1.02E+1
92,150,242U,,,,,,,,8.57E+2,2.42E+2,3.67E+3,2.00E+2,3.40E+2,1.41E+2
92,147,239U,,,,,,,,5.61E+2,1.82,4.12E+3,1.31E+1,3.13E+2,6.68
92,146,238U,,,,,,,,6.73E+2,1.43,4.26E+3,2.11,3.57E+2,1.16
92,149,241U,,,,,,,,6.85E+2,2.09E+2,3.81E+3,1.96E+2,3.69E+2,1.38E+2
92,148,240U,,,,,,,,7.27E+2,1.20E+2,4.03E+3,1.42E+1,3.15E+2,7.12
93,129,222Np,,,,,,,,1.01E+3,1.21E+2,1.02E+4,3.36E+1,-4.65E+2,1.51E+2
93,127,220Np,,,,,,,,8.28E+2,1.21E+2,1.02E+4,1.83E+1,6.73E+1,2.00E+2
93,126,219Np,,,,,,,,,,9.20E+3,4.07E+1,8.15E+2,1.58E+2
93,133,226Np,,,,,,,,7.18E+2,9.37E+1,8.32E+3,5.40E+1,-3.48E+2,5.68E+1
93,132,225Np,,,,,,,,8.06E+2,8.37E+1,8.81E+3,6.97E+1,-3.40E+2,4.41E+1
93,131,224Np,,,,,,,,8.93E+2,6.50E+1,9.32E+3,2.96E+1,-4.68E+2,1.02E+2
93,130,223Np,,,,,,,,9.94E+2,6.32E+1,9.65E+3,4.48E+1,-2.77E+2,1.10E+2
93,149,242Np,,,,,,,,3.82E+2,1.50E+2,4.09E+3,2.00E+2,5.27E+2,1.41E+2
93,149,242Np,,,,,,,,3.82E+2,1.50E+2,4.09E+3,2.00E+2,5.27E+2,1.41E+2
93,148,241Np,,,,,,,,5.51E+2,1.22E+2,4.36E+3,1.00E+2,3.98E+2,7.10E+1
93,147,240Np,,,,,,,,5.03E+2,5.14E+1,4.55E+3,2.20E+1,2.90E+2,1.39E+1
93,147,240Np,,,,,,,,5.03E+2,5.14E+1,4.55E+3,2.20E+1,2.90E+2,1.39E+1
93,146,239Np,,,,,,,,5.74E+2,8.58,4.59E+3,1.40E+1,4.20E+2,7.03
93,145,238Np,,,,,,,,3.63E+2,1.18,4.69E+3,3.99,4.48E+2,2.00
93,151,244Np,,,,,,,,4.78E+2,1.22E+2,3.80E+3,2.24E+2,5.46E+2,1.58E+2
93,150,243Np,,,,,,,,5.68E+2,1.00E+2,4.04E+3,1.98E+2,4.39E+2,1.12E+2
93,139,232Np,,,,,,,,4.97E+2,3.61E+1,6.01E+3,1.00E+2,1.22E+2,5.93E+1
93,138,231Np,,,,,,,,6.36E+2,4.54E+1,6.36E+3,5.06E+1,1.03E+2,2.61E+1
93,137,230Np,,,,,,,,5.24E+2,6.87E+1,6.77E+3,5.38E+1,1.09E+1,7.96E+1
93,136,229Np,,,,,,,,7.12E+2,7.66E+1,7.01E+3,5.94E+1,1.95E+1,3.98E+1
93,135,228Np,,,,,,,,6.00E+2,6.35E+1,7.53E+3,1.00E+2,-1.84E+2,1.65E+2
93,134,227Np,,,,,,,,7.24E+2,7.46E+1,7.81E+3,1.43E+1,-2.05E+2,1.55E+2
93,144,237Np,,,,,,,,5.44E+2,2.52E+1,4.95E+3,7.36E-1,3.40E+2,3.72E-1
93,143,236Np,,,,,,,,4.20E+2,3.56E+1,5.00E+3,5.09E+1,3.50E+2,3.64E+1
93,143,236Np,,,,,,,,4.20E+2,3.56E+1,5.00E+3,5.09E+1,3.50E+2,3.64E+1
93,142,235Np,,,,,,,,6.23E+2,2.55E+1,5.19E+3,1.47,3.64E+2,1.02
93,141,234Np,,,,,,,,4.59E+2,2.61E+1,5.35E+3,8.81,3.42E+2,2.94E+1
93,140,233Np,,,,,,,,6.70E+2,3.62E+1,5.62E+3,5.08E+1,2.84E+2,2.95E+1
94,152,246Pu,,,,,,,,8.46E+2,1.24E+2,4.35E+3,2.00E+2,4.09E+2,1.00E+2
94,151,245Pu,,,,,,,,5.77E+2,1.22E+1,4.55E+3,1.96E+2,2.95E+2,9.82E+1
94,153,247Pu,,,,,,,,,,4.30E+3,3.61E+2,3.54E+2,2.06E+2
94,150,244Pu,,,,,,,,6.60E+2,7.12,4.66E+3,1.01,2.48E+2,5.23E-1
94,150,244Pu,,,,,,,,6.60E+2,7.12,4.66E+3,1.01,2.48E+2,5.23E-1
94,149,243Pu,,,,,,,,4.93E+2,2.24,4.75E+3,2.57,2.98E+2,2.11
94,148,242Pu,,,,,,,,6.37E+2,1.65,4.98E+3,9.86E-1,2.45E+2,6.64E-1
94,145,239Pu,,,,,,,,4.43E+2,1.12,5.24E+3,2.06E-1,4.62E+2,5.10E-1
94,144,238Pu,,,,,,,,6.76E+2,1.30,5.59E+3,1.92E-1,3.11E+2,1.04E-1
94,147,241Pu,,,,,,,,5.34E+2,1.14,5.14E+3,4.78E-1,2.42E+2,3.42E-1
94,146,240Pu,,,,,,,,6.46E+2,1.11,5.25E+3,1.44E-1,3.22E+2,7.39E-2
94,141,235Pu,,,,,,,,5.56E+2,1.49E+1,5.95E+3,2.03E+1,2.94E+2,7.50E+1
94,140,234Pu,,,,,,,,7.67E+2,2.93E+1,6.31E+3,5.08,1.80E+2,5.68
94,143,237Pu,,,,,,,,5.59E+2,1.61,5.74E+3,2.25,2.18E+2,1.16
94,143,237Pu,,,,,,,,5.59E+2,1.61,5.74E+3,2.25,2.18E+2,1.16
94,142,236Pu,,,,,,,,7.35E+2,1.03E+1,5.86E+3,8.14E-2,2.65E+2,3.02E-1
94,138,232Pu,,,,,,,,8.19E+2,3.15E+1,6.71E+3,1.01E+1,1.75E+2,5.68
94,137,231Pu,,,,,,,,6.62E+2,1.91E+1,6.83E+3,2.03E+1,2.20E+2,5.10E+1
94,139,233Pu,,,,,,,,6.96E+2,3.93E+1,6.41E+3,5.38E+1,1.77E+2,3.70E+1
94,134,228Pu,,,,,,,,1.01E+3,3.45E+1,7.94E+3,1.76E+1,-7.01E+1,1.00E+2
94,136,230Pu,,,,,,,,9.19E+2,3.38E+1,7.17E+3,9.28,9.34E+1,6.50
94,135,229Pu,,,,,,,,8.74E+2,4.50E+1,7.59E+3,5.98E+1,-6.22E+1,4.02E+1
95,135,230Am,,,,,,,,5.27E+2,2.06E+2,7.63E+3,1.00E+2,2.34E+2,5.68E+1
95,134,229Am,,,,,,,,7.00E+2,1.78E+2,8.13E+3,5.40E+1,1.43E+1,1.06E+2
95,139,234Am,,,,,,,,4.85E+2,1.67E+2,6.80E+3,1.50E+2,2.65E+2,1.25E+2
95,138,233Am,,,,,,,,6.99E+2,1.64E+2,7.05E+3,5.30E+1,2.20E+2,1.03E+2
95,137,232Am,,,,,,,,5.80E+2,2.00E+2,7.17E+3,3.16E+2,2.63E+2,1.86E+2
95,142,237Am,,,,,,,,6.44E+2,1.21E+2,6.19E+3,3.00E+1,3.95E+2,8.92E+1
95,141,236Am,,,,,,,,4.88E+2,1.68E+2,6.25E+3,6.40E+1,4.71E+2,1.00E+2
95,141,236Am,,,,,,,,4.88E+2,1.68E+2,6.25E+3,6.40E+1,4.71E+2,1.00E+2
95,140,235Am,,,,,,,,6.26E+2,1.70E+2,6.57E+3,1.30E+1,3.12E+2,1.00E+2
95,146,241Am,,,,,,,,5.54E+2,6.97,5.63E+3,1.19E-1,4.08E+2,7.04E-1
95,145,240Am,,,,,,,,3.47E+2,9.84,5.70E+3,5.22E+1,5.35E+2,2.62E+1
95,144,239Am,,,,,,,,5.75E+2,3.02E+1,5.92E+3,1.41,4.75E+2,2.15
95,143,238Am,,,,,,,,4.15E+2,4.16E+1,6.04E+3,5.83E+1,4.32E+2,7.90E+1
95,149,244Am,,,,,,,,3.41E+2,1.57,5.13E+3,1.70E+1,3.44E+2,2.64E+1
95,149,244Am,,,,,,,,3.41E+2,1.57,5.13E+3,1.70E+1,3.44E+2,2.64E+1
95,148,243Am,,,,,,,,4.98E+2,1.35,5.43E+3,9.30E-1,2.25E+2,2.54
95,147,242Am,,,,,,,,4.13E+2,1.18,5.58E+3,2.53E-1,2.42E+2,3.00E+1
95,147,242Am,,,,,,,,4.13E+2,1.18,5.58E+3,2.53E-1,2.42E+2,3.00E+1
95,152,247Am,,,,,,,,7.50E+2,1.24E+2,4.92E+3,1.05E+2,3.64E+2,7.28E+1
95,151,246Am,,,,,,,,5.21E+2,9.43E-1,5.15E+3,2.01E+2,1.90E+2,1.00E+2
95,151,246Am,,,,,,,,5.21E+2,9.43E-1,5.15E+3,2.01E+2,1.90E+2,1.00E+2
95,150,245Am,,,,,,,,5.34E+2,1.52,5.16E+3,1.00E+2,1.80E+2,5.00E+1
95,128,223Am,,,,,,,,,,1.08E+4,3.14E+2,,
96,141,237Cm,,,,,,,,5.98E+2,5.36E+1,6.77E+3,5.09E+1,4.42E+2,7.92E+1
96,140,236Cm,,,,,,,,8.25E+2,3.92E+1,7.06E+3,5.08,3.21E+2,3.16
96,138,234Cm,,,,,,,,9.78E+2,4.23E+1,7.36E+3,9.10,3.82E+2,1.49E+2
96,137,233Cm,,,,,,,,7.79E+2,1.29E+2,7.47E+3,5.38E+1,3.73E+2,3.80E+1
96,139,235Cm,,,,,,,,8.21E+2,1.22E+1,7.28E+3,1.00E+2,2.41E+2,5.89E+1
96,150,246Cm,,,,,,,,6.51E+2,2.26,5.47E+3,8.89E-1,3.26E+2,4.55E-1
96,150,246Cm,,,,,,,,6.51E+2,2.26,5.47E+3,8.89E-1,3.26E+2,4.55E-1
96,152,248Cm,,,,,,,,7.49E+2,2.79,5.16E+3,2.54E-1,5.27E+2,1.28E-1
96,151,247Cm,,,,,,,,5.28E+2,3.03,5.35E+3,3.36,4.11E+2,1.73
96,143,239Cm,,,,,,,,5.62E+2,1.06E+2,6.53E+3,1.48E+2,4.39E+2,8.95E+1
96,142,238Cm,,,,,,,,7.51E+2,8.41E+1,6.67E+3,1.01E+1,4.23E+2,5.47
96,145,241Cm,,,,,,,,4.37E+2,1.58,6.18E+3,5.71E-1,5.36E+2,9.64E-1
96,144,240Cm,,,,,,,,7.00E+2,7.50E+1,6.39E+3,5.99E-1,4.65E+2,9.53E-1
96,147,243Cm,,,,,,,,5.54E+2,1.32,6.16E+3,1.00,1.66E+2,7.21
96,146,242Cm,,,,,,,,6.38E+2,1.36,6.21E+3,8.13E-2,3.22E+2,5.01E-1
96,149,245Cm,,,,,,,,4.70E+2,1.24,5.62E+3,4.89E-1,3.34E+2,3.46E-1
96,148,244Cm,,,,,,,,6.41E+2,1.22,5.90E+3,3.00E-2,2.29E+2,2.50
96,154,250Cm,,,,,,,,7.09E+2,1.35E+1,5.16E+3,1.79E+1,3.78E+2,9.34
96,153,249Cm,,,,,,,,5.59E+2,5.52,5.14E+3,1.34E+1,4.89E+2,6.93
96,155,251Cm,,,,,,,,6.79E+2,1.27E+2,5.01E+3,2.02E+2,3.61E+2,1.42E+2
97,141,238Bk,,,,,,,,4.76E+2,2.38E+2,7.33E+3,2.00E+2,4.15E+2,1.00E+2
97,142,239Bk,,,,,,,,7.18E+2,2.39E+2,7.20E+3,2.00E+2,4.36E+2,1.00E+2
97,143,240Bk,,,,,,,,5.98E+2,2.40E+2,7.19E+3,1.91E+2,3.68E+2,1.08E+2
97,144,241Bk,,,,,,,,7.25E+2,2.41E+2,6.98E+3,1.76E+2,4.61E+2,8.80E+1
97,145,242Bk,,,,,,,,4.20E+2,2.09E+2,6.90E+3,1.47E+2,3.68E+2,8.88E+1
97,146,243Bk,,,,,,,,5.53E+2,1.21E+2,6.87E+3,4.06,2.94E+2,1.01E+1
97,147,244Bk,,,,,,,,4.62E+2,1.04E+1,6.77E+3,4.00,1.90E+2,2.50E+1
97,148,245Bk,,,,,,,,5.26E+2,3.08E+1,6.45E+3,1.40,2.40E+2,1.50E+1
97,149,246Bk,,,,,,,,3.15E+2,4.25E+1,6.07E+3,6.00E+1,3.80E+2,6.57E+1
97,150,247Bk,,,,,,,,5.59E+2,3.92E+1,5.88E+3,5.00,3.53E+2,2.55
97,151,248Bk,,,,,,,,4.63E+2,3.54E+1,5.82E+3,5.00E+1,4.55E+2,2.50E+1
97,151,248Bk,,,,,,,,4.63E+2,3.54E+1,5.82E+3,5.00E+1,4.55E+2,2.50E+1
97,136,233Bk,,,,,,,,,,8.16E+3,2.07E+2,,
97,137,234Bk,,,,,,,,5.87E+2,3.10E+2,8.09E+3,5.39E+1,,
97,139,236Bk,,,,,,,,5.91E+2,4.25E+2,7.69E+3,2.00E+2,2.80E+2,1.04E+2
97,140,237Bk,,,,,,,,7.10E+2,3.12E+2,7.50E+3,2.00E+2,3.79E+2,1.00E+2
97,152,249Bk,,,,,,,,6.95E+2,2.50E+1,5.52E+3,1.41,6.09E+2,7.07E-1
97,153,250Bk,,,,,,,,4.14E+2,5.78,5.53E+3,1.80E+1,5.42E+2,9.00
97,154,251Bk,,,,,,,,4.56E+2,1.26E+2,5.65E+3,1.01E+2,3.93E+2,5.05E+1
97,155,252Bk,,,,,,,,2.76E+2,2.18E+2,5.54E+3,2.83E+2,3.39E+2,1.80E+2
97,156,253Bk,,,,,,,,3.89E+2,2.53E+2,5.40E+3,2.00E+2,3.25E+2,1.41E+2
98,148,246Cf,,,,,,,,6.57E+2,7.34,6.86E+3,9.98E-1,3.47E+2,3.93
98,149,247Cf,,,,,,,,4.45E+2,1.04E+1,6.50E+3,1.44E+1,4.60E+2,7.21
98,146,244Cf,,,,,,,,6.87E+2,1.21E+2,7.32E+3,1.81,3.32E+2,4.23
98,147,245Cf,,,,,,,,6.00E+2,2.28,7.25E+3,1.84,2.25E+2,3.10
98,144,242Cf,,,,,,,,7.50E+2,1.71E+2,7.51E+3,4.06,4.31E+2,3.05
98,145,243Cf,,,,,,,,5.12E+2,1.71E+2,7.41E+3,1.00E+2,4.19E+2,5.02E+1
98,142,240Cf,,,,,,,,7.77E+2,1.70E+2,7.71E+3,3.77,4.19E+2,1.00E+2
98,143,241Cf,,,,,,,,6.42E+2,1.70E+2,7.65E+3,1.50E+2,3.92E+2,9.01E+1
98,140,238Cf,,,,,,,,9.08E+2,2.12E+2,8.13E+3,2.99E+2,2.83E+2,2.90E+2
98,141,239Cf,,,,,,,,6.26E+2,2.06E+2,7.76E+3,6.25E+1,4.62E+2,4.02E+1
98,150,248Cf,,,,,,,,6.78E+2,8.05,6.36E+3,5.00,3.96E+2,2.55
98,139,237Cf,,,,,,,,,,8.21E+3,5.38E+1,3.18E+2,1.59E+2
98,157,255Cf,,,,,,,,6.57E+2,2.21E+2,5.73E+3,2.01E+2,3.67E+2,1.41E+2
98,158,256Cf,,,,,,,,,,5.56E+3,1.00E+2,3.70E+2,1.58E+2
98,155,253Cf,,,,,,,,6.13E+2,6.57,6.12E+3,3.53,3.68E+2,1.82
98,156,254Cf,,,,,,,,7.22E+2,1.27E+2,5.92E+3,5.08,3.66E+2,1.00E+2
98,153,251Cf,,,,,,,,5.32E+2,3.09,6.17E+3,8.94E-1,5.31E+2,5.14E-1
98,154,252Cf,,,,,,,,6.83E+2,3.33,6.21E+3,4.06E-2,4.04E+2,9.43E-1
98,151,249Cf,,,,,,,,5.18E+2,2.81,6.29E+3,4.89E-1,4.52E+2,5.56E-1
98,152,250Cf,,,,,,,,7.58E+2,2.31,6.12E+3,1.92E-1,5.89E+2,5.17E-1
99,147,246Es,,,,,,,,4.31E+2,1.38E+2,7.64E+3,1.00E+2,2.56E+2,5.18E+1
99,148,247Es,,,,,,,,4.24E+2,4.70E+1,7.46E+3,1.99E+1,2.49E+2,1.02E+1
99,149,248Es,,,,,,,,2.57E+2,9.71,7.16E+3,5.00E+1,2.91E+2,5.81E+1
99,143,242Es,,,,,,,,6.05E+2,2.42E+2,8.16E+3,2.03E+1,3.64E+2,2.27E+1
99,144,243Es,,,,,,,,7.29E+2,2.43E+2,8.07E+3,1.01E+1,3.46E+2,7.13
99,145,244Es,,,,,,,,6.09E+2,2.44E+2,7.93E+3,1.02E+2,2.80E+2,5.32E+1
99,146,245Es,,,,,,,,7.62E+2,2.16E+2,7.90E+3,3.04,2.65E+2,9.12
99,141,240Es,,,,,,,,4.82E+2,3.79E+2,8.25E+3,6.26E+1,3.44E+2,5.03E+1
99,142,241Es,,,,,,,,7.22E+2,3.18E+2,8.25E+3,1.69E+1,3.73E+2,6.00E+1
99,158,257Es,,,,,,,,5.22E+2,4.45E+2,6.05E+3,2.00E+2,3.50E+2,1.80E+2
99,154,253Es,,,,,,,,6.33E+2,2.50E+1,6.73E+3,5.08E-2,4.08E+2,4.75E-1
99,155,254Es,,,,,,,,4.44E+2,5.82,6.61E+3,4.74E-1,3.27E+2,9.58E-1
99,155,254Es,,,,,,,,4.44E+2,5.82,6.61E+3,4.74E-1,3.27E+2,9.58E-1
99,156,255Es,,,,,,,,5.26E+2,7.78,6.43E+3,1.34,3.06E+2,5.00E+1
99,157,256Es,,,,,,,,4.81E+2,2.57E+2,6.22E+3,2.24E+2,3.57E+2,1.87E+2
99,157,256Es,,,,,,,,4.81E+2,2.57E+2,6.22E+3,2.24E+2,3.57E+2,1.87E+2
99,150,249Es,,,,,,,,3.77E+2,0.0,6.93E+3,3.00E+1,3.18E+2,1.55E+1
99,151,250Es,,,,,,,,2.31E+2,2.64,6.83E+3,1.17E+2,4.84E+2,9.16E+1
99,151,250Es,,,,,,,,2.31E+2,2.64,6.83E+3,1.17E+2,4.84E+2,9.16E+1
99,152,251Es,,,,,,,,6.99E+2,2.53E+1,6.59E+3,1.01,6.54E+2,1.00
99,153,252Es,,,,,,,,5.33E+2,3.54E+1,6.73E+3,5.08E-1,4.99E+2,5.65E+1
100,141,241Fm,,,,,,,,,,8.85E+3,3.15E+2,,
100,145,245Fm,,,,,,,,7.30E+2,2.11E+2,8.44E+3,1.00E+2,3.65E+2,1.11E+2
100,144,244Fm,,,,,,,,8.53E+2,2.44E+2,8.55E+3,2.00E+2,3.75E+2,1.11E+2
100,143,243Fm,,,,,,,,6.09E+2,3.20E+2,8.68E+3,5.06E+1,,
100,142,242Fm,,,,,,,,8.44E+2,3.82E+2,8.69E+3,4.99E+2,,
100,149,249Fm,,,,,,,,5.34E+2,7.27,7.70E+3,5.92,3.52E+2,3.67
100,148,248Fm,,,,,,,,7.48E+2,1.23E+2,7.99E+3,8.26,2.76E+2,4.91
100,147,247Fm,,,,,,,,7.28E+2,1.74E+2,8.25E+3,9.74,2.47E+2,5.27
100,147,247Fm,,,,,,,,7.28E+2,1.74E+2,8.25E+3,9.74,2.47E+2,5.27
100,146,246Fm,,,,,,,,8.51E+2,1.74E+2,8.37E+3,4.54,2.85E+2,1.00E+2
100,152,252Fm,,,,,,,,8.35E+2,8.07,7.15E+3,1.01,7.13E+2,2.77
100,151,251Fm,,,,,,,,5.14E+2,1.11E+1,7.42E+3,1.00,5.01E+2,1.57
100,150,250Fm,,,,,,,,6.66E+2,9.58,7.55E+3,7.80,3.34E+2,5.60
100,150,250Fm,,,,,,,,6.66E+2,9.58,7.55E+3,7.80,3.34E+2,5.60
100,156,256Fm,,,,,,,,7.10E+2,3.62,7.02E+3,1.88,3.37E+2,1.00E+2
100,155,255Fm,,,,,,,,6.06E+2,3.29,7.24E+3,5.08E-1,3.06E+2,2.51
100,154,254Fm,,,,,,,,6.70E+2,2.48,7.30E+3,1.01,4.21E+2,5.00E+1
100,153,253Fm,,,,,,,,4.85E+2,2.97,7.19E+3,1.00,6.39E+2,3.04
100,159,259Fm,,,,,,,,7.69E+2,3.43E+2,6.47E+3,2.00E+2,2.65E+2,2.23E+2
100,158,258Fm,,,,,,,,8.85E+2,2.23E+2,6.66E+3,2.00E+2,2.95E+2,1.80E+2
100,157,257Fm,,,,,,,,6.87E+2,1.29E+2,6.86E+3,8.94E-1,2.88E+2,1.00E+2
101,151,252Md,,,,,,,,3.77E+2,6.52E+1,7.74E+3,1.05E+2,5.55E+2,8.09E+1
101,150,251Md,,,,,,,,4.66E+2,6.57E+1,7.96E+3,4.47,2.96E+2,4.02
101,150,251Md,,,,,,,,4.66E+2,6.57E+1,7.96E+3,4.47,2.96E+2,4.02
101,153,254Md,,,,,,,,3.42E+2,2.77,7.80E+3,1.41E+2,5.51E+2,7.11E+1
101,153,254Md,,,,,,,,3.42E+2,2.77,7.80E+3,1.41E+2,5.51E+2,7.11E+1
101,152,253Md,,,,,,,,7.06E+2,4.56E+1,7.57E+3,8.32,7.47E+2,1.61E+1
101,155,256Md,,,,,,,,5.47E+2,2.88,7.73E+3,1.13E+2,3.29E+2,9.11E+1
101,154,255Md,,,,,,,,5.74E+2,3.93,7.90E+3,1.74,3.39E+2,3.55E+1
101,157,258Md,,,,,,,,4.14E+2,2.58,7.27E+3,1.85,3.59E+2,1.00E+2
101,157,258Md,,,,,,,,4.14E+2,2.58,7.27E+3,1.85,3.59E+2,1.00E+2
101,156,257Md,,,,,,,,5.84E+2,2.06,7.55E+3,9.48E-1,2.91E+2,1.00E+2
101,159,260Md,,,,,,,,5.13E+2,3.19E+2,6.94E+3,3.00E+2,2.30E+2,2.12E+2
101,158,259Md,,,,,,,,5.68E+2,1.30E+2,7.05E+3,1.00E+2,3.15E+2,1.11E+2
101,144,245Md,,,,,,,,3.66E+2,3.23E+2,9.00E+3,1.19E+2,,
101,143,244Md,,,,,,,,,,8.94E+3,7.88E+1,,
101,146,247Md,,,,,,,,6.17E+2,2.47E+2,8.76E+3,1.00E+1,3.52E+2,1.44E+2
101,146,247Md,,,,,,,,6.17E+2,2.47E+2,8.76E+3,1.00E+1,3.52E+2,1.44E+2
101,145,246Md,,,,,,,,3.70E+2,2.46E+2,8.88E+3,4.06E+1,,
101,145,246Md,,,,,,,,3.70E+2,2.46E+2,8.88E+3,4.06E+1,,
101,148,249Md,,,,,,,,5.45E+2,1.75E+2,8.44E+3,1.80E+1,2.38E+2,1.35E+1
101,148,249Md,,,,,,,,5.45E+2,1.75E+2,8.44E+3,1.80E+1,2.38E+2,1.35E+1
101,147,248Md,,,,,,,,4.98E+2,2.29E+2,8.49E+3,3.04E+1,3.33E+2,1.74E+1
101,149,250Md,,,,,,,,3.25E+2,1.04E+2,8.15E+3,2.76E+1,3.33E+2,1.44E+1
101,149,250Md,,,,,,,,3.25E+2,1.04E+2,8.15E+3,2.76E+1,3.33E+2,1.44E+1
102,158,260No,,,,,,,,7.89E+2,2.25E+2,7.70E+3,2.00E+2,1.70E+2,1.80E+2
102,157,259No,,,,,,,,5.20E+2,1.30E+2,7.85E+3,5.00,1.99E+2,7.65E+1
102,156,258No,,,,,,,,5.68E+2,4.44,8.15E+3,1.00E+2,1.70E+2,1.11E+2
102,155,257No,,,,,,,,5.38E+2,5.78,8.47E+3,6.00,8.48E+1,3.28E+1
102,154,256No,,,,,,,,7.06E+2,9.35,8.58E+3,5.45,1.59E+2,1.00E+2
102,153,255No,,,,,,,,5.38E+2,1.16E+1,8.42E+3,2.99,3.50E+2,3.55E+1
102,152,254No,,,,,,,,8.62E+2,1.03E+1,8.22E+3,8.04,4.84E+2,7.59
102,152,254No,,,,,,,,8.62E+2,1.03E+1,8.22E+3,8.04,4.84E+2,7.59
102,151,253No,,,,,,,,5.61E+2,8.29,8.41E+3,4.32,3.34E+2,4.68
102,150,252No,,,,,,,,7.72E+2,1.25E+2,8.54E+3,5.32,1.88E+2,8.07
102,150,252No,,,,,,,,7.72E+2,1.25E+2,8.54E+3,5.32,1.88E+2,8.07
102,160,262No,,,,,,,,7.92E+2,3.47E+2,7.25E+3,3.00E+2,1.80E+2,1.80E+2
102,149,251No,,,,,,,,7.27E+2,2.17E+2,8.75E+3,4.06,1.51E+2,2.82
102,149,251No,,,,,,,,7.27E+2,2.17E+2,8.75E+3,4.06,1.51E+2,2.82
102,148,250No,,,,,,,,8.74E+2,2.50E+2,8.95E+3,2.00E+2,1.30E+2,1.41E+2
102,147,249No,,,,,,,,7.48E+2,2.49E+2,9.17E+3,2.00E+2,1.30E+2,1.80E+2
103,159,262Lr,,,,,,,,5.19E+2,2.62E+2,7.99E+3,2.00E+2,1.10E+2,1.41E+2
103,158,261Lr,,,,,,,,6.57E+2,2.26E+2,8.14E+3,2.00E+2,1.30E+2,1.11E+2
103,155,258Lr,,,,,,,,3.83E+2,0.0,8.90E+3,1.85E+1,7.07E+1,5.13E+1
103,154,257Lr,,,,,,,,4.96E+2,4.14E+1,9.06E+3,3.12E+1,7.51E+1,5.28E+1
103,154,257Lr,,,,,,,,4.96E+2,4.14E+1,9.06E+3,3.12E+1,7.51E+1,5.28E+1
103,157,260Lr,,,,,,,,6.45E+2,1.30E+2,8.39E+3,1.43E+2,8.20E+1,1.22E+2
103,156,259Lr,,,,,,,,6.52E+2,0.0,8.58E+3,7.10E+1,1.25E+2,8.38E+1
103,151,254Lr,,,,,,,,4.10E+2,1.04E+2,8.82E+3,8.44,3.07E+2,6.54
103,151,254Lr,,,,,,,,4.10E+2,1.04E+2,8.82E+3,8.44,3.07E+2,6.54
103,150,253Lr,,,,,,,,5.94E+2,1.77E+2,8.91E+3,2.02E+1,1.44E+2,1.43E+1
103,150,253Lr,,,,,,,,5.94E+2,1.77E+2,8.91E+3,2.02E+1,1.44E+2,1.43E+1
103,153,256Lr,,,,,,,,4.13E+2,5.92E+1,8.85E+3,1.23E+2,3.23E+2,6.51E+1
103,152,255Lr,,,,,,,,7.48E+2,6.29E+1,8.55E+3,6.68,5.31E+2,2.71E+1
103,152,255Lr,,,,,,,,7.48E+2,6.29E+1,8.55E+3,6.68,5.31E+2,2.71E+1
103,161,264Lr,,,,,,,,5.22E+2,4.76E+2,7.40E+3,3.00E+2,4.30E+2,2.12E+2
103,163,266Lr,,,,,,,,,,7.57E+3,3.00E+2,3.70E+2,1.80E+2
103,148,251Lr,,,,,,,,,,9.46E+3,2.88E+2,-6.45E+1,1.75E+2
103,148,251Lr,,,,,,,,,,9.46E+3,2.88E+2,-6.45E+1,1.75E+2
103,149,252Lr,,,,,,,,3.69E+2,2.32E+2,9.16E+3,1.69E+1,8.58E+1,1.74E+1
104,163,267Rf,,,,,,,,5.27E+2,5.34E+2,7.89E+3,3.00E+2,4.29E+2,1.65E+2
104,161,265Rf,,,,,,,,5.25E+2,3.51E+2,7.81E+3,3.00E+2,3.83E+2,1.54E+2
104,156,260Rf,,,,,,,,7.32E+2,1.86E+2,8.90E+3,2.00E+2,1.55E+2,1.41E+2
104,155,259Rf,,,,,,,,7.12E+2,1.30E+2,9.13E+3,7.10E+1,1.36E+2,4.67E+1
104,154,258Rf,,,,,,,,8.20E+2,1.26E+1,9.19E+3,1.28E+1,2.01E+2,9.97
104,153,257Rf,,,,,,,,5.83E+2,1.42E+1,9.08E+3,8.32,3.15E+2,8.57
104,153,257Rf,,,,,,,,5.83E+2,1.42E+1,9.08E+3,8.32,3.15E+2,8.57
104,159,263Rf,,,,,,,,3.90E+2,2.63E+2,8.25E+3,1.53E+2,1.86E+2,1.30E+2
104,158,262Rf,,,,,,,,6.08E+2,2.29E+2,8.49E+3,2.00E+2,1.55E+2,1.11E+2
104,157,261Rf,,,,,,,,5.48E+2,1.90E+2,8.64E+3,6.53E+1,2.02E+2,6.96E+1
104,157,261Rf,,,,,,,,5.48E+2,1.90E+2,8.64E+3,6.53E+1,2.02E+2,6.96E+1
104,152,256Rf,,,,,,,,9.17E+2,1.28E+2,8.92E+3,1.52E+1,4.87E+2,9.15
104,151,255Rf,,,,,,,,6.93E+2,2.20E+2,9.05E+3,3.92,3.54E+2,4.51
104,150,254Rf,,,,,,,,7.61E+2,3.35E+2,9.21E+3,2.00E+2,2.30E+2,1.80E+2
104,149,253Rf,,,,,,,,,,9.43E+3,3.00E+2,,
105,163,268Db,,,,,,,,5.29E+2,4.83E+2,8.26E+3,3.00E+2,5.21E+2,1.52E+2
105,165,270Db,,,,,,,,,,8.31E+3,2.00E+2,3.14E+2,1.04E+2
105,162,267Db,,,,,,,,9.40E+2,3.53E+2,7.92E+3,3.00E+2,7.49E+2,1.56E+2
105,161,266Db,,,,,,,,5.28E+2,2.66E+2,8.21E+3,2.00E+2,4.27E+2,1.10E+2
105,153,258Db,,,,,,,,4.35E+2,1.08E+2,9.43E+3,1.00E+1,4.41E+2,9.01
105,153,258Db,,,,,,,,4.35E+2,1.08E+2,9.43E+3,1.00E+1,4.41E+2,9.01
105,152,257Db,,,,,,,,7.03E+2,1.79E+2,9.20E+3,2.02E+1,6.47E+2,3.75E+1
105,152,257Db,,,,,,,,7.03E+2,1.79E+2,9.20E+3,2.02E+1,6.47E+2,3.75E+1
105,155,260Db,,,,,,,,4.35E+2,2.83E+1,9.50E+3,4.20E+1,1.79E+2,7.83E+1
105,154,259Db,,,,,,,,5.50E+2,6.09E+1,9.61E+3,5.38E+1,2.30E+2,1.52E+2
105,157,262Db,,,,,,,,6.52E+2,2.27E+2,9.04E+3,1.01E+2,1.90E+2,6.35E+1
105,156,261Db,,,,,,,,6.55E+2,1.31E+2,9.21E+3,1.01E+2,2.22E+2,1.17E+2
105,158,263Db,,,,,,,,7.92E+2,2.63E+2,8.83E+3,1.52E+2,1.98E+2,1.26E+2
105,151,256Db,,,,,,,,3.82E+2,2.36E+2,9.33E+3,3.04E+1,5.32E+2,3.30E+1
105,150,255Db,,,,,,,,,,9.34E+3,2.00E+2,,
105,150,255Db,,,,,,,,,,9.34E+3,2.00E+2,,
106,158,264Sg,,,,,,,,7.94E+2,2.28E+2,9.21E+3,2.00E+2,2.75E+2,1.11E+2
106,157,263Sg,,,,,,,,6.78E+2,1.32E+2,9.40E+3,6.09E+1,3.17E+2,3.11E+1
106,157,263Sg,,,,,,,,6.78E+2,1.32E+2,9.40E+3,6.09E+1,3.17E+2,3.11E+1
106,156,262Sg,,,,,,,,7.31E+2,1.82E+1,9.59E+3,1.52E+1,3.72E+2,1.09E+1
106,155,261Sg,,,,,,,,5.46E+2,1.99E+1,9.71E+3,1.50E+1,3.78E+2,1.06E+1
106,154,260Sg,,,,,,,,6.96E+2,1.30E+2,9.90E+3,1.01E+1,3.45E+2,1.13E+1
106,153,259Sg,,,,,,,,5.91E+2,3.16E+2,9.76E+3,8.12,4.84E+2,3.92E+1
106,153,259Sg,,,,,,,,5.91E+2,3.16E+2,9.76E+3,8.12,4.84E+2,3.92E+1
106,152,258Sg,,,,,,,,,,9.67E+3,3.00E+2,,
106,159,265Sg,,,,,,,,5.27E+2,2.65E+2,9.05E+3,1.23E+2,1.11E+2,1.03E+2
106,159,265Sg,,,,,,,,5.27E+2,2.65E+2,9.05E+3,1.23E+2,1.11E+2,1.03E+2
106,161,267Sg,,,,,,,,5.31E+2,3.53E+2,8.62E+3,2.12E+2,4.17E+2,1.14E+2
106,160,266Sg,,,,,,,,5.35E+2,2.66E+2,8.80E+3,1.00E+2,1.34E+2,5.34E+1
106,165,271Sg,,,,,,,,6.71E+2,6.21E+2,8.74E+3,1.38E+2,3.50E+2,7.40E+1
106,163,269Sg,,,,,,,,5.32E+2,4.25E+2,8.57E+3,7.49E+1,5.36E+2,4.92E+1
107,171,278Bh,,,,,,,,,,,,,
107,155,262Bh,,,,,,,,5.06E+2,1.72E+2,1.03E+4,1.50E+1,3.38E+2,1.47E+1
107,155,262Bh,,,,,,,,5.06E+2,1.72E+2,1.03E+4,1.50E+1,3.38E+2,1.47E+1
107,154,261Bh,,,,,,,,6.42E+2,1.87E+2,1.05E+4,7.22E+1,3.09E+2,2.03E+2
107,157,264Bh,,,,,,,,5.27E+2,2.64E+2,9.86E+3,1.51E+2,4.54E+2,1.06E+2
107,153,260Bh,,,,,,,,,,1.04E+4,5.85E+1,,
107,160,267Bh,,,,,,,,5.36E+2,2.67E+2,9.23E+3,2.02E+2,3.40E+2,1.42E+2
107,165,272Bh,,,,,,,,5.38E+2,4.90E+2,9.30E+3,5.38E+1,3.98E+2,2.73E+1
107,167,274Bh,,,,,,,,4.04E+2,5.48E+2,8.93E+3,6.00E+1,3.20E+2,3.35E+1
107,164,271Bh,,,,,,,,6.83E+2,3.59E+2,9.41E+3,8.60E+1,5.31E+2,5.00E+1
107,163,270Bh,,,,,,,,6.69E+2,2.70E+2,9.06E+3,9.53E+1,7.65E+2,1.24E+2
107,159,266Bh,,,,,,,,3.97E+2,2.66E+2,9.42E+3,7.70E+1,3.77E+2,6.31E+1
107,158,265Bh,,,,,,,,5.31E+2,2.65E+2,9.66E+3,2.12E+2,4.09E+2,1.45E+2
108,159,267Hs,,,,,,,,7.01E+2,1.34E+2,1.00E+4,1.30E+1,4.16E+2,1.09E+1
108,159,267Hs,,,,,,,,7.01E+2,1.34E+2,1.00E+4,1.30E+1,4.16E+2,1.09E+1
108,158,266Hs,,,,,,,,7.02E+2,2.26E+1,1.03E+4,1.55E+1,3.85E+2,1.62E+1
108,158,266Hs,,,,,,,,7.02E+2,2.26E+1,1.03E+4,1.55E+1,3.85E+2,1.62E+1
108,157,265Hs,,,,,,,,5.48E+2,2.60E+1,1.04E+4,1.52E+1,5.19E+2,1.66E+1
108,163,271Hs,,,,,,,,6.73E+2,3.59E+2,9.46E+3,8.70E+1,1.04E+3,1.09E+2
108,162,270Hs,,,,,,,,1.08E+3,2.34E+2,9.06E+3,3.77E+1,1.29E+3,1.51E+2
108,161,269Hs,,,,,,,,5.37E+2,1.90E+2,9.27E+3,1.67E+2,1.04E+3,8.77E+1
108,160,268Hs,,,,,,,,6.70E+2,1.89E+2,9.76E+3,1.00E+2,4.65E+2,1.58E+2
108,167,275Hs,,,,,,,,6.82E+2,6.30E+2,9.44E+3,5.38E+1,3.28E+2,6.43E+1
108,165,273Hs,,,,,,,,5.41E+2,4.31E+2,9.64E+3,6.40E+1,6.25E+2,6.75E+1
108,156,264Hs,,,,,,,,7.26E+2,1.33E+2,1.05E+4,2.03E+1,5.34E+2,1.50E+2
108,155,263Hs,,,,,,,,,,1.07E+4,7.81E+1,5.21E+2,4.65E+1
108,169,277Hs,,,,,,,,6.86E+2,5.86E+2,9.03E+3,2.00E+2,2.21E+2,1.44E+2
109,168,277Mt,,,,,,,,5.59E+2,5.54E+2,9.90E+3,1.00E+2,0.0,2.06E+2
109,167,276Mt,,,,,,,,5.47E+2,4.97E+2,1.00E+4,1.00E+1,2.43E+1,7.14
109,167,276Mt,,,,,,,,5.47E+2,4.97E+2,1.00E+4,1.00E+1,2.43E+1,7.14
109,169,278Mt,,,,,,,,5.51E+2,5.56E+2,9.57E+3,3.00E+1,-1.49E+1,5.41E+1
109,161,270Mt,,,,,,,,6.74E+2,2.70E+2,1.01E+4,1.00E+2,6.48E+2,6.59E+1
109,166,275Mt,,,,,,,,6.92E+2,3.64E+2,1.04E+4,5.10E+1,2.36E+1,8.76E+1
109,165,274Mt,,,,,,,,5.44E+2,3.61E+2,1.05E+4,2.30E+2,1.25E+2,1.24E+2
109,157,266Mt,,,,,,,,4.63E+2,3.82E+2,1.09E+4,2.53E+1,,
109,159,268Mt,,,,,,,,6.70E+2,3.53E+2,1.07E+4,1.51E+2,2.14E+2,7.57E+1
110,157,267Ds,,,,,,,,,,1.17E+4,5.07E+1,,
110,159,269Ds,,,,,,,,7.34E+2,1.37E+2,1.15E+4,2.95E+1,,
110,171,281Ds,,,,,,,,5.57E+2,5.95E+2,9.47E+3,2.08E+2,-4.25E+1,1.19E+2
110,170,280Ds,,,,,,,,7.04E+2,7.13E+2,9.71E+3,2.00E+2,-2.00E+1,1.25E+2
110,172,282Ds,,,,,,,,5.69E+2,4.45E+2,9.14E+3,4.24E+2,4.50E+1,4.35E+2
110,160,270Ds,,,,,,,,7.24E+2,3.19E+1,1.11E+4,2.84E+1,,
110,167,277Ds,,,,,,,,6.89E+2,4.37E+2,1.09E+4,1.19E+2,-2.35E+2,6.75E+1
110,163,273Ds,,,,,,,,5.43E+2,3.60E+2,1.13E+4,5.39E+1,1.27E+2,3.97E+1
110,161,271Ds,,,,,,,,6.46E+2,2.72E+2,1.08E+4,1.76E+1,,
110,161,271Ds,,,,,,,,6.46E+2,2.72E+2,1.08E+4,1.76E+1,,
110,169,279Ds,,,,,,,,6.93E+2,6.39E+2,1.01E+4,1.17E+2,-1.09E+2,8.13E+1
110,169,279Ds,,,,,,,,6.93E+2,6.39E+2,1.01E+4,1.17E+2,-1.09E+2,8.13E+1
111,175,286Rg,,,,,,,,,,8.63E+3,1.00E+2,3.75E+2,7.07E+1
111,171,282Rg,,,,,,,,2.78E+2,6.45E+2,9.55E+3,1.04E+2,1.19E+2,5.76E+1
111,170,281Rg,,,,,,,,2.85E+2,7.16E+2,9.90E+3,4.00E+2,5.49E+1,2.00E+2
111,167,278Rg,,,,,,,,2.75E+2,4.39E+2,1.08E+4,9.53E+1,-3.15E+1,6.74E+1
111,163,274Rg,,,,,,,,4.09E+2,3.63E+2,1.14E+4,8.60E+1,2.57E+2,5.83E+1
111,161,272Rg,,,,,,,,,,1.11E+4,1.33E+1,,
111,168,279Rg,,,,,,,,2.82E+2,5.03E+2,1.05E+4,1.67E+2,-5.64E+1,1.00E+2
111,169,280Rg,,,,,,,,1.36E+2,6.42E+2,1.01E+4,1.02E+1,6.56E+1,1.97E+1
112,165,277Cn,,,,,,,,6.91E+2,4.37E+2,1.16E+4,5.83E+1,,
112,169,281Cn,,,,,,,,7.00E+2,4.44E+2,1.04E+4,6.40E+1,6.50E+1,4.76E+1
112,174,286Cn,,,,,,,,7.19E+2,5.72E+2,9.23E+3,7.61E+2,3.10E+2,3.80E+2
112,170,282Cn,,,,,,,,7.07E+2,5.08E+2,1.01E+4,2.00E+2,1.02E+2,1.02E+2
112,171,283Cn,,,,,,,,5.63E+2,6.48E+2,9.88E+3,1.13E+2,1.39E+2,6.22E+1
112,172,284Cn,,,,,,,,7.13E+2,7.24E+2,9.67E+3,1.50E+2,2.03E+2,7.52E+1
112,173,285Cn,,,,,,,,5.66E+2,6.52E+2,9.38E+3,1.16E+2,2.83E+2,6.65E+1
113,165,278Nh,,,,,,,,,,1.19E+4,7.88E+1,,
113,169,282Nh,,,,,,,,5.62E+2,3.73E+2,1.07E+4,9.53E+1,,
113,171,284Nh,,,,,,,,4.23E+2,6.51E+2,1.02E+4,3.81E+1,1.84E+2,3.14E+1
113,172,285Nh,,,,,,,,4.30E+2,7.26E+2,1.00E+4,4.00E+1,2.40E+2,3.20E+1
113,170,283Nh,,,,,,,,5.68E+2,5.10E+2,1.04E+4,1.12E+2,1.71E+2,6.62E+1
113,173,286Nh,,,,,,,,2.83E+2,6.54E+2,9.78E+3,5.00E+1,3.10E+2,3.20E+1
113,177,290Nh,,,,,,,,,,9.38E+3,1.00E+2,,
114,170,284Fl,,,,,,,,,,1.07E+4,3.00E+2,,
114,171,285Fl,,,,,,,,5.68E+2,4.50E+2,1.05E+4,7.07E+1,2.70E+2,1.54E+2
114,172,286Fl,,,,,,,,5.74E+2,5.16E+2,1.03E+4,4.05E+1,3.20E+2,3.52E+1
114,173,287Fl,,,,,,,,4.28E+2,6.58E+2,1.01E+4,5.22E+1,3.61E+2,5.03E+1
114,174,288Fl,,,,,,,,5.79E+2,7.34E+2,1.00E+4,1.19E+1,3.57E+2,8.52
114,175,289Fl,,,,,,,,4.30E+2,6.61E+2,9.95E+3,6.53E+1,3.61E+2,4.58E+1
114,176,290Fl,,,,,,,,5.84E+2,5.80E+2,9.85E+3,3.04E+1,,
115,175,290Mc,,,,,,,,2.87E+2,7.39E+2,1.04E+4,4.00E+1,3.85E+2,2.82E+1
115,173,288Mc,,,,,,,,5.74E+2,6.60E+2,1.06E+4,5.00E+1,4.40E+2,2.01E+2
115,174,289Mc,,,,,,,,5.80E+2,7.36E+2,1.04E+4,5.00E+1,4.15E+2,3.53E+1
115,172,287Mc,,,,,,,,,,1.07E+4,7.07E+1,3.60E+2,2.03E+2
116,174,290Lv,,,,,,,,7.26E+2,5.80E+2,1.09E+4,5.75E+1,4.35E+2,3.27E+1
116,175,291Lv,,,,,,,,5.80E+2,6.67E+2,1.08E+4,8.60E+1,4.05E+2,1.08E+2
116,176,292Lv,,,,,,,,7.32E+2,7.44E+2,1.07E+4,1.21E+1,,
116,177,293Lv,,,,,,,,,,1.06E+4,6.43E+1,,
117,176,293Ts,,,,,,,,4.41E+2,7.47E+2,1.13E+4,5.00E+1,,
117,177,294Ts,,,,,,,,,,1.11E+4,4.00E+1,,
118,176,294Og,,,,,,,,5.89E+2,5.88E+2,1.18E+4,3.12E+1,,