"Atomic Number (Z)","Atomic Mass (A)","Level Index","Element","Level Energy (Modifier)","Level Energy","Level Energy (Unit)","Level Energy (Error)","Spin-Parity","Half-Life (Modifier)","Half-Life","Half-Life (Unit)","Half-Life (Error)","Decay Width (Modifier)","Decay Width","Decay Width (Unit)","Decay Width (Error)","Abundance (Modifier)","Abundance","Abundance (Error)","Mass Excess","Mass Excess (Unit)","Mass Excess (Error)","Decay Modes",
0,1,0,NN,,0,keV,,"1/2+",,608.9,s,0.3,,,,,,,,8071.31806,keV,0.00044,"B- = 100 ",
1,1,0,H,,0,keV,,"1/2+",,STABLE,,,,,,,,99.9855,,7288.971064,keV,0.000013,,
1,2,0,H,,0,keV,,"1+",,STABLE,,,,,,,,0.0145,,13135.722895,keV,0.000015,,
1,3,0,H,,0,keV,,"1/2+",,12.3221,y,0.0106,,,,,,,,14949.8109,keV,0.00008,"B- = 100 ",
1,4,0,H,,0,keV,,"2-",,,,,,3.3,MeV,0.3,,,,24621.129,keV,100,"n = 100",
1,5,0,H,,0,keV,,"(1/2+)",,,,,,5.3,MeV,0.4,,,,32892.447,keV,89.443,"2n ~ 100 ",
1,6,0,H,,0,keV,0,,,,,,,1.5,MeV,0.3,,,,41875.725,keV,254.127,"3n = 100",
1,7,0,H,,0,keV,0,"1/2+",,,,,,0.18,MeV,+0.47-0.13,,,,49135,keV,1004,"2n?,4n?",
2,3,0,He,,0,keV,,"1/2+",,STABLE,,,,,,,,0.0002,0.0002,14931.21888,keV,0.00006,,
2,4,0,He,,0,keV,,"0+",,STABLE,,,,,,,,99.9998,0.0002,2424.91587,keV,0.00015,,
2,5,0,He,,0,keV,,"3/2-",,,,,,719,keV,48,,,,11231.234,keV,20,"n = 100",
2,6,0,He,,0,keV,,"0+",,807.12,ms,0.17,,,,,,,,17592.095,keV,0.053,"B- = 100 ",
2,7,0,He,,0,keV,,"(3/2)-",,,,,,195,keV,4,,,,26073.128,keV,7.559,"n = 100",
2,8,0,He,,0,keV,0,"0+",,119,ms,1.6,,,,,,,,31609.683,keV,0.089,"B- = 100,B-n = 16 1",
2,9,0,He,,0,keV,,"1/2+",,,,,,180,keV,100,,,,40935.826,keV,46.816,"n = 100 ",
2,10,0,He,,0,keV,,"0+",,,,,,1.8,MeV,0.3,,,,49197.147,keV,92.848,"2n = 100",
3,4,0,Li,,0,keV,,"2-",,,,,,5,MeV,0.5,,,,25323.19,keV,212.132,"p = 100 ",
3,5,0,Li,,0,keV,,"3/2-",,,,,,1.23,MeV,0,,,,11678.887,keV,50,"p = 100",
3,6,0,Li,,0,keV,,"1+",,STABLE,,,,,,,,4.85,,14086.88044,keV,0.00144,,
3,7,0,Li,,0,keV,,"3/2-",,STABLE,,,,,,,,95.15,,14907.10463,keV,0.00419,,
3,8,0,Li,,0,keV,,"2+",,838.79,ms,0.35,,,,,,,,20945.805,keV,0.047,"B- = 100 ,B-a = 100",
3,9,0,Li,,0,keV,0,"3/2-",,178,ms,0.3,,,,,,,,24954.905,keV,0.186,"B-a = 12.3 0.9,B-n = 51 0.9,B- = 100",
3,10,0,Li,,0,keV,2.5,"(1-),(2-)",,,,,,0.23,MeV,,,,,33052.628,keV,12.721,"n = 100 ",
3,11,0,Li,,0,keV,0,"3/2-",,8.75,ms,0.1,,,,,,,,40728.259,keV,0.615,"B-a = 1.7 0.3,B-n = 84.3 1.3,B-3n = 1.9 0.2,B- = 100,B-2n = 4.2 0.3",
3,12,0,Li,,0,keV,,"(1-),(2-)",,,,,,,,,,,,49009.577,keV,30.006,"n = 100 ",
3,13,0,Li,,0,keV,0,,,,,,,125,keV,+60-40,,,,56980.895,keV,70.003,"2n = 100",
4,6,0,Be,,0,keV,,"0+",,,,,,92,keV,6,,,,18375.034,keV,5.448,"2p = 100 ",
4,7,0,Be,,0,keV,,"3/2-",,53.3,d,0.1,,,,,,,,15768.998,keV,0.071,"EC = 100 ",
4,8,0,Be,,0,keV,,"0+",,,,,,5.57,eV,0.25,,,,4941.672,keV,0.035,"a = 100 ",
4,9,0,Be,,0,keV,,"3/2-",,STABLE,,,,,,,,100,0,11348.451,keV,0.076,,
4,10,0,Be,,0,keV,,"0+",,1385587,y,11581,,,,,,,,12607.487,keV,0.081,"B- = 100 ",
4,11,0,Be,,0,keV,0,"1/2+",,13.77,s,0.07,,,,,,,,20177.169,keV,0.238,"B-a = 3.3 0.1,B-p = 0.000013 0.000003,B- = 100",
4,12,0,Be,,0,keV,0,"0+",,21.46,ms,0.05,,,,,,,,25077.761,keV,1.909,"B- = 100,B-n = 0.5 0.03",
4,13,0,Be,,0,keV,0,"(1/2-)",,,,,,450,keV,30,,,,33659.08,keV,10.18,"n?",
4,14,0,Be,,0,keV,0,"0+",,4.65,ms,0.12,,,,,,,,39954.502,keV,132.245,"B-a = 0.004 ,B-2n = 5 2,B- = 100,B-n = 86 6",
4,15,0,Be,,0,keV,,"(5/2+)",,,,,,580,keV,200,,,,49825.821,keV,165.797,"n = 100",
4,16,0,Be,,0,keV,,"0+",,,,,,0.8,MeV,+0.1-0.2,,,,57447.139,keV,165.797,"2n = 100",
5,7,0,B,,0,keV,,"(3/2-)",,,,,,801,keV,20,,,,27676.553,keV,25.15,"p ~ 100 ",
5,8,0,B,,0,keV,,"2+",,772.1,ms,1.1,,,,,,,,22921.569,keV,1,"ECa = 100,EC+B+ = 100 ",
5,9,0,B,,0,keV,,"3/2-",,,,,,540,eV,210,,,,12416.486,keV,0.903,"p = 100 ",
5,10,0,B,,0,keV,,"3+",,STABLE,,,,,,,,19.65,,12050.611,keV,0.015,,
5,11,0,B,,0,keV,,"3/2-",,STABLE,,,,,,,,80.35,,8667.708,keV,0.012,,
5,12,0,B,,0,keV,,"1+",,20.22,ms,0.04,,,,,,,,13369.398,keV,1.321,"B- = 100 ,B-a = 0.6 0.02",
5,13,0,B,,0,keV,0,"3/2-",,17.16,ms,0.18,,,,,,,,16561.948,keV,1,"B- = 100,B-n = 0.266 0.025",
5,14,0,B,,0,keV,0,"2-",,12.34,ms,0.27,,,,,,,,23663.686,keV,21.213,"B- = 100,B-n = 6.04 0.23",
5,15,0,B,,0,keV,0,"3/2-",,10.18,ms,0.35,,,,,,,,28957.379,keV,21.029,"B-n = 99.68 +0.08-1.6,B-2n = 1.5 ,B- = 100",
5,16,0,B,,0,keV,,,,,,,,100,keV,,,,,37111.699,keV,24.566,"n = 100 ",
5,17,0,B,,0,keV,0,"(3/2-)",,5.07,ms,0.05,,,,,,,,43716.322,keV,204.104,"B-n = 63 1,B-3n = 3.5 0.7,B-4n = 0.4 0.3,B- = 100,B-2n = 12 2",
5,18,0,B,,0,keV,,"(2-)",,,,,,,,,,,,51792.64,keV,204.165,"n = 100 ",
5,19,0,B,,0,keV,0,"(3/2-)",,2.92,ms,0.13,,,,,,,,59770.251,keV,525.363,"B-3n = 9.1 ,B-2n = 16 +5.6-4.8,B- = 100,B-n = 71.8 +8.3-9.1",
5,20,0,B,,0,keV,,"(1-),(2-)",,,,,,500,keV,,,,,69401.569,keV,546.357,"n = 100 ",
5,21,0,B,,0,keV,,"(3/2-)",,,,,,600,keV,,,,,78382.887,keV,558.664,"2n = 100",
6,8,0,C,,0,keV,,"0+",,,,,,130,keV,50,,,,35064.269,keV,18.243,"2p = 100 ",
6,9,0,C,,0,keV,,"3/2-",,126.5,ms,0.9,,,,,,,,28910.971,keV,2.137,"ECa = 37.9 5.8,EC+B+ = 100 ,ECp = 62 1.9",
6,10,0,C,,0,keV,,"0+",,19.3015,s,0.0018,,,,,,,,15698.673,keV,0.07,"EC+B+ = 100 ",
6,11,0,C,,0,keV,,"3/2-",,20.3401,m,0.0041,,,,,,,,10649.397,keV,0.06,"EC+B+ = 100 ",
6,12,0,C,,0,keV,,"0+",,STABLE,,,,,,,,98.94,,0,keV,0,,
6,13,0,C,,0,keV,,"1/2-",,STABLE,,,,,,,,1.06,,3125.00933,keV,0.00023,,
6,14,0,C,,0,keV,,"0+",,5686,y,22,,,,,,,,3019.89328,keV,0.00375,"B- = 100 ",
6,15,0,C,,0,keV,,"1/2+",,2.451,s,0.004,,,,,,,,9873.145,keV,0.8,"B- = 100 ",
6,16,0,C,,0,keV,0,"0+",,750,ms,5,,,,,,,,13694.133,keV,3.578,"B- = 100,B-n = 99.28 0.12",
6,17,0,C,,0,keV,0,"3/2+",,193,ms,5,,,,,,,,21031.88,keV,17.365,"B-n = 28.4 1.3,B-2n?,B- = 100",
6,18,0,C,,0,keV,0,"0+",,92,ms,2,,,,,,,,24919.266,keV,30,"B-n = 31.5 1.5,B-2n?,B- = 100",
6,19,0,C,,0,keV,0,"(1/2+)",,46.3,ms,2.3,,,,,,,,32413.754,keV,98.389,"B-n = 47 3,B-2n = 7 3,B- = 100",
6,20,0,C,,0,keV,0,"0+",,16,ms,3,,,,,,,,37503.567,keV,230.625,"B-n = 66 10,B-2n = 18.6 ,B- = 100",
6,22,0,C,,0,keV,0,"0+",,6.1,ms,+1.4-1.2,,,,,,,,53611.203,keV,231.49,"B-n = 61 +14-13,B-2n = 37 ,B- = 100",
7,10,0,N,,0,keV,,"(1-)",,,,,,2.5,MeV,+2-1.5,,,,38800.027,keV,400,"p = 100 ",
7,11,0,N,,0,keV,,"1/2+",,,,,,780,keV,10,,,,24365.644,keV,5,"p = 100 ",
7,12,0,N,,0,keV,,"1+",,10.996,ms,0.015,,,,,,,,17338.068,keV,1,"ECa = 1.93 0.04,EC+B+ = 100 ",
7,13,0,N,,0,keV,,"1/2-",,9.967,m,0.004,,,,,,,,5345.481,keV,0.27,"EC+B+ = 100 ",
7,14,0,N,,0,keV,,"1+",,STABLE,,,,,,,,99.6205,,2863.41683,keV,0.00022,,
7,15,0,N,,0,keV,,"1/2-",,STABLE,,,,,,,,0.3795,,101.43809,keV,0.00058,,
7,16,0,N,,0,keV,0,"2-",,7.13,s,0.01,,,,,,,,5683.907,keV,2.301,"B- = 100 ,B-a = 0.00154 0.00005",
7,17,0,N,,0,keV,0,"1/2-",,4.171,s,0.003,,,,,,,,7870.079,keV,15,"B-a = 0.0025 0.0004,B-n = 95.1 0.7,B- = 100",
7,18,0,N,,0,keV,0,"1-",,619,ms,2,,,,,,,,13113.167,keV,18.57,"B-a = 12.2 0.6,B-2n?,B- = 100,B-n = 8.3 1.3",
7,19,0,N,,0,keV,0,"1/2-",,336,ms,3,,,,,,,,15856.255,keV,16.404,"B- = 100,B-n = 41.8 0.9",
7,20,0,N,,0,keV,0,"(2-)",,136,ms,3,,,,,,,,21766.498,keV,78.894,"B-n = 42.9 1.4,B-2n ~ 4.5 ,B- = 100",
7,21,0,N,,0,keV,0,"(1/2-)",,85.3,ms,4.5,,,,,,,,25231.915,keV,134.048,"B-n = 86.5 3.7,B-2n?,B- = 100",
7,22,0,N,,0,keV,0,"(0-)",,20.9,ms,2.1,,,,,,,,31764.805,keV,207.779,"B-n = 34 2,B-2n = 12 3,B- = 100",
7,23,0,N,,0,keV,0,,,14.1,ms,+1.2-1.5,,,,,,,,36720.429,keV,420.57,"B-3n = 3.4 ,B-2n = 8 4,B- = 100,B-n = 42 6",
7,24,0,N,,0,keV,,,,52,ns,,,,,,,,,46938,keV,401,"n?",
8,11,0,O,,0,keV,0,"(3/2-)",,,,,,2.31,MeV,0.14,,,,47738.913,keV,60.038,"2p = 100",
8,12,0,O,,0,keV,,"0+",,,,,,51,keV,19,,,,32013.335,keV,12,"2p = 100 ",
8,13,0,O,,0,keV,,"(3/2-)",,8.58,ms,0.07,,,,,,,,23115.432,keV,9.526,"ECp = 10.8 2,EC+B+ = 100 ",
8,14,0,O,,0,keV,,"0+",,70.6183,s,0.0074,,,,,,,,8007.781,keV,0.025,"EC+B+ = 100 ",
8,15,0,O,,0,keV,,"1/2-",,122.268,s,0.043,,,,,,,,2855.622,keV,0.49,"EC+B+ = 100 ",
8,16,0,O,,0,keV,,"0+",,STABLE,,,,,,,,99.757,,-4737.00217,keV,0.0003,,
8,17,0,O,,0,keV,,"5/2+",,STABLE,,,,,,,,0.03835,,-808.76421,keV,0.00064,,
8,18,0,O,,0,keV,,"0+",,STABLE,,,,,,,,0.2045,,-782.81634,keV,0.00064,,
8,19,0,O,,0,keV,,"5/2+",,26.47,s,0.006,,,,,,,,3332.858,keV,2.637,"B- = 100 ",
8,20,0,O,,0,keV,,"0+",,13.51,s,0.04,,,,,,,,3796.172,keV,0.885,"B- = 100 ",
8,21,0,O,,0,keV,,"(5/2+)",,3.42,s,0.1,,,,,,,,8062.034,keV,12,"B- = 100 ",
8,22,0,O,,0,keV,0,"0+",,2.19,s,0.16,,,,,,,,9283.032,keV,56.921,"B- = 100,B-n = 22 ",
8,23,0,O,,0,keV,0,"1/2+",,96,ms,8,,,,,,,,14621.371,keV,121.712,"B- = 100,B-n = 7 2",
8,24,0,O,,0,keV,0,"0+",,72,ms,4,,,,,,,,18500.404,keV,164.874,"B- = 100,B-n = 41 3",
8,25,0,O,,0,keV,0,"(3/2+)",,,,,,88,keV,6,,,,27329.03,keV,165.084,"n = 100",
8,26,0,O,,0,keV,0,"0+",,0.0045,ns,+0.0032-0.0034,,,,,,,,34661.041,keV,164.95,"2n = 100",
8,28,0,O,,0,keV,,"0+",,100,ns,,,,,,,,,52080,keV,699,"2n?",
9,14,0,F,,0,keV,0,"2-",,,,,,910,keV,100,,,,31964.403,keV,41.119,"p = 100",
9,15,0,F,,0,keV,,"1/2+",,,,,,0.38,MeV,0.21,,,,16566.752,keV,14,"p = 100 ",
9,16,0,F,,0,keV,,"0-",,,,,,23.1,keV,3.8,,,,10675.182,keV,5.364,"p = 100 ",
9,17,0,F,,0,keV,,"5/2+",,64.368,s,0.025,,,,,,,,1951.701,keV,0.248,"EC+B+ = 100 ",
9,18,0,F,,0,keV,,"1+",,109.734,m,0.008,,,,,,,,873.112,keV,0.463,"EC+B+ = 100",
9,19,0,F,,0,keV,,"1/2+",,STABLE,,,,,,,,100,0,-1487.44512,keV,0.00082,,
9,20,0,F,,0,keV,,"2+",,11.0064,s,0.0081,,,,,,,,-17.463,keV,0.03,"B- = 100 ",
9,21,0,F,,0,keV,,"5/2+",,4.158,s,0.02,,,,,,,,-47.605,keV,1.8,"B- = 100 ",
9,22,0,F,,0,keV,0,"4+",,4.23,s,0.04,,,,,,,,2793.376,keV,12.399,"B- = 100,B-n = 11 ",
9,23,0,F,,0,keV,0,"(5/2+)",,2.23,s,0.14,,,,,,,,3285.263,keV,33.32,"B- = 100,B-n = 14 ",
9,24,0,F,,0,keV,0,"(3+)",,384,ms,15,,,,,,,,7544.516,keV,97.67,"B- = 100,B-n = 5.9 ",
9,25,0,F,,0,keV,0,"(5/2+)",,81,ms,10,,,,,,,,11334.167,keV,96.442,"B-n = 23.6 3.2,B-2n?,B- = 100",
9,26,0,F,,0,keV,0,"1+",,8.6,ms,0.7,,,,,,,,18674.655,keV,107.027,"B-n = 14 3,B-2n?,B- = 100",
9,26,1,F,,643.4,keV,0.1,"(4+)",,2.2,ms,0.1,,,,,,,,19318.055,keV,107.027,"B-n = 12 8,IT = 82 11,B- = 18 11",
9,27,0,F,,0,keV,0,"(5/2+)",,5.3,ms,0.3,,,,,,,,25133.478,keV,120.198,"B-n = 90 +10-30,B-2n?,B- = 100",
9,28,0,F,,0,keV,0,"(4-)",,,,,,180,keV,40,,,,33403.796,keV,120.347,"n = 100",
9,29,0,F,,0,keV,0,,,3.3,ms,0.4,,,,,,,,40150.19,keV,525.363,"B-n = 60 40,B-2n?,B- = 100",
9,30,0,F,,0,keV,0,,,250,ns,,,,,,,,,48960,keV,500,"n?",
9,31,0,F,,0,keV,0,,,,,,,,,,,,,56843,keV,535,"B-n?,B-2n?,B- = 100",
10,15,0,Ne,,0,keV,,"(3/2-)",,,,,,0.59,MeV,0.23,,,,40215.374,keV,66.684,"2p = 100 ",
10,16,0,Ne,,0,keV,,"0+",,,,,,80,keV,,,,,23986.775,keV,20.48,"2p = 100",
10,17,0,Ne,,0,keV,,"1/2-",,109.1,ms,0.5,,,,,,,,16500.452,keV,0.354,"ECa = 3.51 0.16,EC+B+ = 100,ECp = 94.4 2.9",
10,18,0,Ne,,0,keV,,"0+",,1.66432,s,+0.00056-0.00055,,,,,,,,5317.617,keV,0.363,"EC+B+ = 100 ",
10,19,0,Ne,,0,keV,0,"1/2+",,17.2569,s,0.0019,,,,,,,,1752.054,keV,0.16,"EC+B+ = 100 ",
10,20,0,Ne,,0,keV,,"0+",,STABLE,,,,,,,,90.48,0.03,-7041.93217,keV,0.00154,,
10,21,0,Ne,,0,keV,,"3/2+",,STABLE,,,,,,,,0.27,0.01,-5731.776,keV,0.038,,
10,22,0,Ne,,0,keV,,"0+",,STABLE,,,,,,,,9.25,0.03,-8024.716,keV,0.018,,
10,23,0,Ne,,0,keV,,"5/2+",,37.148,s,0.032,,,,,,,,-5154.045,keV,0.104,"B- = 100 ",
10,24,0,Ne,,0,keV,,"0+",,3.38,m,0.02,,,,,,,,-5951.642,keV,0.513,"B- = 100 ",
10,25,0,Ne,,0,keV,,"1/2+",,602,ms,8,,,,,,,,-2035.503,keV,29.045,"B- = 100 ",
10,26,0,Ne,,0,keV,0,"0+",,196,ms,2,,,,,,,,481.114,keV,18.429,"B- = 100,B-n = 0.13 0.03",
10,27,0,Ne,,0,keV,0,"(3/2+)",,30.9,ms,1.1,,,,,,,,7050.91,keV,90.77,"B-n = 2 0.5,B-2n?,B- = 100",
10,28,0,Ne,,0,keV,0,"0+",,18.7,ms,0.2,,,,,,,,11299.738,keV,126.068,"B-n = 12 1,B-2n = 3.7 0.5,B- = 100",
10,29,0,Ne,,0,keV,0,"(3/2-)",,14,ms,0.5,,,,,,,,18399.803,keV,149.505,"B-n = 28 6,B-2n = 4 1,B- = 100",
10,30,0,Ne,,0,keV,0,"0+",,7.3,ms,0.3,,,,,,,,23280.12,keV,253.25,"B-n = 13 4,B-2n = 8.9 2.3,B- = 100",
10,31,0,Ne,,0,keV,0,"(3/2-)",,3.4,ms,0.8,,,,,,,,31181.594,keV,266.195,"B-n?,B-2n?,B- = 100 ",
10,32,0,Ne,,0,keV,0,"0+",,4.5,ms,0.7,,,,,,,,36999,keV,503,"B-n?,B-2n?,B- = 100",
10,33,0,Ne,,0,keV,,,,180,ns,,,,,,,,,46130,keV,600,"n?",
10,34,0,Ne,,0,keV,0,"0+",,,,,,,,,,,,52842,keV,513,"B-n?,B-2n?,B-?",
11,17,0,Na,,0,keV,,"(1/2+)",,,,,,,,,,,,34719.58,keV,59.616,"p = 100",
11,18,0,Na,,0,keV,,"(1)-",,,,,,0.2,MeV,,,,,25037.992,keV,93.881,"p ~ 100 ",
11,19,0,Na,,0,keV,,"(5/2+)",,,,,,40,keV,,,,,12929.384,keV,10.535,"p ~ 100 ",
11,20,0,Na,,0,keV,,"2+",,448,ms,2,,,,,,,,6850.489,keV,1.109,"ECa = 19.9 0.2,EC+B+ = 100",
11,21,0,Na,,0,keV,,"3/2+",,22.4548,s,0.0053,,,,,,,,-2184.857,keV,0.042,"EC+B+ = 100 ",
11,22,0,Na,,0,keV,,"3+",,2.6018751891980174,y,0.00045693667279887273,,,,,,,,-5181.391,keV,0.132,"EC+B+ = 100 ",
11,23,0,Na,,0,keV,,"3/2+",,STABLE,,,,,,,,100,0,-9529.85352,keV,0.00181,,
11,24,0,Na,,0,keV,,"4+",,14.9578,h,0.0011,,,,,,,,-8417.901,keV,0.017,"B- = 100 ",
11,25,0,Na,,0,keV,,"5/2+",,58.9,s,0.6,,,,,,,,-9357.814,keV,1.2,"B- = 100 ",
11,26,0,Na,,0,keV,,"3+",,1.07128,s,0.00025,,,,,,,,-6860.78,keV,3.502,"B- = 100 ",
11,27,0,Na,,0,keV,0,"5/2+",,301,ms,5,,,,,,,,-5517.791,keV,3.726,"B- = 100,B-n = 0.13 0.03",
11,28,0,Na,,0,keV,0,"1+",,34.6,ms,1,,,,,,,,-988.315,keV,10.246,"B- = 100,B-n = 0.58 0.12",
11,29,0,Na,,0,keV,0,"3/2+",,43.2,ms,0.4,,,,,,,,2679.994,keV,7.337,"B-n = 24.7 2.5,B-2n?,B- = 100",
11,30,0,Na,,0,keV,0,"2+",,44.8,ms,1.2,,,,,,,,8474.67,keV,4.727,"B-a = 0.000055 0.000002,B-2n = 1.15 0.25,B- = 100,B-n = 30 4",
11,31,0,Na,,0,keV,0,"3/2+",,17,ms,0.2,,,,,,,,12246.031,keV,13.972,"B-n = 38.8 3.8,B-2n = 0.87 0.24,B- = 100",
11,32,0,Na,,0,keV,0,"(3-),(4-)",,13.2,ms,0.3,,,,,,,,18640.152,keV,37.26,"B-n = 24 7,B-2n = 8.3 2.1,B- = 100",
11,33,0,Na,,0,keV,0,"3/2+",,8.2,ms,0.2,,,,,,,,23780.113,keV,449.912,"B-n = 47 6,B-2n = 13 3,B- = 100",
11,34,0,Na,,0,keV,0,,,5.5,ms,1,,,,,,,,31680.114,keV,599.416,"B-n ~ 15 ,B-2n ~ 50 ,B- = 100",
11,35,0,Na,,0,keV,0,,,2.4,ms,0.4,,,,,,,,37831,keV,670,"B-n?,B-2n?,B- = 100",
11,37,0,Na,,0,keV,0,,,,,,,,,,,,,53134,keV,687,"B-n?,B-2n?,B- = 100",
12,18,0,Mg,,0,keV,0,"0+",,,,,,115,keV,100,,,,,,,"2p ~ 100 ",
12,19,0,Mg,,0,keV,,"1/2-",,3500,fs,2800,,,,,,,,31838.394,keV,60.001,"2p ~ 100 ",
12,20,0,Mg,,0,keV,,"0+",,90.4,ms,0.8,,,,,,,,17477.694,keV,1.863,"ECp = 29.9 1.1,EC+B+ = 100",
12,21,0,Mg,,0,keV,,"5/2+",,120,ms,0.8,,,,,,,,10903.851,keV,0.755,"ECa = 0.115 0.019,EC+B+ = 100 ,ECp = 20.9 1.3",
12,22,0,Mg,,0,keV,,"0+",,3.87445,s,0.00069,,,,,,,,-399.986,keV,0.159,"EC+B+ = 100 ",
12,23,0,Mg,,0,keV,,"3/2+",,11.3042,s,0.0035,,,,,,,,-5473.675,keV,0.032,"EC+B+ = 100 ",
12,24,0,Mg,,0,keV,,"0+",,STABLE,,,,,,,,78.965,,-13933.578,keV,0.013,,
12,25,0,Mg,,0,keV,,"5/2+",,STABLE,,,,,,,,10.011,,-13192.782,keV,0.047,,
12,26,0,Mg,,0,keV,,"0+",,STABLE,,,,,,,,11.025,,-16214.544,keV,0.029,,
12,27,0,Mg,,0,keV,,"1/2+",,9.435,m,0.027,,,,,,,,-14586.594,keV,0.047,"B- = 100 ",
12,28,0,Mg,,0,keV,,"0+",,20.915,h,0.009,,,,,,,,-15019.946,keV,0.261,"B- = 100 ",
12,29,0,Mg,,0,keV,,"3/2+",,1.31,s,0.13,,,,,,,,-10612.36,keV,0.345,"B- = 100 ",
12,30,0,Mg,,0,keV,0,"0+",,314,ms,5,,,,,,,,-8881.373,keV,1.295,"B- = 100,B-n = 0.06 ",
12,31,0,Mg,,0,keV,0,"1/2+",,270,ms,2,,,,,,,,-3122.152,keV,3.074,"B- = 100,B-n = 6.2 1.9",
12,32,0,Mg,,0,keV,0,"0+",,80.4,ms,0.4,,,,,,,,-828.901,keV,3.26,"B- = 100,B-n = 5.5 0.5",
12,33,0,Mg,,0,keV,0,"3/2-",,90.2,ms,0.9,,,,,,,,4962.873,keV,2.663,"B-n = 14 2,B-2n?,B- = 100",
12,34,0,Mg,,0,keV,0,"0+",,44.9,ms,0.4,,,,,,,,8323.324,keV,6.893,"B-n = 21 7,B-2n?,B- = 100",
12,35,0,Mg,,0,keV,0,"(5/2-)",,11.3,ms,0.6,,,,,,,,15639.786,keV,269.668,"B-n = 52 46,B-2n?,B- = 100",
12,36,0,Mg,,0,keV,0,"0+",,7.2,ms,1.2,,,,,,,,20380.159,keV,690.237,"B-n = 48 12,B-2n?,B- = 100",
12,37,0,Mg,,0,keV,0,"(3/2-)",,6.4,ms,1.5,,,,,,,,28211.478,keV,698.947,"B-n?,B-2n?,B- = 100",
12,38,0,Mg,,0,keV,,"0+",,3.1,ms,0.5,,,,,,,,34074,keV,503,"B-n?,B-2n?,B- = 100 ",
12,40,0,Mg,,0,keV,0,"0+",,,,,,,,,,,,49550,keV,500,"B-n?,B-2n?,B- = 100",
13,21,0,Al,,0,keV,,"(5/2+)",,35,ns,,,,,,,,,27090,keV,600,"p?",
13,22,0,Al,,0,keV,,"(4)+",,88.6,ms,2.5,,,,,,,,18201,keV,401,"EC+B+ = 100,ECp = 57.7 0.6,ECa = 0.079 0.041,EC2p = 1.17 0.07",
13,23,0,Al,,0,keV,,"5/2+",,447,ms,36,,,,,,,,6748.071,keV,0.345,"ECp = 1.04 0.03,EC+B+ = 100 ",
13,24,0,Al,,0,keV,,"4+",,2.053,s,0.004,,,,,,,,-48.812,keV,0.228,"ECa = 0.035 0.006,EC+B+ = 100 ,ECp = 0.0016 0.0003",
13,24,1,Al,,425.8,keV,0.1,"1+",,130.7,ms,1.1,,,,,,,,376.988,keV,0.249,"ECa = 0.028 0.006,EC+B+ = 29.4 2.3,IT = 70.6 2.3",
13,25,0,Al,,0,keV,,"5/2+",,7.1666,s,0.0025,,,,,,,,-8915.974,keV,0.065,"EC+B+ = 100 ",
13,26,0,Al,,0,keV,,"5+",,716594,y,17071,,,,,,,,-12210.139,keV,0.066,"EC+B+ = 100 ",
13,26,1,Al,,228.305,keV,0.013,"0+",,6.34603,s,0.00054,,,,,,,,-11981.833999999999,keV,0.067268120235,"EC+B+ = 100 ",
13,27,0,Al,,0,keV,,"5/2+",,STABLE,,,,,,,,100,0,-17196.864,keV,0.047,,
13,28,0,Al,,0,keV,,"3+",,2.2483,m,0.0009,,,,,,,,-16850.719,keV,0.049,"B- = 100 ",
13,29,0,Al,,0,keV,,"5/2+",,6.56,m,0.06,,,,,,,,-18207.762,keV,0.345,"B- = 100 ",
13,30,0,Al,,0,keV,,"3+",,3.61,s,0.04,,,,,,,,-15864.116,keV,1.936,"B- = 100 ",
13,31,0,Al,,0,keV,0,"5/2(+)",,0.644,s,0.025,,,,,,,,-14950.709,keV,2.236,"B- = 100,B-n = 1.6 ",
13,32,0,Al,,0,keV,0,"1+",,31.7,ms,0.3,,,,,,,,-11099.368,keV,7.173,"B- = 100,B-n = 0.7 0.5",
13,33,0,Al,,0,keV,0,"5/2+",,41.5,ms,0.1,,,,,,,,-8497.382,keV,6.986,"B- = 100,B-n = 8.5 0.7",
13,34,0,Al,,0,keV,0,"4-",,53.73,ms,0.13,,,,,,,,-2997.619,keV,2.105,"B-n = 25 3,B-2n?,B- = 100",
13,34,1,Al,,46.47,keV,0.17,"1+",,22.1,ms,0.2,,,,,,,,-2951.1490000000003,keV,2.111853451355,"B-n = 11 4,B-2n?,B- = 100",
13,35,0,Al,,0,keV,0,"(5/2+)",,38.4,ms,0.3,,,,,,,,-223.73,keV,7.359,"B-n = 38 2,B-2n?,B- = 100",
13,36,0,Al,,0,keV,0,,,90,ms,40,,,,,,,,5950.384,keV,149.505,"B-n = 31 ,B-2n?,B- = 100",
13,37,0,Al,,0,keV,0,"(5/2+)",,11.4,ms,0.3,,,,,,,,9809.564,keV,180.244,"B-n = 52 5,B-2n = 1 ,B- = 100",
13,38,0,Al,,0,keV,0,"(0-)",,9,ms,0.7,,,,,,,,16470,keV,150,"B-n = 84 19,B-2n?,B- = 100",
13,39,0,Al,,0,keV,0,,,7.23,ms,0.3,,,,,,,,21490,keV,300,"B-n = 97 +3-22,B-2n?,B- = 100",
13,40,0,Al,,0,keV,0,,,5.7,ms,0.4,,,,,,,,28820,keV,300,"B-n?,B-2n?,B- = 100",
13,41,0,Al,,0,keV,,,,3.5,ms,0.9,,,,,,,,34590,keV,400,"B-n?,B-2n?,B- = 100 ",
13,42,0,Al,,0,keV,0,,,,,,,,,,,,,41990,keV,500,"B-n?,B-2n?,B- = 100",
13,43,0,Al,,0,keV,0,,,,,,,,,,,,,48270,keV,600,"B-n?,B-2n?,B- = 100",
14,22,0,Si,,0,keV,,"0+",,28.4,ms,1.1,,,,,,,,33640,keV,500,"EC2p = 0.8 0.3,EC+B+ = 100,ECp = 67 12",
14,23,0,Si,,0,keV,,"(5/2)+",,47,ms,1,,,,,,,,23950,keV,500,"EC+B+ = 100,ECp = 81.8 1.1,EC3p = 0.029 +0.038-0.019,EC2p = 7.73 0.35",
14,24,0,Si,,0,keV,,"0+",,141.4,ms,1.2,,,,,,,,10745.186,keV,19.472,"ECp = 32.4 1.1,EC+B+ = 100 ",
14,25,0,Si,,0,keV,,"5/2+",,219.2,ms,+1.3-1.1,,,,,,,,3827.322,keV,10,"ECp = 35 2,EC+B+ = 100 ",
14,26,0,Si,,0,keV,,"0+",,2.2452,s,0.0009,,,,,,,,-7141.003,keV,0.108,"EC+B+ = 100 ",
14,27,0,Si,,0,keV,,"5/2+",,4.111,s,0.002,,,,,,,,-12384.505,keV,0.107,"EC+B+ = 100 ",
14,28,0,Si,,0,keV,,"0+",,STABLE,,,,,,,,92.2545,,-21492.79711,keV,0.00051,,
14,29,0,Si,,0,keV,,"1/2+",,STABLE,,,,,,,,4.672,,-21895.08154,keV,0.00056,,
14,30,0,Si,,0,keV,,"0+",,STABLE,,,,,,,,3.0735,,-24432.962,keV,0.022,,
14,31,0,Si,,0,keV,,"3/2+",,157.24,m,0.16,,,,,,,,-22949.037,keV,0.043,"B- = 100 ",
14,32,0,Si,,0,keV,,"0+",,163.3,y,6.2,,,,,,,,-24077.689,keV,0.298,"B- = 100 ",
14,33,0,Si,,0,keV,,"3/2+",,6.17,s,0.17,,,,,,,,-20514.328,keV,0.699,"B- = 100 ",
14,34,0,Si,,0,keV,0,"0+",,2.77,s,0.2,,,,,,,,-19991.684,keV,0.801,"B- = 100",
14,35,0,Si,,0,keV,0,"7/2-",,0.78,s,0.12,,,,,,,,-14391.48,keV,35.857,"B- = 100,B-n = 5.3 ",
14,36,0,Si,,0,keV,0,"0+",,503,ms,2,,,,,,,,-12436.125,keV,71.797,"B- = 100,B-n = 12.4 4.6",
14,37,0,Si,,0,keV,0,"(5/2-)",,141,ms,5,,,,,,,,-6571.512,keV,113.809,"B-n = 17 13,B-2n?,B- = 100",
14,38,0,Si,,0,keV,0,"0+",,63,ms,8,,,,,,,,-4170.299,keV,104.793,"B- = 100,B-n = 25 10",
14,39,0,Si,,0,keV,0,"(5/2-)",,38.7,ms,1.2,,,,,,,,2320.352,keV,135.532,"B-n = 33 5,B-2n?,B- = 100",
14,40,0,Si,,0,keV,0,"0+",,30.3,ms,2.7,,,,,,,,5666.876,keV,121.991,"B-n = 38 5,B-2n?,B- = 100",
14,41,0,Si,,0,keV,0,,,20,ms,2.5,,,,,,,,13200,keV,300,"B-n = 0 ,B-2n?,B- = 100",
14,42,0,Si,,0,keV,0,"0+",,15,ms,1.4,,,,,,,,16840,keV,300,"B-n?,B-2n?,B- = 100",
14,43,0,Si,,0,keV,0,,,13,ms,5,,,,,,,,24330,keV,400,"B-n?,B-2n?,B- = 100",
14,44,0,Si,,0,keV,0,"0+",,,,,,,,,,,,29310,keV,500,"B-n?,B-2n?,B- = 100",
15,25,0,P,,0,keV,,"(1/2+)",,38,ns,,,,,,,,,20190,keV,400,"p = 100 ",
15,26,0,P,,0,keV,,"(3)+",,43.6,ms,0.3,,,,,,,,10973,keV,196,"EC2p = 1.99 0.29,EC+B+ = 100,ECp = 35.2 1.6",
15,27,0,P,,0,keV,,"1/2+",,260,ms,80,,,,,,,,-659.032,keV,9.001,"ECp ~ 0.07 ,EC+B+ = 100",
15,28,0,P,,0,keV,,"3+",,270.3,ms,0.5,,,,,,,,-7147.856,keV,1.147,"ECa = 0.00086 0.00025,EC+B+ = 100,ECp = 0.0013 0.0004",
15,29,0,P,,0,keV,,"1/2+",,4.1022,s,0.0056,,,,,,,,-16952.849,keV,0.359,"EC+B+ = 100 ",
15,30,0,P,,0,keV,,"1+",,2.5,m,0.002,,,,,,,,-20200.856,keV,0.065,"EC+B+ = 100 ",
15,31,0,P,,0,keV,,"1/2+",,STABLE,,,,,,,,100,0,-24440.54442,keV,0.00075,,
15,32,0,P,,0,keV,,"1+",,14.267,d,0.006,,,,,,,,-24304.876,keV,0.04,"B- = 100 ",
15,33,0,P,,0,keV,,"1/2+",,25.35,d,0.11,,,,,,,,-26337.35,keV,1.09,"B- = 100 ",
15,34,0,P,,0,keV,,"1+",,12.43,s,0.08,,,,,,,,-24548.702,keV,0.81,"B- = 100 ",
15,35,0,P,,0,keV,,"1/2+",,47.3,s,0.7,,,,,,,,-24857.809,keV,1.866,"B- = 100 ",
15,36,0,P,,0,keV,0,"4-",,5.6,s,0.3,,,,,,,,-20251.045,keV,13.114,"B- = 100,B-n?",
15,37,0,P,,0,keV,0,"(1/2+)",,2.31,s,0.13,,,,,,,,-18996.012,keV,37.948,"B- = 100,B-n?",
15,38,0,P,,0,keV,0,"(2-)",,640,ms,140,,,,,,,,-14621.565,keV,72.581,"B- = 100,B-n = 12 5",
15,39,0,P,,0,keV,0,"(1/2+)",,204,ms,39,,,,,,,,-12774.636,keV,112.645,"B- = 100,B-n = 26 8",
15,40,0,P,,0,keV,0,"(2-)",,150,ms,8,,,,,,,,-8139.189,keV,83.607,"B-n = 15.8 2.1,B-2n?,B- = 100",
15,41,0,P,,0,keV,0,"(1/2+)",,101,ms,5,,,,,,,,-4979.767,keV,120.163,"B-n = 30 10,B-2n?,B- = 100",
15,42,0,P,,0,keV,0,,,48.5,ms,1.5,,,,,,,,1091.842,keV,95.009,"B-n = 50 20,B-2n?,B- = 100",
15,43,0,P,,0,keV,0,"1/2+",,36.5,ms,1.5,,,,,,,,5040,keV,300,"B-n = 100,B-2n?,B- = 100",
15,44,0,P,,0,keV,0,,,18.2,ms,0.8,,,,,,,,11110,keV,400,"B-n = 75 8,B-2n?,B- = 100",
15,45,0,P,,0,keV,0,,,24,ms,11,,,,,,,,15960,keV,500,"B-n?,B-2n?,B- = 100",
15,46,0,P,,0,keV,0,,,,,,,,,,,,,22840,keV,500,"B-n?,B-2n?,B- = 100 ",
15,47,0,P,,0,keV,0,,,,,,,,,,,,,28810,keV,600,"B-n?,B-2n?,B- = 100",
16,26,0,S,,0,keV,,"0+",,79,ns,,,,,,,,,27680,keV,600,"p?",
16,27,0,S,,0,keV,,"(5/2+)",,16.3,ms,0.2,,,,,,,,17491,keV,400,"EC2p = 3 0.6,EC+B+ = 100 ,ECp = 61 3",
16,28,0,S,,0,keV,,"0+",,125,ms,10,,,,,,,,4073.203,keV,160,"ECp = 20.7 2,EC+B+ = 100 ",
16,29,0,S,,0,keV,,"(5/2+)",,188,ms,4,,,,,,,,-3094.423,keV,13.041,"ECp = 47 5,EC+B+ = 100",
16,30,0,S,,0,keV,,"0+",,1.17976,s,0.00055,,,,,,,,-14059.254,keV,0.206,"EC+B+ = 100 ",
16,31,0,S,,0,keV,,"1/2+",,2.5534,s,0.0018,,,,,,,,-19042.531,keV,0.229,"EC+B+ = 100 ",
16,32,0,S,,0,keV,,"0+",,STABLE,,,,,,,,94.85,,-26015.53714,keV,0.00131,,
16,33,0,S,,0,keV,,"3/2+",,STABLE,,,,,,,,0.763,,-26585.8583,keV,0.00134,,
16,34,0,S,,0,keV,,"0+",,STABLE,,,,,,,,4.365,,-29931.689,keV,0.045,,
16,35,0,S,,0,keV,,"3/2+",,87.35,d,0.07,,,,,,,,-28846.21,keV,0.04,"B- = 100 ",
16,36,0,S,,0,keV,,"0+",,STABLE,,,,,,,,0.0158,,-30664.141,keV,0.188,,
16,37,0,S,,0,keV,,"7/2-",,5.05,m,0.02,,,,,,,,-26896.426,keV,0.198,"B- = 100 ",
16,38,0,S,,0,keV,,"0+",,170.3,m,0.7,,,,,,,,-26861.216,keV,7.172,"B- = 100 ",
16,39,0,S,,0,keV,,"(7/2)-",,11.5,s,0.5,,,,,,,,-23162.672,keV,50,"B- = 100 ",
16,40,0,S,,0,keV,,"0+",,8.8,s,2.2,,,,,,,,-22837.85,keV,3.982,"B- = 100 ",
16,41,0,S,,0,keV,0,"(5/2-),(7/2-)",,2.6,s,1.4,,,,,,,,-19008.58,keV,4.099,"B- = 100,B-n?",
16,42,0,S,,0,keV,0,"0+",,1.016,s,0.013,,,,,,,,-17637.748,keV,2.794,"B- = 100,B-n = 1 ",
16,43,0,S,,0,keV,0,"3/2-",,265,ms,13,,,,,,,,-12195.461,keV,4.97,"B- = 100,B-n = 40 10",
16,44,0,S,,0,keV,0,"0+",,124.5,ms,2.3,,,,,,,,-9204.236,keV,5.216,"B- = 100,B-n = 29 6",
16,45,0,S,,0,keV,,"(3/2-)",,68,ms,2,,,,,,,,-3340,keV,300,"B-n = 54 10,B-2n?,B- = 100",
16,46,0,S,,0,keV,0,"0+",,50,ms,8,,,,,,,,640,keV,400,"B-n?,B-2n?,B- = 100",
16,47,0,S,,0,keV,0,,,,,,,,,,,,,7200,keV,400,"B-n?,B-2n?,B- = 100",
16,48,0,S,,0,keV,0,"0+",,,,,,,,,,,,12390,keV,500,"B-n?,B-2n?,B- = 100",
16,49,0,S,,0,keV,0,,,,,,,,,,,,,20391,keV,583,"B-n?,B-2n?,B- = 100",
17,28,0,Cl,,0,keV,0,,,,,,,,,,,,,28270,keV,500,"p = 100",
17,29,0,Cl,,0,keV,,"(1/2+)",,20,ns,,,,,,,,,14022,keV,189,"p = 100",
17,30,0,Cl,,0,keV,,"(3+)",,30,ns,,,,,,,,,4674.548,keV,23.876,"p = 100",
17,31,0,Cl,,0,keV,,"3/2+",,190,ms,1,,,,,,,,-7034.552,keV,3.447,"ECp = 2.4 0.2,EC+B+ = 100 ",
17,32,0,Cl,,0,keV,,"1+",,299.1,ms,1,,,,,,,,-13334.706,keV,0.562,"ECa = 0.054 0.008,EC+B+ = 100 ,ECp = 0.026 0.005",
17,33,0,Cl,,0,keV,,"3/2+",,2.506,s,0.0022,,,,,,,,-21003.34,keV,0.391,"EC+B+ = 100 ",
17,34,0,Cl,,0,keV,,"0+",,1.5265,s,0.0004,,,,,,,,-24440.086,keV,0.049,"EC+B+ = 100 ",
17,34,1,Cl,,146.36,keV,0.03,"3+",,31.99,m,0.03,,,,,,,,-24293.726,keV,0.057,"IT = 44.6 0.6,EC+B+ = 55.4 0.6",
17,35,0,Cl,,0,keV,,"3/2+",,STABLE,,,,,,,,75.8,,-29013.532,keV,0.035,,
17,36,0,Cl,,0,keV,,"2+",,307115,y,1536,,,,,,,,-29522.008,keV,0.036,"B- = 98.1 0.1,EC+B+ = 1.9 0.1",
17,37,0,Cl,,0,keV,,"3/2+",,STABLE,,,,,,,,24.2,,-31761.552,keV,0.052,,
17,38,0,Cl,,0,keV,,"2-",,37.236,m,0.012,,,,,,,,-29798.116,keV,0.098,"B- = 100 ",
17,38,1,Cl,,671.365,keV,0.008,"5-",,715,ms,3,,,,,,,,-29126.751,keV,0.098,"IT = 100 ",
17,39,0,Cl,,0,keV,,"3/2+",,56.2,m,0.6,,,,,,,,-29800.218,keV,1.732,"B- = 100 ",
17,40,0,Cl,,0,keV,,"2-",,1.33,m,0.03,,,,,,,,-27557.818,keV,32.066,"B- = 100 ",
17,41,0,Cl,,0,keV,,"(1/2+)",,38.4,s,0.8,,,,,,,,-27307.192,keV,68.723,"B- = 100 ",
17,42,0,Cl,,0,keV,,"(2-)",,6.8,s,0.3,,,,,,,,-24831.77,keV,59.616,"B- = 100 ,B-n?",
17,43,0,Cl,,0,keV,0,"(3/2+)",,3.13,s,0.09,,,,,,,,-24159.51,keV,61.859,"B- = 100,B-n?",
17,44,0,Cl,,0,keV,0,"(2-)",,542,ms,108,,,,,,,,-20478.973,keV,85.566,"B- = 100,B-n = 8 ",
17,45,0,Cl,,0,keV,0,"(3/2+)",,413,ms,25,,,,,,,,-18262.544,keV,136.163,"B- = 100,B-n = 24 4",
17,46,0,Cl,,0,keV,0,,,232,ms,2,,,,,,,,-13734.949,keV,97.249,"B-n = 60 9,B-2n?,B- = 100",
17,47,0,Cl,,0,keV,0,"(1/2+),(3/2+)",,101,ms,6,,,,,,,,-9580,keV,200,"B-n = 3 ,B-2n?,B- = 100",
17,48,0,Cl,,0,keV,0,,,,,,,,,,,,,-4280,keV,500,"B-n?,B-2n?,B- = 100",
17,49,0,Cl,,0,keV,0,,,,,,,,,,,,,740,keV,400,"B-n?,B-2n?,B- = 100",
17,50,0,Cl,,0,keV,0,,,,,,,,,,,,,7700,keV,400,"B-n?,B-2n?,B- = 100",
17,51,0,Cl,,0,keV,0,,,,,,,,,,,,,14290,keV,700,"B-n?,B-2n?,B- = 100",
17,52,0,Cl,,0,keV,0,,,,,,,,,,,,,22360,keV,700,"B-n?,B-2n?,B- = 100",
18,29,0,Ar,,0,keV,0,,,,,,,,,,,,,37969,keV,439,"2p = 100",
18,30,0,Ar,,0,keV,,"0+",,10,ps,,,,,,,,,22071,keV,179,"2p = 100",
18,31,0,Ar,,0,keV,,"5/2+",,15,ms,0.3,,,,,,,,11325,keV,200,"ECa = 0.03 ,2p = 0.0006 ,ECp = 68.3 0.3,EC2p = 8.9 0.2,ECap = 0.38 ,EC3p = 0.07 0.02,EC+B+ = 100",
18,32,0,Ar,,0,keV,,"0+",,98,ms,2,,,,,,,,-2200.352,keV,1.77,"ECp = 35.58 0.22,EC+B+ = 100",
18,33,0,Ar,,0,keV,,"1/2+",,173,ms,2,,,,,,,,-9384.295,keV,0.401,"ECp = 38.7 1,EC+B+ = 100 ",
18,34,0,Ar,,0,keV,,"0+",,846.46,ms,0.35,,,,,,,,-18378.293,keV,0.078,"EC+B+ = 100 ",
18,35,0,Ar,,0,keV,,"3/2+",,1.7754,s,0.001,,,,,,,,-23047.289,keV,0.68,"EC+B+ = 100 ",
18,36,0,Ar,,0,keV,,"0+",,STABLE,,,,,,,,0.3336,0.021,-30231.542,keV,0.027,,
18,37,0,Ar,,0,keV,,"3/2+",,35.01,d,0.02,,,,,,,,-30947.679,keV,0.207,"EC = 100 ",
18,38,0,Ar,,0,keV,,"0+",,STABLE,,,,,,,,0.0629,0.007,-34714.827,keV,0.195,,
18,39,0,Ar,,0,keV,,"7/2-",,268,y,8,,,,,,,,-33242.195,keV,5,"B- = 100 ",
18,40,0,Ar,,0,keV,,"0+",,STABLE,,,,,,,,99.6035,0.025,-35039.89997,keV,0.00218,,
18,41,0,Ar,,0,keV,,"7/2-",,109.61,m,0.04,,,,,,,,-33067.51,keV,0.347,"B- = 100 ",
18,42,0,Ar,,0,keV,,"0+",,32.9,y,11,,,,,,,,-34422.678,keV,5.775,"B- = 100 ",
18,43,0,Ar,,0,keV,,"5/2(-)",,5.37,m,0.06,,,,,,,,-32009.811,keV,5.31,"B- = 100 ",
18,44,0,Ar,,0,keV,,"0+",,11.87,m,0.05,,,,,,,,-32673.26,keV,1.584,"B- = 100 ",
18,45,0,Ar,,0,keV,,"7/2-",,21.48,s,0.15,,,,,,,,-29770.801,keV,0.512,"B- = 100 ",
18,46,0,Ar,,0,keV,,"0+",,8.4,s,0.5,,,,,,,,-29771.255,keV,2.329,"B- = 100 ",
18,47,0,Ar,,0,keV,0,"3/2-",,1.23,s,0.03,,,,,,,,-25367.274,keV,1.211,"B- = 100,B-n = 0.2 ",
18,48,0,Ar,,0,keV,0,"0+",,416,ms,16,,,,,,,,-22354.927,keV,16.767,"B- = 100,B-n = 38 6",
18,49,0,Ar,,0,keV,0,,,236,ms,8,,,,,,,,-17060,keV,400,"B-n = 29 6,B-2n?,B- = 100",
18,50,0,Ar,,0,keV,0,"0+",,105,ms,6,,,,,,,,-13230,keV,500,"B-n = 37 7,B-2n?,B- = 100",
18,51,0,Ar,,0,keV,0,,,,,,,,,,,,,-6490,keV,400,"B-n?,B-2n?,B- = 100",
18,52,0,Ar,,0,keV,0,"0+",,,,,,,,,,,,-1380,keV,600,"B-n?,B-2n?,B- = 100",
18,53,0,Ar,,0,keV,0,,,,,,,,,,,,,6791,keV,699,"B-n?,B-2n?,B- = 100",
18,54,0,Ar,,0,keV,0,"0+",,,,,,,,,,,,12560,keV,800,"B-n?,B-2n?,B- = 100",
19,31,0,K,,0,keV,0,,,0.01,ns,,,,,,,,,34260,keV,300,"3p = 100",
19,35,0,K,,0,keV,,"(3/2)+",,178,ms,8,,,,,,,,-11172.893,keV,0.512,"ECp = 0.37 0.15,EC+B+ = 100 ",
19,36,0,K,,0,keV,,"2+",,341,ms,3,,,,,,,,-17417.182,keV,0.325,"ECa = 0.0034 0.0013,EC+B+ = 100 ,ECp = 0.048 0.014",
19,37,0,K,,0,keV,,"3/2+",,1.23647,s,0.00041,,,,,,,,-24800.201,keV,0.094,"EC+B+ = 100 ",
19,38,0,K,,0,keV,,"3+",,7.645,m,0.02,,,,,,,,-28800.76,keV,0.195,"EC+B+ = 100 ",
19,38,1,K,,130.22,keV,0.16,"0+",,924.4,ms,0.21,,,,,,,,-28670.539999999997,keV,0.252239965113,"IT = 0.033 0.0043,EC+B+ = 99.967 0.0043",
19,39,0,K,,0,keV,,"3/2+",,STABLE,,,,,,,,93.2581,0.0044,-33807.19535,keV,0.00456,,
19,40,0,K,,0,keV,,"4-",,1248000000,y,3000000,,,,,,0.0117,0.0001,-33535.497,keV,0.056,"B- = 89.28 0.11,EC+B+ = 10.72 0.11",
19,41,0,K,,0,keV,,"3/2+",,STABLE,,,,,,,,6.7302,0.0044,-35559.5488,keV,0.00376,,
19,42,0,K,,0,keV,,"2-",,12.359,h,0.004,,,,,,,,-35022.031,keV,0.106,"B- = 100 ",
19,43,0,K,,0,keV,,"3/2+",,22.28,h,0.11,,,,,,,,-36575.394,keV,0.41,"B- = 100 ",
19,44,0,K,,0,keV,,"2-",,22.13,m,0.19,,,,,,,,-35781.498,keV,0.419,"B- = 100 ",
19,45,0,K,,0,keV,,"3/2+",,17.79,m,0.43,,,,,,,,-36615.643,keV,0.522,"B- = 100 ",
19,46,0,K,,0,keV,,"2-",,96.31,s,0.078,,,,,,,,-35413.929,keV,0.727,"B- = 100 ",
19,47,0,K,,0,keV,,"1/2+",,17.38,s,0.03,,,,,,,,-35711.982,keV,1.397,"B- = 100 ",
19,48,0,K,,0,keV,0,"1(-)",,6.8,s,0.2,,,,,,,,-32284.482,keV,0.773,"B- = 100,B-n = 1.14 0.15",
19,49,0,K,,0,keV,0,"1/2+",,1.26,s,0.05,,,,,,,,-29611.496,keV,0.801,"B- = 100,B-n = 86 9",
19,50,0,K,,0,keV,0,"0(-)",,472,ms,4,,,,,,,,-25727.853,keV,7.731,"B-n = 29 3,B-2n?,B- = 100",
19,51,0,K,,0,keV,0,"3/2+",,365,ms,5,,,,,,,,-22515.457,keV,13.041,"B-n = 65 6,B-2n?,B- = 100",
19,52,0,K,,0,keV,0,"2-",,110,ms,4,,,,,,,,-17137.628,keV,33.534,"B-n = 74 9,B-2n = 2.3 0.3,B- = 100",
19,53,0,K,,0,keV,0,"(3/2+)",,30,ms,5,,,,,,,,-12295.722,keV,111.779,"B-n = 75 10,B-2n = 10 ,B- = 100",
19,54,0,K,,0,keV,0,,,10,ms,5,,,,,,,,-5150,keV,400,"B-n?,B-2n?,B- = 100",
19,55,0,K,,0,keV,0,,,,,,,,,,,,,470,keV,500,"B-n?,B-2n?,B- = 100",
19,56,0,K,,0,keV,,,,,,,,,,,,,,7980,keV,600,"B-n?,B-2n?,B- = 100",
19,57,0,K,,0,keV,0,,,,,,,,,,,,,14130,keV,600,"B-n?,B-2n?,B- = 100",
19,59,0,K,,0,keV,0,,,,,,,,,,,,,28750,keV,800,"B-n?,B-2n?,B- = 100",
20,35,0,Ca,,0,keV,,"(1/2+)",,25.7,ms,0.2,,,,,,,,5190,keV,200,"EC2p = 4.1 0.6,EC+B+ = 100 ,ECp = 95.9 1.4",
20,36,0,Ca,,0,keV,,"0+",,100.8,ms,1.3,,,,,,,,-6451.166,keV,40,"ECp = 51.2 1,EC+B+ = 100 ",
20,37,0,Ca,,0,keV,,"(3/2+)",,181,ms,0.9,,,,,,,,-13136.07,keV,0.634,"ECp = 72 1.6,EC+B+ = 100",
20,38,0,Ca,,0,keV,,"0+",,443.77,ms,0.25,,,,,,,,-22058.503,keV,0.194,"EC+B+ = 100 ",
20,39,0,Ca,,0,keV,,"3/2+",,860.3,ms,0.8,,,,,,,,-27282.707,keV,0.596,"EC+B+ = 100 ",
20,40,0,Ca,,0,keV,,"0+",,STABLE,,,,,,,,96.941,0.156,-34846.402,keV,0.02,,
20,41,0,Ca,,0,keV,,"7/2-",,99400,y,1500,,,,,,,,-35137.908,keV,0.138,"EC = 100 ",
20,42,0,Ca,,0,keV,,"0+",,STABLE,,,,,,,,0.647,0.023,-38547.293,keV,0.148,,
20,43,0,Ca,,0,keV,,"7/2-",,STABLE,,,,,,,,0.135,0.01,-38408.873,keV,0.227,,
20,44,0,Ca,,0,keV,,"0+",,STABLE,,,,,,,,2.086,0.11,-41468.73,keV,0.325,,
20,45,0,Ca,,0,keV,,"7/2-",,162.61,d,0.09,,,,,,,,-40812.23,keV,0.365,"B- = 100 ",
20,46,0,Ca,,0,keV,,"0+",,STABLE,,,,,,,,0.004,0.003,-43139.61,keV,2.234,,
20,47,0,Ca,,0,keV,,"7/2-",,4.536,d,0.002,,,,,,,,-42344.665,keV,2.221,"B- = 100 ",
20,48,0,Ca,,0,keV,,"0+",,56000000000000000000,y,+14000000000000000000-11000000000000000000,,,,,,0.187,0.021,-44224.868,keV,0.018,"B-?,2B- = 0 ",
20,49,0,Ca,,0,keV,,"3/2-",,8.718,m,0.006,,,,,,,,-41300.003,keV,0.178,"B- = 100 ",
20,50,0,Ca,,0,keV,0,"0+",,13.45,s,0.07,,,,,,,,-39589.23,keV,1.584,"B- = 100 ",
20,51,0,Ca,,0,keV,0,"3/2(-)",,10,s,0.8,,,,,,,,-36332.31,keV,0.522,"B- = 100,B-n?",
20,52,0,Ca,,0,keV,0,"0+",,4.6,s,0.3,,,,,,,,-34266.272,keV,0.671,"B- = 100,B-n = 2 ",
20,53,0,Ca,,0,keV,0,"(1/2-)",,461,ms,90,,,,,,,,-29387.707,keV,43.78,"B- = 100,B-n = 40 10",
20,54,0,Ca,,0,keV,0,"0+",,90,ms,8,,,,,,,,-25160.587,keV,48.438,"B- = 100,B-n?",
20,55,0,Ca,,0,keV,0,,,22,ms,2,,,,,,,,-18650.375,keV,160.217,"B-n?,B-2n?,B- = 100",
20,56,0,Ca,,0,keV,-1,"0+",,11,ms,2,,,,,,,,-13510.39,keV,249.64,"B-n?,B-2n?,B- = 100",
20,57,0,Ca,,0,keV,0,,,,,,,,,,,,,-6560,keV,400,"B-n?,B-2n?,B- = 100",
20,58,0,Ca,,0,keV,0,"0+",,,,,,,,,,,,-1530,keV,500,"B-n?,B-2n?,B- = 100",
20,59,0,Ca,,0,keV,0,,,,,,,,,,,,,5810,keV,600,"B-n?,B-2n?,B- = 100",
20,60,0,Ca,,0,keV,0,"0+",,,,,,,,,,,,11000,keV,700,"B-n?,B-2n?,B- = 100",
21,39,0,Sc,,0,keV,0,,,,,,,,,,,,,-14172.726,keV,24,"p = 100",
21,40,0,Sc,,0,keV,,"4-",,182.4,ms,0.8,,,,,,,,-20523.353,keV,2.828,"ECa = 0.017 0.005,EC+B+ = 100 ,ECp = 0.44 0.07",
21,41,0,Sc,,0,keV,,"7/2-",,596.3,ms,1.7,,,,,,,,-28642.36,keV,0.077,"EC+B+ = 100 ",
21,42,0,Sc,,0,keV,,"0+",,680.79,ms,0.28,,,,,,,,-32121.003,keV,0.154,"EC+B+ = 100 ",
21,42,1,Sc,,616.771,keV,0.062,"7+",,61.7,s,0.3,,,,,,,,-31504.232,keV,0.166,"EC+B+ = 100 ",
21,43,0,Sc,,0,keV,,"7/2-",,3.891,h,0.012,,,,,,,,-36188.15,keV,1.863,"EC+B+ = 100 ",
21,44,0,Sc,,0,keV,,"2+",,4.042,h,0.0024,,,,,,,,-37816.035,keV,1.756,"EC+B+ = 100 ",
21,44,1,Sc,,271.24,keV,0.01,"6+",,58.62,h,0.09,,,,,,,,-37544.795000000006,keV,1.756028473573,"IT = 98.77 0.01,EC+B+ = 1.23 0.01",
21,45,0,Sc,,0,keV,,"7/2-",,STABLE,,,,,,,,100,0,-41072.321,keV,0.663,,
21,45,1,Sc,,12.4,keV,0.05,"3/2+",,325.8,ms,4.2,,,,,,,,-41059.921,keV,0.665,"IT = 100 ",
21,46,0,Sc,,0,keV,,"4+",,83.808,d,0.029,,,,,,,,-41761.643,keV,0.671,"B- = 100 ",
21,46,1,Sc,,142.528,keV,0.007,"1-",,18.746,s,0.04,,,,,,,,-41619.115,keV,0.671,"IT = 100 ",
21,47,0,Sc,,0,keV,,"7/2-",,3.3491,d,0.0006,,,,,,,,-44336.842,keV,1.931,"B- = 100 ",
21,48,0,Sc,,0,keV,,"6+",,43.71,h,0.08,,,,,,,,-44504.083,keV,4.95,"B- = 100 ",
21,49,0,Sc,,0,keV,,"7/2-",,57.2,m,0.15,,,,,,,,-46562.447,keV,2.268,"B- = 100 ",
21,50,0,Sc,,0,keV,0,"5+",,102.5,s,0.5,,,,,,,,-44537.12,keV,2.515,"B- = 100",
21,50,1,Sc,,256.895,keV,0.01,"2+",,0.35,s,0.03,,,,,,,,-44280.225000000006,keV,2.515019880637,"B- = 1 ,IT = 99 ",
21,51,0,Sc,,0,keV,0,"(7/2)-",,12.5,s,0.1,,,,,,,,-43250.353,keV,2.515,"B- = 100,B-n?",
21,52,0,Sc,,0,keV,0,"3(+)",,8.2,s,0.2,,,,,,,,-40523.56,keV,3.074,"B- = 100,B-n?",
21,53,0,Sc,,0,keV,0,"(7/2-)",,2.4,s,0.6,,,,,,,,-38769.555,keV,17.698,"B- = 100,B-n?",
21,54,0,Sc,,0,keV,0,"(3)+",,526,ms,15,,,,,,,,-34437.934,keV,13.973,"B- = 100,B-n = 16 9",
21,55,0,Sc,,0,keV,0,"(7/2-)",,92,ms,4,,,,,,,,-30842.108,keV,62.411,"B- = 100,B-n = 17 7",
21,56,0,Sc,,0,keV,-1,"(1+)",,26,ms,6,,,,,,,,-25515.848,keV,259.665,"B-n?,B-2n?,B- = 100",
21,57,0,Sc,,0,keV,0,,,20,ms,4,,,,,,,,-21379.653,keV,179.778,"B-n?,B-2n?,B- = 100",
21,58,0,Sc,,0,keV,0,,,12,ms,5,,,,,,,,-15479.569,keV,190.025,"B-n?,B-2n?,B- = 100",
21,59,0,Sc,,0,keV,0,,,,,,,,,,,,,-10829.55,keV,249.64,"B-n?,B-2n?,B- = 100",
21,60,0,Sc,,0,keV,0,,,,,,,,,,,,,-4550,keV,500,"B-n?,B-2n?,B- = 100",
21,61,0,Sc,,0,keV,,,,,,,,,,,,,,500,keV,600,"B-n?,B-2n?,B- = 100",
21,62,0,Sc,,0,keV,0,,,,,,,,,,,,,7310,keV,600,"B-n?,B-2n?,B- = 100",
22,39,0,Ti,,0,keV,0,,,28.5,ms,0.9,,,,,,,,2500,keV,200,"EC2p = 0 ,EC+B+ = 100,ECp = 93.7 2.8",
22,40,0,Ti,,0,keV,,"0+",,52.4,ms,0.3,,,,,,,,-8993.439,keV,68.244,"ECp = 95.8 1.3,EC+B+ = 100 ",
22,41,0,Ti,,0,keV,,"3/2+",,81.9,ms,0.5,,,,,,,,-15697.539,keV,27.945,"ECp ~ 100 ,EC+B+ = 100",
22,42,0,Ti,,0,keV,,"0+",,208.34,ms,0.57,,,,,,,,-25104.353,keV,0.269,"EC+B+ = 100 ",
22,43,0,Ti,,0,keV,,"7/2-",,509,ms,5,,,,,,,,-29315.591,keV,5.719,"ECp?,EC+B+ = 100 ",
22,44,0,Ti,,0,keV,,"0+",,59.1,y,0.3,,,,,,,,-37548.586,keV,0.7,"EC = 100 ",
22,45,0,Ti,,0,keV,,"7/2-",,184.8,m,0.5,,,,,,,,-39010.266,keV,0.836,"EC+B+ = 100 ",
22,46,0,Ti,,0,keV,,"0+",,STABLE,,,,,,,,8.25,0.03,-44128.269,keV,0.09,,
22,47,0,Ti,,0,keV,,"5/2-",,STABLE,,,,,,,,7.44,0.02,-44937.612,keV,0.08,,
22,48,0,Ti,,0,keV,,"0+",,STABLE,,,,,,,,73.72,0.03,-48492.952,keV,0.074,,
22,49,0,Ti,,0,keV,,"7/2-",,STABLE,,,,,,,,5.41,0.02,-48564.012,keV,0.078,,
22,50,0,Ti,,0,keV,0,"0+",,STABLE,,,,,,,,5.18,0.02,-51431.867,keV,0.082,,
22,51,0,Ti,,0,keV,0,"3/2-",,5.756,m,0.009,,,,,,,,-49732.965,keV,0.484,"B- = 100",
22,52,0,Ti,,0,keV,0,"0+",,1.7,m,0.1,,,,,,,,-49477.698,keV,2.747,"B- = 100",
22,53,0,Ti,,0,keV,0,"3/2-",,32.7,s,0.9,,,,,,,,-46881.433,keV,2.888,"B- = 100",
22,54,0,Ti,,0,keV,0,"0+",,1.6,s,0.4,,,,,,,,-45743.812,keV,15.835,"B- = 100",
22,55,0,Ti,,0,keV,0,"(1/2)-",,1.3,s,0.1,,,,,,,,-41832.469,keV,28.876,"B- = 100",
22,56,0,Ti,,0,keV,0,"0+",,199,ms,6,,,,,,,,-39422.995,keV,100.201,"B- = 100,B-n?",
22,57,0,Ti,,0,keV,0,,,94,ms,8,,,,,,,,-34401.848,keV,205.879,"B- = 100,B-n?",
22,58,0,Ti,,0,keV,0,"0+",,55,ms,6,,,,,,,,-30917.668,keV,183.34,"B- = 100,B-n?",
22,59,0,Ti,,0,keV,0,,,28.5,ms,1.9,,,,,,,,-25880,keV,300,"B-n?,B-2n?,B- = 100",
22,60,0,Ti,,0,keV,0,"0+",,22.2,ms,1.6,,,,,,,,-22099.698,keV,240.325,"B-n?,B-2n?,B- = 100",
22,61,0,Ti,,0,keV,0,,,15,ms,4,,,,,,,,-16370,keV,300,"B-n?,B-2n?,B- = 100",
22,62,0,Ti,,0,keV,0,"0+",,,,,,,,,,,,-12200,keV,400,"B-n?,B-2n?,B- = 100",
22,63,0,Ti,,0,keV,0,,,,,,,,,,,,,-5860,keV,500,"B-n?,B-2n?,B- = 100",
22,64,0,Ti,,0,keV,0,"0+",,,,,,,,,,,,-1480,keV,600,"B-n?,B-2n?,B- = 100",
23,42,0,V,,0,keV,0,,,,,,,,,,,,,-7620,keV,196,"p?",
23,43,0,V,,0,keV,,,,79.3,ms,2.4,,,,,,,,-17916.358,keV,42.849,"ECp?,EC+B+ = 100 ",
23,44,0,V,,0,keV,,"2+",,111,ms,7,,,,,,,,-23808.079,keV,7.265,"ECa?,EC+B+ = 100,ECp?",
23,44,1,V,,267,keV,10,"6+",,150,ms,3,,,,,,,,-23541.079,keV,12.36,"EC+B+ = 100 ",
23,45,0,V,,0,keV,,"7/2-",,546,ms,6,,,,,,,,-31886.441,keV,0.863,"EC+B+ = 100 ",
23,46,0,V,,0,keV,,"0+",,422.62,ms,0.05,,,,,,,,-37075.897,keV,0.134,"EC+B+ = 100 ",
23,47,0,V,,0,keV,,"3/2-",,32.6,m,0.3,,,,,,,,-42007.07,keV,0.11,"EC+B+ = 100 ",
23,48,0,V,,0,keV,,"4+",,15.974,d,0.002,,,,,,,,-44478.005,keV,0.972,"EC+B+ = 100 ",
23,49,0,V,,0,keV,,"7/2-",,330,d,15,,,,,,,,-47962.157,keV,0.824,"EC = 100 ",
23,50,0,V,,0,keV,0,"6+",,268259042539225300,y,+10775848128956518-10902127329938484,,,,,,0.25,0.01,-49223.24,keV,0.093,"B- = 1.4 ,EC+B+ = 98.6 ",
23,51,0,V,,0,keV,0,"7/2-",,STABLE,,,,,,,,99.75,0.01,-52203.105,keV,0.097,,
23,52,0,V,,0,keV,0,"3+",,3.743,m,0.005,,,,,,,,-51443.032,keV,0.159,"B- = 100",
23,53,0,V,,0,keV,0,"7/2-",,1.537,m,0.014,,,,,,,,-51851.675,keV,3.103,"B- = 100",
23,54,0,V,,0,keV,0,"3+",,49.8,s,0.5,,,,,,,,-49898.267,keV,11.18,"B- = 100",
23,55,0,V,,0,keV,0,"(7/2-)",,6.54,s,0.15,,,,,,,,-49125.136,keV,27.013,"B- = 100",
23,56,0,V,,0,keV,0,"1+",,218,ms,6,,,,,,,,-46183.401,keV,175.884,"B- = 100,B-n?",
23,57,0,V,,0,keV,0,,,347,ms,9,,,,,,,,-44435.063,keV,84.766,"B- = 100,B-n?",
23,58,0,V,,0,keV,0,,,192,ms,7,,,,,,,,-40430.584,keV,95.816,"B- = 100,B-n?",
23,59,0,V,,0,keV,0,,,96,ms,4,,,,,,,,-37610.617,keV,137.4,"B- = 100,B-n = 3 ",
23,60,0,V,,0,keV,0,,,122,ms,18,,,,,,,,-33087.402,keV,181.946,"B-n?,B-2n?,B- = 100",
23,60,1,V,,0,keV,,,,40,ms,15,,,,,,,,-33087.402,keV,181.946,"IT?,B-2n?,B- = 100,B-n?",
23,61,0,V,,0,keV,0,"(3/2-)",,48.2,ms,0.6,,,,,,,,-30177.121,keV,234.92,"B-n = 14.5 2,B-2n?,B- = 100",
23,62,0,V,,0,keV,0,,,33.6,ms,2.3,,,,,,,,-25213.164,keV,264.287,"B-n?,B-2n?,B- = 100",
23,63,0,V,,0,keV,0,"(3/2-),(5/2-)",,19.6,ms,0.9,,,,,,,,-21740.141,keV,339.995,"B- = 100,B-n = 35 ",
23,64,0,V,,0,keV,0,"(1),(2)",,15,ms,2,,,,,,,,-16320,keV,400,"B-n?,B-2n?,B- = 100",
23,65,0,V,,0,keV,0,,,,,,,,,,,,,-12110,keV,500,"B-n?,B-2n?,B- = 100",
23,66,0,V,,0,keV,0,,,,,,,,,,,,,-6300,keV,500,"B-n?,B-2n?,B- = 100",
23,67,0,V,,0,keV,0,,,,,,,,,,,,,-1744,keV,600,"B-n?,B-2n?,B- = 100",
24,42,0,Cr,,0,keV,,"0+",,13.3,ms,1,,,,,,,,7060,keV,300,"2p?,EC+B+ = 100,ECp = 94.4 5",
24,43,0,Cr,,0,keV,,"(3/2+)",,21.1,ms,0.3,,,,,,,,-1970,keV,200,"EC+B+ = 100,ECp = 79.3 3,EC3p = 0.13 +0.18-0.08,EC2p = 11.6 1",
24,44,0,Cr,,0,keV,,"0+",,42.8,ms,0.6,,,,,,,,-13421.899,keV,51.232,"ECp = 12 2,EC+B+ = 100",
24,45,0,Cr,,0,keV,,"(7/2-)",,60.9,ms,0.4,,,,,,,,-19514.801,keV,35.397,"ECp = 34.4 0.8,EC+B+ = 100",
24,46,0,Cr,,0,keV,,"0+",,244.3,ms,1.3,,,,,,,,-29471.57,keV,11.453,"EC+B+ = 100 ",
24,47,0,Cr,,0,keV,,"3/2-",,460.6,ms,1.6,,,,,,,,-34563.093,keV,5.197,"EC+B+ = 100 ",
24,48,0,Cr,,0,keV,,"0+",,21.56,h,0.03,,,,,,,,-42821.313,keV,7.311,"EC+B+ = 100 ",
24,49,0,Cr,,0,keV,,"5/2-",,42.3,m,0.1,,,,,,,,-45332.352,keV,2.202,"EC+B+ = 100 ",
24,50,0,Cr,,0,keV,0,"0+",,STABLE,,,,,,,,4.345,0.013,-50261.364,keV,0.094,,
24,51,0,Cr,,0,keV,0,"7/2-",,27.7004,d,0.0022,,,,,,,,-51450.715,keV,0.167,"EC = 100",
24,52,0,Cr,,0,keV,0,"0+",,STABLE,,,,,,,,83.789,0.018,-55419.508,keV,0.112,,
24,53,0,Cr,,0,keV,0,"3/2-",,STABLE,,,,,,,,9.501,0.017,-55287.618,keV,0.116,,
24,54,0,Cr,,0,keV,0,"0+",,STABLE,,,,,,,,2.365,0.007,-56935.379,keV,0.132,,
24,55,0,Cr,,0,keV,0,"3/2-",,3.498,m,0.004,,,,,,,,-55110.324,keV,0.228,"B- = 100",
24,56,0,Cr,,0,keV,0,"0+",,5.94,m,0.1,,,,,,,,-55285.128,keV,0.578,"B- = 100",
24,57,0,Cr,,0,keV,0,"3/2-",,21.1,s,1,,,,,,,,-52524.985,keV,1.863,"B- = 100",
24,58,0,Cr,,0,keV,0,"0+",,7,s,0.3,,,,,,,,-51991.808,keV,2.981,"B- = 100",
24,59,0,Cr,,0,keV,0,"(1/2-)",,1.05,s,0.09,,,,,,,,-48115.931,keV,0.671,"B- = 100",
24,60,0,Cr,,0,keV,0,"0+",,490,ms,10,,,,,,,,-46908.5,keV,1.118,"B- = 100,B-n?",
24,61,0,Cr,,0,keV,0,"(3/2-)",,243,ms,10,,,,,,,,-42496.502,keV,1.863,"B- = 100,B-n?",
24,62,0,Cr,,0,keV,0,"0+",,206,ms,11,,,,,,,,-40852.611,keV,3.447,"B- = 100,B-n?",
24,63,0,Cr,,0,keV,0,,,129,ms,2,,,,,,,,-36178.299,keV,72.657,"B- = 100,B-n?",
24,64,0,Cr,,0,keV,0,"0+",,43,ms,1,,,,,,,,-33639.978,keV,299.941,"B- = 100,B-n?",
24,65,0,Cr,,0,keV,0,,,28,ms,2,,,,,,,,-28310,keV,200,"B-n?,B-2n?,B- = 100",
24,66,0,Cr,,0,keV,0,"0+",,24,ms,2,,,,,,,,-25140,keV,300,"B-n?,B-2n?,B- = 100",
24,67,0,Cr,,0,keV,0,,,,,,,,,,,,,-19270,keV,400,"B-n?,B-2n?,B- = 100",
24,68,0,Cr,,0,keV,0,"0+",,,,,,,,,,,,-15690,keV,500,"B-n?,B-2n?,B- = 100",
24,69,0,Cr,,0,keV,0,,,,,,,,,,,,,-9630,keV,500,"B-n?,B-2n?,B- = 100",
24,70,0,Cr,,0,keV,0,"0+",,,,,,,,,,,,-5640,keV,600,"B-n?,B-2n?,B- = 100",
25,44,0,Mn,,0,keV,0,,,105,ns,,,,,,,,,7460,keV,300,"p?",
25,46,0,Mn,,0,keV,,"(4+)",,36.2,ms,0.4,,,,,,,,-12417.748,keV,86.629,"ECp = 57 0.8,EC+B+ = 100",
25,47,0,Mn,,0,keV,,"(5/2-)",,88,ms,1.3,,,,,,,,-22566.376,keV,31.671,"ECp = 1.7 ,EC+B+ = 100",
25,48,0,Mn,,0,keV,,"4+",,157.7,ms,2.1,,,,,,,,-29296.644,keV,6.699,"ECa = 0.0006 ,EC+B+ = 100,ECp = 0.28 0.04",
25,49,0,Mn,,0,keV,,"5/2-",,382.1,ms,6.8,,,,,,,,-37619.925,keV,2.214,"EC+B+ = 100 ",
25,50,0,Mn,,0,keV,,"0+",,283.19,ms,0.08,,,,,,,,-42626.886,keV,0.115,"EC+B+ = 100",
25,50,1,Mn,,225.28,keV,0.09,"5+",,1.75,m,0.02,,,,,,,,-42401.606,keV,0.146,"EC+B+ = 100 ",
25,51,0,Mn,,0,keV,0,"5/2-",,45.84,m,0.24,,,,,,,,-48243.225,keV,0.304,"EC+B+ = 100",
25,52,0,Mn,,0,keV,0,"6+",,5.591,d,0.003,,,,,,,,-50711.387,keV,0.129,"EC+B+ = 100",
25,52,1,Mn,,377.749,keV,0.005,"2+",,21.4,m,0.4,,,,,,,,-50333.638,keV,0.129,"IT = 1.78 0.05,EC+B+ = 98.22 0.05",
25,53,0,Mn,,0,keV,0,"7/2-",,3620000,y,379473,,,,,,,,-54690.35,keV,0.346,"EC = 100",
25,54,0,Mn,,0,keV,0,"3+",,312.08,d,0.04,,,,,,,,-55558.247,keV,1.007,"B- = 0.000093,EC+B+ = 99.999907",
25,55,0,Mn,,0,keV,0,"5/2-",,STABLE,,,,,,,,100,0,-57712.542,keV,0.26,,
25,56,0,Mn,,0,keV,0,"3+",,2.5788,h,0.0002,,,,,,,,-56911.666,keV,0.293,"B- = 100",
25,57,0,Mn,,0,keV,0,"5/2-",,85.4,s,1.8,,,,,,,,-57486.279,keV,1.505,"B- = 100",
25,58,0,Mn,,0,keV,0,"1+",,3,s,0.1,,,,,,,,-55827.568,keV,2.701,"B- = 100",
25,58,1,Mn,,71.77,keV,0.05,"4+",,65.4,s,0.5,,,,,,,,-55755.798,keV,2.701,"B- ~ 90 ,IT ~ 10 ",
25,59,0,Mn,,0,keV,0,"5/2-",,4.59,s,0.04,,,,,,,,-55525.328,keV,2.329,"B- = 100",
25,60,0,Mn,,0,keV,0,"1+",,0.28,s,0.02,,,,,,,,-52967.946,keV,2.329,"B- = 100",
25,60,1,Mn,,271.8,keV,0.1,"4+",,1.77,s,0.02,,,,,,,,-52696.146,keV,2.331,"B- = 88.5 0.8,IT = 11.5 0.8",
25,61,0,Mn,,0,keV,-1,"(5/2-)",,0.709,s,0.006,,,,,,,,-51742.13,keV,2.329,"B- = 100,B-n = 0.2 ",
25,62,0,Mn,,0,keV,0,"1+",,92,ms,13,,,,,,,,-48523.965,keV,6.542,"B- = 100,B-n?",
25,62,1,Mn,,348,keV,8,"4+",,671,ms,7,,,,,,,,-48175.965,keV,10.334,"B-n?,IT?,B- = 100",
25,63,0,Mn,,0,keV,0,"5/2(-)",,277,ms,5,,,,,,,,-46887.061,keV,3.726,"B- = 100,B-n?",
25,64,0,Mn,,0,keV,0,"1(+)",,90,ms,3,,,,,,,,-42989.04,keV,3.54,"B- = 100,B-n = 2.7 0.6",
25,65,0,Mn,,0,keV,0,"(5/2-)",,91.7,ms,1,,,,,,,,-40967.344,keV,3.726,"B- = 100,B-n = 7.9 1.2",
25,66,0,Mn,,0,keV,0,"(1+),(2+)",,63.9,ms,0.9,,,,,,,,-36750.392,keV,11.178,"B-n = 7.3 +1.4-1.1,B-2n?,B- = 100",
25,67,0,Mn,,0,keV,0,,,47,ms,3,,,,,,,,-33580,keV,200,"B-n = 5 ,B-2n?,B- = 100",
25,68,0,Mn,,0,keV,-1,,,33.9,ms,1.7,,,,,,,,-28920,keV,300,"B-n = 18 10,B-2n?,B- = 100",
25,69,0,Mn,,0,keV,0,,,22.1,ms,2.5,,,,,,,,-25360,keV,400,"B-n = 40 20,B-2n?,B- = 100",
25,70,0,Mn,,0,keV,0,,,19.9,ms,1.7,,,,,,,,-20450,keV,500,"B-n?,B-2n?,B- = 100",
25,71,0,Mn,,0,keV,0,,,,,,,,,,,,,-16620,keV,500,"B-n?,B-2n?,B- = 100",
25,72,0,Mn,,0,keV,0,,,,,,,,,,,,,-11170,keV,600,"B-n?,B-2n?,B- = 100",
25,73,0,Mn,,0,keV,0,,,,,,,,,,,,,-6700,keV,600,"B-n?,B-2n?,B- = 100",
26,45,0,Fe,,0,keV,,"(3/2+)",,2.6,ms,0.2,,,,,,,,14408,keV,283,"EC+B+ = 30 4,EC2p = 8 2,EC3p = 3 2,ECp = 19 5,2p = 70 4",
26,46,0,Fe,,0,keV,,"0+",,13.9,ms,1.5,,,,,,,,1210,keV,300,"EC2p = 1 ,EC+B+ = 100,ECp = 72.4 6.4",
26,47,0,Fe,,0,keV,,"(7/2-)",,21.9,ms,0.2,,,,,,,,-7130,keV,500,"ECp = 88.4 0.9,EC+B+ = 100",
26,48,0,Fe,,0,keV,,"0+",,45.5,ms,0.8,,,,,,,,-18008.575,keV,92.218,"ECp = 15.3 0.7,EC+B+ = 100",
26,49,0,Fe,,0,keV,,"(7/2-)",,64.7,ms,0.3,,,,,,,,-24750.73,keV,24.219,"ECp = 56.7 0.4,EC+B+ = 100",
26,50,0,Fe,,0,keV,0,"0+",,152,ms,0.6,,,,,,,,-34476.46,keV,8.383,"ECp ~ 0 ,EC+B+ = 100",
26,51,0,Fe,,0,keV,0,"5/2-",,305,ms,2,,,,,,,,-40189.185,keV,1.398,"EC+B+ = 100",
26,52,0,Fe,,0,keV,0,"0+",,8.273,h,0.009,,,,,,,,-48332.095,keV,0.179,"EC+B+ = 100",
26,52,1,Fe,,6958.4,keV,0.4,"12+",,45.9,s,0.6,,,,,,,,-41373.695,keV,0.438,"IT = 0.021 0.005,EC+B+ = 99.979 0.005",
26,53,0,Fe,,0,keV,0,"7/2-",,8.51,m,0.02,,,,,,,,-50947.483,keV,1.669,"EC+B+ = 100 ",
26,53,1,Fe,,3040.4,keV,0.3,"19/2-",,2.54,m,0.03,,,,,,,,-47907.083,keV,1.696,"IT = 100",
26,54,0,Fe,,0,keV,0,"0+",,STABLE,,,,,,,,5.845,0.105,-56254.615,keV,0.343,,
26,55,0,Fe,,0,keV,0,"3/2-",,2.7558379780666526,y,+0.0013594532755684628-0.0013594532755653588,,,,,,,,-57481.422,keV,0.308,"EC = 100",
26,56,0,Fe,,0,keV,0,"0+",,STABLE,,,,,,,,91.754,0.106,-60607.163,keV,0.268,,
26,57,0,Fe,,0,keV,0,"1/2-",,STABLE,,,,,,,,2.119,0.029,-60182.017,keV,0.268,,
26,58,0,Fe,,0,keV,0,"0+",,STABLE,,,,,,,,0.282,0.012,-62155.271,keV,0.316,,
26,59,0,Fe,,0,keV,0,"3/2-",,44.495,d,0.009,,,,,,,,-60664.957,keV,0.33,"B- = 100",
26,60,0,Fe,,0,keV,0,"0+",,2609479,y,37604,,,,,,,,-61413.174,keV,3.406,"B- = 100",
26,61,0,Fe,,0,keV,0,"(3/2-)",,6.03,m,0.05,,,,,,,,-58920.503,keV,2.608,"B- = 100",
26,62,0,Fe,,0,keV,0,"0+",,68,s,2,,,,,,,,-58878.057,keV,2.794,"B- = 100",
26,63,0,Fe,,0,keV,0,"(5/2-)",,6.1,s,0.6,,,,,,,,-55635.629,keV,4.302,"B- = 100",
26,64,0,Fe,,0,keV,0,"0+",,2,s,0.3,,,,,,,,-54969.552,keV,5.017,"B- = 100",
26,65,0,Fe,,0,keV,0,"(1/2-)",,0.805,s,0.01,,,,,,,,-51217.902,keV,5.112,"B- = 100,B-n?",
26,65,1,Fe,,393.7,keV,0.2,"(9/2+)",,1.15,s,0.12,,,,,,,,-50824.202000000005,keV,5.115910867089,"B- = 100,B-n?",
26,66,0,Fe,,0,keV,0,"0+",,472,ms,33,,,,,,,,-50067.847,keV,4.099,"B- = 100,B-n?",
26,67,0,Fe,,0,keV,0,,,398,ms,9,,,,,,,,-45708.416,keV,3.819,"B- = 100,B-n?",
26,68,0,Fe,,0,keV,0,"0+",,187,ms,4,,,,,,,,-43897,keV,193,"B- = 100,B-n?",
26,69,0,Fe,,0,keV,0,"(1/2-)",,162,ms,7,,,,,,,,-39199,keV,200,"B- = 100,B-n?",
26,70,0,Fe,,0,keV,0,"0+",,61.5,ms,0.9,,,,,,,,-36890,keV,300,"B- = 100,B-n?",
26,71,0,Fe,,0,keV,0,,,34,ms,7,,,,,,,,-31930,keV,400,"B-n?,B-2n?,B- = 100",
26,72,0,Fe,,0,keV,0,"0+",,19,ms,4,,,,,,,,-29250,keV,500,"B-n?,B-2n?,B- = 100",
26,73,0,Fe,,0,keV,0,,,12.9,ms,1.6,,,,,,,,-23990,keV,500,"B-n?,B-2n?,B- = 100",
26,74,0,Fe,,0,keV,0,"0+",,8.2,ms,+2.6-7.1,,,,,,,,-20660,keV,500,"B-n?,B-2n?,B- = 100",
26,75,0,Fe,,0,keV,0,,,,,,,,,,,,,-14700,keV,600,"B-n?,B-2n?,B- = 100",
26,76,0,Fe,,0,keV,0,"0+",,,,,,,,,,,,-10590,keV,600,"B-n?,B-2n?,B- = 100",
27,50,0,Co,,0,keV,0,"(6+)",,38.8,ms,0.3,,,,,,,,-17589.403,keV,125.752,"ECp = 70.5 0.7,EC+B+ = 100",
27,51,0,Co,,0,keV,0,"7/2-",,68.8,ms,1.9,,,,,,,,-27342.146,keV,48.438,"ECp = 3.8 ,EC+B+ = 100",
27,52,0,Co,,0,keV,0,"(6+)",,111,ms,2,,,,,,,,-34343.979,keV,5.282,"ECp?,EC+B+ = 100",
27,52,1,Co,,380,keV,9,"2+",,102,ms,5,,,,,,,,-33963.979,keV,10.435,"EC+B+ ~ 100 ",
27,53,0,Co,,0,keV,0,"(7/2-)",,244,ms,3,,,,,,,,-42659.376,keV,1.727,"EC+B+ = 100 ",
27,53,1,Co,,3174.4,keV,1.6,"(19/2-)",,248,ms,8,,,,,,,,-39484.975999999995,keV,2.354257632461,"p ~ 1.5 ,EC+B+ ~ 98.5 ",
27,54,0,Co,,0,keV,0,"0+",,193.27,ms,0.04,,,,,,,,-48010.068,keV,0.355,"EC+B+ = 100",
27,54,1,Co,,197.1,keV,0.4,"7+",,1.48,m,0.02,,,,,,,,-47812.968,keV,0.535,"EC+B+ = 100",
27,55,0,Co,,0,keV,0,"7/2-",,17.53,h,0.02,,,,,,,,-54029.996,keV,0.405,"EC+B+ = 100",
27,56,0,Co,,0,keV,0,"4+",,77.236,d,0.026,,,,,,,,-56040.518,keV,0.475,"EC+B+ = 100",
27,57,0,Co,,0,keV,0,"7/2-",,271.8,d,0.03,,,,,,,,-59345.658,keV,0.516,"EC = 100",
27,58,0,Co,,0,keV,,"2+",,70.883,d,0.022,,,,,,,,-59847.292,keV,1.153,"EC+B+ = 100",
27,58,1,Co,,24.95,keV,0.06,"5+",,8.856,h,0.023,,,,,,,,-59822.342000000004,keV,1.154560089385,"IT = 99.9988 0.00005,EC = 0.0012 0.00005",
27,59,0,Co,,0,keV,0,"7/2-",,STABLE,,,,,,,,100,0,-62229.838,keV,0.397,,
27,60,0,Co,,0,keV,,"5+",,5.271101555705653,y,+0.0010152624204414272-0.0010152624204341077,,,,,,,,-61650.437,keV,0.403,"B- = 100",
27,60,1,Co,,58.59,keV,0.01,"2+",,10.467,m,+0.006-0.005,,,,,,,,-61591.847,keV,0.403,"B- = 0.25 0.03,IT = 99.75 0.03",
27,61,0,Co,,0,keV,0,"7/2-",,1.65,h,0.005,,,,,,,,-62898.179,keV,0.839,"B- = 100",
27,62,0,Co,,0,keV,0,"(2)+",,1.51,m,0.04,,,,,,,,-61424.399,keV,18.574,"B- = 100",
27,62,1,Co,,22,keV,5,"(5)+",,13.9,m,0.04,,,,,,,,-61402.399,keV,19.235,"B- = 99 ,IT = 1 ",
27,63,0,Co,,0,keV,0,"7/2-",,26.9,s,0.4,,,,,,,,-61851.553,keV,18.575,"B- = 100",
27,64,0,Co,,0,keV,0,"1+",,300,ms,30,,,,,,,,-59792.442,keV,20.005,"B- = 100",
27,64,1,Co,,107,keV,20,,,280,ms,,,,,,,,,-59685.442,keV,28.288,"B-?,IT?",
27,65,0,Co,,0,keV,0,"(7/2)-",,1.16,s,0.03,,,,,,,,-59185.205,keV,2.083,"B- = 100",
27,66,0,Co,,0,keV,0,"(1+)",,200,ms,15,,,,,,,,-56408.541,keV,13.972,"B- = 100,B-n?",
27,67,0,Co,,0,keV,0,"(7/2-)",,329,ms,28,,,,,,,,-55321.783,keV,6.443,"B- = 100,B-n?",
27,67,1,Co,,491.54,keV,1,"(1/2-)",,496,ms,34,,,,,,,,-54830.243,keV,6.52,"B-n?,IT = 80 ,B- = 20 ",
27,68,0,Co,,0,keV,0,"(7-)",,226,ms,29,,,,,,,,-51642.591,keV,3.859,"B- = 100,B-n?",
27,68,1,Co,,0,keV,,"(2-)",,1.6,s,0.3,,,,,,,,-51642.591,keV,3.859,"B- = 100,B-n = 2.6 ",
27,69,0,Co,,0,keV,0,"(7/2-)",,210,ms,9,,,,,,,,-50385.447,keV,85.697,"B- = 100,B-n?",
27,69,1,Co,,176,keV,57,"(1/2-)",,0.75,s,0.25,,,,,,,,-50209.447,keV,102.922,"B- = 100,B-n?",
27,70,0,Co,,0,keV,,"(6-),(7-)",,114,ms,4,,,,,,,,-46524.963,keV,10.992,"B-n?,B-2n?,B- = 100",
27,70,1,Co,,0,keV,,"(1+),(2+)",,507,ms,7,,,,,,,,-46524.963,keV,10.992,"B-n?,B-2n?,B- = 100",
27,71,0,Co,,0,keV,0,"(7/2-)",,80,ms,2,,,,,,,,-44369.93,keV,465.03,"B- = 100,B-n ~ 16 ",
27,72,0,Co,,0,keV,0,"(6-),(7-)",,51.9,ms,0.8,,,,,,,,-40300,keV,300,"B-n = 6 ,B-2n?,B- = 100",
27,72,1,Co,,0,keV,,"(0+),(1+)",,47.8,ms,0.5,,,,,,,,-40300,keV,300,"B-n = 6 ,B-2n?,B- = 100",
27,72,2,Co,,0,keV,,"(3+)",,180,ms,10,,,,,,,,-40300,keV,300,"B- = 100,B-n?",
27,73,0,Co,,0,keV,0,"(7/2-)",,42,ms,0.7,,,,,,,,-37970,keV,300,"B-n = 6 3,B-2n?,B- = 100",
27,74,0,Co,,0,keV,0,,,31.3,ms,1.3,,,,,,,,-33540,keV,400,"B-n = 18 15,B-2n?,B- = 100",
27,75,0,Co,,0,keV,0,,,26.5,ms,1.2,,,,,,,,-30560,keV,400,"B-n = 15 ,B-2n?,B- = 100",
27,76,0,Co,,0,keV,,"(1-)",,16,ms,4,,,,,,,,-25660,keV,500,"B-n?,B-2n?,B- = 100",
27,76,1,Co,,0,keV,,"(8-)",,21.7,ms,+6.5-4.9,,,,,,,,-25660,keV,500,"B-n?,B-2n?,B- = 100",
27,77,0,Co,,0,keV,0,,,13,ms,+7.2-4.3,,,,,,,,-21910,keV,600,"B-n?,B-2n?,B- = 100",
27,78,0,Co,,0,keV,0,,,,,,,,,,,,,-15320,keV,700,"B-n?,B-2n?,B- = 100",
28,48,0,Ni,,0,keV,,"0+",,2.1,ms,+1.4-0.6,,,,,,,,18178,keV,424,"ECp = 30 20,2p = 70 20",
28,49,0,Ni,,0,keV,,,,7.5,ms,1,,,,,,,,8530,keV,600,"ECp = 83 13,EC+B+ = 100",
28,50,0,Ni,,0,keV,0,"0+",,17.6,ms,2.2,,,,,,,,-3460,keV,500,"EC2p = 14 5,EC+B+ = 100,ECp = 73 6",
28,51,0,Ni,,0,keV,0,,,23.8,ms,0.2,,,,,,,,-11650,keV,500,"EC2p = 0.5 0.2,EC+B+ = 100,ECp = 87.2 0.8",
28,52,0,Ni,,0,keV,0,"0+",,41.4,ms,0.9,,,,,,,,-22559.856,keV,82.903,"ECp = 31.4 1.5,EC+B+ = 100",
28,53,0,Ni,,0,keV,0,"(7/2-)",,55.2,ms,0.7,,,,,,,,-29630.827,keV,25.15,"ECp = 22.7 0.7,EC+B+ = 100",
28,54,0,Ni,,0,keV,0,"0+",,114.1,ms,0.3,,,,,,,,-39278.312,keV,4.657,"ECp?,EC+B+ = 100",
28,55,0,Ni,,0,keV,0,"7/2-",,203.9,ms,2.6,,,,,,,,-45335.961,keV,0.705,"EC+B+ = 100",
28,56,0,Ni,,0,keV,,"0+",,6.081,d,0.015,,,,,,,,-53907.649,keV,0.399,"EC+B+ = 100",
28,57,0,Ni,,0,keV,0,"3/2-",,35.6,h,0.06,,,,,,,,-56083.961,keV,0.566,"EC+B+ = 100",
28,58,0,Ni,,0,keV,0,"0+",,STABLE,,,,,,,,68.0769,0.019,-60228.871,keV,0.349,,
28,59,0,Ni,,0,keV,,"3/2-",,80953,y,8915,,,,,,,,-61156.833,keV,0.351,"EC+B+ = 100 ",
28,60,0,Ni,,0,keV,0,"0+",,STABLE,,,,,,,,26.2231,0.015,-64473.243,keV,0.353,,
28,61,0,Ni,,0,keV,0,"3/2-",,STABLE,,,,,,,,1.1399,0.0013,-64222.029,keV,0.355,,
28,62,0,Ni,,0,keV,0,"0+",,STABLE,,,,,,,,3.6345,0.004,-66746.44,keV,0.425,,
28,63,0,Ni,,0,keV,0,"1/2-",,100.8,y,1.2,,,,,,,,-65512.891,keV,0.426,"B- = 100",
28,64,0,Ni,,0,keV,0,"0+",,STABLE,,,,,,,,0.9256,0.0019,-67099.034,keV,0.463,,
28,65,0,Ni,,0,keV,0,"5/2-",,2.5175,h,0.0005,,,,,,,,-65125.796,keV,0.483,"B- = 100",
28,66,0,Ni,,0,keV,0,"0+",,54.6,h,0.3,,,,,,,,-66006.293,keV,1.397,"B- = 100",
28,67,0,Ni,,0,keV,0,"(1/2)-",,21,s,1,,,,,,,,-63742.688,keV,2.888,"B- = 100",
28,68,0,Ni,,0,keV,0,"0+",,29,s,2,,,,,,,,-63463.822,keV,2.981,"B- = 100 ",
28,69,0,Ni,,0,keV,0,"(9/2+)",,11.4,s,0.3,,,,,,,,-59978.656,keV,3.726,"B- = 100",
28,69,1,Ni,,321,keV,2,"(1/2-)",,3.5,s,0.4,,,,,,,,-59657.656,keV,4.229,"B- ~ 100 ,IT = 0.01 ",
28,70,0,Ni,,0,keV,0,"0+",,6,s,0.3,,,,,,,,-59213.868,keV,2.144,"B- = 100",
28,71,0,Ni,,0,keV,0,"(9/2+)",,2.55,s,0.04,,,,,,,,-55406.236,keV,2.237,"B- = 100",
28,71,1,Ni,,499,keV,1,"(1/2-)",,2.3,s,0.3,,,,,,,,-54907.236,keV,2.45,"B- = 100",
28,72,0,Ni,,0,keV,0,"0+",,1.57,s,0.05,,,,,,,,-54226.068,keV,2.237,"B- = 100,B-n?",
28,73,0,Ni,,0,keV,0,"(9/2+)",,838,ms,28,,,,,,,,-50108.159,keV,2.423,"B- = 100,B-n?",
28,74,0,Ni,,0,keV,0,"0+",,507.7,ms,4.6,,,,,,,,-48700,keV,200,"B- = 100,B-n?",
28,75,0,Ni,,0,keV,0,,,332.2,ms,3.1,,,,,,,,-44240,keV,200,"B- = 100,B-n = 10 2.8",
28,76,0,Ni,,0,keV,0,"0+",,234.7,ms,2.7,,,,,,,,-42190,keV,300,"B- = 100,B-n = 14 3.6",
28,77,0,Ni,,0,keV,0,,,158.5,ms,4.2,,,,,,,,-37350,keV,400,"B-n = 26 13,B-2n?,B- = 100",
28,78,0,Ni,,0,keV,0,"0+",,122.2,ms,5.1,,,,,,,,-34880,keV,400,"B- = 100,B-n?",
28,79,0,Ni,,0,keV,0,,,43,ms,+8.6-7.5,,,,,,,,-28160,keV,500,"B-n?,B-2n?,B- = 100",
28,80,0,Ni,,0,keV,0,"0+",,24,ms,+26-17,,,,,,,,-23240,keV,600,"B-n?,B-2n?,B- = 100",
28,81,0,Ni,,0,keV,0,,,,,,,,,,,,,-16090,keV,700,"B-n?,B-2n?,B- = 100",
28,82,0,Ni,,0,keV,,"0+",,,,,,,,,,,,-10720,keV,800,"B-n?,B-2n?,B- = 100",
29,53,0,Cu,,0,keV,0,,,130,ns,,,,,,,,,-13140,keV,500,"p?",
29,54,0,Cu,,0,keV,,,,75,ns,,,,,,,,,-21240,keV,400,"p?",
29,55,0,Cu,,0,keV,0,"(3/2-)",,55.9,ms,1.5,,,,,,,,-31635.403,keV,155.56,"ECp?,EC+B+ = 100",
29,56,0,Cu,,0,keV,,"4+",,80.8,ms,1.3,,,,,,,,-38629.733,keV,6.395,"ECp = 0.4 0.12,EC+B+ = 100",
29,57,0,Cu,,0,keV,0,"3/2-",,196.4,ms,0.7,,,,,,,,-47309.014,keV,0.501,"EC+B+ = 100",
29,58,0,Cu,,0,keV,0,"1+",,3.205,s,0.007,,,,,,,,-51667.851,keV,0.564,"EC+B+ = 100",
29,59,0,Cu,,0,keV,0,"3/2-",,82,s,0.4,,,,,,,,-56358.454,keV,0.528,"EC+B+ = 100",
29,60,0,Cu,,0,keV,0,"2+",,23.74,m,0.35,,,,,,,,-58345.262,keV,1.613,"EC+B+ = 100",
29,61,0,Cu,,0,keV,0,"3/2-",,3.339,h,0.007,,,,,,,,-61984.063,keV,0.951,"EC+B+ = 100",
29,62,0,Cu,,0,keV,0,"1+",,9.672,m,0.008,,,,,,,,-62787.543,keV,0.637,"EC+B+ = 100 ",
29,63,0,Cu,,0,keV,0,"3/2-",,STABLE,,,,,,,,69.15,0.15,-65579.868,keV,0.426,,
29,64,0,Cu,,0,keV,0,"1+",,12.7007,h,0.0013,,,,,,,,-65424.418,keV,0.427,"B- = 38.5 0.3,EC+B+ = 61.5 0.3",
29,65,0,Cu,,0,keV,0,"3/2-",,STABLE,,,,,,,,30.85,0.15,-67263.677,keV,0.643,,
29,66,0,Cu,,0,keV,,"1+",,5.09,m,0.009,,,,,,,,-66258.289,keV,0.649,"B- = 100",
29,67,0,Cu,,0,keV,0,"3/2-",,61.81,h,0.1,,,,,,,,-67319.553,keV,0.892,"B- = 100",
29,68,0,Cu,,0,keV,0,"1+",,30.8,s,0.6,,,,,,,,-65567.043,keV,1.584,"B- = 100",
29,68,1,Cu,,721.26,keV,0.08,"6-",,3.77,m,0.04,,,,,,,,-64845.783,keV,1.586,"B- = 14 2,IT = 86 2",
29,69,0,Cu,,0,keV,0,"3/2-",,2.9,m,0.1,,,,,,,,-65736.221,keV,1.397,"B- = 100",
29,70,0,Cu,,0,keV,0,"6-",,44.5,s,0.3,,,,,,,,-62976.381,keV,1.082,"B- = 100",
29,70,1,Cu,,101.1,keV,0.3,"3-",,33,s,2,,,,,,,,-62875.281,keV,1.123,"B- = 52 9,IT = 48 9",
29,70,2,Cu,,246.6,keV,0.5,"1+",,6.4,s,0.4,,,,,,,,-62729.781,keV,1.192,"B- = 93.2 0.9,IT = 6.8 0.9",
29,71,0,Cu,,0,keV,,"3/2-",,19.4,s,1.4,,,,,,,,-62711.134,keV,1.49,"B- = 100",
29,72,0,Cu,,0,keV,0,"2-",,6.63,s,0.03,,,,,,,,-59783.006,keV,1.397,"B- = 100",
29,73,0,Cu,,0,keV,,"3/2-",,4.2,s,0.12,,,,,,,,-58987.445,keV,1.942,"B- = 100 ,B-n = 0.029 0.006",
29,74,0,Cu,,0,keV,0,"2-",,1.606,s,0.012,,,,,,,,-56006.213,keV,6.148,"B- = 100,B-n = 0.075 0.016",
29,75,0,Cu,,0,keV,,"5/2(-)",,1.224,s,0.003,,,,,,,,-54470.219,keV,0.718,"B- = 100,B-n = 2.7 0.6",
29,76,0,Cu,,0,keV,0,"3-",,637,ms,8,,,,,,,,-50981.627,keV,0.913,"B- = 100 ,B-n = 7.2 0.5",
29,77,0,Cu,,0,keV,0,"5/2-",,469.8,ms,1.8,,,,,,,,-48862.828,keV,1.211,"B- = 100,B-n = 30.1 1.5",
29,78,0,Cu,,0,keV,0,"(6-)",,331.3,ms,1.9,,,,,,,,-44789.474,keV,13.332,"B-n = 50.6 9.7,B-2n?,B- = 100",
29,79,0,Cu,,0,keV,0,,,241,ms,3.3,,,,,,,,-42408.039,keV,104.979,"B-n = 66 10,B-2n?,B- = 100",
29,80,0,Cu,,0,keV,,,,113.3,ms,6.4,,,,,,,,-36679,keV,300,"B-n = 58 9,B-2n?,B- = 100 ",
29,81,0,Cu,,0,keV,,,,73.2,ms,6.8,,,,,,,,-31910,keV,300,"B-n = 81 20,B-2n?,B- = 100 ",
29,82,0,Cu,,0,keV,,,,33,ms,+7-6,,,,,,,,-25730,keV,400,"B-n?,B-2n?,B- = 100 ",
29,83,0,Cu,,0,keV,0,,,,,,,,,,,,,-20390,keV,500,"B-n?,B-2n?,B- = 100",
30,54,0,Zn,,0,keV,0,"0+",,1.59,ms,+0.6-0.35,,,,,,,,-5702,keV,217,"EC+B+?,2p = 92 +6-13",
30,55,0,Zn,,0,keV,0,,,19.8,ms,1.3,,,,,,,,-14270,keV,400,"ECp = 91 5.1,EC+B+ = 100",
30,56,0,Zn,,0,keV,,"0+",,32,ms,0.7,,,,,,,,-25390,keV,400,"ECp = 86 4.9,EC+B+ = 100",
30,57,0,Zn,,0,keV,,,,45.6,ms,0.7,,,,,,,,-32550,keV,200,"ECp = 87 9,EC+B+ = 100",
30,58,0,Zn,,0,keV,0,"0+",,86,ms,2,,,,,,,,-42298.871,keV,50.001,"ECp = 0.7 0.1,EC+B+ = 100",
30,59,0,Zn,,0,keV,0,"3/2-",,182.1,ms,0.8,,,,,,,,-47215.678,keV,0.759,"ECp = 0.1 0.03,EC+B+ = 100",
30,60,0,Zn,,0,keV,0,"0+",,2.41,m,0.03,,,,,,,,-54174.47,keV,0.548,"EC+B+ = 100",
30,61,0,Zn,,0,keV,0,"3/2-",,88.8,s,0.5,,,,,,,,-56348.906,keV,15.899,"EC+B+ = 100",
30,62,0,Zn,,0,keV,0,"0+",,9.193,h,0.012,,,,,,,,-61168.088,keV,0.615,"EC+B+ = 100",
30,63,0,Zn,,0,keV,0,"3/2-",,38.38,m,0.07,,,,,,,,-62213.429,keV,1.56,"EC+B+ = 100",
30,64,0,Zn,,0,keV,0,"0+",,STABLE,,,,,,,,49.17,0.75,-66004.018,keV,0.644,,
30,65,0,Zn,,0,keV,0,"5/2-",,243.93,d,0.08,,,,,,,,-65912.024,keV,0.646,"EC+B+ = 100",
30,66,0,Zn,,0,keV,0,"0+",,STABLE,,,,,,,,27.73,0.98,-68899.229,keV,0.744,,
30,67,0,Zn,,0,keV,,"5/2-",,STABLE,,,,,,,,4.04,0.16,-67880.376,keV,0.755,,
30,68,0,Zn,,0,keV,0,"0+",,STABLE,,,,,,,,18.45,0.63,-70007.154,keV,0.778,,
30,69,0,Zn,,0,keV,0,"1/2-",,56.4,m,0.7,,,,,,,,-68417.906,keV,0.795,"B- = 100",
30,69,1,Zn,,438.636,keV,0.018,"9/2+",,13.748,h,0.01,,,,,,,,-67979.27,keV,0.8,"B- = 0.033 0.003,IT = 99.967 0.003",
30,70,0,Zn,,0,keV,0,"0+",,STABLE,,,,,,,,0.61,0.1,-69564.748,keV,1.918,,
30,71,0,Zn,,0,keV,0,"1/2-",,2.42,m,0.08,,,,,,,,-67328.786,keV,2.654,"B- = 100",
30,71,1,Zn,,157.7,keV,1.3,"9/2+",,4.137,h,0.031,,,,,,,,-67171.086,keV,2.955,"B- = 100,IT = 0.05 ",
30,72,0,Zn,,0,keV,0,"0+",,46.5,h,0.1,,,,,,,,-68145.495,keV,2.142,"B- = 100",
30,73,0,Zn,,0,keV,0,"1/2-",,24.5,s,0.2,,,,,,,,-65593.411,keV,1.863,"B- = 100 ",
30,74,0,Zn,,0,keV,0,"0+",,96,s,1,,,,,,,,-65756.72,keV,2.515,"B- = 100",
30,75,0,Zn,,0,keV,0,"7/2+",,10.2,s,0.2,,,,,,,,-62558.916,keV,1.956,"B- = 100",
30,76,0,Zn,,0,keV,0,"0+",,5.3,s,0.4,,,,,,,,-62303.024,keV,1.456,"B- = 100",
30,77,0,Zn,,0,keV,0,"7/2+",,2.09,s,0.05,,,,,,,,-58789.203,keV,1.973,"B- = 100",
30,77,1,Zn,,772.44,keV,0.015,"1/2-",,1.05,s,0.1,,,,,,,,-58016.763,keV,1.973,"B- = 66 7,IT = 34 7",
30,78,0,Zn,,0,keV,,"0+",,1.47,s,0.15,,,,,,,,-57483.242,keV,1.944,"B- = 100,B-n = 55 ",
30,79,0,Zn,,0,keV,0,"9/2+",,746,ms,42,,,,,,,,-53432.302,keV,2.225,"B- = 100,B-n = 1.8 0.5",
30,79,1,Zn,,1100,keV,150,"1/2+",,200,ms,,,,,,,,,-52332.302,keV,150.017,"B-?,IT?",
30,80,0,Zn,,0,keV,,"0+",,561.9,ms,2.9,,,,,,,,-51648.619,keV,2.585,"B- = 100 ,B-n = 1.36 0.12",
30,81,0,Zn,,0,keV,0,"(5/2+)",,299.4,ms,4.2,,,,,,,,-46199.669,keV,5.03,"B-n = 22 5,B-2n?,B- = 100",
30,82,0,Zn,,0,keV,0,"0+",,177.7,ms,2.5,,,,,,,,-42313.96,keV,3.074,"B-n = 69 7,B-2n?,B- = 100",
30,83,0,Zn,,0,keV,0,,,119,ms,16,,,,,,,,-36290,keV,300,"B-n ~ 71 ,B-2n?,B- = 100",
30,84,0,Zn,,0,keV,0,"0+",,53.6,ms,8.1,,,,,,,,-31830,keV,400,"B-n = 73 26,B-2n?,B- = 100",
30,85,0,Zn,,0,keV,0,,,,,,,,,,,,,-25100,keV,500,"B-n?,B-2n?,B- = 100",
31,59,0,Ga,,0,keV,0,,,43,ns,,,,,,,,,-33760,keV,170,"p?",
31,60,0,Ga,,0,keV,0,"(2+)",,69.4,ms,0.3,,,,,,,,-39590,keV,200,"ECa = 0.023 ,EC+B+ = 100,ECp = 1.6 0.7",
31,61,0,Ga,,0,keV,0,"3/2-",,166,ms,2,,,,,,,,-47134.662,keV,37.994,"ECp = 0.25 ,EC+B+ = 100",
31,62,0,Ga,,0,keV,0,"0+",,116.123,ms,0.023,,,,,,,,-51987.022,keV,0.637,"EC+B+ = 100",
31,63,0,Ga,,0,keV,0,"3/2-",,32.1,s,0.4,,,,,,,,-56547.1,keV,1.304,"EC+B+ = 100",
31,64,0,Ga,,0,keV,0,"0+",,2.6267411810311407,m,+0.007957114669255194-0.00795711466925475,,,,,,,,-58832.827,keV,1.429,"EC+B+ = 100",
31,65,0,Ga,,0,keV,0,"3/2-",,15.134,m,0.028,,,,,,,,-62657.486,keV,0.791,"EC+B+ = 100",
31,66,0,Ga,,0,keV,0,"0+",,9.304,h,0.008,,,,,,,,-63723.729,keV,1.092,"EC+B+ = 100",
31,67,0,Ga,,0,keV,0,"3/2-",,3.2615,d,0.0004,,,,,,,,-66879.156,keV,1.176,"EC = 100",
31,68,0,Ga,,0,keV,0,"1+",,67.843,m,0.017,,,,,,,,-67086.054,keV,1.43,"EC+B+ = 100",
31,69,0,Ga,,0,keV,0,"3/2-",,STABLE,,,,,,,,60.108,0.05,-69327.82,keV,1.197,,
31,70,0,Ga,,0,keV,0,"1+",,21.14,m,0.03,,,,,,,,-68910.15,keV,1.201,"B- = 99.59 0.05,EC = 0.41 0.05",
31,71,0,Ga,,0,keV,,"3/2-",,STABLE,,,,,,,,39.892,0.05,-70139.127,keV,0.811,,
31,72,0,Ga,,0,keV,0,"3-",,14.025,h,0.058,,,,,,,,-68588.284,keV,0.818,"B- = 100",
31,73,0,Ga,,0,keV,0,"1/2-",,4.87,h,0.02,,,,,,,,-69699.343,keV,1.677,"B- = 100",
31,74,0,Ga,,0,keV,0,"(3-)",,8.1,m,0.06,,,,,,,,-68049.626,keV,2.994,"B- = 100",
31,74,1,Ga,,59.571,keV,0.014,"(0+)",,9.5,s,1,,,,,,,,-67990.05500000001,keV,2.99403273195,"B- = 25 25,IT = 75 25",
31,75,0,Ga,,0,keV,0,"3/2-",,126,s,2,,,,,,,,-68460.639,keV,0.671,"B- = 100",
31,76,0,Ga,,0,keV,0,"2(-)",,31,s,0.8,,,,,,,,-66296.648,keV,1.956,"B- = 100",
31,77,0,Ga,,0,keV,0,"3/2(-)",,13.2,s,0.2,,,,,,,,-65992.352,keV,2.422,"B- = 100",
31,78,0,Ga,,0,keV,0,"2(-)",,5.09,s,0.05,,,,,,,,-63704.085,keV,1.051,"B- = 100",
31,79,0,Ga,,0,keV,0,"3/2(-)",,2.848,s,0.003,,,,,,,,-62548.355,keV,1.208,"B- = 100,B-n = 0.089 0.017",
31,80,0,Ga,,0,keV,0,"6-",,1.9,s,0.1,,,,,,,,-59223.675,keV,2.891,"B- = 100,B-n = 0.86 0.07",
31,80,1,Ga,,22.45,keV,0.1,"3-",,1.3,s,0.2,,,,,,,,-59201.225000000006,keV,2.892728988343,"B- = 100,B-n?",
31,81,0,Ga,,0,keV,0,"5/2-",,1.217,s,0.005,,,,,,,,-57627.962,keV,3.264,"B- = 100,B-n = 12.7 0.6",
31,82,0,Ga,,0,keV,0,"(2-)",,600,ms,4,,,,,,,,-52930.725,keV,2.426,"B-n = 20.6 0.7,B-2n?,B- = 100",
31,83,0,Ga,,0,keV,0,,,310,ms,1,,,,,,,,-49257.129,keV,2.612,"B-n = 67.9 7.2,B-2n?,B- = 100",
31,84,0,Ga,,0,keV,0,"(0-)",,97.6,ms,1.2,,,,,,,,-44094.136,keV,29.808,"B-n = 43 3,B-2n = 1.6 0.2,B- = 100",
31,85,0,Ga,,0,keV,0,"(5/2-)",,95.1,ms,1,,,,,,,,-39744.059,keV,37.26,"B-n = 77 9,B-2n = 1.3 0.2,B- = 100",
31,86,0,Ga,,0,keV,0,,,49,ms,2,,,,,,,,-33760,keV,400,"B-n = 67 7,B-2n = 16.2 1.1,B- = 100",
31,87,0,Ga,,0,keV,0,,,29,ms,4,,,,,,,,-28870,keV,500,"B-n = 81 12,B-2n = 10.2 2.8,B- = 100",
32,59,0,Ge,,0,keV,0,,,13.3,ms,1.7,,,,,,,,-16370,keV,400,"2p = 0.2 ,EC+B+ = 100,ECp = 93 7",
32,60,0,Ge,,0,keV,0,"0+",,25,ms,0.3,,,,,,,,-27530,keV,300,"EC2p = 14 ,EC+B+ = 100,ECp = 67 3",
32,61,0,Ge,,0,keV,0,"(3/2-)",,40.7,ms,0.4,,,,,,,,-33790,keV,300,"ECp = 87 3,EC+B+ = 100",
32,62,0,Ge,,0,keV,0,"0+",,73.5,ms,0.1,,,,,,,,-42140,keV,140,"ECp?,EC+B+ = 100",
32,63,0,Ge,,0,keV,0,,,153.3,ms,1,,,,,,,,-46921.221,keV,37.26,"ECp?,EC+B+ = 100",
32,64,0,Ge,,0,keV,0,"0+",,63.7,s,2.5,,,,,,,,-54315.503,keV,3.726,"ECp?,EC+B+ = 100",
32,65,0,Ge,,0,keV,0,"3/2-",,30.8,s,0.4,,,,,,,,-56478.223,keV,2.165,"ECp = 0.011 0.003,EC+B+ = 100",
32,66,0,Ge,,0,keV,0,"0+",,2.26,h,0.04,,,,,,,,-61607.041,keV,2.401,"EC+B+ = 100",
32,67,0,Ge,,0,keV,0,"1/2-",,18.9,m,0.3,,,,,,,,-62673.718,keV,4.319,"EC+B+ = 100",
32,68,0,Ge,,0,keV,0,"0+",,271.04,d,0.09,,,,,,,,-66978.799,keV,1.876,"EC = 100",
32,69,0,Ge,,0,keV,0,"5/2-",,38.9,h,0.07,,,,,,,,-67100.674,keV,1.318,"EC+B+ = 100",
32,70,0,Ge,,0,keV,0,"0+",,STABLE,,,,,,,,20.52,0.19,-70562.036,keV,0.82,,
32,71,0,Ge,,0,keV,0,"1/2-",,11.42,d,0.04,,,,,,,,-69906.657,keV,0.815,"EC = 100",
32,72,0,Ge,,0,keV,0,"0+",,STABLE,,,,,,,,27.45,0.15,-72585.91,keV,0.076,,
32,73,0,Ge,,0,keV,0,"9/2+",,STABLE,,,,,,,,7.76,0.08,-71297.532,keV,0.057,,
32,73,1,Ge,,66.725,keV,0.009,"1/2-",,0.449,s,0.011,,,,,,,,-71230.807,keV,0.058,"IT = 100",
32,74,0,Ge,,0,keV,0,"0+",,STABLE,,,,,,,,36.52,0.12,-73422.451,keV,0.013,,
32,75,0,Ge,,0,keV,0,"1/2-",,82.78,m,0.06,,,,,,,,-71856.973,keV,0.052,"B- = 100",
32,75,1,Ge,,139.69,keV,0.03,"7/2+",,48.1,s,0.5,,,,,,,,-71717.283,keV,0.06,"B- = 0.03 0.006,IT = 99.97 0.006",
32,76,0,Ge,,0,keV,0,"0+",,1.8853584246774665e+21,y,+83322461864022770000-83322461864023300000,,,,,,7.75,0.12,-73212.898,keV,0.018,"2B- = 100",
32,77,0,Ge,,0,keV,0,"7/2+",,11.211,h,0.003,,,,,,,,-71212.87,keV,0.053,"B- = 100",
32,77,1,Ge,,159.71,keV,0.06,"1/2-",,53.7,s,0.3,,,,,,,,-71053.15999999999,keV,0.08005623024,"B- = 81 2,IT = 19 2",
32,78,0,Ge,,0,keV,0,"0+",,87,m,1,,,,,,,,-71862.058,keV,3.536,"B- = 100",
32,79,0,Ge,,0,keV,0,"(1/2)-",,18.97,s,0.04,,,,,,,,-69527.18,keV,37.161,"B- = 100",
32,79,1,Ge,,185.95,keV,0.04,"(7/2+)",,39.7,s,0.9,,,,,,,,-69341.23,keV,37.16,"B- = 96 1,IT = 4 1",
32,80,0,Ge,,0,keV,,"0+",,29.5,s,0.4,,,,,,,,-69535.314,keV,2.054,"B- = 100 ",
32,81,0,Ge,,0,keV,,"(9/2+)",,6.4,s,0.2,,,,,,,,-66291.695,keV,2.055,"B- = 100 ",
32,81,1,Ge,,679.14,keV,0.04,"(1/2+)",,8.6,s,0.6,,,,,,,,-65612.55500000001,keV,2.05538925754,"B- = 100 ",
32,82,0,Ge,,0,keV,,"0+",,4.48,s,0.31,,,,,,,,-65415.075,keV,2.24,"B- = 100 ",
32,83,0,Ge,,0,keV,0,"(5/2+)",,1.85,s,0.06,,,,,,,,-60976.442,keV,2.427,"B- = 100,B-n?",
32,84,0,Ge,,0,keV,0,"0+",,952,ms,8,,,,,,,,-58148.435,keV,3.171,"B- = 100,B-n = 10.6 0.6",
32,85,0,Ge,,0,keV,0,"(3/2+),(5/2+)",,514,ms,17,,,,,,,,-53123.427,keV,3.729,"B-n = 16.2 1.5,B-2n?,B- = 100",
32,86,0,Ge,,0,keV,0,"0+",,226,ms,21,,,,,,,,-49399.927,keV,437.802,"B- = 100,B-n = 45 15",
32,87,0,Ge,,0,keV,0,,,103,ms,4,,,,,,,,-43590,keV,300,"B-n?,B-2n?,B- = 100",
32,88,0,Ge,,0,keV,0,"0+",,61,ms,6,,,,,,,,-39520,keV,400,"B-n?,B-2n?,B- = 100",
32,89,0,Ge,,0,keV,,,,,,,,,,,,,,-33040,keV,400,"B-n?,B-2n?,B- = 100",
32,90,0,Ge,,0,keV,,"0+",,,,,,,,,,,,-28470,keV,500,"B-n?,B-2n?,B- = 100",
33,63,0,As,,0,keV,0,,,43,ns,,,,,,,,,-33500,keV,200,"p?",
33,64,0,As,,0,keV,0,,,69.2,ms,1.4,,,,,,,,-39532,keV,203,"ECp?,EC+B+ = 100",
33,65,0,As,,0,keV,0,,,130.3,ms,0.6,,,,,,,,-46937.056,keV,84.766,"ECp?,EC+B+ = 100",
33,66,0,As,,0,keV,0,"(0+)",,95.77,ms,0.23,,,,,,,,-52025.084,keV,5.682,"ECp?,EC+B+ = 100",
33,67,0,As,,0,keV,0,"(5/2-)",,42.5,s,1.2,,,,,,,,-56587.232,keV,0.443,"EC+B+ = 100",
33,68,0,As,,0,keV,0,"3+",,151.6,s,0.8,,,,,,,,-58894.527,keV,1.846,"EC+B+ = 100",
33,69,0,As,,0,keV,0,"5/2-",,15.2,m,0.2,,,,,,,,-63112.181,keV,31.999,"EC+B+ = 100",
33,70,0,As,,0,keV,0,"4+",,52.6,m,0.3,,,,,,,,-64333.973,keV,1.397,"EC+B+ = 100",
33,71,0,As,,0,keV,,"5/2-",,65.3,h,0.07,,,,,,,,-67893.257,keV,4.163,"EC+B+ = 100",
33,72,0,As,,0,keV,0,"2-",,26,h,0.1,,,,,,,,-68229.808,keV,4.083,"EC+B+ = 100",
33,73,0,As,,0,keV,0,"3/2-",,80.3,d,0.06,,,,,,,,-70952.757,keV,3.853,"EC = 100",
33,74,0,As,,0,keV,0,"2-",,17.78,d,0.04,,,,,,,,-70860.064,keV,1.693,"B- = 34 2,EC+B+ = 66 2",
33,75,0,As,,0,keV,0,"3/2-",,STABLE,,,,,,,,100,0,-73034.203,keV,0.884,,
33,76,0,As,,0,keV,0,"2-",,26.24,h,0.09,,,,,,,,-72291.384,keV,0.886,"B- = 100",
33,77,0,As,,0,keV,0,"3/2-",,38.79,h,0.04,,,,,,,,-73916.334,keV,1.692,"B- = 100",
33,78,0,As,,0,keV,0,"2-",,90.7,m,0.2,,,,,,,,-72816.97,keV,9.779,"B- = 100 ",
33,79,0,As,,0,keV,0,"3/2-",,9.01,m,0.15,,,,,,,,-73636.081,keV,5.325,"B- = 100",
33,80,0,As,,0,keV,,"1+",,15.2,s,0.2,,,,,,,,-72214.601,keV,3.333,"B- = 100 ",
33,81,0,As,,0,keV,,"3/2-",,33.3,s,0.8,,,,,,,,-72533.314,keV,2.644,"B- = 100 ",
33,82,0,As,,0,keV,,"(2-)",,19.1,s,0.5,,,,,,,,-70105.427,keV,3.729,"B- = 100 ",
33,82,1,As,,131.6,keV,0.5,"(5-)",,13.6,s,0.3,,,,,,,,-69973.82699999999,keV,3.76237172539,"B- = 100 ",
33,83,0,As,,0,keV,,"(5/2-)",,14.1,s,1.1,,,,,,,,-69669.331,keV,2.799,"B- = 100 ",
33,84,0,As,,0,keV,0,"(2-)",,3.16,s,0.58,,,,,,,,-65853.568,keV,3.171,"B- = 100,B-n = 0.28 0.04",
33,85,0,As,,0,keV,0,"(5/2-)",,2.023,s,0.007,,,,,,,,-63189.152,keV,3.078,"B- = 100,B-n = 62.2 1.6",
33,86,0,As,,0,keV,0,"(1-),(2-)",,944,ms,8,,,,,,,,-58962.15,keV,3.45,"B-n = 35.5 0.6,B-2n?,B- = 100",
33,87,0,As,,0,keV,0,"(3/2-),(5/2-)",,484,ms,26,,,,,,,,-55617.914,keV,2.985,"B-n = 15.4 2.2,B-2n?,B- = 100",
33,88,0,As,,0,keV,0,,,200,ms,+200-90,,,,,,,,-50450,keV,200,"B-n?,B-2n?,B- = 100",
33,89,0,As,,0,keV,,,,,,,,,,,,,,-46530,keV,300,"B-n?,B-2n?,B- = 100",
33,90,0,As,,0,keV,,,,,,,,,,,,,,-40990,keV,400,"B-n?,B-2n?,B- = 100",
33,91,0,As,,0,keV,,,,,,,,,,,,,,-36500,keV,400,"B-n?,B-2n?,B- = 100",
33,92,0,As,,0,keV,,,,,,,,,,,,,,-30380,keV,500,"B-n?,B-2n?,B- = 100 ",
34,63,0,Se,,0,keV,0,,,13.2,ms,3.9,,,,,,,,-16850,keV,500,"2p = 0.5 ,EC+B+ ~ 100 ,ECp = 89 11",
34,64,0,Se,,0,keV,0,"0+",,22.6,ms,0.2,,,,,,,,-26860,keV,500,"ECp?,EC+B+ = 100",
34,65,0,Se,,0,keV,0,"(3/2-)",,34.2,ms,0.7,,,,,,,,-33020,keV,300,"ECp = 88 +12-13,EC+B+ = 100",
34,66,0,Se,,0,keV,0,"0+",,51,ms,4,,,,,,,,-41660,keV,200,"ECp?,EC+B+ = 100",
34,67,0,Se,,0,keV,0,,,133,ms,4,,,,,,,,-46580.294,keV,67.068,"ECp = 0.5 0.1,EC+B+ = 100",
34,68,0,Se,,0,keV,0,"0+",,35.5,s,0.7,,,,,,,,-54189.449,keV,0.496,"EC+B+ = 100",
34,69,0,Se,,0,keV,0,"1/2-",,27.4,s,0.2,,,,,,,,-56434.714,keV,1.49,"ECp = 0.052 0.008,EC+B+ = 100",
34,70,0,Se,,0,keV,0,"0+",,41.1,m,0.3,,,,,,,,-61929.9,keV,1.584,"EC+B+ = 100",
34,71,0,Se,,0,keV,0,"(5/2-)",,4.78,m,0.06,,,,,,,,-63146.515,keV,2.794,"EC+B+ = 100",
34,72,0,Se,,0,keV,0,"0+",,8.4,d,0.08,,,,,,,,-67868.189,keV,1.956,"EC = 100",
34,73,0,Se,,0,keV,0,"9/2+",,7.18,h,0.02,,,,,,,,-68227.396,keV,7.424,"EC+B+ = 100",
34,73,1,Se,,25.71,keV,0.04,"3/2-",,39.8,m,1.3,,,,,,,,-68201.68599999999,keV,7.42410775784,"IT = 72.6 0.3,EC+B+ = 27.4 0.3",
34,74,0,Se,,0,keV,0,"0+",,STABLE,,,,,,,,0.86,0.03,-72213.21,keV,0.015,,
34,75,0,Se,,0,keV,0,"5/2+",,119.779,d,0.011,,,,,,,,-72169.489,keV,0.073,"EC = 100",
34,76,0,Se,,0,keV,0,"0+",,STABLE,,,,,,,,9.23,0.07,-75251.959,keV,0.016,,
34,77,0,Se,,0,keV,0,"1/2-",,STABLE,,,,,,,,7.6,0.07,-74599.497,keV,0.062,,
34,77,1,Se,,161.9223,keV,0.001,"7/2+",,17.38,s,0.04,,,,,,,,-74437.5747,keV,0.062,"IT = 100",
34,78,0,Se,,0,keV,0,"0+",,STABLE,,,,,,,,23.69,0.22,-77025.952,keV,0.179,,
34,79,0,Se,,0,keV,,"7/2+",,327333,y,28579,,,,,,,,-75917.466,keV,0.223,"B- = 100",
34,79,1,Se,,95.77,keV,0.03,"1/2-",,3.92,m,0.01,,,,,,,,-75821.696,keV,0.225,"B- = 0.056 0.011,IT = 99.944 0.011",
34,80,0,Se,,0,keV,,"0+",,STABLE,,,,,,,,49.8,0.36,-77759.487,keV,0.947,,
34,81,0,Se,,0,keV,,"1/2-",,18.5,m,0.1,,,,,,,,-76389.019,keV,0.977,"B- = 100 ",
34,81,1,Se,,103,keV,0.06,"7/2+",,57.28,m,0.02,,,,,,,,-76286.019,keV,0.979,"B- = 0.051 0.014,IT = 99.949 0.014",
34,82,0,Se,,0,keV,,"0+",,87667624445799090000,y,+2978448302659456000-2974275266654999600,,,,,,8.82,0.15,-77593.895,keV,0.466,"2B- = 100 ",
34,83,0,Se,,0,keV,,"9/2+",,22.25,m,0.05,,,,,,,,-75340.543,keV,3.036,"B- = 100 ",
34,83,1,Se,,228.92,keV,0.07,"1/2-",,70.2,s,0.5,,,,,,,,-75111.623,keV,3.037,"B- = 100 ",
34,84,0,Se,,0,keV,,"0+",,3.3,m,0.1,,,,,,,,-75947.731,keV,1.961,"B- = 100 ",
34,85,0,Se,,0,keV,,"(5/2)+",,32.9,s,0.3,,,,,,,,-72413.645,keV,2.613,"B- = 100 ",
34,86,0,Se,,0,keV,0,"0+",,14.3,s,0.3,,,,,,,,-70503.175,keV,2.52,"B- = 100",
34,87,0,Se,,0,keV,0,"(3/2+)",,5.51,s,0.12,,,,,,,,-66426.133,keV,2.241,"B- = 100,B-n = 0.36 0.08",
34,88,0,Se,,0,keV,0,"0+",,1.51,s,0.03,,,,,,,,-63884.203,keV,3.357,"B- = 100,B-n = 0.99 0.1",
34,89,0,Se,,0,keV,0,"(3/2)+",,0.41,s,0.03,,,,,,,,-58992.398,keV,3.729,"B- = 100,B-n = 6.7 1.6",
34,90,0,Se,,0,keV,0,"0+",,195,ms,+95-65,,,,,,,,-55800.223,keV,329.749,"B- = 100,B-n?",
34,91,0,Se,,0,keV,0,,,270,ms,50,,,,,,,,-50580.13,keV,433.145,"B-n = 21 10,B-2n?,B- = 100",
34,92,0,Se,,0,keV,,"0+",,,,,,,,,,,,-46724,keV,400,"B-n?,B-2n?,B- = 100 ",
34,93,0,Se,,0,keV,,,,,,,,,,,,,,-40860,keV,400,"B-n?,B-2n?,B- = 100 ",
34,94,0,Se,,0,keV,,"0+",,,,,,,,,,,,-36803,keV,500,"B-n?,B-2n?,B- = 100 ",
34,95,0,Se,,0,keV,0,,,,,,,,,,,,,-30460,keV,500,"B-n?,B-2n?,B- = 100",
35,68,0,Br,,0,keV,0,,,35,ns,5,,,,,,,,-38791,keV,259,"p?",
35,69,0,Br,,0,keV,0,"(5/2-)",,24,ns,,,,,,,,,-46259.478,keV,42.003,"p = 100",
35,70,0,Br,,0,keV,0,"0+",,78.88,ms,0.31,,,,,,,,-51425.627,keV,14.904,"ECp?,EC+B+ = 100",
35,70,1,Br,,2292.3,keV,0.8,"9+",,2.162,s,0.05,,,,,,,,-49133.327,keV,14.925,"ECp?,EC+B+ = 100",
35,71,0,Br,,0,keV,0,"(5/2-)",,21.4,s,0.6,,,,,,,,-56502.426,keV,5.402,"EC+B+ = 100",
35,72,0,Br,,0,keV,0,"1+",,78.6,s,2.4,,,,,,,,-59061.75,keV,1.025,"EC+B+ = 100",
35,72,1,Br,,101.2,keV,0.2,"3-",,10.3,s,0.6,,,,,,,,-58960.55,keV,1.04,"IT ~ 100 ,EC+B+?",
35,73,0,Br,,0,keV,0,"1/2-",,3.4,m,0.2,,,,,,,,-63645.787,keV,6.741,"EC+B+ = 100",
35,74,0,Br,,0,keV,0,"(0-)",,25.4,m,0.3,,,,,,,,-65288.161,keV,5.835,"EC+B+ = 100 ",
35,74,1,Br,,13.58,keV,0.21,"4(+)",,44,m,2.2,,,,,,,,-65274.581,keV,5.839,"EC+B+ = 100",
35,75,0,Br,,0,keV,0,"3/2-",,96.7,m,1.3,,,,,,,,-69107.02,keV,4.285,"EC+B+ = 100",
35,76,0,Br,,0,keV,0,"1-",,16.16,h,0.17,,,,,,,,-70289.078,keV,9.322,"EC+B+ = 100",
35,76,1,Br,,102.58,keV,0.03,"4+",,1.4,s,0.07,,,,,,,,-70186.49799999999,keV,9.32204827278,"IT = 99.4 ,EC+B+ = 0.6 ",
35,77,0,Br,,0,keV,0,"3/2-",,57.04,h,0.12,,,,,,,,-73234.818,keV,2.811,"EC+B+ = 100",
35,77,1,Br,,105.86,keV,0.08,"9/2+",,4.25,m,0.08,,,,,,,,-73128.958,keV,2.812,"IT = 100",
35,78,0,Br,,0,keV,0,"1+",,6.45,m,0.03,,,,,,,,-73452.168,keV,3.58,"B- = 0.01 ,EC+B+ = 99.99 ",
35,79,0,Br,,0,keV,0,"3/2-",,STABLE,,,,,,,,50.65,,-76068.067,keV,1.001,,
35,79,1,Br,,207.61,keV,0.09,"9/2+",,4.85,s,0.03,,,,,,,,-75860.457,keV,1.005,"IT = 100",
35,80,0,Br,,0,keV,,"1+",,17.68,m,0.02,,,,,,,,-75889.025,keV,0.993,"B- = 91.7 0.2,EC+B+ = 8.3 0.2",
35,80,1,Br,,85.843,keV,0.004,"5-",,4.4204,h,0.0009,,,,,,,,-75803.182,keV,0.993,"IT = 100 ",
35,81,0,Br,,0,keV,,"3/2-",,STABLE,,,,,,,,49.35,,-77977.051,keV,0.978,,
35,82,0,Br,,0,keV,,"5-",,35.284,h,0.007,,,,,,,,-77498.677,keV,0.971,"B- = 100 ",
35,82,1,Br,,45.9492,keV,0.001,"2-",,6.13,m,0.05,,,,,,,,-77452.7278,keV,0.971,"B- = 2.4 0.3,IT = 97.6 0.3",
35,83,0,Br,,0,keV,,"3/2-",,2.374,h,0.004,,,,,,,,-79013.721,keV,3.795,"B- = 100 ",
35,84,0,Br,,0,keV,,"2-",,31.76,m,0.07,,,,,,,,-77783.094,keV,25.73,"B- = 100 ",
35,84,1,Br,,320,keV,100,"(6)-",,6,m,0.2,,,,,,,,-77463.094,keV,103.257,"B- = 100 ",
35,85,0,Br,,0,keV,,"3/2-",,2.94,m,0.06,,,,,,,,-78575.478,keV,3.078,"B- = 100 ",
35,86,0,Br,,0,keV,,"1-",,55.1,s,0.4,,,,,,,,-75632.261,keV,3.078,"B- = 100 ",
35,87,0,Br,,0,keV,0,"5/2-",,55.68,s,0.12,,,,,,,,-73891.685,keV,3.171,"B- = 100,B-n = 2.6 0.04",
35,88,0,Br,,0,keV,,"(1-)",,16.34,s,0.08,,,,,,,,-70715.967,keV,3.171,"B- = 100,B-n = 6.62 0.2",
35,89,0,Br,,0,keV,,"(5/2-)",,4.348,s,0.022,,,,,,,,-68274.271,keV,3.264,"B- = 100 ,B-n = 13.5 0.5",
35,90,0,Br,,0,keV,,,,1.91,s,0.01,,,,,,,,-64000.306,keV,3.357,"B- = 100,B-n = 25.3 0.9",
35,91,0,Br,,0,keV,,,,544,ms,10,,,,,,,,-61107.301,keV,3.543,"B- = 100,B-n = 29.8 0.8",
35,92,0,Br,,0,keV,,,,344,ms,15,,,,,,,,-56232.812,keV,6.709,"B-n = 33.1 2.5,B-2n?,B- = 100 ",
35,93,0,Br,,0,keV,,,,152,ms,8,,,,,,,,-52890.235,keV,430.816,"B-n = 64 7,B-2n?,B- = 100 ",
35,94,0,Br,,0,keV,,,,70,ms,20,,,,,,,,-47650,keV,200,"B-n = 30 10,B-2n?,B- = 100 ",
35,95,0,Br,,0,keV,0,,,,,,,,,,,,,-43850,keV,300,"B-n?,B-2n?,B- = 100",
35,96,0,Br,,0,keV,0,,,,,,,,,,,,,-38210,keV,300,"B-n?,B-2n?,B- = 100",
35,97,0,Br,,0,keV,,,,,,,,,,,,,,-34000,keV,400,"B-n?,B-2n?,B- = 100 ",
35,98,0,Br,,0,keV,0,,,,,,,,,,,,,-28050,keV,400,"B-n?,B-2n?,B- = 100",
35,101,0,Br,,0,keV,0,,,,,,,,,,,,,,,,"B-n?,B-2n?,B- = 100",
36,67,0,Kr,,0,keV,0,,,7.4,ms,3,,,,,,,,-15552,keV,424,"EC+B+?,2p = 37 14",
36,68,0,Kr,,0,keV,0,"0+",,21.6,ms,3.3,,,,,,,,-25626,keV,500,"ECp = 89 +11-10,EC+B+ = 100",
36,69,0,Kr,,0,keV,0,"(5/2-)",,27.9,ms,0.8,,,,,,,,-32140,keV,300,"ECp = 95 +5-6,EC+B+ = 100",
36,70,0,Kr,,0,keV,0,"0+",,45.19,ms,0.14,,,,,,,,-41100,keV,200,"ECp = 0.545 0.023,EC+B+ = 100",
36,71,0,Kr,,0,keV,0,"(5/2-)",,95,ms,0.4,,,,,,,,-46327.211,keV,128.769,"ECp = 3.06 0.27,EC+B+ = 100",
36,72,0,Kr,,0,keV,0,"0+",,17.1,s,0.2,,,,,,,,-53940.582,keV,8.011,"EC+B+ = 100",
36,73,0,Kr,,0,keV,0,"(3/2)-",,27.3,s,1,,,,,,,,-56551.758,keV,6.578,"ECp = 0.25 0.03,EC+B+ = 100",
36,74,0,Kr,,0,keV,0,"0+",,11.5,m,0.1,,,,,,,,-62331.844,keV,2.013,"EC+B+ = 100",
36,75,0,Kr,,0,keV,0,"5/2+",,4.55,m,0.09,,,,,,,,-64323.632,keV,8.104,"EC+B+ = 100",
36,76,0,Kr,,0,keV,0,"0+",,14.8,h,0.1,,,,,,,,-69013.706,keV,4.013,"EC+B+ = 100",
36,77,0,Kr,,0,keV,0,"5/2+",,71.25,m,0.42,,,,,,,,-70169.451,keV,1.956,"EC+B+ = 100",
36,78,0,Kr,,0,keV,0,"0+",,STABLE,,,,,,,,0.355,0.003,-74178.283,keV,0.307,,
36,79,0,Kr,,0,keV,0,"1/2-",,34.96,h,0.03,,,,,,,,-74442.29,keV,3.48,"EC+B+ = 100",
36,79,1,Kr,,129.77,keV,0.05,"7/2+",,50,s,3,,,,,,,,-74312.51999999999,keV,3.48035917687,"IT = 100",
36,80,0,Kr,,0,keV,,"0+",,STABLE,,,,,,,,2.286,0.01,-77893.455,keV,0.695,,
36,81,0,Kr,,0,keV,,"7/2+",,229000,y,11000,,,,,,,,-77696.199,keV,1.074,"EC = 100 ",
36,81,1,Kr,,190.64,keV,0.04,"1/2-",,13.21,s,0.11,,,,,,,,-77505.559,keV,1.075,"IT = 99.99753 0.00037,EC = 0.00247 0.00037",
36,82,0,Kr,,0,keV,,"0+",,STABLE,,,,,,,,11.593,0.031,-80591.79509,keV,0.00551,,
36,83,0,Kr,,0,keV,,"9/2+",,STABLE,,,,,,,,11.5,0.019,-79990.643,keV,0.009,,
36,83,1,Kr,,41.5575,keV,0.0007,"1/2-",,1.83,h,0.02,,,,,,,,-79949.0855,keV,0.009,"IT = 100 ",
36,84,0,Kr,,0,keV,,"0+",,STABLE,,,,,,,,56.987,0.015,-82439.34527,keV,0.00382,,
36,85,0,Kr,,0,keV,,"9/2+",,10.734598632234047,y,+0.012420083072533974-0.012420083072537887,,,,,,,,-81480.341,keV,2,"B- = 100 ",
36,85,1,Kr,,304.871,keV,0.02,"1/2-",,4.48,h,0.008,,,,,,,,-81175.47,keV,2,"B- = 78.8 0.5,IT = 21.2 0.5",
36,86,0,Kr,,0,keV,,"0+",,STABLE,,,,,,,,17.279,0.041,-83265.67593,keV,0.00372,,
36,87,0,Kr,,0,keV,,"5/2+",,76.09,m,0.36,,,,,,,,-80709.531,keV,0.246,"B- = 100 ",
36,88,0,Kr,,0,keV,,"0+",,2.803,h,0.009,,,,,,,,-79691.295,keV,2.608,"B- = 100 ",
36,89,0,Kr,,0,keV,,"3/2(+)",,3.147,m,0.035,,,,,,,,-76535.795,keV,2.142,"B- = 100 ",
36,90,0,Kr,,0,keV,,"0+",,32.32,s,0.09,,,,,,,,-74959.259,keV,1.863,"B- = 100 ",
36,91,0,Kr,,0,keV,,"5/2(+)",,8.57,s,0.04,,,,,,,,-70973.974,keV,2.236,"B- = 100 ,B-n?",
36,92,0,Kr,,0,keV,,"0+",,1.841,s,0.008,,,,,,,,-68769.329,keV,2.701,"B- = 100 ,B-n = 0.0332 0.0025",
36,93,0,Kr,,0,keV,,"1/2+",,1.284,s,0.01,,,,,,,,-64136.002,keV,2.515,"B- = 100 ,B-n = 2 0.2",
36,94,0,Kr,,0,keV,,"0+",,212,ms,4,,,,,,,,-61347.78,keV,12.109,"B- = 100 ,B-n = 1.11 0.07",
36,95,0,Kr,,0,keV,,"1/2(+)",,114,ms,7,,,,,,,,-56158.92,keV,18.63,"B-n = 2.87 0.18,B-2n?,B- = 100 ",
36,96,0,Kr,,0,keV,,"0+",,80,ms,6,,,,,,,,-53081.682,keV,19.277,"B- = 100 ,B-n = 3.7 0.4",
36,97,0,Kr,,0,keV,,,,62,ms,3,,,,,,,,-47423.499,keV,130.409,"B-n = 6.7 0.6,B-2n?,B- = 100 ",
36,98,0,Kr,,0,keV,0,"0+",,43,ms,4,,,,,,,,-44120,keV,300,"B-n = 7 1,B-2n?,B- = 100 ",
36,99,0,Kr,,0,keV,,,,13,ms,+34-6,,,,,,,,-38400,keV,400,"B-n = 11 7,B-2n?,B- = 100",
36,100,0,Kr,,0,keV,,"0+",,7,ms,+11-3,,,,,,,,-34470,keV,400,"B-n?,B-2n?,B- = 100 ",
36,101,0,Kr,,0,keV,0,,,,,,,,,,,,,-28580,keV,500,"B-n?,B-2n?,B- = 100",
36,102,0,Kr,,0,keV,0,"0+",,,,,,,,,,,,,,,"B-n?,B-2n?,B- = 100",
37,72,0,Rb,,0,keV,0,,,103,ns,22,,,,,,,,-38330,keV,500,"p?",
37,73,0,Rb,,0,keV,0,"(3/2-)",,81,ns,,,,,,,,,-46011.611,keV,40.794,"p ~ 100 ,EC+B+?",
37,74,0,Rb,,0,keV,0,"0+",,64.777,ms,0.029,,,,,,,,-51916.016,keV,3.027,"ECp?,EC+B+ = 100",
37,75,0,Rb,,0,keV,0,"3/2(-)",,19,s,1.2,,,,,,,,-57218.702,keV,1.18,"EC+B+ = 100",
37,76,0,Rb,,0,keV,0,"1-",,36.5,s,0.5,,,,,,,,-60479.089,keV,0.938,"ECa = 3.8e-7 1e-7,EC+B+ = 100",
37,77,0,Rb,,0,keV,0,"3/2-",,3.78,m,0.04,,,,,,,,-64830.5,keV,1.304,"EC+B+ = 100",
37,78,0,Rb,,0,keV,0,"0+",,17.66,m,0.04,,,,,,,,-66935.427,keV,3.237,"EC+B+ = 100",
37,78,1,Rb,,111.19,keV,0.22,"4(-)",,5.75,m,0.03,,,,,,,,-66824.237,keV,3.244,"IT = 9 2,EC+B+ = 91 2",
37,79,0,Rb,,0,keV,0,"5/2+",,22.8,m,0.3,,,,,,,,-70802.778,keV,1.943,"EC+B+ = 100",
37,80,0,Rb,,0,keV,,"1+",,33.4,s,0.7,,,,,,,,-72175.476,keV,1.863,"EC+B+ = 100 ",
37,81,0,Rb,,0,keV,,"3/2-",,4.571,h,0.003,,,,,,,,-75456.704,keV,4.904,"EC+B+ = 100 ",
37,81,1,Rb,,86.31,keV,0.07,"9/2+",,30.41,m,0.19,,,,,,,,-75370.394,keV,4.904,"IT = 97.6 0.6,EC+B+ = 2.4 0.6",
37,82,0,Rb,,0,keV,,"1+",,1.2577,m,0.0009,,,,,,,,-76187.813,keV,3.009,"EC+B+ = 100 ",
37,82,1,Rb,,69,keV,1.5,"5-",,6.472,h,0.006,,,,,,,,-76118.813,keV,3.362,"IT = 0.33 ,EC+B+ = 100 ",
37,83,0,Rb,,0,keV,,"5/2-",,86.2,d,0.1,,,,,,,,-79070.639,keV,2.329,"EC = 100 ",
37,84,0,Rb,,0,keV,,"2-",,32.82,d,0.07,,,,,,,,-79758.975,keV,2.194,"B- = 3.9 2,EC+B+ = 96.1 2",
37,84,1,Rb,,463.616,keV,0.002,"6-",,20.26,m,0.08,,,,,,,,-79295.35900000001,keV,2.19400091158,"IT = 100 ",
37,85,0,Rb,,0,keV,,"5/2-",,STABLE,,,,,,,,72.17,0.02,-82167.34065,keV,0.005,,
37,86,0,Rb,,0,keV,,"2-",,18.671,d,0.01,,,,,,,,-82747.003,keV,0.2,"B- = 99.9948 0.0005,EC = 0.0052 0.0005",
37,86,1,Rb,,556.05,keV,0.18,"6-",,1.017,m,0.003,,,,,,,,-82190.953,keV,0.269,"B- = 0.3 ,IT = 99.7 ",
37,87,0,Rb,,0,keV,,"3/2-",,49670000000,y,320000000,,,,,,27.83,0.02,-84597.802,keV,0.006,"B- = 100 ",
37,88,0,Rb,,0,keV,,"2-",,17.775,m,0.017,,,,,,,,-82609.004,keV,0.159,"B- = 100 ",
37,89,0,Rb,,0,keV,,"3/2-",,15.39,m,0.1,,,,,,,,-81712.399,keV,5.427,"B- = 100 ",
37,90,0,Rb,,0,keV,,"0-",,158,s,4,,,,,,,,-79365.573,keV,6.452,"B- = 100 ",
37,90,1,Rb,,106.9,keV,0.03,"3-",,258,s,3,,,,,,,,-79258.67300000001,keV,6.45206974544,"B- = 97.5 0.4,IT = 2.5 0.4",
37,91,0,Rb,,0,keV,,"3/2(-)",,58,s,0.2,,,,,,,,-77745.049,keV,7.801,"B- = 100 ,B-n?",
37,92,0,Rb,,0,keV,,"0-",,4.48,s,0.03,,,,,,,,-74772.45,keV,6.123,"B- = 100 ,B-n = 0.0109 0.0006",
37,93,0,Rb,,0,keV,,"5/2-",,5.85,s,0.02,,,,,,,,-72619.9,keV,7.83,"B- = 100 ,B-n = 1.46 0.09",
37,94,0,Rb,,0,keV,,"3-",,2.704,s,0.005,,,,,,,,-68562.791,keV,2.029,"B- = 100 ,B-n = 10.29 0.22",
37,95,0,Rb,,0,keV,,"5/2-",,379.9,ms,1.6,,,,,,,,-65890.307,keV,20.245,"B- = 100 ,B-n = 8.75 0.29",
37,96,0,Rb,,0,keV,,"2(-)",,201.6,ms,1,,,,,,,,-61354.351,keV,3.353,"B-n = 13.8 0.5,B-2n?,B- = 100 ",
37,97,0,Rb,,0,keV,,"3/2+",,169.1,ms,0.6,,,,,,,,-58519.145,keV,1.912,"B-n = 25.5 0.9,B-2n?,B- = 100 ",
37,98,0,Rb,,0,keV,0,"0(-)",,115,ms,6,,,,,,,,-54369.152,keV,16.083,"B-n = 14.3 0.8,B-2n = 0.054 0.008,B- = 100",
37,98,1,Rb,,70,keV,30,"(3+)",,96,ms,3,,,,,,,,-54299.152,keV,34.039,"B-n?,IT?,B- = 100",
37,99,0,Rb,,0,keV,,"(3/2+)",,53.8,ms,2.7,,,,,,,,-51121.15,keV,4.031,"B-n = 19.8 2,B-2n?,B- = 100",
37,100,0,Rb,,0,keV,,"(4-)",,52,ms,2,,,,,,,,-46265.884,keV,13.124,"B-n = 6 1,B-2n = 0.15 0.05,B- = 100 ",
37,101,0,Rb,,0,keV,,"(3/2+)",,32,ms,+4-3,,,,,,,,-42567.417,keV,20.493,"B-n = 27 4,B-2n?,B- = 100 ",
37,102,0,Rb,,0,keV,,"(4+)",,37,ms,4,,,,,,,,-37252.312,keV,82.903,"B-n = 65 22,B-2n?,B- = 100",
37,103,0,Rb,,0,keV,,,,23,ms,+13-9,,,,,,,,-33160,keV,400,"B-n?,B-2n?,B- = 100 ",
37,104,0,Rb,,0,keV,0,,,,,,,,,,,,,-27450,keV,500,"B-n?,B-2n?,B- = 100",
37,105,0,Rb,,0,keV,0,,,,,,,,,,,,,,,,"B-n?,B-2n?,B- = 100",
37,106,0,Rb,,0,keV,0,,,,,,,,,,,,,,,,"B-n?,B-2n?,B- = 100",
38,73,0,Sr,,0,keV,0,"(5/2-)",,23.3,ms,1.3,,,,,,,,-31950,keV,401,"ECp ~ 100 ,EC+B+ ~ 100 ",
38,74,0,Sr,,0,keV,0,"0+",,27.6,ms,2.6,,,,,,,,-40827,keV,100,"ECp?,EC+B+ = 100",
38,75,0,Sr,,0,keV,0,"(3/2-)",,85.2,ms,2.2,,,,,,,,-46618.702,keV,220.003,"ECp = 5.2 0.9,EC+B+ = 100",
38,76,0,Sr,,0,keV,0,"0+",,7.89,s,0.07,,,,,,,,-54247.645,keV,34.465,"ECp = 0.000034 0.000008,EC+B+ = 100",
38,77,0,Sr,,0,keV,0,"5/2(+)",,9,s,0.2,,,,,,,,-57803.443,keV,7.918,"ECp = 0.08 0.03,EC+B+ = 100",
38,78,0,Sr,,0,keV,0,"0+",,156,s,3,,,,,,,,-63173.949,keV,7.452,"EC+B+ = 100",
38,79,0,Sr,,0,keV,0,"3/2(-)",,2.23,m,0.07,,,,,,,,-65479.664,keV,7.421,"EC+B+ = 100",
38,80,0,Sr,,0,keV,,"0+",,106.3,m,1.5,,,,,,,,-70311.467,keV,3.464,"EC+B+ = 100 ",
38,81,0,Sr,,0,keV,,"1/2-",,22.29,m,0.38,,,,,,,,-71528.134,keV,3.128,"EC+B+ = 100 ",
38,82,0,Sr,,0,keV,,"0+",,25.35,d,0.02,,,,,,,,-76010.062,keV,5.992,"EC = 100 ",
38,83,0,Sr,,0,keV,,"7/2+",,32.41,h,0.03,,,,,,,,-76797.616,keV,6.834,"EC+B+ = 100 ",
38,83,1,Sr,,259.15,keV,0.09,"1/2-",,4.95,s,0.12,,,,,,,,-76538.466,keV,6.835,"IT = 100 ",
38,84,0,Sr,,0,keV,,"0+",,STABLE,,,,,,,,0.56,0.02,-80649.58,keV,1.243,,
38,85,0,Sr,,0,keV,,"9/2+",,64.849,d,0.004,,,,,,,,-81103.29,keV,2.813,"EC = 100 ",
38,85,1,Sr,,238.79,keV,0.05,"1/2-",,67.63,m,0.04,,,,,,,,-80864.5,keV,2.8,"IT = 86.6 0.4,EC = 13.4 0.4",
38,86,0,Sr,,0,keV,,"0+",,STABLE,,,,,,,,9.86,0.2,-84523.09977,keV,0.00524,,
38,87,0,Sr,,0,keV,,"9/2+",,STABLE,,,,,,,,7,0.2,-84880.07643,keV,0.00513,,
38,87,1,Sr,,388.5287,keV,0.0023,"1/2-",,2.815,h,0.011,,,,,,,,-84491.54773,keV,0.00562,"IT = 99.7 0.08,EC = 0.3 0.08",
38,88,0,Sr,,0,keV,,"0+",,STABLE,,,,,,,,82.58,0.35,-87921.62876,keV,0.00561,,
38,89,0,Sr,,0,keV,,"5/2+",,50.56,d,0.03,,,,,,,,-86209.026,keV,0.092,"B- = 100 ",
38,90,0,Sr,,0,keV,,"0+",,28.90525762153836,y,+0.023347645476285095-0.023347645476281542,,,,,,,,-85950.945,keV,1.449,"B- = 100",
38,91,0,Sr,,0,keV,,"5/2+",,9.68,h,0.02,,,,,,,,-83651.95,keV,5.453,"B- = 100 ",
38,92,0,Sr,,0,keV,,"0+",,2.61,h,0.02,,,,,,,,-82867.371,keV,3.423,"B- = 100 ",
38,93,0,Sr,,0,keV,,"5/2+",,7.43,m,0.03,,,,,,,,-80085.844,keV,7.554,"B- = 100 ",
38,94,0,Sr,,0,keV,,"0+",,75.3,s,0.2,,,,,,,,-78845.721,keV,1.663,"B- = 100 ",
38,95,0,Sr,,0,keV,,"1/2+",,23.9,s,0.14,,,,,,,,-75117.284,keV,5.81,"B- = 100 ",
38,96,0,Sr,,0,keV,,"0+",,1.065,s,0.015,,,,,,,,-72918.248,keV,8.466,"B- = 100 ,B-n?",
38,97,0,Sr,,0,keV,,"1/2+",,431,ms,5,,,,,,,,-68580.674,keV,3.385,"B- = 100,B-n = 0.03 0.02",
38,98,0,Sr,,0,keV,0,"0+",,653,ms,2,,,,,,,,-66422.389,keV,3.226,"B- = 100,B-n = 0.23 0.03",
38,99,0,Sr,,0,keV,,"3/2+",,269,ms,1,,,,,,,,-62518.527,keV,4.737,"B- = 100,B-n = 0.1 0.019",
38,100,0,Sr,,0,keV,,"0+",,201,ms,1,,,,,,,,-59817.505,keV,6.918,"B- = 100,B-n = 1.09 0.25",
38,101,0,Sr,,0,keV,,"(5/2-)",,114,ms,2,,,,,,,,-55324.914,keV,8.48,"B- = 100,B-n = 2.75 0.25",
38,102,0,Sr,,0,keV,,"0+",,72,ms,6,,,,,,,,-52159.311,keV,67.068,"B- = 100,B-n = 5.5 1.5",
38,103,0,Sr,,0,keV,,,,56,ms,9,,,,,,,,-47280,keV,200,"B-n?,B-2n?,B- = 100 ",
38,104,0,Sr,,0,keV,,"0+",,51,ms,4,,,,,,,,-43760,keV,300,"B-n?,B-2n?,B- = 100",
38,105,0,Sr,,0,keV,,,,39,ms,5,,,,,,,,-38190,keV,500,"B-n?,B-2n?,B- = 100",
38,106,0,Sr,,0,keV,,"0+",,20,ms,+8-7,,,,,,,,-34300,keV,600,"B-n?,B-2n?,B- = 100",
38,107,0,Sr,,0,keV,0,,,,,,,,,,,,,-28250,keV,700,"B-n?,B-2n?,B- = 100",
38,108,0,Sr,,0,keV,0,"0+",,,,,,,,,,,,,,,"B-n?,B-2n?,B- = 100",
39,76,0,Y,,0,keV,0,,,24,ms,+12-6,,,,,,,,-38250,keV,300,"p?,EC+B+?,ECp?",
39,77,0,Y,,0,keV,0,,,57,ms,+22-12,,,,,,,,-46439,keV,203,"p?,EC+B+?,ECp?",
39,78,0,Y,,0,keV,0,"(0+)",,50,ms,3,,,,,,,,-52173,keV,298,"ECp?,EC+B+ = 100",
39,78,1,Y,,0,keV,,"(5+)",,5.8,s,0.6,,,,,,,,-52173,keV,298,"ECp?,EC+B+ = 100",
39,79,0,Y,,0,keV,0,"(5/2+)",,14.8,s,0.6,,,,,,,,-57802.935,keV,80.108,"ECp?,EC+B+ = 100",
39,80,0,Y,,0,keV,,"(4-)",,30.1,s,0.5,,,,,,,,-61148.162,keV,6.242,"ECp?,EC+B+ = 100 ",
39,80,1,Y,,228.5,keV,0.1,"(1-)",,4.8,s,0.3,,,,,,,,-60919.662,keV,6.243,"EC+B+ = 19 2,IT = 81 2,ECp?",
39,81,0,Y,,0,keV,,"(5/2+)",,70.4,s,1,,,,,,,,-65712.919,keV,5.405,"EC+B+ = 100 ",
39,82,0,Y,,0,keV,,"1+",,8.3,s,0.2,,,,,,,,-68064.097,keV,5.499,"EC+B+ = 100 ",
39,83,0,Y,,0,keV,,"(9/2+)",,7.08,m,0.06,,,,,,,,-72205.672,keV,18.631,"EC+B+ = 100 ",
39,83,1,Y,,62.04,keV,0.1,"(3/2-)",,2.85,m,0.02,,,,,,,,-72143.63200000001,keV,18.63126836799,"IT = 40 5,EC+B+ = 60 5",
39,84,0,Y,,0,keV,,"(6+)",,40.1,m,1.1,,,,,,,,-73894.439,keV,4.299,"EC+B+ = 100 ",
39,84,1,Y,,67,keV,0.2,"1+",,4.6,s,0.2,,,,,,,,-73827.439,keV,4.304,"EC+B+ = 100 ",
39,85,0,Y,,0,keV,,"(1/2)-",,2.67,h,0.05,,,,,,,,-77842.131,keV,18.965,"EC+B+ = 100 ",
39,85,1,Y,,19.68,keV,0.17,"(9/2)+",,4.9,h,0.1,,,,,,,,-77822.451,keV,18.966,"EC+B+ ~ 100 ",
39,86,0,Y,,0,keV,,"4-",,14.74,h,0.02,,,,,,,,-79283.1,keV,14.142,"EC+B+ = 100",
39,86,1,Y,,218.21,keV,0.09,"(8+)",,47.4,m,0.4,,,,,,,,-79064.89,keV,14.14,"IT = 99.31 0.04,EC+B+ = 0.69 0.04",
39,87,0,Y,,0,keV,,"1/2-",,79.89,h,0.25,,,,,,,,-83018.387,keV,1.128,"EC+B+ = 100 ",
39,87,1,Y,,380.82,keV,0.07,"9/2+",,13.38,h,0.03,,,,,,,,-82637.567,keV,1.13,"IT = 98.43 0.11,EC+B+ = 1.57 0.11",
39,88,0,Y,,0,keV,,"4-",,106.626,d,0.02,,,,,,,,-84299.029,keV,1.5,"EC+B+ = 100 ",
39,89,0,Y,,0,keV,,"1/2-",,STABLE,,,,,,,,100,0,-87711.202,keV,0.339,,
39,89,1,Y,,908.97,keV,0.03,"9/2+",,15.663,s,0.003,,,,,,,,-86802.232,keV,0.34,"IT = 100 ",
39,90,0,Y,,0,keV,,"2-",,64.046,h,0.049,,,,,,,,-86496.912,keV,0.354,"B- = 100 ",
39,90,1,Y,,682.01,keV,0.05,"7+",,3.232,h,0.01,,,,,,,,-85814.902,keV,0.358,"B- = 0.0018 0.0002,IT = 99.9982 0.0002",
39,91,0,Y,,0,keV,,"1/2-",,58.56,d,0.09,,,,,,,,-86351.321,keV,1.843,"B- = 100 ",
39,91,1,Y,,555.58,keV,0.05,"9/2+",,49.72,m,0.09,,,,,,,,-85795.741,keV,1.844,"B- = 1.5 ,IT = 98.5 ",
39,92,0,Y,,0,keV,,"2-",,3.54,h,0.01,,,,,,,,-84816.494,keV,9.127,"B- = 100 ",
39,93,0,Y,,0,keV,,"1/2-",,10.17,h,0.08,,,,,,,,-84227.155,keV,10.488,"B- = 100 ",
39,93,1,Y,,758.719,keV,0.021,"9/2+",,0.82,s,0.04,,,,,,,,-83468.436,keV,10.488,"IT = 100 ",
39,94,0,Y,,0,keV,,"2-",,18.7,m,0.1,,,,,,,,-82351.473,keV,6.38,"B- = 100 ",
39,95,0,Y,,0,keV,,"1/2-",,10.4,m,0.1,,,,,,,,-81207.937,keV,6.779,"B- = 100 ",
39,96,0,Y,,0,keV,,"0-",,5.35,s,0.04,,,,,,,,-78329.986,keV,6.075,"B- = 100 ",
39,96,1,Y,,1540.5,keV,0.4,"8+",,9.7,s,0.2,,,,,,,,-76789.486,keV,6.088,"B- = 100 ",
39,97,0,Y,,0,keV,,"(1/2-)",,3.75,s,0.03,,,,,,,,-76115.455,keV,6.708,"B- = 100,B-n = 0.057 0.004",
39,97,1,Y,,667.52,keV,0.23,"(9/2)+",,1.17,s,0.03,,,,,,,,-75447.935,keV,6.712,"B-n = 0.08 ,IT = 0.7 ,B- = 99.3 ",
39,97,2,Y,,3522.6,keV,0.4,"(27/2-)",,142,ms,8,,,,,,,,-72592.855,keV,6.72,"B- = 5.2 0.9,IT = 94.8 0.9",
39,98,0,Y,,0,keV,,"0-",,548,ms,1,,,,,,,,-72288.748,keV,7.919,"B- = 100,B-n = 0.33 0.03",
39,98,1,Y,,465.7,keV,0.7,"(7+),(6+)",,2.32,s,0.08,,,,,,,,-71823.04800000001,keV,7.94987804938,"B-n = 3.44 0.95,IT?,B- = 100",
39,99,0,Y,,0,keV,,"(5/2+)",,1.483,s,0.006,,,,,,,,-70643.73,keV,6.615,"B- = 100,B-n = 1.77 0.19",
39,100,0,Y,,0,keV,,"(1-)",,729,ms,8,,,,,,,,-67321.241,keV,11.179,"B- = 100,B-n = 1.11 0.18",
39,100,1,Y,,145,keV,15,"4+",,0.94,s,0.03,,,,,,,,-67176.241,keV,18.707,"B- = 100 ,B-n?",
39,101,0,Y,,0,keV,,"(5/2+)",,429,ms,19,,,,,,,,-65054.787,keV,7.08,"B- = 100,B-n = 1.88 0.16",
39,102,0,Y,,0,keV,,,,396,ms,24,,,,,,,,-61172.641,keV,4.081,"B- = 100,B-n = 6 1.3",
39,102,1,Y,,0,keV,,"(0),(1),(2)",,300,ms,10,,,,,,,,-61172.641,keV,4.081,"B- = 100,B-n = 4 1.5",
39,103,0,Y,,0,keV,,"(5/2+)",,236,ms,12,,,,,,,,-58457.034,keV,11.206,"B- = 100,B-n = 8 2",
39,104,0,Y,,0,keV,,,,197,ms,4,,,,,,,,-54080,keV,200,"B-n = 34 10,B-2n?,B- = 100",
39,105,0,Y,,0,keV,,,,107,ms,+6-9,,,,,,,,-50570,keV,400,"B-n = 82 ,B-2n?,B- = 100",
39,106,0,Y,,0,keV,,,,81,ms,+8-5,,,,,,,,-45790,keV,500,"B-n?,B-2n?,B- = 100",
39,107,0,Y,,0,keV,,,,33.5,ms,3,,,,,,,,-41970,keV,500,"B-n?,B-2n?,B- = 100",
39,108,0,Y,,0,keV,,,,30,ms,5,,,,,,,,-36780,keV,600,"B-n?,B-2n?,B- = 100 ",
39,109,0,Y,,0,keV,,,,25,ms,5,,,,,,,,-32480,keV,700,"B-n?,B-2n?,B- = 100",
39,110,0,Y,,0,keV,0,,,,,,,,,,,,,,,,"B-n?,B-2n?,B- = 100",
39,111,0,Y,,0,keV,0,,,,,,,,,,,,,,,,"B-n?,B-2n?,B- = 100",
40,77,0,Zr,,0,keV,0,,,,,,,,,,,,,-31600,keV,400,"p?,EC+B+?,ECp?",
40,78,0,Zr,,0,keV,0,"0+",,,,,,,,,,,,-40850,keV,400,"ECp?,EC+B+?",
40,79,0,Zr,,0,keV,0,,,56,ms,30,,,,,,,,-46770,keV,300,"ECp?,EC+B+ = 100",
40,80,0,Zr,,0,keV,,"0+",,4.6,s,0.6,,,,,,,,-54760,keV,300,"ECp?,EC+B+ = 100 ",
40,81,0,Zr,,0,keV,,"(3/2-)",,5,s,0.2,,,,,,,,-57524.418,keV,92.218,"ECp = 0.12 0.02,EC+B+ = 100",
40,82,0,Zr,,0,keV,,"0+",,32,s,5,,,,,,,,-63614.063,keV,1.584,"ECp?,EC+B+ = 100 ",
40,83,0,Zr,,0,keV,,"(1/2-)",,41.5,s,2.1,,,,,,,,-65911.659,keV,6.43,"ECp?,EC+B+ = 100 ",
40,84,0,Zr,,0,keV,,"0+",,26,m,0.6,,,,,,,,-71421.692,keV,5.499,"EC+B+ = 100 ",
40,85,0,Zr,,0,keV,,"(7/2+)",,7.86,m,0.04,,,,,,,,-73175.196,keV,6.43,"EC+B+ = 100 ",
40,85,1,Zr,,292.2,keV,0.3,"(1/2-)",,10.9,s,0.3,,,,,,,,-72882.996,keV,6.437,"IT = 100 ,EC+B+ = 0 ",
40,86,0,Zr,,0,keV,,"0+",,16.5,h,0.1,,,,,,,,-77969.023,keV,3.566,"EC+B+ = 100 ",
40,87,0,Zr,,0,keV,,"9/2+",,1.68,h,0.01,,,,,,,,-79347.147,keV,4.146,"EC+B+ = 100 ",
40,87,1,Zr,,335.84,keV,0.19,"1/2-",,14,s,0.2,,,,,,,,-79011.307,keV,4.15,"IT = 100 ",
40,88,0,Zr,,0,keV,,"0+",,83.4,d,0.3,,,,,,,,-83628.874,keV,5.403,"EC = 100 ",
40,89,0,Zr,,0,keV,,"9/2+",,78.364,h,0.015,,,,,,,,-84877.974,keV,2.78,"EC+B+ = 100 ",
40,89,1,Zr,,587.82,keV,0.1,"1/2-",,4.161,m,0.012,,,,,,,,-84290.154,keV,2.782,"IT = 93.77 0.12,EC+B+ = 6.23 0.12",
40,90,0,Zr,,0,keV,,"0+",,STABLE,,,,,,,,51.45,0.04,-88772.547,keV,0.118,,
40,90,1,Zr,,2319,keV,0.009,"5-",,809.2,ms,2,,,,,,,,-86453.547,keV,0.118,"IT = 100 ",
40,91,0,Zr,,0,keV,,"5/2+",,STABLE,,,,,,,,11.22,0.05,-87895.592,keV,0.095,,
40,92,0,Zr,,0,keV,,"0+",,STABLE,,,,,,,,17.15,0.03,-88459.024,keV,0.094,,
40,93,0,Zr,,0,keV,,"5/2+",,1610882,y,51450,,,,,,,,-87122.028,keV,0.456,"B- = 100 ",
40,94,0,Zr,,0,keV,,"0+",,STABLE,,,,,,,,17.38,0.04,-87269.332,keV,0.164,,
40,95,0,Zr,,0,keV,,"5/2+",,64.032,d,0.006,,,,,,,,-85659.94,keV,0.869,"B- = 100 ",
40,96,0,Zr,,0,keV,,"0+",,22948103245991400000,y,+1910344808112369700-1910344808112373800,,,,,,2.8,0.02,-85438.86,keV,0.114,"2B- = 100",
40,97,0,Zr,,0,keV,,"1/2+",,16.749,h,0.008,,,,,,,,-82936.693,keV,0.121,"B- = 100 ",
40,98,0,Zr,,0,keV,,"0+",,30.7,s,0.4,,,,,,,,-81281.757,keV,8.445,"B- = 100 ",
40,99,0,Zr,,0,keV,,"(1/2+)",,2.1,s,0.1,,,,,,,,-77616.67,keV,10.499,"B- = 100 ",
40,100,0,Zr,,0,keV,,"0+",,7.1,s,0.4,,,,,,,,-76372.736,keV,8.143,"B- = 100 ",
40,101,0,Zr,,0,keV,,"3/2+",,2.32,s,0.07,,,,,,,,-73160.987,keV,8.332,"B- = 100 ",
40,102,0,Zr,,0,keV,,"0+",,2.01,s,0.08,,,,,,,,-71581.427,keV,8.758,"B- = 100 ",
40,103,0,Zr,,0,keV,,"(5/2-)",,1.38,s,0.072,,,,,,,,-67808.993,keV,9.223,"B- = 100,B-n = 1 ",
40,104,0,Zr,,0,keV,,"0+",,922,ms,28,,,,,,,,-65717.66,keV,9.316,"B- = 100,B-n = 1 ",
40,105,0,Zr,,0,keV,,,,670,ms,28,,,,,,,,-61458.274,keV,12.11,"B- = 100,B-n = 2 ",
40,106,0,Zr,,0,keV,,"0+",,178,ms,6,,,,,,,,-58749,keV,200,"B- = 100,B-n = 7 ",
40,107,0,Zr,,0,keV,,,,146,ms,4,,,,,,,,-54020,keV,300,"B- = 100,B-n = 23 ",
40,108,0,Zr,,0,keV,,"0+",,77.4,ms,2.2,,,,,,,,-50950,keV,400,"B- = 100 ,B-n?",
40,109,0,Zr,,0,keV,,,,56,ms,3,,,,,,,,-45730,keV,500,"B-n?,B-2n?,B- = 100 ",
40,110,0,Zr,,0,keV,,"0+",,37.6,ms,1.7,,,,,,,,-42220,keV,500,"B-n?,B-2n?,B- = 100 ",
40,111,0,Zr,,0,keV,,,,24,ms,5,,,,,,,,-36480,keV,600,"B-n?,B-2n?,B- = 100 ",
40,112,0,Zr,,0,keV,,"0+",,30,ms,+30-10,,,,,,,,-32420,keV,700,"B-n?,B-2n?,B- = 100 ",
40,113,0,Zr,,0,keV,0,,,,,,,,,,,,,-26340,keV,300,"B-n?,B-2n?,B- = 100",
41,81,0,Nb,,0,keV,,,,40,ns,,,,,,,,,-46360,keV,400,"p?,EC+B+?,ECp?",
41,82,0,Nb,,0,keV,,"(0+)",,50,ms,3,,,,,,,,-51810,keV,300,"ECp?,EC+B+ = 100 ",
41,83,0,Nb,,0,keV,,"(5/2+)",,3.9,s,0.2,,,,,,,,-57612.91,keV,162.08,"ECp?,EC+B+ = 100 ",
41,84,0,Nb,,0,keV,,"(1+)",,9.8,s,0.9,,,,,,,,-61193.842,keV,0.401,"ECp?,EC+B+ = 100 ",
41,85,0,Nb,,0,keV,,"(9/2+)",,20.5,s,1.2,,,,,,,,-66279.684,keV,4.099,"EC+B+ = 100 ",
41,85,1,Nb,,0,keV,,"(1/2-),(3/2-)",,3.3,s,0.9,,,,,,,,-66279.684,keV,4.099,"IT?,EC+B+?",
41,86,0,Nb,,0,keV,,"(6+)",,88,s,1,,,,,,,,-69134.061,keV,5.499,"EC+B+ = 100 ",
41,87,0,Nb,,0,keV,,"(1/2)-",,3.7,m,0.1,,,,,,,,-73874.493,keV,6.802,"EC+B+ = 100 ",
41,87,1,Nb,,3.9,keV,0.1,"(9/2)+",,2.6,m,0.1,,,,,,,,-73870.59300000001,keV,6.8027350382,"EC+B+ = 100 ",
41,88,0,Nb,,0,keV,,"(8+)",,14.5,m,0.09,,,,,,,,-76171.555,keV,57.808,"EC+B+ = 100 ",
41,88,1,Nb,,0,keV,,"(4-)",,7.7,m,0.1,,,,,,,,-76171.555,keV,57.808,"EC+B+ = 100 ",
41,89,0,Nb,,0,keV,,"(9/2+)",,2.03,h,0.07,,,,,,,,-80625.755,keV,23.63,"EC+B+ = 100 ",
41,89,1,Nb,,15,keV,15,"(1/2)-",,66,m,2,,,,,,,,-80610.755,keV,27.989,"EC+B+ = 100 ",
41,90,0,Nb,,0,keV,,"8+",,14.6,h,0.05,,,,,,,,-82661.531,keV,3.317,"EC+B+ = 100 ",
41,90,1,Nb,,124.67,keV,0.25,"4-",,18.91,s,0.05,,,,,,,,-82536.861,keV,3.326,"IT = 100 ",
41,91,0,Nb,,0,keV,,"9/2+",,680,y,130,,,,,,,,-86638.028,keV,2.926,"EC+B+ = 100 ",
41,91,1,Nb,,104.6,keV,0.05,"1/2-",,60.86,d,0.22,,,,,,,,-86533.428,keV,2.926,"IT = 96.6 0.5,EC+B+ = 3.4 0.5",
41,92,0,Nb,,0,keV,,"7+",,34708075,y,2364331,,,,,,,,-86453.29,keV,1.784,"EC+B+ = 100 ",
41,92,1,Nb,,135.5,keV,0.4,"(2)+",,10.12,d,0.02,,,,,,,,-86317.79,keV,1.83,"EC+B+ = 100 ",
41,93,0,Nb,,0,keV,,"9/2+",,STABLE,,,,,,,,100,0,-87212.84,keV,1.49,,
41,93,1,Nb,,30.76,keV,0.005,"1/2-",,16.12,y,0.12,,,,,,,,-87182.08,keV,1.49,"IT = 100 ",
41,94,0,Nb,,0,keV,,"6+",,20381,y,385,,,,,,,,-86369.063,keV,1.491,"B- = 100 ",
41,94,1,Nb,,40.892,keV,0.012,"3+",,6.263,m,0.004,,,,,,,,-86328.17099999999,keV,1.49104828896,"B- = 0.5 0.06,IT = 99.5 0.06",
41,95,0,Nb,,0,keV,,"9/2+",,34.991,d,0.01,,,,,,,,-86786.272,keV,0.508,"B- = 100 ",
41,95,1,Nb,,235.69,keV,0.02,"1/2-",,3.61,d,0.03,,,,,,,,-86550.582,keV,0.508,"B- = 5.6 0.6,IT = 94.4 0.6",
41,96,0,Nb,,0,keV,,"6+",,23.35,h,0.05,,,,,,,,-85602.83,keV,0.147,"B- = 100 ",
41,97,0,Nb,,0,keV,,"9/2+",,72.1,m,0.4,,,,,,,,-85602.797,keV,4.244,"B- = 100 ",
41,97,1,Nb,,743.35,keV,0.03,"1/2-",,58.7,s,1.8,,,,,,,,-84859.447,keV,4.244,"IT = 100 ",
41,98,0,Nb,,0,keV,,"1+",,2.86,s,0.06,,,,,,,,-83524.612,keV,5.001,"B- = 100 ",
41,98,1,Nb,,84,keV,4,"(5)+",,51.1,m,0.3,,,,,,,,-83440.612,keV,6.404,"B- = 99.8 ,IT = 0.2 ",
41,99,0,Nb,,0,keV,,"9/2+",,15,s,0.2,,,,,,,,-82335.344,keV,12.004,"B- = 100 ",
41,99,1,Nb,,365.27,keV,0.08,"1/2-",,2.5,m,0.1,,,,,,,,-81970.074,keV,12.004,"B- = 96.2 ,IT = 3.8 ",
41,100,0,Nb,,0,keV,,"1+",,1.4,s,0.1,,,,,,,,-79791.246,keV,7.976,"B- = 100 ",
41,100,1,Nb,,314,keV,23,"(5)+",,2.99,s,0.11,,,,,,,,-79477.246,keV,24.344,"B- = 100 ",
41,101,0,Nb,,0,keV,,"5/2+",,7.2,s,0.2,,,,,,,,-78891.488,keV,3.749,"B- = 100 ",
41,102,0,Nb,,0,keV,,"(4+)",,4.3,s,0.4,,,,,,,,-76298.265,keV,2.511,"B- = 100 ",
41,102,1,Nb,,93,keV,23,"1+",,1.31,s,0.16,,,,,,,,-76205.265,keV,23.137,"B- = 100 ",
41,103,0,Nb,,0,keV,,"(5/2+)",,1.36,s,0.05,,,,,,,,-75028.667,keV,3.935,"B- = 100,B-n?",
41,104,0,Nb,,0,keV,,"(1+)",,4.9,s,0.3,,,,,,,,-71810.997,keV,1.784,"B- = 100,B-n = 0.06 0.03",
41,104,1,Nb,,215,keV,12,,,0.98,s,0.05,,,,,,,,-71595.997,keV,12.132,"B- = 100,B-n = 0.05 0.03",
41,105,0,Nb,,0,keV,,"(5/2+)",,2.92,s,0.09,,,,,,,,-69915.547,keV,4.028,"B- = 100,B-n = 1.7 0.9",
41,106,0,Nb,,0,keV,,"(1-)",,1.097,s,0.019,,,,,,,,-66202.678,keV,1.416,"B- = 100,B-n = 4.8 0.3",
41,107,0,Nb,,0,keV,,"(5/2+)",,287,ms,8,,,,,,,,-63723.805,keV,8.023,"B- = 100,B-n = 7.4 0.9",
41,108,0,Nb,,0,keV,,"(2+)",,194,ms,6,,,,,,,,-59545.198,keV,8.239,"B-n = 6.3 0.5,B-2n?,B- = 100",
41,109,0,Nb,,0,keV,,,,107,ms,5,,,,,,,,-56689.8,keV,430.816,"B- = 100,B-n = 31 5",
41,110,0,Nb,,0,keV,,"(6-)",,75,ms,1,,,,,,,,-52309.914,keV,838.345,"B-n = 40 8,B-2n?,B- = 100",
41,110,1,Nb,,0,keV,,"(2-)",,94,ms,9,,,,,,,,-52309.914,keV,838.345,"B-n = 40 8,B-2n?,B- = 100",
41,111,0,Nb,,0,keV,,,,54,ms,2,,,,,,,,-48960,keV,300,"B-n?,B-2n?,B- = 100",
41,112,0,Nb,,0,keV,,,,38,ms,2,,,,,,,,-44070,keV,300,"B-n?,B-2n?,B- = 100",
41,113,0,Nb,,0,keV,,,,32,ms,4,,,,,,,,-40210,keV,400,"B-n?,B-2n?,B- = 100 ",
41,114,0,Nb,,0,keV,,,,17,ms,5,,,,,,,,-34960,keV,500,"B-n?,B-2n?,B- = 100",
41,115,0,Nb,,0,keV,,,,23,ms,8,,,,,,,,-30880,keV,500,"B-n?,B-2n?,B- = 100",
41,116,0,Nb,,0,keV,0,,,,,,,,,,,,,-25230,keV,300,"B-n?,B-2n?,B- = 100",
41,117,0,Nb,,0,keV,0,,,,,,,,,,,,,,,,"B-n?,B-2n?,B- = 100",
42,81,0,Mo,,0,keV,,,,,,,,,,,,,,-31460,keV,500,"ECp?,EC+B+?",
42,82,0,Mo,,0,keV,,"0+",,,,,,,,,,,,-40370,keV,400,"ECp?,EC+B+ = 100 ",
42,83,0,Mo,,0,keV,,,,6,ms,+30-3,,,,,,,,-46340,keV,401,"ECp?,EC+B+ = 100 ",
42,84,0,Mo,,0,keV,,"0+",,2.3,s,0.4,,,,,,,,-54170,keV,298,"ECp?,EC+B+ = 100 ",
42,85,0,Mo,,0,keV,,"(1/2+)",,3.2,s,0.2,,,,,,,,-57509.76,keV,15.835,"ECp ~ 0.14 ,EC+B+ = 100",
42,86,0,Mo,,0,keV,,"0+",,19.1,s,0.3,,,,,,,,-64110.927,keV,2.932,"EC+B+ = 100 ",
42,87,0,Mo,,0,keV,,"(7/2+)",,14.1,s,0.3,,,,,,,,-66884.817,keV,2.857,"ECp = 15 8,EC+B+ = 100",
42,87,1,Mo,,310,keV,30,"(1/2+)",,,,,,,,,,,,-66574.817,keV,30.136,"ECp?,EC+B+?",
42,88,0,Mo,,0,keV,,"0+",,8,m,0.2,,,,,,,,-72686.553,keV,3.819,"EC+B+ = 100 ",
42,89,0,Mo,,0,keV,,"(9/2+)",,2.04,m,0.11,,,,,,,,-75014.944,keV,3.912,"EC+B+ = 100 ",
42,89,1,Mo,,387.5,keV,0.2,"(1/2-)",,190,ms,15,,,,,,,,-74627.444,keV,3.917,"IT = 100 ",
42,90,0,Mo,,0,keV,,"0+",,5.56,h,0.09,,,,,,,,-80172.514,keV,3.463,"EC+B+ = 100 ",
42,91,0,Mo,,0,keV,,"9/2+",,15.49,m,0.01,,,,,,,,-82208.834,keV,6.238,"EC+B+ = 100 ",
42,91,1,Mo,,653.01,keV,0.09,"1/2-",,65,s,0.7,,,,,,,,-81555.82400000001,keV,6.23864921277,"IT = 50 1.6,EC+B+ = 50 1.6",
42,92,0,Mo,,0,keV,,"0+",,STABLE,,,,,,,,14.649,0.106,-86808.587,keV,0.157,,
42,93,0,Mo,,0,keV,,"5/2+",,4000,y,800,,,,,,,,-86807.079,keV,0.181,"EC = 100 ",
42,93,1,Mo,,2424.95,keV,0.04,"21/2+",,6.85,h,0.07,,,,,,,,-84382.129,keV,0.185,"IT = 99.88 0.01,EC+B+ = 0.12 0.01",
42,94,0,Mo,,0,keV,,"0+",,STABLE,,,,,,,,9.187,0.033,-88414.079,keV,0.141,,
42,95,0,Mo,,0,keV,,"5/2+",,STABLE,,,,,,,,15.873,0.03,-87711.872,keV,0.123,,
42,96,0,Mo,,0,keV,,"0+",,STABLE,,,,,,,,16.673,0.008,-88794.889,keV,0.12,,
42,97,0,Mo,,0,keV,,"5/2+",,STABLE,,,,,,,,9.582,0.015,-87544.7,keV,0.165,,
42,98,0,Mo,,0,keV,,"0+",,STABLE,,,,,,,,24.292,0.08,-88115.98,keV,0.174,,
42,99,0,Mo,,0,keV,,"1/2+",,65.936,h,0.009,,,,,,,,-85970.106,keV,0.229,"B- = 100 ",
42,100,0,Mo,,0,keV,,"0+",,7066465914278988000,y,+158558245089690620-149056960893800450,,,,,,9.744,0.065,-86193.029,keV,0.301,"2B- = 100",
42,101,0,Mo,,0,keV,,"1/2+",,14.61,m,0.03,,,,,,,,-83519.952,keV,0.308,"B- = 100 ",
42,102,0,Mo,,0,keV,,"0+",,11.3,m,0.2,,,,,,,,-83560.866,keV,8.305,"B- = 100 ",
42,103,0,Mo,,0,keV,,"(3/2+)",,67.5,s,1.5,,,,,,,,-80954.331,keV,9.223,"B- = 100 ",
42,104,0,Mo,,0,keV,,"0+",,59.4,s,1.1,,,,,,,,-80343.748,keV,8.911,"B- = 100 ",
42,105,0,Mo,,0,keV,,"(5/2-)",,36.3,s,0.8,,,,,,,,-77330.788,keV,9.055,"B- = 100 ",
42,106,0,Mo,,0,keV,,"0+",,8.73,s,0.12,,,,,,,,-76128.003,keV,9.13,"B- = 100 ",
42,107,0,Mo,,0,keV,,"1/2+",,3.5,s,0.5,,,,,,,,-72544.975,keV,9.223,"B- = 100 ",
42,108,0,Mo,,0,keV,,"0+",,1.106,s,0.01,,,,,,,,-70749.297,keV,9.223,"B- = 100 ",
42,109,0,Mo,,0,keV,,"1/2+",,700,ms,14,,,,,,,,-66659.285,keV,11.179,"B- = 100,B-n = 1.3 0.6",
42,110,0,Mo,,0,keV,,"0+",,287,ms,10,,,,,,,,-64535.814,keV,24.219,"B- = 100,B-n = 2 0.7",
42,111,0,Mo,,0,keV,,"(1/2+),(3/2+)",,186,ms,9,,,,,,,,-59939.813,keV,12.578,"B- = 100,B-n = 12 ",
42,111,1,Mo,,0,keV,,"(7/2-),(9/2-)",~,200,ms,,,,,,,,,-59939.813,keV,12.578,"B- = 100 ,B-n?",
42,112,0,Mo,,0,keV,,"0+",,125,ms,5,,,,,,,,-57480,keV,200,"B- = 100 ,B-n?",
42,113,0,Mo,,0,keV,,,,80,ms,2,,,,,,,,-52650,keV,300,"B- = 100 ,B-n?",
42,114,0,Mo,,0,keV,,"0+",,58,ms,2,,,,,,,,-49680,keV,300,"B- = 100 ,B-n?",
42,115,0,Mo,,0,keV,,,,45.6,ms,2,,,,,,,,-44550,keV,400,"B-n?,B-2n?,B- = 100",
42,116,0,Mo,,0,keV,,"0+",,32,ms,4,,,,,,,,-41210,keV,500,"B-n?,B-2n?,B- = 100",
42,117,0,Mo,,0,keV,,,,22,ms,5,,,,,,,,-35689,keV,500,"B-n?,B-2n?,B- = 100",
42,118,0,Mo,,0,keV,0,"0+",,19,ms,+7-4,,,,,,,,-32370,keV,500,"B-n?,B-2n?,B- = 100",
42,119,0,Mo,,0,keV,0,,,,,,,,,,,,,-26580,keV,300,"B-n?,B-2n?,B- = 100",
43,85,0,Tc,,0,keV,0,,,100,ns,,,,,,,,,-45850,keV,400,"p?",
43,86,0,Tc,,0,keV,,"(0+)",,55,ms,7,,,,,,,,-51570,keV,300,"ECp?,EC+B+ = 100 ",
43,87,0,Tc,,0,keV,,,,2.1,s,0.2,,,,,,,,-57690.052,keV,4.192,"ECp = 0.7 ,EC+B+ = 100",
43,88,0,Tc,,0,keV,0,"(2+)",,6.4,s,0.8,,,,,,,,-61670.301,keV,4.099,"ECp?,EC+B+ = 100 ",
43,88,1,Tc,,70.4,keV,3.1,"(6+)",,5.8,s,0.2,,,,,,,,-61599.901,keV,5.139,"ECp?,EC+B+ = 100",
43,89,0,Tc,,0,keV,,"(9/2+)",,12.8,s,0.9,,,,,,,,-67394.857,keV,3.819,"EC+B+ = 100 ",
43,89,1,Tc,,62.6,keV,0.5,"(1/2-)",,12.9,s,0.8,,,,,,,,-67332.257,keV,3.852,"EC+B+ ~ 100 ",
43,90,0,Tc,,0,keV,0,"(8+)",,49.2,s,0.4,,,,,,,,-70724.696,keV,1.025,"EC+B+ = 100",
43,90,1,Tc,,144.1,keV,1.7,"1+",,8.7,s,0.2,,,,,,,,-70580.59599999999,keV,1.98510075311,"EC+B+ = 100",
43,91,0,Tc,,0,keV,,"(9/2)+",,3.14,m,0.02,,,,,,,,-75986.657,keV,2.363,"EC+B+ = 100 ",
43,91,1,Tc,,139.3,keV,0.3,"(1/2)-",,3.3,m,0.1,,,,,,,,-75847.357,keV,2.382,"EC+B+ = 100 ",
43,92,0,Tc,,0,keV,,"(8)+",,4.23,m,0.15,,,,,,,,-78925.703,keV,3.102,"EC+B+ = 100 ",
43,93,0,Tc,,0,keV,,"9/2+",,2.78,h,0.05,,,,,,,,-83606.116,keV,1.012,"EC+B+ = 100 ",
43,93,1,Tc,,391.84,keV,0.08,"1/2-",,43.4,m,0.6,,,,,,,,-83214.276,keV,1.015,"IT = 77.4 0.6,EC+B+ = 22.6 0.6",
43,94,0,Tc,,0,keV,,"7+",,293,m,1,,,,,,,,-84158.332,keV,4.071,"EC+B+ = 100 ",
43,94,1,Tc,,76,keV,3,"(2)+",,51,m,0.7,,,,,,,,-84082.332,keV,5.057,"IT = 0.18 ,EC+B+ ~ 100 ",
43,95,0,Tc,,0,keV,,"9/2+",,19.258,h,0.026,,,,,,,,-86021.355,keV,5.08,"EC+B+ = 100 ",
43,95,1,Tc,,38.91,keV,0.04,"1/2-",,61.94,d,0.07,,,,,,,,-85982.44499999999,keV,5.08015747787,"IT = 3.88 0.32,EC+B+ = 96.12 0.32",
43,96,0,Tc,,0,keV,,"7+",,4.27,d,0.05,,,,,,,,-85821.648,keV,5.146,"EC+B+ = 100 ",
43,96,1,Tc,,34.23,keV,0.04,"4+",,51.6,m,0.9,,,,,,,,-85787.418,keV,5.146,"IT = 95.9 +0.34-0.39,EC+B+ = 4.1 +0.39-0.34",
43,97,0,Tc,,0,keV,,"9/2+",,4210000,y,160000,,,,,,,,-87224.436,keV,4.118,"EC = 100 ",
43,97,1,Tc,,96.57,keV,0.06,"1/2-",,91,d,0.6,,,,,,,,-87127.866,keV,4.118,"IT = 96.06 0.18,EC = 3.94 0.18",
43,98,0,Tc,,0,keV,,"(6)+",,4200000,y,300000,,,,,,,,-86432.214,keV,3.38,"B- = 100 ",
43,99,0,Tc,,0,keV,,"9/2+",,211100,y,1200,,,,,,,,-87327.869,keV,0.908,"B- = 100 ",
43,99,1,Tc,,142.6836,keV,0.0011,"1/2-",,6.0073,h,0.0007,,,,,,,,-87185.1854,keV,0.908,"B- = 0.0037 0.0006,IT = 0",
43,100,0,Tc,,0,keV,,"1+",,15.65,s,0.12,,,,,,,,-86020.951,keV,1.351,"B- = 99.9974 0.0004,EC = 0.0026 0.0004",
43,101,0,Tc,,0,keV,,"9/2+",,14.123,m,0.091,,,,,,,,-86344.593,keV,24.004,"B- = 100 ",
43,102,0,Tc,,0,keV,,"1+",,5.28,s,0.15,,,,,,,,-84572.921,keV,9.166,"B- = 100 ",
43,102,1,Tc,,0,keV,,"(4),(5)",,4.35,m,0.07,,,,,,,,-84572.921,keV,9.166,"B- ~ 100 ,IT?",
43,103,0,Tc,,0,keV,,"5/2+",,54.2,s,0.8,,,,,,,,-84603.92,keV,9.81,"B- = 100 ",
43,104,0,Tc,,0,keV,,"(3+)",,18.2,m,0.2,,,,,,,,-82498.969,keV,24.886,"B- = 100 ",
43,105,0,Tc,,0,keV,,"(3/2-)",,7.64,m,0.06,,,,,,,,-82286.303,keV,35.263,"B- = 100 ",
43,106,0,Tc,,0,keV,,"(1),(2)",,35.7,s,0.5,,,,,,,,-79776.253,keV,12.25,"B- = 100 ",
43,107,0,Tc,,0,keV,,"(3/2-)",,21.2,s,0.2,,,,,,,,-78749.967,keV,8.673,"B- = 100 ",
43,108,0,Tc,,0,keV,,"(2)+",,5.15,s,0.07,,,,,,,,-75922.831,keV,8.769,"B- = 100 ",
43,109,0,Tc,,0,keV,,"(5/2+)",,0.88,s,0.03,,,,,,,,-74282.828,keV,9.669,"B- = 100,B-n = 0.08 0.02",
43,110,0,Tc,,0,keV,,"(2),(3+)",,0.911,s,0.013,,,,,,,,-71034.564,keV,9.497,"B- = 100,B-n = 0.04 0.02",
43,111,0,Tc,,0,keV,,"(5/2+)",,350,ms,21,,,,,,,,-69024.675,keV,10.582,"B- = 100,B-n = 0.85 0.2",
43,112,0,Tc,,0,keV,,"(2+)",,323,ms,6,,,,,,,,-65258.932,keV,5.515,"B- = 100,B-n = 1.5 0.2",
43,113,0,Tc,,0,keV,,"(5/2+)",,152,ms,8,,,,,,,,-62811.549,keV,3.353,"B- = 100,B-n = 2.1 0.3",
43,114,0,Tc,,0,keV,,,,118,ms,8,,,,,,,,-58600.294,keV,433.145,"B- = 100,B-n = 1.3 0.4",
43,114,1,Tc,,0,keV,,"(1+)",,90,ms,20,,,,,,,,-58600.294,keV,433.145,"B- = 100,B-n = 1.3 0.4",
43,115,0,Tc,,0,keV,,,,78,ms,2,,,,,,,,-55796,keV,196,"B- = 100,B-n = 19 5",
43,116,0,Tc,,0,keV,,,,57,ms,3,,,,,,,,-51214,keV,298,"B-n = 17 7,B-2n?,B- = 100",
43,117,0,Tc,,0,keV,,,,44.5,ms,3,,,,,,,,-48140,keV,400,"B-n?,B-2n?,B- = 100 ",
43,118,0,Tc,,0,keV,0,,,30,ms,4,,,,,,,,-43290,keV,400,"B-n?,B-2n?,B- = 100",
43,119,0,Tc,,0,keV,,,,22,ms,3,,,,,,,,-40170,keV,500,"B-n?,B-2n?,B- = 100 ",
43,120,0,Tc,,0,keV,,,,21,ms,5,,,,,,,,-35000,keV,500,"B-n?,B-2n?,B- = 100 ",
43,121,0,Tc,,0,keV,,,,22,ms,6,,,,,,,,-31540,keV,500,"B-n?,B-2n?,B- = 100 ",
43,122,0,Tc,,0,keV,0,,,,,,,,,,,,,-26305,keV,300,"B-n?,B-2n?,B- = 100",
44,85,0,Ru,,0,keV,0,,,,,,,,,,,,,-30630,keV,500,"p?,EC+B+?,ECp?",
44,86,0,Ru,,0,keV,0,"0+",,,,,,,,,,,,-39770,keV,400,"ECp?,EC+B+?",
44,87,0,Ru,,0,keV,0,,,,,,,,,,,,,-45730,keV,400,"ECp?,EC+B+?",
44,88,0,Ru,,0,keV,,"0+",,1.4,s,0.3,,,,,,,,-54340,keV,300,"ECp = 3.6 ,EC+B+ = 100",
44,89,0,Ru,,0,keV,,"(9/2+)",,1.33,s,0.06,,,,,,,,-58369.424,keV,24.219,"ECp = 3.1 0.2,EC+B+ = 100",
44,90,0,Ru,,0,keV,,"0+",,11.7,s,0.9,,,,,,,,-64883.801,keV,3.73,"ECp?,EC+B+ = 100 ",
44,91,0,Ru,,0,keV,,"(9/2+)",,8,s,0.4,,,,,,,,-68239.833,keV,2.221,"ECp?,EC+B+ = 100 ",
44,91,1,Ru,,432,keV,31,"(1/2-)",,7.6,s,0.8,,,,,,,,-67807.833,keV,31.079,"EC+B+ ~ 100 ,IT?,ECp?",
44,92,0,Ru,,0,keV,,"0+",,3.65,m,0.05,,,,,,,,-74301.211,keV,2.718,"EC+B+ = 100 ",
44,93,0,Ru,,0,keV,,"(9/2)+",,59.7,s,0.6,,,,,,,,-77216.723,keV,2.065,"EC+B+ = 100 ",
44,93,1,Ru,,734.4,keV,0.1,"(1/2)-",,10.8,s,0.3,,,,,,,,-76482.323,keV,2.067,"EC+B+ = 78 2.3,IT = 22 2.3,ECp = 0.027 0.005",
44,94,0,Ru,,0,keV,0,"0+",,52.1,m,0.5,,,,,,,,-82583.602,keV,3.143,"EC+B+ = 100",
44,95,0,Ru,,0,keV,,"5/2+",,1.6073,h,0.0086,,,,,,,,-83457.759,keV,9.502,"EC+B+ = 100 ",
44,96,0,Ru,,0,keV,,"0+",,STABLE,,,,,,,,5.54,0.14,-86080.385,keV,0.17,,
44,97,0,Ru,,0,keV,,"5/2+",,2.8376,d,0.001,,,,,,,,-86120.564,keV,2.763,"EC+B+ = 100 ",
44,98,0,Ru,,0,keV,,"0+",,STABLE,,,,,,,,1.87,0.03,-88224.871,keV,6.463,,
44,99,0,Ru,,0,keV,,"5/2+",,STABLE,,,,,,,,12.76,0.14,-87625.385,keV,0.343,,
44,100,0,Ru,,0,keV,,"0+",,STABLE,,,,,,,,12.6,0.07,-89227.391,keV,0.342,,
44,101,0,Ru,,0,keV,,"5/2+",,STABLE,,,,,,,,17.06,0.02,-87958.113,keV,0.413,,
44,102,0,Ru,,0,keV,,"0+",,STABLE,,,,,,,,31.55,0.14,-89106.435,keV,0.416,,
44,103,0,Ru,,0,keV,,"3/2+",,39.247,d,0.011,,,,,,,,-87267.168,keV,0.441,"B- = 100 ",
44,104,0,Ru,,0,keV,,"0+",,STABLE,,,,,,,,18.62,0.27,-88095.763,keV,2.498,,
44,105,0,Ru,,0,keV,,"3/2+",,4.44,h,0.01,,,,,,,,-85934.543,keV,2.499,"B- = 100 ",
44,106,0,Ru,,0,keV,,"0+",,371.8,d,1.8,,,,,,,,-86323.253,keV,5.391,"B- = 100 ",
44,107,0,Ru,,0,keV,,"(5/2)+",,3.73,m,0.06,,,,,,,,-83862.565,keV,8.673,"B- = 100 ",
44,108,0,Ru,,0,keV,,"0+",,4.55,m,0.04,,,,,,,,-83661.404,keV,8.68,"B- = 100 ",
44,109,0,Ru,,0,keV,,"(5/2+)",,34.4,s,0.2,,,,,,,,-80738.455,keV,8.954,"B- = 100 ",
44,110,0,Ru,,0,keV,,"0+",,12.04,s,0.17,,,,,,,,-80072.629,keV,8.924,"B- = 100 ",
44,111,0,Ru,,0,keV,,"(5/2+)",,2.12,s,0.07,,,,,,,,-76785.325,keV,9.682,"B- = 100 ",
44,112,0,Ru,,0,keV,,"0+",,1.75,s,0.07,,,,,,,,-75630.873,keV,9.6,"B- = 100 ",
44,113,0,Ru,,0,keV,,"(1/2+)",,0.8,s,0.05,,,,,,,,-71867.816,keV,38.282,"B- = 100 ",
44,113,1,Ru,,130,keV,30,"(7/2-)",,510,ms,30,,,,,,,,-71737.816,keV,48.637,"B- = 100,IT?",
44,114,0,Ru,,0,keV,,"0+",,543,ms,34,,,,,,,,-70221.213,keV,3.556,"B- = 100 ,B-n?",
44,115,0,Ru,,0,keV,,"(1/2+),(3/2+)",,318,ms,19,,,,,,,,-66105.296,keV,25.166,"B- = 100 ,B-n?",
44,116,0,Ru,,0,keV,,"0+",,203,ms,5,,,,,,,,-64068.917,keV,3.726,"B- = 100,B-n = 0.8 ",
44,117,0,Ru,,0,keV,,,,152,ms,3,,,,,,,,-59489.871,keV,433.145,"B- = 100,B-n = 2.4 1",
44,118,0,Ru,,0,keV,0,"0+",,99,ms,3,,,,,,,,-57000,keV,200,"B- = 100,B-n = 4.6 ",
44,119,0,Ru,,0,keV,,,,69.2,ms,2,,,,,,,,-52080,keV,300,"B- = 100,B-n = 6 5",
44,120,0,Ru,,0,keV,,"0+",,45,ms,2,,,,,,,,-49720,keV,400,"B- = 100,B-n = 6 3",
44,121,0,Ru,,0,keV,,,,30,ms,3,,,,,,,,-44620,keV,400,"B-n = 13 4,B-2n?,B- = 100",
44,122,0,Ru,,0,keV,,"0+",,25,ms,1,,,,,,,,-41780,keV,500,"B-n?,B-2n?,B- = 100 ",
44,123,0,Ru,,0,keV,,,,19,ms,2,,,,,,,,-36550,keV,500,"B-n?,B-2n?,B- = 100 ",
44,124,0,Ru,,0,keV,,"0+",,15,ms,3,,,,,,,,-33590,keV,600,"B-n?,B-2n?,B- = 100 ",
44,125,0,Ru,,0,keV,0,,,,,,,,,,,,,-28370,keV,300,"B-n?,B-2n?,B- = 100",
45,89,0,Rh,,0,keV,,,,120,ns,,,,,,,,,-45651,keV,361,"p?,EC+B+?,ECp?",
45,90,0,Rh,,0,keV,0,"(0+)",,29,ms,3,,,,,,,,-51634,keV,200,"ECp = 0.7 ,EC+B+ = 100",
45,90,1,Rh,,0,keV,,"(6),(7),(8)",,560,ms,20,,,,,,,,-51634,keV,200,"ECp = 9.6 1,EC+B+ = 100",
45,91,0,Rh,,0,keV,,"(9/2+)",,1.47,s,0.22,,,,,,,,-58570,keV,298,"ECp = 1.3 0.5,EC+B+ = 100",
45,91,1,Rh,,172.9,keV,0.4,"(1/2-)",~,1.5,s,,,,,,,,,-58397.1,keV,298,"EC+B+?,IT?,ECp?",
45,92,0,Rh,,0,keV,,"(6+)",,5.64,s,0.06,,,,,,,,-62999.095,keV,4.378,"ECp = 2.1 0.2,EC+B+ = 100",
45,92,1,Rh,,0,keV,,"(2+)",,3.18,s,0.22,,,,,,,,-62999.095,keV,4.378,"ECp = 1.7 0.3,EC+B+ = 100 ",
45,93,0,Rh,,0,keV,,"(9/2+)",,12.2,s,0.7,,,,,,,,-69011.81,keV,2.629,"EC+B+ = 100 ",
45,93,1,Rh,,267,keV,48,"(1/2-)",,,,,,,,,,,,-68744.81,keV,48.07,"EC+B+?",
45,94,0,Rh,,0,keV,,"(4+)",,70.6,s,0.6,,,,,,,,-72907.623,keV,3.379,"ECp = 1.8 0.5,EC+B+ = 100",
45,94,1,Rh,,0,keV,,"(8+)",,25.8,s,0.2,,,,,,,,-72907.623,keV,3.379,"EC+B+ = 100 ",
45,95,0,Rh,,0,keV,,"9/2+",,5.02,m,0.1,,,,,,,,-78340.616,keV,3.886,"EC+B+ = 100 ",
45,95,1,Rh,,543.3,keV,0.3,"(1/2)-",,1.96,m,0.04,,,,,,,,-77797.31599999999,keV,3.89756282823,"IT = 88 5,EC+B+ = 12 5",
45,96,0,Rh,,0,keV,,"6+",,9.57,m,0.23,,,,,,,,-79687.732,keV,10.001,"EC+B+ = 100 ",
45,96,1,Rh,,51.98,keV,0.09,"3+",,1.51,m,0.02,,,,,,,,-79635.75200000001,keV,10.00140495131,"IT = 60 5,EC+B+ = 40 5",
45,97,0,Rh,,0,keV,,"9/2+",,30.8,m,0.6,,,,,,,,-82597.564,keV,35.463,"EC+B+ = 100 ",
45,97,1,Rh,,258.76,keV,0.18,"1/2-",,45.8,m,1.7,,,,,,,,-82338.804,keV,35.463,"IT = 5.6 0.6,EC+B+ = 94.4 0.6",
45,98,0,Rh,,0,keV,,"(2)+",,8.74,m,0.16,,,,,,,,-83175.219,keV,11.906,"EC+B+ = 100 ",
45,98,1,Rh,,56.3,keV,1,"(5+)",,3.6,m,0.2,,,,,,,,-83118.919,keV,11.948,"IT = 89 5,EC+B+ = 11 5",
45,99,0,Rh,,0,keV,,"1/2-",,16.1,d,0.2,,,,,,,,-85584.522,keV,19.451,"EC+B+ = 100 ",
45,99,1,Rh,,64.4,keV,0.5,"9/2+",,4.7,h,0.1,,,,,,,,-85520.122,keV,19.457,"IT = 0.16 ,EC+B+ = 99.84 ",
45,100,0,Rh,,0,keV,,"1-",,20.5,h,0.3,,,,,,,,-85591.13,keV,18.125,"EC+B+ = 100 ",
45,100,1,Rh,,107.6,keV,0.2,"(5+)",,4.6,m,0.2,,,,,,,,-85483.53,keV,18.13,"IT ~ 98.3 ,EC+B+ ~ 1.7 ",
45,101,0,Rh,,0,keV,,"1/2-",,4.07,y,0.05,,,,,,,,-87412.428,keV,5.841,"EC = 100 ",
45,101,1,Rh,,157.32,keV,0.03,"9/2+",,4.34,d,0.01,,,,,,,,-87255.108,keV,5.841,"IT = 7.2 0.25,EC = 92.8 0.25",
45,102,0,Rh,,0,keV,,"(2-)",,207.3,d,1.2,,,,,,,,-86783.316,keV,6.41,"B- = 22 5,EC+B+ = 78 5",
45,102,1,Rh,,140.73,keV,0.09,"6(+)",,3.47,y,0.04,,,,,,,,-86642.58600000001,keV,6.41063179414,"IT = 0.233 0.024,EC+B+ = 99.767 0.024",
45,103,0,Rh,,0,keV,,"1/2-",,STABLE,,,,,,,,100,0,-88031.705,keV,2.301,,
45,103,1,Rh,,39.753,keV,0.006,"7/2+",,56.118,m,0.009,,,,,,,,-87991.952,keV,2.301,"IT = 100 ",
45,104,0,Rh,,0,keV,,"1+",,42.3,s,0.4,,,,,,,,-86959.344,keV,2.303,"B- = 99.55 0.1,EC+B+ = 0.45 0.1",
45,104,1,Rh,,128.9679,keV,0.0005,"5+",,4.36,m,0.03,,,,,,,,-86830.3761,keV,2.303,"B- = 0.13 0.01,IT = 99.87 0.01",
45,105,0,Rh,,0,keV,,"7/2+",,35.341,h,0.022,,,,,,,,-87851.27,keV,2.502,"B- = 100 ",
45,105,1,Rh,,129.742,keV,0.004,"1/2-",,42.8,s,0.3,,,,,,,,-87721.528,keV,2.502,"IT = 100 ",
45,106,0,Rh,,0,keV,,"1+",,30.07,s,0.35,,,,,,,,-86362.656,keV,5.39,"B- = 100 ",
45,106,1,Rh,,137,keV,13,"(6)+",,131,m,2,,,,,,,,-86225.656,keV,14.073,"B- = 100 ",
45,107,0,Rh,,0,keV,,"7/2+",,21.7,m,0.7,,,,,,,,-86863.711,keV,12.051,"B- = 100 ",
45,108,0,Rh,,0,keV,,"1+",,17,s,0.4,,,,,,,,-85031.156,keV,13.997,"B- = 100 ",
45,108,1,Rh,,0,keV,,"(5+)",,5.9,m,0.2,,,,,,,,-85031.156,keV,13.997,"B- = 100 ,IT?",
45,109,0,Rh,,0,keV,,"7/2+",,80.8,s,0.6,,,,,,,,-84999.251,keV,4.04,"B- = 100 ",
45,110,0,Rh,,0,keV,,"(1+)",,3.3,s,0.1,,,,,,,,-82828.693,keV,17.805,"B- = 100 ",
45,110,1,Rh,,38,keV,1.5,"(6+)",,28.5,s,1.5,,,,,,,,-82790.693,keV,17.868,"B- = 100 ",
45,111,0,Rh,,0,keV,,"(7/2+)",,11,s,1,,,,,,,,-82303.871,keV,6.853,"B- = 100 ",
45,112,0,Rh,,0,keV,,"(1+)",,3.5,s,0.4,,,,,,,,-79731.052,keV,44.085,"B- = 100 ",
45,112,1,Rh,,38.4,keV,1.9,"(6+)",,6.9,s,0.07,,,,,,,,-79692.652,keV,44.126,"B- = 100 ",
45,113,0,Rh,,0,keV,,"(7/2+)",,2.8,s,0.12,,,,,,,,-78766.944,keV,7.132,"B- = 100 ",
45,114,0,Rh,,0,keV,,"1+",,1.82,s,0.05,,,,,,,,-75710.275,keV,71.561,"B- = 100 ",
45,114,1,Rh,,110.9,keV,3.2,"(7-)",,1.85,s,0.05,,,,,,,,-75599.375,keV,71.633,"B- = 100",
45,115,0,Rh,,0,keV,,"(7/2+)",,0.99,s,0.05,,,,,,,,-74229.228,keV,7.319,"B- = 100 ,B-n?",
45,116,0,Rh,,0,keV,,"1+",,685,ms,38,,,,,,,,-70735.742,keV,73.832,"B- = 100 ,B-n = 2.1 ",
45,116,1,Rh,,120.8,keV,1.9,"(6-)",,0.57,s,0.05,,,,,,,,-70614.942,keV,73.856,"B- = 100,B-n = 2.1 ",
45,117,0,Rh,,0,keV,,"(7/2+)",,421,ms,30,,,,,,,,-68896.758,keV,8.895,"B- = 100,B-n = 7.6 ",
45,118,0,Rh,,0,keV,0,"(1+)",,286,ms,8,,,,,,,,-64886.84,keV,24.236,"B- = 100,B-n = 2.6 0.8",
45,118,1,Rh,,189,keV,6,"(6),(7),(8)",,310,ms,30,,,,,,,,-64697.84,keV,24.97,"B- = 100,B-n = 2.4 0.8",
45,119,0,Rh,,0,keV,,"(7/2+)",,189,ms,5,,,,,,,,-62822.802,keV,9.315,"B- = 100,B-n = 4.9 1.5",
45,120,0,Rh,,0,keV,,,,133,ms,4,,,,,,,,-58620,keV,200,"B- = 100,B-n = 7.2 1.6",
45,121,0,Rh,,0,keV,,,,73,ms,2,,,,,,,,-56250.134,keV,619.444,"B- = 100,B-n = 13.4 0.8",
45,122,0,Rh,,0,keV,,,,52.3,ms,1.5,,,,,,,,-51880,keV,300,"B-n = 11.3 0.7,B-2n?,B- = 100",
45,123,0,Rh,,0,keV,,,,42.2,ms,1.6,,,,,,,,-49190,keV,400,"B-n = 24.2 1.4,B-2n?,B- = 100",
45,124,0,Rh,,0,keV,,,,32,ms,2,,,,,,,,-44710,keV,400,"B-n = 28 5,B-2n?,B- = 100 ",
45,125,0,Rh,,0,keV,,,,26.5,ms,2,,,,,,,,-41830,keV,500,"B-n?,B-2n?,B- = 100 ",
45,126,0,Rh,,0,keV,,,,19,ms,3,,,,,,,,-37200,keV,500,"B-n?,B-2n?,B- = 100 ",
45,127,0,Rh,,0,keV,,,,20,ms,+20-7,,,,,,,,-33730,keV,600,"B-n?,B-2n?,B- = 100 ",
45,128,0,Rh,,0,keV,0,,,,,,,,,,,,,-27340,keV,300,"B-n?,B-2n?,B- = 100",
46,90,0,Pd,,0,keV,,"0+",,,,,,,,,,,,-39710,keV,400,"2p?,EC+B+?,ECp?",
46,91,0,Pd,,0,keV,,,,32,ms,3,,,,,,,,-46170,keV,423,"EC+B+ = 100 ,ECp = 3 +1.1-0.9,B- = 100",
46,92,0,Pd,,0,keV,,"0+",,1.06,s,0.03,,,,,,,,-54779.095,keV,345.028,"ECp = 1.6 0.2,EC+B+ = 100",
46,93,0,Pd,,0,keV,,"(9/2+)",,1.17,s,0.02,,,,,,,,-58981.81,keV,370.009,"ECp = 7.4 0.2,EC+B+ = 100",
46,94,0,Pd,,0,keV,,"0+",,9.4,s,0.2,,,,,,,,-66102.281,keV,4.287,"ECp = 0.13 ,EC+B+ = 100",
46,95,0,Pd,,0,keV,,"(9/2+)",,7.4,s,0.5,,,,,,,,-69965.913,keV,3.031,"ECp = 0.23 0.05,EC+B+ = 100",
46,95,1,Pd,,804,keV,39,"(1/2-)",,,,,,,,,,,,-69161.913,keV,39.118,"EC+B+?",
46,95,2,Pd,,1875.13,keV,0.14,"(21/2+)",,13.3,s,0.2,,,,,,,,-68090.783,keV,3.034,"EC+B+ = 89 3,IT = 11 3,ECp = 0.71 0.07",
46,96,0,Pd,,0,keV,,"0+",,122,s,2,,,,,,,,-76183.42,keV,4.194,"EC+B+ = 100 ",
46,97,0,Pd,,0,keV,,"(5/2+)",,3.1,m,0.1,,,,,,,,-77805.852,keV,4.844,"EC+B+ = 100 ",
46,98,0,Pd,,0,keV,,"0+",,17.7,m,0.3,,,,,,,,-81320.985,keV,4.742,"EC+B+ = 100 ",
46,99,0,Pd,,0,keV,,"(5/2)+",,21.4,m,0.2,,,,,,,,-82182.861,keV,5.107,"EC+B+ = 100 ",
46,100,0,Pd,,0,keV,,"0+",,3.63,d,0.09,,,,,,,,-85212.672,keV,17.637,"EC = 100 ",
46,101,0,Pd,,0,keV,,"5/2+",,8.47,h,0.06,,,,,,,,-85432.145,keV,4.588,"EC+B+ = 100 ",
46,102,0,Pd,,0,keV,,"0+",,STABLE,,,,,,,,1.02,0.01,-87902.963,keV,0.419,,
46,103,0,Pd,,0,keV,,"5/2+",,17,d,0.033,,,,,,,,-87456.98,keV,0.878,"EC = 100 ",
46,104,0,Pd,,0,keV,,"0+",,STABLE,,,,,,,,11.14,0.08,-89395.123,keV,1.336,,
46,105,0,Pd,,0,keV,,"5/2+",,STABLE,,,,,,,,22.33,0.08,-88417.905,keV,1.138,,
46,106,0,Pd,,0,keV,,"0+",,STABLE,,,,,,,,27.33,0.03,-89907.543,keV,1.106,,
46,107,0,Pd,,0,keV,,"5/2+",,6500000,y,300000,,,,,,,,-88372.654,keV,1.201,"B- = 100 ",
46,107,1,Pd,,214.6,keV,0.3,"11/2-",,21.4,s,0.5,,,,,,,,-88158.05399999999,keV,1.23790185394,"IT = 100 ",
46,108,0,Pd,,0,keV,,"0+",,STABLE,,,,,,,,26.46,0.09,-89524.215,keV,1.108,,
46,109,0,Pd,,0,keV,,"5/2+",,13.437,h,0.013,,,,,,,,-87606.484,keV,1.114,"B- = 100 ",
46,109,1,Pd,,188.9903,keV,0.001,"11/2-",,4.694,m,0.002,,,,,,,,-87417.49369999999,keV,1.11400044883,"IT = 100 ",
46,110,0,Pd,,0,keV,,"0+",,STABLE,,,,,,,,11.72,0.09,-88330.904,keV,0.612,,
46,111,0,Pd,,0,keV,,"5/2+",,23.6,m,0.1,,,,,,,,-85985.886,keV,0.731,"B- = 100 ",
46,111,1,Pd,,172.18,keV,0.08,"11/2-",,5.565,h,0.012,,,,,,,,-85813.706,keV,0.735,"B- = 23.2 1,IT = 76.8 1",
46,112,0,Pd,,0,keV,,"0+",,21.027,h,0.019,,,,,,,,-86321.039,keV,6.546,"B- = 100 ",
46,113,0,Pd,,0,keV,,"(5/2+)",,89,s,3,,,,,,,,-83590.5,keV,6.947,"B- = 100 ",
46,113,1,Pd,,81.1,keV,0.3,"(9/2-)",,0.3,s,0.1,,,,,,,,-83509.4,keV,7,"IT = 100 ",
46,114,0,Pd,,0,keV,,"0+",,2.42,m,0.06,,,,,,,,-83490.346,keV,6.948,"B- = 100 ",
46,115,0,Pd,,0,keV,,"(1/2)+",,25,s,2,,,,,,,,-80425.822,keV,13.547,"B- = 100 ",
46,115,1,Pd,,89.21,keV,0.16,"(7/2-)",,50,s,3,,,,,,,,-80336.612,keV,13.548,"B- = 92 2,IT = 8 2",
46,116,0,Pd,,0,keV,,"0+",,11.7,s,0.6,,,,,,,,-79831.026,keV,7.135,"B- = 100 ",
46,117,0,Pd,,0,keV,,"(3/2+)",,4.3,s,0.3,,,,,,,,-76423.89,keV,7.255,"B- = 100 ",
46,118,0,Pd,,0,keV,0,"0+",,1.9,s,0.1,,,,,,,,-75388.358,keV,2.494,"B- = 100",
46,119,0,Pd,,0,keV,,"(1/2+),(3/2+)",,0.88,s,0.02,,,,,,,,-71407.277,keV,8.248,"B- = 100 ,B-n?",
46,119,1,Pd,,450,keV,200,"(11/2-)",,0.85,s,0.01,,,,,,,,-70957.277,keV,200.17,"B-?,IT?",
46,120,0,Pd,,0,keV,,"0+",,492,ms,33,,,,,,,,-70279.604,keV,2.296,"B- = 100,B-n = 0.7 ",
46,121,0,Pd,,0,keV,,,,290,ms,1,,,,,,,,-66182.337,keV,3.353,"B- = 100,B-n = 0.8 ",
46,122,0,Pd,,0,keV,,"0+",,195,ms,4,,,,,,,,-64616.169,keV,19.561,"B- = 100,B-n = 2.2 ",
46,123,0,Pd,,0,keV,,,,109,ms,2,,,,,,,,-60429.748,keV,789.441,"B- = 100,B-n = 1.4 0.3",
46,123,1,Pd,,0,keV,,,,,,,,,,,,,,-60429.748,keV,789.441,"B- = 100,IT?",
46,124,0,Pd,,0,keV,,"0+",,94,ms,4,,,,,,,,-58400,keV,300,"B- = 100,B-n = 0.89 0.2",
46,125,0,Pd,,0,keV,,"(3/2+)",,64.2,ms,1.7,,,,,,,,-53960,keV,400,"B- = 100,B-n = 3.7 0.4",
46,126,0,Pd,,0,keV,,"0+",,48.6,ms,0.6,,,,,,,,-51790,keV,400,"B- = 100,B-n = 4.9 0.9",
46,126,1,Pd,,2406.4,keV,1,"(10+)",,23,ms,1,,,,,,,,-49383.6,keV,400,"B- = 72 8,IT = 28 8",
46,127,0,Pd,,0,keV,,,,38,ms,2,,,,,,,,-47220,keV,500,"B-n = 9 3,B-2n?,B- = 100",
46,128,0,Pd,,0,keV,,"0+",,36,ms,5,,,,,,,,-44390,keV,500,"B- = 100,B-n = 10 7",
46,129,0,Pd,,0,keV,,,,31,ms,7,,,,,,,,-37880,keV,600,"B-n?,B-2n?,B- = 100 ",
46,130,0,Pd,,0,keV,0,"0+",,,,,,,,,,,,-32730,keV,300,"B-n?,B-2n?,B- = 100",
46,131,0,Pd,,0,keV,0,,,,,,,,,,,,,-25740,keV,300,"B-n?,B-2n?,B- = 100",
47,92,0,Ag,,0,keV,,,,,,,,,,,,,,-37530,keV,400,"p?,EC+B+?,ECp?",
47,93,0,Ag,,0,keV,,,,228,ns,16,,,,,,,,-46400,keV,401,"p?,EC+B+?,ECp?",
47,94,0,Ag,,0,keV,,"(0+)",,27,ms,2,,,,,,,,-52402,keV,400,"ECp = 0.2 ,EC+B+ = 100",
47,94,1,Ag,,6700,keV,500,"(21+)",,0.4,s,0.04,,,,,,,,-45702,keV,640.3,"p = 4.1 0.6,EC+B+ = 95.9 0.6,ECp ~ 27 ",
47,94,2,Ag,,0,keV,,"(7+)",,0.47,s,0.01,,,,,,,,-52402,keV,400,"ECp = 17 1.6,EC+B+ = 100",
47,95,0,Ag,,0,keV,,"(9/2+)",,1.81,s,0.05,,,,,,,,-59906,keV,400,"ECp = 2.3 0.2,EC+B+ = 100",
47,96,0,Ag,,0,keV,,"(8)+",,4.435,s,0.031,,,,,,,,-64511.645,keV,90.084,"ECp = 4.8 0.8,EC+B+ = 100 ",
47,96,1,Ag,,0,keV,,"(2+)",,6.9,s,0.5,,,,,,,,-64511.645,keV,90.084,"ECp = 14.9 1.8,EC+B+ = 100",
47,97,0,Ag,,0,keV,,"(9/2+)",,25.5,s,0.3,,,,,,,,-70904.027,keV,12.016,"EC+B+ = 100",
47,98,0,Ag,,0,keV,,"(6+)",,47.5,s,0.3,,,,,,,,-73066.425,keV,32.907,"ECp = 0.0011 0.0005,EC+B+ = 100",
47,99,0,Ag,,0,keV,,"(9/2)+",,124,s,3,,,,,,,,-76712.483,keV,6.265,"EC+B+ = 100 ",
47,99,1,Ag,,506.2,keV,0.4,"(1/2-)",,10.5,s,0.5,,,,,,,,-76206.283,keV,6.278,"IT = 100 ",
47,100,0,Ag,,0,keV,,"(5)+",,2.01,m,0.09,,,,,,,,-78137.969,keV,5,"EC+B+ = 100 ",
47,100,1,Ag,,15.52,keV,0.16,"(2)+",,2.24,m,0.13,,,,,,,,-78122.449,keV,5.003,"IT?,EC+B+?",
47,101,0,Ag,,0,keV,,"9/2+",,11.1,m,0.2,,,,,,,,-81334.384,keV,4.838,"EC+B+ = 100 ",
47,101,1,Ag,,274.1,keV,0.3,"(1/2)-",,3.09,s,0.07,,,,,,,,-81060.284,keV,4.847,"IT = 100 ",
47,102,0,Ag,,0,keV,,"5(+)",,12.9,m,0.3,,,,,,,,-82246.702,keV,8.171,"EC+B+ = 100 ",
47,102,1,Ag,,9.4,keV,0.07,"2+",,7.7,m,0.5,,,,,,,,-82237.30200000001,keV,8.1712998354,"IT = 49 5,EC+B+ = 51 5",
47,103,0,Ag,,0,keV,,"7/2+",,65.8,m,0.6,,,,,,,,-84802.702,keV,4.099,"EC+B+ = 100 ",
47,103,1,Ag,,134.45,keV,0.04,"1/2-",,5.8,s,0.3,,,,,,,,-84668.25200000001,keV,4.09919516491,"IT = 100 ",
47,104,0,Ag,,0,keV,,"5+",,69.3,m,0.9,,,,,,,,-85116.47,keV,4.217,"EC+B+ = 100 ",
47,104,1,Ag,,6.9,keV,0.22,"2+",,33.5,m,2,,,,,,,,-85109.57,keV,4.22,"IT = 0.07 ,EC+B+ ~ 100 ",
47,105,0,Ag,,0,keV,,"1/2-",,41.29,d,0.07,,,,,,,,-87070.848,keV,4.544,"EC+B+ = 100 ",
47,105,1,Ag,,25.468,keV,0.016,"7/2+",,7.23,m,0.16,,,,,,,,-87045.38,keV,4.54,"IT = 99.66 0.07,EC+B+ = 0.34 0.07",
47,106,0,Ag,,0,keV,,"1+",,23.96,m,0.04,,,,,,,,-86942.399,keV,3.016,"B- = 1 ,EC+B+ = 99 ",
47,106,1,Ag,,89.66,keV,0.07,"6+",,8.28,d,0.02,,,,,,,,-86852.739,keV,3.017,"EC+B+ = 100 ",
47,107,0,Ag,,0,keV,,"1/2-",,STABLE,,,,,,,,51.839,0.008,-88406.7,keV,2.382,,
47,107,1,Ag,,93.125,keV,0.019,"7/2+",,44.2,s,0.2,,,,,,,,-88313.575,keV,2.382,"IT = 100 ",
47,108,0,Ag,,0,keV,,"1+",,2.39,m,0.01,,,,,,,,-87606.792,keV,2.388,"B- = 97.15 0.2,EC+B+ = 2.85 0.2",
47,108,1,Ag,,109.466,keV,0.007,"6+",,435.9,y,3.7,,,,,,,,-87497.326,keV,2.388,"IT = 7.45 0.2,EC+B+ = 92.55 0.2",
47,109,0,Ag,,0,keV,,"1/2-",,STABLE,,,,,,,,48.161,0.008,-88719.431,keV,1.287,,
47,109,1,Ag,,88.0337,keV,0.001,"7/2+",,39.8,s,0.2,,,,,,,,-88631.3973,keV,1.287,"IT = 100 ",
47,110,0,Ag,,0,keV,,"1+",,24.56,s,0.11,,,,,,,,-87457.306,keV,1.286,"B- = 99.7 0.06,EC = 0.3 0.06",
47,110,1,Ag,,117.59,keV,0.05,"6+",,249.86,d,0.05,,,,,,,,-87339.716,keV,1.287,"B- = 98.67 0.08,IT = 1.33 0.08",
47,111,0,Ag,,0,keV,,"1/2-",,7.421,d,0.01,,,,,,,,-88215.447,keV,1.459,"B- = 100 ",
47,111,1,Ag,,59.82,keV,0.04,"7/2+",,64.8,s,0.8,,,,,,,,-88155.627,keV,1.46,"B- = 0.7 0.2,IT = 99.3 0.2",
47,112,0,Ag,,0,keV,,"2(-)",,3.15,h,0.01,,,,,,,,-86583.729,keV,2.422,"B- = 100 ",
47,113,0,Ag,,0,keV,,"1/2-",,5.37,h,0.05,,,,,,,,-87026.825,keV,16.643,"B- = 100 ",
47,113,1,Ag,,43.5,keV,0.1,"7/2+",,67.8,s,2.1,,,,,,,,-86983.325,keV,16.643,"B- = 36 7,IT = 64 7",
47,114,0,Ag,,0,keV,,"1+",,4.59,s,0.1,,,,,,,,-84930.811,keV,4.564,"B- = 100 ",
47,115,0,Ag,,0,keV,,"1/2-",,20,m,0.5,,,,,,,,-84982.587,keV,18.268,"B- = 100 ",
47,115,1,Ag,,41.16,keV,0.1,"7/2+",,18,s,0.7,,,,,,,,-84941.427,keV,18.268,"B- = 79 0.3,IT = 21 0.3",
47,116,0,Ag,,0,keV,,"(0-)",,3.8333333333333335,m,0.08333333333333333,,,,,,,,-82542.664,keV,3.26,"B- = 100 ",
47,116,1,Ag,,47.9,keV,0.1,"(3+)",,20,s,1,,,,,,,,-82494.76400000001,keV,3.26153338171,"B- = 93 4,IT = 7 4",
47,116,2,Ag,,129.8,keV,0.22,"(6-)",,9.8,s,0.1,,,,,,,,-82412.864,keV,3.267,"B- = 92 4,IT = 8 4",
47,117,0,Ag,,0,keV,,"(1/2-)",,72.8,s,+2-0.7,,,,,,,,-82181.918,keV,13.572,"B- = 100",
47,117,1,Ag,,28.6,keV,0.2,"(7/2+)",,5.34,s,0.05,,,,,,,,-82153.318,keV,13.573,"B- = 94 1.5,IT = 6 1.5",
47,118,0,Ag,,0,keV,0,"(2-)",,3.87,s,0.09,,,,,,,,-79553.802,keV,2.515,"B- = 100",
47,118,1,Ag,,127.63,keV,0.1,"(5+)",,2,s,0.1,,,,,,,,-79426.17199999999,keV,2.51698728642,"B- = 59 5,IT = 41 5",
47,119,0,Ag,,0,keV,0,"(1/2-)",,6,s,0.5,,,,,,,,-78645.759,keV,14.703,"B- = 100 ",
47,119,1,Ag,,33.4,keV,0.2,"(7/2+)",,2.1,s,0.1,,,,,,,,-78612.35900000001,keV,14.70436020369,"B- = 100 ",
47,120,0,Ag,,0,keV,,"(4+)",,1.52,s,0.07,,,,,,,,-75651.512,keV,4.471,"B- = 100,B-n = 0.003 ",
47,120,1,Ag,,203.1,keV,0.3,"(7-)",,0.38,s,0.03,,,,,,,,-75448.412,keV,4.481,"B- = 32 10,IT = 68 10",
47,120,2,Ag,,0,keV,,"(0-),(1-)",,0.94,s,0.1,,,,,,,,-75651.512,keV,4.471,"B-?,IT?",
47,121,0,Ag,,0,keV,,"(7/2+)",,0.781,s,0.015,,,,,,,,-74402.831,keV,12.109,"B- = 100,B-n = 0.08 0.013",
47,122,0,Ag,,80,keV,50,"(9-)",,0.2,s,0.05,,,,,,,,-71026.118,keV,62.917,"B- = 100,B-n?",
47,122,1,Ag,,0,keV,,"(1-)",,0.55,s,0.05,,,,,,,,-71106.118,keV,38.191,"B- = 100,B-n = 0.186 0.006",
47,123,0,Ag,,0,keV,,"(7/2+)",,300,ms,8,,,,,,,,-69568.581,keV,32.602,"B- = 100,B-n = 0.79 0.12",
47,124,0,Ag,,0,keV,-1,"(2-)",,182,ms,4,,,,,,,,-66229.951,keV,251.503,"B- = 100 ,B-n = 1.7 0.7",
47,124,1,Ag,,0,keV,,"(8-)",,144,ms,20,,,,,,,,-66229.951,keV,251.503,"B- = 100 ,B-n?",
47,125,0,Ag,,0,keV,0,"(9/2+)",,176,ms,3,,,,,,,,-64519.939,keV,433.145,"B- = 100,B-n = 1.1 0.2",
47,125,1,Ag,,97.1,keV,0.5,"(1/2-)",,159,ms,21,,,,,,,,-64422.839,keV,433.145,"B- = 100,B-n = 4.6 1",
47,126,0,Ag,,0,keV,,"(3+)",,52,ms,10,,,,,,,,-60720,keV,200,"B- = 100,B-n = 3.8 0.2",
47,126,1,Ag,,0,keV,,"(8),(9)",,92,ms,9,,,,,,,,-60720,keV,200,"B- = 100,B-n = 3.8 0.2",
47,127,0,Ag,,0,keV,,"(9/2+)",,89.1,ms,0.9,,,,,,,,-58650,keV,200,"B- = 100,B-n = 5.5 0.2",
47,127,1,Ag,,1942,keV,20,"(27/2+)",,67.5,s,0.9,,,,,,,,-56708,keV,201,"B- = 91.2 0.8,IT = 8.8 0.8",
47,128,0,Ag,,0,keV,,,,66.6,ms,2.4,,,,,,,,-54710,keV,300,"B-n = 9.3 0.5,B-2n?,B- = 100",
47,129,0,Ag,,0,keV,,"(9/2+)",,52,ms,2,,,,,,,,-51870,keV,400,"B- = 100 ,B-n = 17.9 1.4",
47,129,1,Ag,,20,keV,20,"(1/2-)",,130,ms,+92-54,,,,,,,,-51850,keV,400.5,"B- ~ 100 ,B-n?",
47,130,0,Ag,,0,keV,0,,,41,ms,4,,,,,,,,-45898,keV,424,"B-n?,B-2n?,B- = 100",
47,131,0,Ag,,0,keV,,,,35,ms,8,,,,,,,,-40750,keV,500,"B-n?,B-2n?,B- = 100 ",
47,132,0,Ag,,0,keV,,,,28,ms,+15-12,,,,,,,,-34400,keV,500,"B-n?,B-2n?,B- = 100 ",
48,94,0,Cd,,0,keV,,"0+",,,,,,,,,,,,-40440,keV,500,"ECp?,EC+B+?",
48,95,0,Cd,,0,keV,0,,,32,ms,3,,,,,,,,-47056,keV,566,"ECp = 4.5 +1.2-1,EC+B+ = 100",
48,96,0,Cd,,0,keV,,"0+",,1.01,s,0.05,,,,,,,,-55572,keV,410,"ECp = 1.6 0.3,EC+B+ = 100",
48,96,1,Cd,,5800,keV,1500,"16+",,0.51,s,0.04,,,,,,,,-49772,keV,1555,"ECp = 15.2 +4.3-4.2,EC+B+ = 100",
48,97,0,Cd,,0,keV,,"(9/2+)",,1.16,s,0.05,,,,,,,,-60734.027,keV,420.172,"ECp = 9.7 2.3,EC+B+ = 100",
48,97,1,Cd,,2620,keV,580,"(25/2+)",,3.86,s,0.06,,,,,,,,-58114.027,keV,716.201,"ECp = 25.1 0.5,EC+B+ = 100",
48,97,2,Cd,,0,keV,,"(1/2-)",,0.73,s,0.07,,,,,,,,-60734.027,keV,420.172,"EC+B+?,IT?,ECp?",
48,98,0,Cd,,0,keV,,"0+",,9.3,s,0.1,,,,,,,,-67636.425,keV,51.797,"ECp = 0.029 ,EC+B+ = 100",
48,99,0,Cd,,0,keV,,"(5/2+)",,17,s,1,,,,,,,,-69931.132,keV,1.584,"ECp = 0.21 0.02,EC+B+ = 100",
48,100,0,Cd,,0,keV,,"0+",,49.1,s,0.5,,,,,,,,-74194.595,keV,1.677,"EC+B+ = 100 ",
48,101,0,Cd,,0,keV,,"5/2+",,1.36,m,0.05,,,,,,,,-75836.466,keV,1.49,"EC+B+ = 100 ",
48,102,0,Cd,,0,keV,,"0+",,5.5,m,0.5,,,,,,,,-79659.702,keV,1.662,"EC+B+ = 100 ",
48,103,0,Cd,,0,keV,,"(5/2)+",,7.5,m,0.2,,,,,,,,-80651.626,keV,1.811,"EC+B+ = 100 ",
48,104,0,Cd,,0,keV,,"0+",,57.8,m,0.8,,,,,,,,-83968.391,keV,1.673,"EC+B+ = 100 ",
48,105,0,Cd,,0,keV,,"5/2+",,55.4,m,0.4,,,,,,,,-84333.849,keV,1.392,"EC+B+ = 100 ",
48,106,0,Cd,,0,keV,,"0+",,STABLE,,,,,,,,1.245,0.022,-87132.153,keV,1.104,,
48,107,0,Cd,,0,keV,,"5/2+",,6.52,h,0.02,,,,,,,,-86990.325,keV,1.66,"EC+B+ = 100 ",
48,108,0,Cd,,0,keV,,"0+",,STABLE,,,,,,,,0.888,0.011,-89252.423,keV,1.123,,
48,109,0,Cd,,0,keV,,"5/2+",,461.98,d,0.31,,,,,,,,-88504.33,keV,1.536,"EC = 100 ",
48,110,0,Cd,,0,keV,,"0+",,STABLE,,,,,,,,12.47,0.061,-90347.969,keV,0.38,,
48,111,0,Cd,,0,keV,,"1/2+",,STABLE,,,,,,,,12.795,0.012,-89252.247,keV,0.357,,
48,111,1,Cd,,396.214,keV,0.021,"11/2-",,48.5,m,0.09,,,,,,,,-88856.033,keV,0.358,"IT = 100 ",
48,112,0,Cd,,0,keV,,"0+",,STABLE,,,,,,,,24.109,0.007,-90574.857,keV,0.25,,
48,113,0,Cd,,0,keV,,"1/2+",,8040000000000000,y,50000000000000,,,,,,12.227,0.007,-89043.286,keV,0.245,"B- = 100 ",
48,113,1,Cd,,263.54,keV,0.03,"11/2-",,13.89,y,0.16,,,,,,,,-88779.746,keV,0.247,"B- = 99.9036 0.0019,IT = 0.0964 0.0019",
48,114,0,Cd,,0,keV,,"0+",,STABLE,,,,,,,,28.754,0.081,-90014.934,keV,0.276,,
48,115,0,Cd,,0,keV,,"1/2+",,53.4,h,0.04,,,,,,,,-88084.48,keV,0.651,"B- = 100 ",
48,115,1,Cd,,181,keV,0.5,"11/2-",,44.6,d,0.3,,,,,,,,-87903.48,keV,0.82,"B- = 100 ",
48,116,0,Cd,,0,keV,,"0+",,26805188488042156000,y,+891385607681024000-900418047483224000,,,,,,7.512,0.005,-88712.489,keV,0.16,"2B- = 100",
48,117,0,Cd,,0,keV,,"1/2+",,2.503,h,0.005,,,,,,,,-86418.397,keV,1.013,"B- = 100 ",
48,117,1,Cd,,136.4,keV,0.2,"11/2-",,3.437,h,0.013,,,,,,,,-86281.997,keV,1.033,"B- = 100 ",
48,118,0,Cd,,0,keV,0,"0+",,50.3,m,0.2,,,,,,,,-86701.649,keV,20.001,"B- = 100",
48,119,0,Cd,,0,keV,,"1/2+",,2.69,m,0.02,,,,,,,,-83976.939,keV,37.695,"B- = 100 ",
48,119,1,Cd,,146.54,keV,0.11,"11/2-",,2.2,m,0.02,,,,,,,,-83830.399,keV,37.695,"B- = 100 ",
48,120,0,Cd,,0,keV,,"0+",,50.8,s,0.21,,,,,,,,-83957.365,keV,3.726,"B- = 100 ",
48,121,0,Cd,,0,keV,,"3/2+",,13.5,s,0.3,,,,,,,,-81073.837,keV,1.942,"B- = 100 ",
48,121,1,Cd,,214.86,keV,0.15,"11/2-",,8.3,s,0.8,,,,,,,,-80858.977,keV,1.948,"B- = 100 ",
48,122,0,Cd,,0,keV,,"0+",,5.24,s,0.03,,,,,,,,-80612.384,keV,2.299,"B- = 100 ",
48,123,0,Cd,,0,keV,,"3/2(+)",,2.1,s,0.02,,,,,,,,-77414.183,keV,2.696,"B- = 100 ",
48,123,1,Cd,,144,keV,4,"11/2(-)",,1.8,s,0.03,,,,,,,,-77270.183,keV,4.824,"B- = 100",
48,124,0,Cd,,0,keV,,"0+",,1.25,s,0.02,,,,,,,,-76699.436,keV,2.609,"B- = 100 ",
48,125,0,Cd,,0,keV,,"3/2+",,680,ms,40,,,,,,,,-73348.09,keV,2.888,"B- = 100 ",
48,125,1,Cd,,188.6,keV,0.2,"11/2-",,480,ms,30,,,,,,,,-73159.48999999999,keV,2.89491692454,"B- = 100 ",
48,126,0,Cd,,0,keV,,"0+",,512,ms,5,,,,,,,,-72255.727,keV,2.304,"B- = 100 ",
48,127,0,Cd,,0,keV,,"3/2+",,0.45,s,+0.12-0.08,,,,,,,,-68741.199,keV,6.2,"B- = 100,B-n = 1.2 ",
48,127,1,Cd,,283.3,keV,5.6,"11/2-",,360,ms,40,,,,,,,,-68457.89899999999,keV,8.35463942968,"B- = 100,B-n = 1.2 ",
48,128,0,Cd,,0,keV,,"0+",,245.9,ms,1.9,,,,,,,,-67238.245,keV,6.432,"B- = 100,B-n = 1.9",
48,129,0,Cd,,0,keV,,"11/2-",,151,ms,4,,,,,,,,-63122.142,keV,5.31,"B- = 100 ,B-n = 1.84 0.15",
48,129,1,Cd,,343,keV,8,"3/2+",,152,ms,6,,,,,,,,-62779.142,keV,9.602,"B- = 100,B-n = 0 ",
48,130,0,Cd,,0,keV,0,"0+",,129,ms,3,,,,,,,,-61117.597,keV,22.356,"B- = 100,B-n = 3 0.2",
48,131,0,Cd,,0,keV,,"(7/2-)",,98,ms,2,,,,,,,,-55211.76,keV,19.238,"B-n = 3.5 1,B-2n?,B- = 100",
48,132,0,Cd,,0,keV,,"0+",,84,ms,5,,,,,,,,-50465.429,keV,60.068,"B-n = 60 15,B-2n?,B- = 100",
48,133,0,Cd,,0,keV,,,,61,ms,6,,,,,,,,-44140,keV,200,"B-n?,B-2n?,B- = 100",
48,134,0,Cd,,0,keV,,"0+",,65,ms,15,,,,,,,,-39460,keV,300,"B-n?,B-2n?,B- = 100",
49,96,0,In,,0,keV,,,,,,,,,,,,,,-38090,keV,500,"p?,EC+B+?,ECp?",
49,97,0,In,,0,keV,0,"(9/2+)",,36,ms,6,,,,,,,,-47390,keV,401,"ECp = 1.7 +1.7-0.8,EC+B+ = 100",
49,98,0,In,,0,keV,,"(0+)",,30,ms,1,,,,,,,,-53906,keV,304,"ECp = 0.13 ,EC+B+ = 100",
49,98,1,In,,820,keV,730,"(9+)",,0.89,s,0.02,,,,,,,,-53086,keV,790.8,"ECp = 44 2,EC+B+ = 100",
49,99,0,In,,0,keV,,"(9/2+)",,3.11,s,0.06,,,,,,,,-61376,keV,298,"ECp = 0.29 0.03,EC+B+ = 100",
49,100,0,In,,0,keV,,"(6+)",,5.66,s,0.05,,,,,,,,-64178.146,keV,2.236,"ECp = 1.66 0.03,EC+B+ = 100",
49,101,0,In,,0,keV,0,"(9/2+)",,15.1,s,1.1,,,,,,,,-68544.901,keV,11.662,"ECp = 1.7 ,EC+B+ = 100",
49,101,1,In,,610,keV,60,"(1/2-)",,,,,,,,,,,,-67934.901,keV,61.123,"IT?,EC+B+?",
49,102,0,In,,0,keV,,"(6+)",,23.3,s,0.1,,,,,,,,-70694.896,keV,4.573,"ECp = 0.0093 0.0013,EC+B+ = 100",
49,103,0,In,,0,keV,,"(9/2)+",,65,s,7,,,,,,,,-74632.397,keV,8.98,"EC+B+ = 100 ",
49,103,1,In,,631.7,keV,0.1,"(1/2-)",,34,s,2,,,,,,,,-74000.697,keV,8.981,"IT ~ 33 ,EC+B+ ~ 67 ",
49,104,0,In,,0,keV,,"(5+),(6+)",,1.8,m,0.03,,,,,,,,-76182.675,keV,5.775,"EC+B+ = 100 ",
49,104,1,In,,93.48,keV,0.1,"(3+)",,15.7,s,0.5,,,,,,,,-76089.195,keV,5.776,"IT = 80 5,EC+B+ = 20 5",
49,105,0,In,,0,keV,,"9/2+",,5.07,m,0.07,,,,,,,,-79640.582,keV,10.246,"EC+B+ = 100 ",
49,105,1,In,,674.09,keV,0.25,"(1/2-)",,48,s,6,,,,,,,,-78966.492,keV,10.249,"IT = 100 ",
49,106,0,In,,0,keV,,"7+",,6.23,m,0.08,,,,,,,,-80608.15,keV,12.226,"EC+B+ = 100 ",
49,106,1,In,,28.6,keV,0.3,"(2)+",,5.31,m,0.03,,,,,,,,-80579.54999999999,keV,12.22968012664,"EC+B+ = 100 ",
49,107,0,In,,0,keV,,"9/2+",,32.4,m,0.3,,,,,,,,-83566.667,keV,9.654,"EC+B+ = 100 ",
49,107,1,In,,678.5,keV,0.3,"1/2-",,50.5,s,0.6,,,,,,,,-82888.167,keV,9.659,"IT = 100 ",
49,108,0,In,,0,keV,,"7+",,58,m,1,,,,,,,,-84119.828,keV,8.641,"EC+B+ = 100 ",
49,108,1,In,,29.75,keV,0.05,"2+",,39.6,m,0.6,,,,,,,,-84090.078,keV,8.641,"EC+B+ = 100 ",
49,109,0,In,,0,keV,,"9/2+",,4.159,h,0.01,,,,,,,,-86489.526,keV,3.969,"EC+B+ = 100 ",
49,109,1,In,,649.79,keV,0.1,"1/2-",,1.34,m,0.06,,,,,,,,-85839.736,keV,3.97,"IT = 100 ",
49,109,2,In,,2101.86,keV,0.11,"19/2+",,210,ms,1,,,,,,,,-84387.666,keV,3.971,"IT = 100 ",
49,110,0,In,,0,keV,,"7+",,4.9,h,0.1,,,,,,,,-86469.969,keV,11.553,"EC+B+ = 100 ",
49,110,1,In,,62.08,keV,0.04,"2+",,69,m,0.5,,,,,,,,-86407.889,keV,11.553,"EC+B+ = 100 ",
49,111,0,In,,0,keV,,"9/2+",,2.8048,d,0.0001,,,,,,,,-88392.05,keV,3.424,"EC = 100 ",
49,111,1,In,,536.99,keV,0.07,"1/2-",,7.7,m,0.3,,,,,,,,-87855.06,keV,3.42,"IT = 100 ",
49,112,0,In,,0,keV,,"1+",,14.88,m,0.15,,,,,,,,-87990.127,keV,4.251,"B- = 38 4,EC+B+ = 62 4",
49,112,1,In,,156.592,keV,0.025,"4+",,20.67,m,0.08,,,,,,,,-87833.53499999999,keV,4.25107351148,"IT = 100 ",
49,113,0,In,,0,keV,,"9/2+",,STABLE,,,,,,,,4.281,0.052,-89367.123,keV,0.188,,
49,113,1,In,,391.699,keV,0.003,"1/2-",,99.48,m,0.02,,,,,,,,-88975.42400000001,keV,0.18802393465,"IT = 100 ",
49,114,0,In,,0,keV,,"1+",,71.9,s,0.1,,,,,,,,-88569.807,keV,0.301,"B- = 99.5 0.15,EC+B+ = 0.5 0.15",
49,114,1,In,,190.2682,keV,0.0008,"5+",,49.51,d,0.01,,,,,,,,-88379.5388,keV,0.301,"IT = 96.75 0.24,EC+B+ = 3.25 0.24",
49,115,0,In,,0,keV,,"9/2+",,441000000000000,y,25000000000000,,,,,,95.719,0.052,-89536.357,keV,0.012,"B- = 100 ",
49,115,1,In,,336.244,keV,0.017,"1/2-",,4.485,h,0.004,,,,,,,,-89200.113,keV,0.021,"B- = 5 0.7,IT = 95 0.7",
49,116,0,In,,0,keV,,"1+",,14.1,s,0.05,,,,,,,,-88249.758,keV,0.22,"B- = 99.9762 0.0042,EC = 0.0238 0.0042",
49,116,1,In,,127.267,keV,0.006,"5+",,54.14,m,0.04,,,,,,,,-88122.491,keV,0.22,"B- = 100 ",
49,116,2,In,,289.66,keV,0.006,"8-",,2.18,s,0.04,,,,,,,,-87960.098,keV,0.22,"IT = 100 ",
49,117,0,In,,0,keV,,"9/2+",,43.2,m,0.3,,,,,,,,-88943.035,keV,4.881,"B- = 100 ",
49,117,1,In,,315.303,keV,0.011,"1/2-",,116.1,m,0.2,,,,,,,,-88627.732,keV,4.881,"B- = 52.9 1.5,IT = 47.1 1.5",
49,118,0,In,,0,keV,0,"1+",,5.4,s,0.3,,,,,,,,-87228.177,keV,7.752,"B- = 100",
49,118,1,In,,60,keV,-1,"5+",,4.4,m,0.03,,,,,,,,-87168.177,keV,7.816,"B- = 100",
49,118,2,In,,200,keV,-1,"8-",,8.5,s,0.3,,,,,,,,-87028.177,keV,7.816,"B- = 1.4 0.3,IT = 98.6 0.3",
49,119,0,In,,0,keV,,"9/2+",,2.4,m,0.1,,,,,,,,-87698.658,keV,7.31,"B- = 100 ",
49,119,1,In,,311.37,keV,0.03,"1/2-",,18,m,0.3,,,,,,,,-87387.288,keV,7.31,"B- = 97.5 +0.3-0.5,IT = 2.5 +0.5-0.3",
49,120,0,In,,0,keV,,"1+",,3.08,s,0.08,,,,,,,,-85727.741,keV,40.011,"B- = 100 ",
49,120,1,In,,0,keV,,"(8-)",,47.3,s,0.5,,,,,,,,-85727.741,keV,40.011,"B- = 100 ",
49,120,2,In,,0,keV,,"(5)+",,46.2,s,0.8,,,,,,,,-85727.741,keV,40.011,"B- = 100 ",
49,121,0,In,,0,keV,,"9/2+",,23.1,s,0.6,,,,,,,,-85834.593,keV,27.419,"B- = 100 ",
49,121,1,In,,313.68,keV,0.07,"1/2-",,3.88,m,0.1,,,,,,,,-85520.913,keV,27.419,"B- = 98.8 0.2,IT = 1.2 0.2",
49,122,0,In,,0,keV,,"1+",,1.5,s,0.3,,,,,,,,-83571.361,keV,50.06,"B- = 100 ",
49,122,1,In,,40,keV,60,"5+",,10.3,s,0.6,,,,,,,,-83531.361,keV,78.141,"B- = 100 ",
49,122,2,In,,290,keV,140,"8-",,10.8,s,0.4,,,,,,,,-83281.361,keV,148.681,"B- = 100 ",
49,123,0,In,,0,keV,,"9/2+",,6.15,s,0.27,,,,,,,,-83429.034,keV,19.832,"B- = 100 ",
49,123,1,In,,327.21,keV,0.04,"1/2-",,47.4,s,0.8,,,,,,,,-83101.824,keV,19.832,"B- = 100 ",
49,124,0,In,,0,keV,,"(3+)",,3.12,s,0.09,,,,,,,,-80867.778,keV,30.561,"B- = 100 ",
49,124,1,In,,25,keV,25,"(8-)",,3.67,s,0.03,,,,,,,,-80842.778,keV,39.484,"B- = 100 ",
49,125,0,In,,0,keV,,"9/2+",,2.36,s,0.04,,,,,,,,-80412.308,keV,1.77,"B- = 100 ",
49,125,1,In,,360.12,keV,0.09,"1/2-",,12.2,s,0.2,,,,,,,,-80052.18800000001,keV,1.77228665853,"B- = 100 ",
49,126,0,In,,0,keV,,"3(+)",,1.53,s,0.01,,,,,,,,-77809.377,keV,4.192,"B- = 100 ",
49,126,1,In,,90,keV,7,"(8-)",,1.64,s,0.05,,,,,,,,-77719.377,keV,8.159,"B- = 100 ",
49,127,0,In,,0,keV,,"(9/2+)",,1.087,s,0.011,,,,,,,,-76879.897,keV,10.001,"B- = 100,B-n = 0.03 ",
49,127,1,In,,408.9,keV,0.3,"(1/2-)",,3.618,s,0.032,,,,,,,,-76470.997,keV,10.005,"B- = 100,B-n = 0.63 0.09",
49,127,2,In,,1744,keV,9,"(21/2-)",,1.04,s,0.1,,,,,,,,-75135.897,keV,13.454,"B- = 100 ,B-n?",
49,128,0,In,,0,keV,,"(3)+",,0.84,s,0.06,,,,,,,,-74190.117,keV,1.322,"B- = 100,B-n = 0.035 0.005",
49,128,1,In,,285.1,keV,2.5,"(8-)",,0.72,s,0.1,,,,,,,,-73905.01699999999,keV,2.82801768028,"B- = 100,B-n = 0.035 0.005",
49,128,2,In,,1796.6,keV,2,"(16+)",,0.3,s,,,,,,,,,-72393.51699999999,keV,2.39743279364,"B-n?,IT?,B- ~ 100 ",
49,129,0,In,,0,keV,,"(9/2+)",,629,ms,24,,,,,,,,-72834.889,keV,1.971,"B- = 100,B-n = 0.228 0.051",
49,129,1,In,,456,keV,4,"(1/2-)",,1.22,s,0.95,,,,,,,,-72378.889,keV,4.459,"B-n = 2.98 0.47,IT = 0.3 ,B- = 99.7 ",
49,129,2,In,,1640,keV,46,"(23/2-)",,651,ms,20,,,,,,,,-71194.889,keV,46.042,"B- ~ 100 ,IT?",
49,129,3,In,,1911,keV,56,"(29/2+)",,98,ms,13,,,,,,,,-70923.889,keV,56.035,"B-?,IT ~ 100 ",
49,130,0,In,,0,keV,0,"1(-)",,277,ms,12,,,,,,,,-69906.53,keV,1.79,"B- = 100,B-n = 0.93 0.13",
49,130,1,In,,66.5,keV,9.9,"(10-)",,541,ms,6,,,,,,,,-69840.03,keV,10.06,"B- = 100,B-n = 1.65 0.15",
49,130,2,In,,384.5,keV,4.8,"(5+)",,541,ms,6,,,,,,,,-69522.03,keV,5.12,"B- = 100 ,B-n = 1.65 0.15",
49,131,0,In,,0,keV,,"(9/2+)",,261,ms,3,,,,,,,,-68024.369,keV,2.205,"B- = 100,B-n = 2.3 0.3",
49,131,1,In,,367,keV,7,"(1/2-)",,328,ms,15,,,,,,,,-67657.369,keV,7.339,"B- = 100,B-n = 2.3 0.3",
49,131,2,In,,3771,keV,15,"(21/2+)",,322,ms,41,,,,,,,,-64253.369000000006,keV,15.161201304646,"B- = 100,B-n = 12 7",
49,132,0,In,,0,keV,,"(7-)",,200,ms,2,,,,,,,,-62411.554,keV,60.033,"B-n = 12.3 0.4,B-2n?,B- = 100",
49,133,0,In,,0,keV,,"(9/2+)",,162,ms,2,,,,,,,,-57690,keV,200,"B-n = 90 3,B-2n?,B- = 100",
49,133,1,In,,642,keV,60,"(1/2-)",,167,ms,11,,,,,,,,-57048,keV,208.8,"B-n = 93 3,B-2n?,B- = 100",
49,134,0,In,,0,keV,,"(6-),(7-)",,121,ms,5,,,,,,,,-51970,keV,200,"B-n = 89 3,B-2n = 9 2,B- = 100",
49,135,0,In,,0,keV,,,,97,ms,5,,,,,,,,-47110,keV,300,"B-n = 0 ,B-2n = 0 ,B- = 100",
49,136,0,In,,0,keV,,,,85,ms,+10-8,,,,,,,,-40970,keV,300,"B-n?,B-2n?,B- = 100 ",
49,137,0,In,,0,keV,,,,65,ms,+40-30,,,,,,,,-35830,keV,400,"B-n?,B-2n?,B- = 100 ",
50,99,0,Sn,,0,keV,,,,24,ms,4,,,,,,,,-47976,keV,582,"ECp = 3.9 +3.4-1.7,EC+B+ = 100",
50,100,0,Sn,,0,keV,,"0+",,1.18,s,0.07,,,,,,,,-57148.146,keV,240.01,"ECp = 17 ,EC+B+ = 100",
50,101,0,Sn,,0,keV,,"(7/2+)",,2.2,s,0.05,,,,,,,,-60305.624,keV,300.005,"ECp = 22.8 0.8,EC+B+ = 100",
50,102,0,Sn,,0,keV,,"0+",,3.8,s,0.2,,,,,,,,-64934.896,keV,100.105,"ECp?,EC+B+ = 100 ",
50,103,0,Sn,,0,keV,,"(5/2+)",,7,s,0.2,,,,,,,,-67092,keV,100,"ECp = 1.2 0.1,EC+B+ = 100",
50,104,0,Sn,,0,keV,,"0+",,20.9,s,0.4,,,,,,,,-71627.057,keV,5.745,"EC+B+ = 100 ",
50,105,0,Sn,,0,keV,,"(5/2+)",,32.7,s,0.5,,,,,,,,-73338.001,keV,3.971,"ECp = 0.011 0.004,EC+B+ = 100",
50,106,0,Sn,,0,keV,,"0+",,1.9166666666666667,m,0.08333333333333333,,,,,,,,-77353.698,keV,5.091,"EC+B+ = 100 ",
50,107,0,Sn,,0,keV,,"(5/2+)",,2.9,m,0.05,,,,,,,,-78512.239,keV,5.31,"EC+B+ = 100 ",
50,108,0,Sn,,0,keV,,"0+",,10.5,m,0.17,,,,,,,,-82069.949,keV,5.382,"EC+B+ = 100 ",
50,109,0,Sn,,0,keV,,"5/2+",,18.1,m,0.1,,,,,,,,-82630.18,keV,7.949,"EC+B+ = 100 ",
50,110,0,Sn,,0,keV,,"0+",,4.154,h,0.004,,,,,,,,-85841.993,keV,13.777,"EC = 100 ",
50,111,0,Sn,,0,keV,,"7/2+",,35.3,m,0.4,,,,,,,,-85938.581,keV,5.336,"EC+B+ = 100 ",
50,112,0,Sn,,0,keV,,"0+",,STABLE,,,,,,,,0.97,0.01,-88655.049,keV,0.294,,
50,113,0,Sn,,0,keV,,"1/2+",,115.08,d,0.03,,,,,,,,-88328.129,keV,1.575,"EC+B+ = 100 ",
50,113,1,Sn,,77.389,keV,0.019,"7/2+",,21.4,m,0.4,,,,,,,,-88250.74,keV,1.58,"IT = 91.1 2.3,EC+B+ = 8.9 2.3",
50,114,0,Sn,,0,keV,,"0+",,STABLE,,,,,,,,0.66,0.01,-90559.735,keV,0.029,,
50,115,0,Sn,,0,keV,,"1/2+",,STABLE,,,,,,,,0.34,0.01,-90033.846,keV,0.015,,
50,116,0,Sn,,0,keV,,"0+",,STABLE,,,,,,,,14.54,0.09,-91525.979,keV,0.096,,
50,117,0,Sn,,0,keV,,"1/2+",,STABLE,,,,,,,,7.68,0.07,-90397.742,keV,0.483,,
50,117,1,Sn,,314.58,keV,0.04,"11/2-",,13.94,d,0.03,,,,,,,,-90083.162,keV,0.485,"IT = 100 ",
50,118,0,Sn,,0,keV,0,"0+",,STABLE,,,,,,,,24.22,0.09,-91652.843,keV,0.499,,
50,119,0,Sn,,0,keV,,"1/2+",,STABLE,,,,,,,,8.59,0.04,-90064.985,keV,0.725,,
50,119,1,Sn,,89.531,keV,0.013,"11/2-",,293,d,1.3,,,,,,,,-89975.454,keV,0.725,"IT = 100 ",
50,120,0,Sn,,0,keV,,"0+",,STABLE,,,,,,,,32.58,0.09,-91097.741,keV,0.92,,
50,121,0,Sn,,0,keV,,"3/2+",,27.05,h,0.04,,,,,,,,-89196.626,keV,0.978,"B- = 100 ",
50,121,1,Sn,,6.31,keV,0.06,"11/2-",,43.9,y,0.5,,,,,,,,-89190.316,keV,0.98,"B- = 22.4 2,IT = 77.6 2",
50,122,0,Sn,,0,keV,,"0+",,STABLE,,,,,,,,4.63,0.03,-89939.953,keV,2.448,,
50,123,0,Sn,,0,keV,,"11/2-",,129.2,d,0.4,,,,,,,,-87814.683,keV,2.479,"B- = 100 ",
50,123,1,Sn,,24.6,keV,0.4,"3/2+",,40.06,m,0.01,,,,,,,,-87790.083,keV,2.511,"B- = 100 ",
50,124,0,Sn,,0,keV,,"0+",,STABLE,,,,,,,,5.79,0.05,-88231.475,keV,1.314,,
50,125,0,Sn,,0,keV,,"11/2-",,9.634,d,0.015,,,,,,,,-85893.657,keV,1.329,"B- = 100 ",
50,125,1,Sn,,27.5,keV,0.14,"3/2+",,10.01,m,0.08,,,,,,,,-85866.157,keV,1.336,"B- = 100 ",
50,126,0,Sn,,0,keV,,"0+",,198000,y,6000,,,,,,,,-86015.135,keV,10.688,"B- = 100 ",
50,127,0,Sn,,0,keV,,"11/2-",,2.1,h,0.03,,,,,,,,-83469.578,keV,9.226,"B- = 100 ",
50,127,1,Sn,,5.07,keV,0.06,"3/2+",,4.13,m,0.03,,,,,,,,-83464.50799999999,keV,9.22619509874,"B- = 100 ",
50,128,0,Sn,,0,keV,,"0+",,59.6,m,0.3,,,,,,,,-83361.43,keV,17.682,"B- = 100 ",
50,128,1,Sn,,2091.5,keV,0.11,"(7-)",,6.5,s,0.5,,,,,,,,-81269.93,keV,17.68,"IT = 100 ",
50,129,0,Sn,,0,keV,,"3/2+",,2.23,m,0.04,,,,,,,,-80590.597,keV,17.27,"B- = 100 ",
50,129,1,Sn,,35.15,keV,0.05,"11/2-",,7.2,m,0.1,,,,,,,,-80555.447,keV,17.27,"B- = 100 ",
50,130,0,Sn,,0,keV,0,"0+",,3.73,m,0.06,,,,,,,,-80132.217,keV,1.873,"B- = 100",
50,130,1,Sn,,19466.88,keV,0.1,"(7-)",,1.7,m,0.1,,,,,,,,-60665.337,keV,1.876,"B- = 100",
50,131,0,Sn,,0,keV,,"3/2+",,56,s,0.5,,,,,,,,-77264.579,keV,3.621,"B- = 100 ",
50,131,1,Sn,,65.1,keV,0.3,"11/2-",,58.4,s,0.5,,,,,,,,-77199.47899999999,keV,3.63340625309,"B- ~ 100 ,IT?",
50,132,0,Sn,,0,keV,,"0+",,39.7,s,0.5,,,,,,,,-76546.554,keV,1.976,"B- = 100 ",
50,133,0,Sn,,0,keV,,"7/2-",,1.38,s,0.07,,,,,,,,-70873.89,keV,1.904,"B- = 100,B-n = 0.0294 0.0024",
50,134,0,Sn,,0,keV,,"0+",,1.024,s,0.058,,,,,,,,-66433.759,keV,3.167,"B- = 100,B-n = 17 13",
50,135,0,Sn,,0,keV,,,,515,ms,5,,,,,,,,-60632.252,keV,3.074,"B-n = 21 3,B-2n?,B- = 100",
50,136,0,Sn,,0,keV,,"0+",,355,ms,13,,,,,,,,-56170,keV,200,"B-n = 27 4,B-2n?,B- = 100",
50,137,0,Sn,,0,keV,,,,228,ms,16,,,,,,,,-50150,keV,300,"B-n = 41 9,B-2n?,B- = 100",
50,138,0,Sn,,0,keV,,"0+",,148,ms,9,,,,,,,,-45510,keV,400,"B-n = 36 12,B-2n?,B- = 100",
50,139,0,Sn,,0,keV,,,,120,ms,38,,,,,,,,-39310,keV,400,"B-n?,B-2n?,B- = 100",
50,140,0,Sn,,0,keV,0,"0+",,,,,,,,,,,,-34490,keV,300,"B-n?,B-2n?,B- = 100",
51,104,0,Sb,,0,keV,,,,0.49,s,+0.1-0.09,,,,,,,,-59295,keV,101,"p = 1 ,EC+B+ = 100,ECp = 7 ",
51,105,0,Sb,,0,keV,,,,1.12,s,0.16,,,,,,,,-64015.491,keV,21.827,"p?,EC+B+ = 100 ,ECp?",
51,106,0,Sb,,0,keV,,"(2+)",,0.6,s,0.2,,,,,,,,-66473.301,keV,7.452,"ECp?,EC+B+ = 100",
51,107,0,Sb,,0,keV,,,,4,s,0.2,,,,,,,,-70653.248,keV,4.148,"EC+B+ = 100 ",
51,108,0,Sb,,0,keV,,"(4+)",,7.4,s,0.3,,,,,,,,-72445.341,keV,5.496,"EC+B+ = 100 ",
51,109,0,Sb,,0,keV,,"(5/2+)",,17.24,s,0.47,,,,,,,,-76250.986,keV,5.265,"EC+B+ = 100 ",
51,110,0,Sb,,0,keV,,"(3+)",,23.6,s,0.3,,,,,,,,-77449.745,keV,5.962,"EC+B+ = 100 ",
51,111,0,Sb,,0,keV,,"(5/2+)",,74.9,s,0.7,,,,,,,,-80836.747,keV,8.849,"EC+B+ = 100 ",
51,112,0,Sb,,0,keV,,"(3+)",,53.6,s,0.8,,,,,,,,-81598.973,keV,17.829,"EC+B+ = 100 ",
51,113,0,Sb,,0,keV,,"(5/2+)",,6.67,m,0.07,,,,,,,,-84416.966,keV,17.193,"EC+B+ = 100 ",
51,114,0,Sb,,0,keV,,"3+",,3.49,m,0.03,,,,,,,,-84496.616,keV,19.772,"EC+B+ = 100 ",
51,115,0,Sb,,0,keV,,"5/2+",,32,m,0.2,,,,,,,,-87003.412,keV,16.025,"EC+B+ = 100 ",
51,116,0,Sb,,0,keV,,"3+",,15.8,m,0.8,,,,,,,,-86822.02,keV,5.154,"EC+B+ = 100 ",
51,116,1,Sb,,380,keV,40,"8-",,60.35,m,0.56,,,,,,,,-86442.02,keV,40.33,"EC+B+ = 100 ",
51,117,0,Sb,,0,keV,,"5/2+",,2.8,h,0.01,,,,,,,,-88639.564,keV,8.437,"EC+B+ = 100 ",
51,118,0,Sb,,0,keV,0,"1+",,3.6,m,0.3,,,,,,,,-87996.204,keV,3.016,"EC+B+ = 100",
51,118,1,Sb,,250,keV,6,"8-",,5.01,h,0.03,,,,,,,,-87746.204,keV,6.715,"EC+B+ = 100",
51,119,0,Sb,,0,keV,,"5/2+",,38.2,h,0.3,,,,,,,,-89475.539,keV,6.998,"EC = 100 ",
51,119,1,Sb,,2799,keV,30,"(25/2+)",,0.84,s,0.08,,,,,,,,-86676.539,keV,30.805,"IT = 100 ",
51,120,0,Sb,,0,keV,,"1+",,15.89,m,0.04,,,,,,,,-88417.133,keV,7.199,"EC+B+ = 100 ",
51,120,1,Sb,,0,keV,,"8-",,5.76,d,0.02,,,,,,,,-88417.133,keV,7.199,"EC+B+ = 100 ",
51,121,0,Sb,,0,keV,,"5/2+",,STABLE,,,,,,,,57.21,0.05,-89599.157,keV,2.506,,
51,122,0,Sb,,0,keV,,"2-",,2.69413,d,0.00032,,,,,,,,-88334.205,keV,2.503,"B- = 97.59 0.12,EC+B+ = 2.41 0.12",
51,122,1,Sb,,163.5591,keV,0.0017,"(8)-",,4.191,m,0.003,,,,,,,,-88170.6459,keV,2.503,"IT = 100 ",
51,123,0,Sb,,0,keV,,"7/2+",,STABLE,,,,,,,,42.79,0.05,-89222.89,keV,1.356,,
51,124,0,Sb,,0,keV,,"3-",,60.209,d,0.01,,,,,,,,-87619.069,keV,1.358,"B- = 100 ",
51,124,1,Sb,,10.8627,keV,0.0008,"5+",,93,s,5,,,,,,,,-87608.2063,keV,1.358,"B- = 25 5,IT = 75 5",
51,124,2,Sb,,36.844,keV,0.0014,"(8)-",,20.2,m,0.2,,,,,,,,-87582.225,keV,1.358,"IT = 100 ",
51,125,0,Sb,,0,keV,,"7/2+",,2.757664828615155,y,+0.0008117535627885747-0.0008117535627880572,,,,,,,,-88255.094,keV,2.515,"B- = 100 ",
51,126,0,Sb,,0,keV,,"(8-)",,12.3,d,0.1,,,,,,,,-86393.135,keV,31.847,"B- = 100 ",
51,126,1,Sb,,17.7,keV,0.3,"(5+)",,19.1,m,0.1,,,,,,,,-86375.435,keV,31.848,"B- = 81.4 0.6,IT = 18.6 0.6",
51,126,2,Sb,,40.4,keV,0.3,"(3-)",~,11,s,,,,,,,,,-86352.735,keV,31.848,"IT = 100 ",
51,127,0,Sb,,0,keV,,"7/2+",,3.84,d,0.04,,,,,,,,-86698.294,keV,5.083,"B- = 100 ",
51,128,0,Sb,,0,keV,,"8-",,9.05,h,0.04,,,,,,,,-84629.852,keV,18.788,"B- = 100 ",
51,128,1,Sb,,10,keV,9,"5+",,10.4,m,0.2,,,,,,,,-84619.852,keV,20.832,"B- = 96.4 1,IT = 3.6 1",
51,129,0,Sb,,0,keV,,"7/2+",,4.4,h,0.02,,,,,,,,-84629.384,keV,21.225,"B- = 100 ",
51,129,1,Sb,,1851.31,keV,0.06,"(19/2-)",,17.7,m,0.1,,,,,,,,-82778.07400000001,keV,21.22508480548,"B- = 85,IT = 15",
51,130,0,Sb,,0,keV,0,"(8-)",,40.5,m,0.4,,,,,,,,-82285.687,keV,14.212,"B- = 100",
51,130,1,Sb,,4.8,keV,0.2,"(4)+,(5)+",,6.44,m,0.1,,,,,,,,-82280.887,keV,14.213,"B- = 100",
51,131,0,Sb,,0,keV,,"(7/2+)",,23.03,m,0.04,,,,,,,,-81981.412,keV,2.084,"B- = 100 ",
51,132,0,Sb,,0,keV,,"(4)+",,2.79,m,0.05,,,,,,,,-79635.282,keV,2.467,"B- = 100 ",
51,132,1,Sb,,200,keV,50,"(8-)",,4.1,m,0.05,,,,,,,,-79435.282,keV,50.061,"B- = 100 ",
51,133,0,Sb,,0,keV,,"7/2+",,2.41,m,0.08,,,,,,,,-78923.513,keV,3.128,"B- = 100 ",
51,134,0,Sb,,0,keV,,"(0-)",,675,ms,5,,,,,,,,-74019.004,keV,3.074,"B- = 100 ,B-n?",
51,134,1,Sb,,279,keV,1,"7-",,10.01,s,0.09,,,,,,,,-73740.004,keV,3.233,"B- = 100 ,B-n = 0.088 0.004",
51,135,0,Sb,,0,keV,,"(7/2+)",,1.668,s,0.009,,,,,,,,-69690.332,keV,2.64,"B- = 100,B-n = 16.8 1.6",
51,136,0,Sb,,0,keV,,"(1-)",,924,ms,14,,,,,,,,-64506.89,keV,5.83,"B-n = 22 5.1,B-2n = 0.14 0.03,B- = 100",
51,137,0,Sb,,0,keV,,,,506,ms,17,,,,,,,,-60060.392,keV,52.164,"B-n = 49 8,B-2n = 2.7 ,B- = 100",
51,138,0,Sb,,0,keV,,"(3-)",,314,ms,5,,,,,,,,-54650,keV,300,"B-n = 72 8,B-2n?,B- = 100",
51,139,0,Sb,,0,keV,,,,182,ms,9,,,,,,,,-50050,keV,400,"B-n = 90 10,B-2n?,B- = 100",
51,140,0,Sb,,0,keV,,"(3-),(4-)",,171,ms,6,,,,,,,,-44390,keV,600,"B-n = 23 4,B-2n = 7.6 2.5,B- = 100",
51,141,0,Sb,,0,keV,,,,103,ms,29,,,,,,,,-39540,keV,500,"B-n?,B-2n?,B- = 100 ",
51,142,0,Sb,,0,keV,0,,,53,ms,+69-31,,,,,,,,-33610,keV,300,"B-n?,B-2n?,B- = 100",
52,104,0,Te,,0,keV,0,"0+",,18,ns,,,,,,,,,-49626.831,keV,317.609,"a = 100",
52,105,0,Te,,0,keV,,"(7/2+)",,0.63,us,0.06,,,,,,,,-52811.509,keV,300.02,"a ~ 100 ",
52,106,0,Te,,0,keV,,"0+",,69,us,+11-8,,,,,,,,-58219.759,keV,100.541,"a = 100",
52,107,0,Te,,0,keV,,,,3.6,ms,0.2,,,,,,,,-60657,keV,101,"a = 70 30,EC+B+ = 30 30",
52,108,0,Te,,0,keV,,"0+",,2.1,s,0.1,,,,,,,,-65781.676,keV,5.411,"EC+B+ = 51 4,a = 49 4,ECp = 2.4 1",
52,109,0,Te,,0,keV,,"(5/2+)",,4.4,s,0.2,,,,,,,,-67715.399,keV,4.382,"EC+B+ = 96.1 1.3,a = 3.9 1.3,ECp = 9.4 3.1,ECa = 0.0043",
52,110,0,Te,,0,keV,,"0+",,18.6,s,0.8,,,,,,,,-72229.821,keV,6.575,"a?,EC+B+ ~ 100 ",
52,111,0,Te,,0,keV,,"(5/2)+",,26.2,s,0.6,,,,,,,,-73587.487,keV,6.427,"ECp?,EC+B+ = 100 ",
52,112,0,Te,,0,keV,,"0+",,2,m,0.2,,,,,,,,-77567.518,keV,8.383,"EC+B+ = 100 ",
52,113,0,Te,,0,keV,,"(7/2+)",,1.8,m,0.2,,,,,,,,-78347.037,keV,27.945,"EC+B+ = 100 ",
52,114,0,Te,,0,keV,,"0+",,16.4,m,0.9,,,,,,,,-81889.676,keV,24.428,"EC+B+ = 100 ",
52,115,0,Te,,0,keV,,"7/2+",,5.9,m,0.1,,,,,,,,-82062.767,keV,27.945,"EC+B+ = 100 ",
52,115,1,Te,,10,keV,9,"(1/2)+",,7.2,m,0.4,,,,,,,,-82052.767,keV,29.359,"IT?,EC+B+ ~ 100 ",
52,116,0,Te,,0,keV,,"0+",,2.49,h,0.04,,,,,,,,-85263.793,keV,24.206,"EC+B+ = 100 ",
52,117,0,Te,,0,keV,,"1/2+",,62,m,1,,,,,,,,-85095.5,keV,13.455,"EC+B+ = 100 ",
52,117,1,Te,,296.1,keV,,"(11/2-)",,103,ms,3,,,,,,,,-84799.4,keV,13.5,"IT = 100 ",
52,118,0,Te,,0,keV,0,"0+",,6,d,0.02,,,,,,,,-87690.758,keV,18.306,"EC = 100",
52,119,0,Te,,0,keV,,"1/2+",,16.05,h,0.05,,,,,,,,-87182.539,keV,7.278,"EC+B+ = 100 ",
52,119,1,Te,,260.96,keV,0.05,"11/2-",,4.69,d,0.04,,,,,,,,-86921.579,keV,7.278,"EC+B+ = 100 ",
52,120,0,Te,,0,keV,,"0+",,STABLE,,,,,,,,0.09,0.01,-89362.16,keV,1.751,,
52,121,0,Te,,0,keV,,"1/2+",,19.27,d,0.08,,,,,,,,-88543.111,keV,25.835,"EC+B+ = 100 ",
52,121,1,Te,,293.974,keV,0.022,"11/2-",,164.7,d,0.5,,,,,,,,-88249.137,keV,25.835,"IT = 83.1 2.3,EC+B+ = 16.9 2.3",
52,122,0,Te,,0,keV,,"0+",,STABLE,,,,,,,,2.55,0.12,-90313.282,keV,1.357,,
52,123,0,Te,,0,keV,,"1/2+",,STABLE,,,,,,,,0.89,0.03,-89170.978,keV,1.355,,
52,123,1,Te,,247.45,keV,0.04,"11/2-",,119.3,d,0.1,,,,,,,,-88923.528,keV,1.356,"IT = 100 ",
52,124,0,Te,,0,keV,,"0+",,STABLE,,,,,,,,4.74,0.14,-90524.142,keV,1.352,,
52,125,0,Te,,0,keV,,"1/2+",,STABLE,,,,,,,,7.07,0.15,-89021.794,keV,1.352,,
52,125,1,Te,,144.775,keV,0.008,"11/2-",,57.4,d,0.15,,,,,,,,-88877.019,keV,1.352,"IT = 100 ",
52,126,0,Te,,0,keV,,"0+",,STABLE,,,,,,,,8.84,0.25,-90064.168,keV,1.354,,
52,127,0,Te,,0,keV,,"3/2+",,9.35,h,0.06,,,,,,,,-88280.497,keV,1.365,"B- = 100",
52,127,1,Te,,88.23,keV,0.07,"11/2-",,106.1,d,0.7,,,,,,,,-88192.267,keV,1.367,"B- = 2.14 0.03,IT = 97.86 0.03",
52,128,0,Te,,0,keV,,"0+",,2.3408921933085503e+24,y,+2.3778719673137987e+23-2.3778719673138014e+23,,,,,,31.74,0.08,-88993.794,keV,0.706,"2B- = 100",
52,129,0,Te,,0,keV,,"3/2+",,69.5,m,0.4,,,,,,,,-87004.884,keV,0.711,"B- = 100 ",
52,129,1,Te,,105.51,keV,0.03,"11/2-",,33.48,d,0.13,,,,,,,,-86899.37400000001,keV,0.71163262994,"B- = 36 7,IT = 64 7",
52,130,0,Te,,0,keV,0,"0+",,790000000000000000000,y,20000000000000000000,,,,,,34.08,0.62,-87352.96,keV,0.011,"2B- = 100",
52,131,0,Te,,0,keV,,"3/2+",,25,m,0.1,,,,,,,,-85211.022,keV,0.061,"B- = 100 ",
52,131,1,Te,,182.258,keV,0.018,"11/2-",,32.86,h,0.39,,,,,,,,-85028.764,keV,0.064,"B- = 74.1 0.5,IT = 25.9 0.5",
52,131,2,Te,,1940,keV,0.4,"(23/2+)",,93,ms,12,,,,,,,,-83271.022,keV,0.405,"IT = 100 ",
52,132,0,Te,,0,keV,,"0+",,3.204,d,0.013,,,,,,,,-85188.197,keV,3.486,"B- = 100 ",
52,133,0,Te,,0,keV,,"(3/2+)",,12.5,m,0.3,,,,,,,,-82937.133,keV,2.066,"B- = 100 ",
52,133,1,Te,,334.26,keV,0.04,"(11/2-)",,55.4,m,0.4,,,,,,,,-82602.873,keV,2.066,"B- = 83.5 2,IT = 16.5 2",
52,134,0,Te,,0,keV,,"0+",,41.8,m,0.8,,,,,,,,-82533.752,keV,2.746,"B- = 100 ",
52,135,0,Te,,0,keV,,"(7/2-)",,19,s,0.2,,,,,,,,-77728.79,keV,1.722,"B- = 100 ",
52,136,0,Te,,0,keV,,"0+",,17.66,s,0.08,,,,,,,,-74425.279,keV,2.281,"B- = 100,B-n = 1.37 0.05",
52,137,0,Te,,0,keV,,,,2.48,s,0.03,,,,,,,,-69303.762,keV,2.1,"B- = 100,B-n = 2.77 0.27",
52,138,0,Te,,0,keV,,"0+",,1.46,s,0.25,,,,,,,,-65695.995,keV,3.787,"B- = 100,B-n = 6.3 2.1",
52,139,0,Te,,0,keV,,,,0.724,s,0.081,,,,,,,,-60205.08,keV,3.54,"B- = 100 ,B-n?",
52,140,0,Te,,0,keV,,"0+",,351,ms,5,,,,,,,,-56367.449,keV,14.377,"B- = 100,B-n = 0 ",
52,141,0,Te,,0,keV,0,,,193,ms,16,,,,,,,,-50670,keV,400,"B-n?,B-2n?,B- = 100",
52,142,0,Te,,0,keV,,"0+",,147,ms,7,,,,,,,,-46550,keV,500,"B-n?,B-2n?,B- = 100",
52,143,0,Te,,0,keV,,,,120,ms,8,,,,,,,,-40530,keV,500,"B-n?,B-2n?,B- = 100",
52,144,0,Te,,0,keV,0,"0+",,93,ms,60,,,,,,,,-36220,keV,300,"B-n?,B-2n?,B- = 100",
52,145,0,Te,,0,keV,0,,,,,,,,,,,,,-30010,keV,300,"B-n?,B-2n?,B- = 100",
53,108,0,I,,0,keV,,"(1)",,26.4,ms,0.8,,,,,,,,-52771,keV,101,"p = 0.5 0.21,EC+B+?,a = 99.5 0.21",
53,109,0,I,,0,keV,,"(1/2+),(3/2+)",,92.7,us,0.7,,,,,,,,-57672.505,keV,6.729,"p = 99.986 0.004,a = 0.014 0.004",
53,110,0,I,,0,keV,,"(1+)",,0.67,s,0.02,,,,,,,,-60467.844,keV,61.94,"EC+B+ = 83 4,a = 17 4,ECp = 11 3,ECa = 1.1 0.3",
53,111,0,I,,0,keV,,"(5/2+)",,2.5,s,0.2,,,,,,,,-64953.795,keV,4.754,"EC+B+ ~ 99.9 ,a ~ 0.1 ,ECp?",
53,112,0,I,,0,keV,,"(1+)",,3.34,s,0.11,,,,,,,,-67063.339,keV,10.246,"EC+B+ ~ 99.9988 ,a ~ 0.0012 ,ECp = 0.88 0.1,ECa = 0.104 0.012",
53,113,0,I,,0,keV,,"(5/2+)",,5.9,s,0.5,,,,,,,,-71119.517,keV,8.011,"EC+B+ = 100 ",
53,114,0,I,,0,keV,,"1+",,2.1,s,0.2,,,,,,,,-72638.935,keV,20.027,"ECp?,EC+B+ = 100 ",
53,114,1,I,,265.9,keV,,"(7)",,6.2,s,0.5,,,,,,,,-72373.035,keV,20.027,"IT = 9 2,EC+B+ = 91 2",
53,115,0,I,,0,keV,,"(5/2+)",,1.3,m,0.2,,,,,,,,-76337.805,keV,28.876,"EC+B+ = 100 ",
53,116,0,I,,0,keV,,"1+",,2.91,s,0.15,,,,,,,,-77420.654,keV,75.037,"EC+B+ = 100 ",
53,117,0,I,,0,keV,,"(5/2)+",,2.22,m,0.04,,,,,,,,-80438.568,keV,25.558,"EC+B+ = 100 ",
53,118,0,I,,0,keV,0,"2-",,13.8,m,0.4,,,,,,,,-80971.056,keV,19.76,"EC+B+ = 100",
53,118,1,I,,188.8,keV,0.7,"(7-)",,8.5,m,0.5,,,,,,,,-80782.256,keV,19.772,"IT = 0 ,EC+B+ ~ 100 ",
53,119,0,I,,0,keV,,"5/2+",,18.8,m,0.4,,,,,,,,-83777.731,keV,21.706,"EC+B+ = 100 ",
53,120,0,I,,0,keV,,"2-",,81.7,m,0.2,,,,,,,,-83747.16,keV,15.102,"EC+B+ = 100 ",
53,120,1,I,,320,keV,150,"(7-)",,51,m,2,,,,,,,,-83427.16,keV,150.76,"EC+B+ = 100 ",
53,121,0,I,,0,keV,,"5/2+",,2.12,h,0.01,,,,,,,,-86245.649,keV,4.723,"EC+B+ = 100 ",
53,122,0,I,,0,keV,,"1+",,3.62,m,0.06,,,,,,,,-86079.282,keV,5.181,"EC+B+ = 100 ",
53,123,0,I,,0,keV,,"5/2+",,13.2229,h,0.0014,,,,,,,,-87942.588,keV,3.686,"EC+B+ = 100 ",
53,124,0,I,,0,keV,,"2-",,4.176,d,0.0003,,,,,,,,-87364.555,keV,2.299,"EC+B+ = 100 ",
53,125,0,I,,0,keV,,"5/2+",,59.398,d,0.012,,,,,,,,-88836.024,keV,1.353,"EC = 100 ",
53,126,0,I,,0,keV,,"2-",,12.93,d,0.05,,,,,,,,-87910.496,keV,3.778,"B- = 47.3 0.5,EC+B+ = 52.7 0.5",
53,127,0,I,,0,keV,,"5/2+",,STABLE,,,,,,,,100,0,-88983.217,keV,3.621,,
53,128,0,I,,0,keV,,"1+",,25,m,0.02,,,,,,,,-87738.03,keV,3.621,"B- = 93.1 0.8,EC+B+ = 6.9 0.8",
53,129,0,I,,0,keV,,"7/2+",,16125975,y,175275,,,,,,,,-88507.176,keV,3.153,"B- = 100 ",
53,130,0,I,,0,keV,0,"5+",,12.36,h,0.01,,,,,,,,-86936.188,keV,3.154,"B- = 100",
53,130,1,I,,39.9525,keV,0.0013,"2+",,8.83,m,0.05,,,,,,,,-86896.2355,keV,3.154,"B- = 16 2,IT = 84 2",
53,131,0,I,,0,keV,,"7/2+",,8.0247,d,0.0015,,,,,,,,-87442.727,keV,0.605,"B- = 100 ",
53,132,0,I,,0,keV,,"4+",,2.2839,h,0.0017,,,,,,,,-85703.502,keV,4.065,"B- = 100 ",
53,132,1,I,,120,keV,20,"(8-)",,1.387,h,0.015,,,,,,,,-85583.502,keV,20.409,"B- = 14 2,IT = 86 2",
53,133,0,I,,0,keV,,"7/2+",,20.8,h,0.1,,,,,,,,-85857.302,keV,5.902,"B- = 100 ",
53,133,1,I,,1634.148,keV,0.01,"(19/2-)",,9,s,2,,,,,,,,-84223.154,keV,5.902,"IT = 100 ",
53,134,0,I,,0,keV,,"(4)+",,52.6,m,0.2,,,,,,,,-84043.44,keV,4.857,"B- = 100 ",
53,134,1,I,,316.49,keV,0.22,"(8)-",,3.53,m,0.04,,,,,,,,-83726.95,keV,4.86,"B- = 2.3 1,IT = 97.7 1",
53,135,0,I,,0,keV,,"7/2+",,6.55,h,0.03,,,,,,,,-83779.18,keV,2.06,"B- = 100 ",
53,136,0,I,,0,keV,,"(1-)",,83.4,s,0.4,,,,,,,,-79545.225,keV,14.188,"B- = 100 ",
53,136,1,I,,200,keV,30,"(6-)",,46.6,s,1.1,,,,,,,,-79345.225,keV,33.186,"B- = 100 ",
53,137,0,I,,0,keV,,"(7/2+)",,24.13,s,0.12,,,,,,,,-76356.268,keV,8.383,"B- = 100,B-n = 7.32 0.19",
53,138,0,I,,0,keV,,"(1-)",,6.303,s,0.041,,,,,,,,-71979.91,keV,5.962,"B- = 100,B-n = 5.39 0.11",
53,139,0,I,,0,keV,,"(7/2+)",,2.29,s,0.02,,,,,,,,-68470.964,keV,4.005,"B- = 100,B-n = 9.64 0.22",
53,140,0,I,,0,keV,,"(2-),(3)",,380,ms,20,,,,,,,,-63606.223,keV,12.109,"B-n = 8.79 0.75,B-2n?,B- = 100",
53,140,1,I,,0,keV,,"(0-),(1)",,910,ms,50,,,,,,,,-63606.223,keV,12.109,"B- = 100,B-n?",
53,140,2,I,,0,keV,,"(4-),(5)",,470,ms,40,,,,,,,,-63606.223,keV,12.109,"B- = 100,B-n?",
53,141,0,I,,0,keV,,,,418,ms,8,,,,,,,,-59926.666,keV,15.835,"B- = 100,B-n = 21.2 2.2",
53,142,0,I,,0,keV,,,,235,ms,11,,,,,,,,-54802.969,keV,4.937,"B-n?,B-2n?,B- = 100",
53,143,0,I,,0,keV,,,,182,ms,8,,,,,,,,-50790,keV,200,"B-n?,B-2n?,B- = 100",
53,144,0,I,,0,keV,0,,,94,ms,8,,,,,,,,-45330,keV,400,"B-n?,B-2n?,B- = 100",
53,145,0,I,,0,keV,,,,89.7,ms,9.3,,,,,,,,-41130,keV,500,"B-n?,B-2n?,B- = 100",
53,146,0,I,,0,keV,0,,,94,ms,26,,,,,,,,-35540,keV,300,"B-n?,B-2n?,B- = 100",
53,147,0,I,,0,keV,0,,,,,,,,,,,,,-31200,keV,300,"B-n?,B-2n?,B- = 100",
54,108,0,Xe,,0,keV,0,"0+",,58,us,+106-23,,,,,,,,-42632.357,keV,379.497,"a = 100",
54,109,0,Xe,,0,keV,,"(7/2+)",,13,ms,2,,,,,,,,-46169.546,keV,300.108,"a = 100",
54,110,0,Xe,,0,keV,,"0+",,93,ms,3,,,,,,,,-51922.636,keV,100.988,"EC+B+ = 36 35,a = 64 35,ECp?",
54,111,0,Xe,,0,keV,,,,0.74,s,0.2,,,,,,,,-54520,keV,115,"EC+B+ = 89.6 1.9,a = 10.4 1.9,ECp?",
54,112,0,Xe,,0,keV,,"0+",,2.7,s,0.8,,,,,,,,-60026.348,keV,8.283,"EC+B+ = 99.2 +0.5-1.1,a = 0.8 +1.1-0.5,ECp?",
54,113,0,Xe,,0,keV,,"(5/2+)",,2.74,s,0.08,,,,,,,,-62203.626,keV,6.84,"EC+B+ ~ 100 ,a?,ECp = 7 4,ECa = 0.007 0.004",
54,114,0,Xe,,0,keV,,"0+",,10,s,0.4,,,,,,,,-67085.899,keV,11.178,"ECp?,EC+B+ = 100 ",
54,115,0,Xe,,0,keV,,"(5/2+)",,18,s,4,,,,,,,,-68656.757,keV,12.109,"ECa = 0.0003 0.0001,EC+B+ = 100,ECp = 0.34 0.06",
54,116,0,Xe,,0,keV,,"0+",,58,s,2,,,,,,,,-73046.877,keV,13.017,"EC+B+ = 100 ",
54,117,0,Xe,,0,keV,,"5/2+",,61,s,2,,,,,,,,-74185.347,keV,10.378,"ECp = 0.0029 0.0006,EC+B+ = 100",
54,118,0,Xe,,0,keV,0,"0+",,3.8,m,0.9,,,,,,,,-78079.067,keV,10.378,"EC+B+ = 100",
54,119,0,Xe,,0,keV,,"(5/2+)",,5.8,m,0.3,,,,,,,,-78794.488,keV,10.378,"EC+B+ = 100 ",
54,120,0,Xe,,0,keV,,"0+",,46,m,0.6,,,,,,,,-82172.434,keV,11.817,"EC+B+ = 100 ",
54,121,0,Xe,,0,keV,,"5/2(+)",,39.1,m,1,,,,,,,,-82480.997,keV,10.243,"EC+B+ = 100 ",
54,122,0,Xe,,0,keV,,"0+",,20.1,h,0.1,,,,,,,,-85354.988,keV,11.111,"EC = 100 ",
54,123,0,Xe,,0,keV,,"1/2(+)",,2.05,h,0.014,,,,,,,,-85248.258,keV,9.534,"EC+B+ = 100 ",
54,124,0,Xe,,0,keV,0,"0+",,STABLE,,,,,,,,0.095,0.005,-87667.405,keV,1.358,,
54,125,0,Xe,,0,keV,,"1/2+",,16.962,h,0.06,,,,,,,,-87199.361,keV,1.415,"EC+B+ = 100 ",
54,125,1,Xe,,252.61,keV,0.14,"9/2-",,56,s,3,,,,,,,,-86946.751,keV,1.422,"IT = 100 ",
54,126,0,Xe,,0,keV,,"0+",,STABLE,,,,,,,,0.089,0.003,-89146.38687,keV,0.00562,,
54,127,0,Xe,,0,keV,,"1/2+",,36.344,d,0.005,,,,,,,,-88320.883,keV,4.088,"EC = 100 ",
54,127,1,Xe,,297.1,keV,0.08,"9/2-",,69.5,s,0.8,,,,,,,,-88023.783,keV,4.089,"IT = 100 ",
54,128,0,Xe,,0,keV,,"0+",,STABLE,,,,,,,,1.91,0.013,-89860.53427,keV,0.0052,,
54,129,0,Xe,,0,keV,,"1/2+",,STABLE,,,,,,,,26.4,0.14,-88696.06975,keV,0.00505,,
54,129,1,Xe,,236.14,keV,0.03,"11/2-",,8.88,d,0.02,,,,,,,,-88459.92975,keV,0.03042,"IT = 100 ",
54,130,0,Xe,,0,keV,0,"0+",,STABLE,,,,,,,,4.071,0.022,-89880.474,keV,0.009,,
54,131,0,Xe,,0,keV,,"3/2+",,STABLE,,,,,,,,21.232,0.015,-88413.57492,keV,0.00512,,
54,131,1,Xe,,163.93,keV,0.008,"11/2-",,11.931,d,0.016,,,,,,,,-88249.64492,keV,0.0095,"IT = 100 ",
54,132,0,Xe,,0,keV,,"0+",,STABLE,,,,,,,,26.909,0.055,-89278.97451,keV,0.00507,,
54,133,0,Xe,,0,keV,,"3/2+",,5.2474,d,0.0005,,,,,,,,-87643.583,keV,2.4,"B- = 100 ",
54,133,1,Xe,,233.221,keV,0.015,"11/2-",,2.191,d,0.026,,,,,,,,-87410.362,keV,2.4,"IT = 100 ",
54,134,0,Xe,,0,keV,,"0+",,STABLE,,,,,,,,10.436,0.035,-88125.83443,keV,0.00577,,
54,134,1,Xe,,1965.5,keV,0.5,"7-",,290,ms,17,,,,,,,,-86160.33443,keV,0.50003,"IT = 100 ",
54,135,0,Xe,,0,keV,,"3/2+",,9.168,h,0.007,,,,,,,,-86413.365,keV,3.668,"B- = 100 ",
54,135,1,Xe,,526.551,keV,0.013,"11/2-",,15.287,m,0.02,,,,,,,,-85886.814,keV,3.668,"B- = 0.3 0.28,IT = 99.7 0.28",
54,136,0,Xe,,0,keV,,"0+",,2.1882649935777104e+21,y,+48507412569648530000-48507412569649840000,,,,,,8.857,0.072,-86429.17,keV,0.007,"2B- = 100",
54,137,0,Xe,,0,keV,,"7/2-",,3.821,m,0.011,,,,,,,,-82383.414,keV,0.104,"B- = 100 ",
54,138,0,Xe,,0,keV,,"0+",,14.14,m,0.05,,,,,,,,-79972.244,keV,2.804,"B- = 100 ",
54,139,0,Xe,,0,keV,,"3/2-",,39.72,s,0.13,,,,,,,,-75644.586,keV,2.142,"B- = 100 ",
54,140,0,Xe,,0,keV,,"0+",,13.6,s,0.1,,,,,,,,-72986.461,keV,2.329,"B- = 100 ",
54,141,0,Xe,,0,keV,,"5/2(-)",,1.72,s,0.013,,,,,,,,-68197.309,keV,2.888,"B- = 100,B-n = 0.044 0.005",
54,142,0,Xe,,0,keV,,"0+",,1.227,s,0.017,,,,,,,,-65229.648,keV,2.701,"B- = 100,B-n = 0.355 0.074",
54,143,0,Xe,,0,keV,,"5/2-",,511,ms,6,,,,,,,,-60202.882,keV,4.657,"B- = 100,B-n = 1 0.15",
54,144,0,Xe,,0,keV,0,"0+",,388,ms,7,,,,,,,,-56872.301,keV,5.31,"B- = 100,B-n = 3 0.3",
54,145,0,Xe,,0,keV,,,,188,ms,4,,,,,,,,-51493.337,keV,11.178,"B-n = 5 0.6,B-2n?,B- = 100",
54,146,0,Xe,,0,keV,0,"0+",,146,ms,5,,,,,,,,-47954.95,keV,24.219,"B- = 100 ,B-n = 6.9 1.5",
54,147,0,Xe,,0,keV,,,,88,ms,14,,,,,,,,-42400,keV,200,"B-n = 8 ,B-2n?,B- = 100",
54,148,0,Xe,,0,keV,,"0+",,85,ms,15,,,,,,,,-38650,keV,300,"B-n?,B-2n?,B- = 100",
54,149,0,Xe,,0,keV,0,,,,,,,,,,,,,-33000,keV,300,"B-n?,B-2n?,B- = 100",
54,150,0,Xe,,0,keV,0,"0+",,,,,,,,,,,,-28990,keV,300,"B-n?,B-2n?,B- = 100",
55,112,0,Cs,,0,keV,,"(1+)",,488,us,35,,,,,,,,-46415,keV,116,"p = 100,a = 0.26",
55,113,0,Cs,,0,keV,,"(3/2+)",,16.9,us,0.1,,,,,,,,-51764.539,keV,8.577,"p = 100",
55,114,0,Cs,,0,keV,,"(1+)",,0.57,s,0.02,,,,,,,,-54685.928,keV,85.068,"EC+B+ = 99.982 0.006,a = 0.018 0.006,ECp = 8.7 1.3,ECa = 0.19 0.03",
55,115,0,Cs,,0,keV,,,,1.03,s,0.1,,,,,,,,-59699,keV,102,"ECp ~ 0.07 ,EC+B+ = 100",
55,116,0,Cs,,0,keV,,"(1+)",,0.7,s,0.03,,,,,,,,-62043,keV,100,"ECa = 0.049 0.025,EC+B+ = 100,ECp = 0.28 0.07",
55,116,1,Cs,,0,keV,,"(7)",,3.9,s,0.1,,,,,,,,-62043,keV,100,"ECa = 0.005 0.003,EC+B+ = 100,ECp = 0.51 0.15",
55,117,0,Cs,,0,keV,,"(9/2+)",,8.4,s,0.6,,,,,,,,-66493.101,keV,62.41,"EC+B+ = 100 ",
55,117,1,Cs,,0,keV,,"(3/2+)",,6.5,s,0.4,,,,,,,,-66493.101,keV,62.41,"EC+B+ = 100",
55,118,0,Cs,,0,keV,0,"2(-)",,14,s,2,,,,,,,,-68409.377,keV,12.753,"ECa = 0.0024 ,EC+B+ = 100,ECp = 0.042 ",
55,118,1,Cs,,0,keV,,"(7-)",,17,s,3,,,,,,,,-68409.377,keV,12.753,"ECa = 0.0024 ,EC+B+ = 100,ECp = 0.042 ",
55,119,0,Cs,,0,keV,0,"3/2+",,29.1,s,0.7,,,,,,,,-72305.061,keV,13.94,"EC+B+ = 100 ",
55,119,1,Cs,,86.3,keV,0.7,"9/2+",,43,s,0.2,,,,,,,,-72218.761,keV,13.958,"EC+B+ = 100 ",
55,120,0,Cs,,0,keV,,"2(+)",,60.4,s,0.6,,,,,,,,-73888.649,keV,9.97,"ECa = 0.000024 ,EC+B+ = 100,ECp = 0.00001 ",
55,120,1,Cs,,0,keV,,"(7-)",,57,s,6,,,,,,,,-73888.649,keV,9.97,"ECa = 0.000024 ,EC+B+ = 100,ECp = 0.00001 ",
55,121,0,Cs,,0,keV,,"3/2+",,155,s,4,,,,,,,,-77102.342,keV,14.29,"EC+B+ = 100 ",
55,121,1,Cs,,68.5,keV,0.3,"9/2(+)",,122,s,3,,,,,,,,-77033.842,keV,14.293,"IT ~ 17 ,EC+B+ ~ 83 ",
55,122,0,Cs,,0,keV,,"1+",,21.18,s,0.19,,,,,,,,-78144.769,keV,33.687,"EC+B+ = 100 ",
55,122,1,Cs,,127.07,keV,0.16,"(5)-",,0.36,s,0.02,,,,,,,,-78017.699,keV,33.687,"IT = 100 ",
55,122,2,Cs,,140,keV,20,"8(-)",,3.7,m,0.11,,,,,,,,-78004.769,keV,39.177,"EC+B+ = 100 ",
55,123,0,Cs,,0,keV,,"1/2(+)",,5.91,m,0.06,,,,,,,,-81043.657,keV,12.109,"EC+B+ = 100 ",
55,123,1,Cs,,156.27,keV,0.05,"11/2(-)",,1.7,s,0.1,,,,,,,,-80887.387,keV,12.109,"IT = 100 ",
55,124,0,Cs,,0,keV,,"1+",,30.9,s,0.4,,,,,,,,-81741.06,keV,9.151,"EC+B+ = 100 ",
55,124,1,Cs,,462.63,keV,0.14,"(7)+",,6.4,s,0.07,,,,,,,,-81278.43,keV,9.15,"IT = 99.89 0.02,EC+B+ = 0.11 0.02",
55,125,0,Cs,,0,keV,,"1/2+",,44.35,m,0.29,,,,,,,,-84089.742,keV,7.736,"EC+B+ = 100 ",
55,126,0,Cs,,0,keV,,"1+",,1.643,m,0.017,,,,,,,,-84350.683,keV,10.359,"EC+B+ = 100 ",
55,127,0,Cs,,0,keV,,"1/2+",,6.25,h,0.1,,,,,,,,-86240.027,keV,5.578,"EC+B+ = 100 ",
55,128,0,Cs,,0,keV,,"1+",,3.64,m,0.02,,,,,,,,-85931.773,keV,5.376,"EC+B+ = 100 ",
55,129,0,Cs,,0,keV,,"1/2+",,32.13,h,0.1,,,,,,,,-87499.05,keV,4.553,"EC+B+ = 100 ",
55,130,0,Cs,,0,keV,0,"1+",,29.2,m,0.04,,,,,,,,-86899.754,keV,8.357,"B- ~ 1.6 ,EC+B+ ~ 98.4 ",
55,130,1,Cs,,163.25,keV,0.11,"5-",,3.46,m,0.06,,,,,,,,-86736.504,keV,8.358,"IT ~ 99.84 ,EC+B+ = 0.16 0.02",
55,131,0,Cs,,0,keV,,"5/2+",,9.688,d,0.004,,,,,,,,-88055.574,keV,0.177,"EC = 100 ",
55,132,0,Cs,,0,keV,,"2+",,6.48,d,0.006,,,,,,,,-87152.693,keV,1.036,"B- = 1.87 0.09,EC+B+ = 98.13 0.09",
55,133,0,Cs,,0,keV,,"7/2+",,STABLE,,,,,,,,100,0,-88070.943,keV,0.008,,
55,134,0,Cs,,0,keV,,"4+",,2.0656195289789414,y,0.00048712944305454557,,,,,,,,-86891.165,keV,0.016,"B- = 99.9997 0.0001,EC = 0.0003 0.0001",
55,134,1,Cs,,138.7441,keV,0.0026,"8-",,2.912,h,0.002,,,,,,,,-86752.4209,keV,0.0162,"IT = 100 ",
55,135,0,Cs,,0,keV,,"7/2+",,1330000,y,189737,,,,,,,,-87581.956,keV,0.364,"B- = 100 ",
55,135,1,Cs,,1632.9,keV,1,"19/2-",,53,m,2,,,,,,,,-85949.05600000001,keV,1.06418795332,"IT = 100 ",
55,136,0,Cs,,0,keV,,"5+",,13.01,d,0.05,,,,,,,,-86338.855,keV,1.873,"B- = 100 ",
55,136,1,Cs,,517.9,keV,0.1,"8-",,17.5,s,0.2,,,,,,,,-85820.955,keV,1.876,"B-?,IT = 0 ",
55,137,0,Cs,,0,keV,,"7/2+",,30.007443657093695,y,+0.022642706946182756-0.022642706946196967,,,,,,,,-86545.772,keV,0.302,"B- = 100 ",
55,138,0,Cs,,0,keV,,"3-",,32.48,m,0.2,,,,,,,,-82887.028,keV,9.158,"B- = 100 ",
55,138,1,Cs,,79.9,keV,0.3,"6-",,2.91,m,0.07,,,,,,,,-82807.12800000001,keV,9.16291241909,"B- = 18.5 +3-2.5,IT = 81.5 +2.5-3",
55,139,0,Cs,,0,keV,,"7/2+",,9.25,m,0.06,,,,,,,,-80701.088,keV,3.134,"B- = 100 ",
55,140,0,Cs,,0,keV,,"1-",,64,s,0.4,,,,,,,,-77049.738,keV,8.199,"B- = 100 ",
55,141,0,Cs,,0,keV,,"7/2+",,24.86,s,0.1,,,,,,,,-74477.351,keV,9.195,"B- = 100 ,B-n = 0.036 0.004",
55,142,0,Cs,,0,keV,,"0-",,1.687,s,0.009,,,,,,,,-70514.556,keV,7.067,"B- = 100,B-n = 0.0912 0.0035",
55,143,0,Cs,,0,keV,,"3/2+",,1.795,s,0.008,,,,,,,,-67675.519,keV,7.573,"B- = 100,B-n = 1.62 0.15",
55,144,0,Cs,,0,keV,0,"1(-)",,0.993,s,0.007,,,,,,,,-63271.362,keV,20.132,"B- = 100,B-n = 2.98 0.08",
55,145,0,Cs,,0,keV,,"3/2+",,588,ms,5,,,,,,,,-60054.424,keV,9.067,"B- = 100,B-n = 13.01 0.37",
55,146,0,Cs,,0,keV,,"1-",,322,ms,1,,,,,,,,-55310.38,keV,2.893,"B-n = 14.2 0.4,B-2n?,B- = 100",
55,147,0,Cs,,0,keV,,"(3/2+)",,232,ms,2,,,,,,,,-51920.073,keV,8.383,"B- = 100,B-n = 27.5 1.6",
55,148,0,Cs,,0,keV,,,,151,ms,2,,,,,,,,-46910.95,keV,13.041,"B-n = 29 4.5,B-2n?,B- = 100",
55,149,0,Cs,,0,keV,,,,112,ms,3,,,,,,,,-43300,keV,400,"B-n = 25 4,B-2n?,B- = 100",
55,150,0,Cs,,0,keV,,,,80.8,ms,2.8,,,,,,,,-38170,keV,400,"B-n ~ 44 ,B-2n?,B- = 100",
55,151,0,Cs,,0,keV,,,,59,ms,19,,,,,,,,-34280,keV,500,"B-n?,B-2n?,B- = 100 ",
55,152,0,Cs,,0,keV,,,,,,,,,,,,,,-29130,keV,500,"B-n?,B-2n?,B- = 100 ",
56,114,0,Ba,,0,keV,,"0+",,0.41,s,+0.15-0.1,,,,,,,,-45905.437,keV,102.676,"EC+B+ = 99.1 0.3,a = 0.9 0.3,ECp = 20 10",
56,115,0,Ba,,0,keV,,"(5/2+)",,0.45,s,0.05,,,,,,,,-48920,keV,200,"ECp = 15 ,EC+B+ = 100",
56,116,0,Ba,,0,keV,,"0+",,1.3,s,0.2,,,,,,,,-54380,keV,200,"ECp = 3 1,EC+B+ = 100",
56,117,0,Ba,,0,keV,,"(3/2+)",,1.75,s,0.06,,,,,,,,-57457.906,keV,250.339,"ECa = 0.024 0.013,EC+B+ = 100,ECp = 13 3",
56,118,0,Ba,,0,keV,0,"0+",,5.2,s,0.2,,,,,,,,-62200,keV,200,"ECp?,EC+B+ = 100",
56,119,0,Ba,,0,keV,,"(5/2+)",,5.4,s,0.3,,,,,,,,-64590.096,keV,200.269,"ECp = 25 2,EC+B+ = 100",
56,120,0,Ba,,0,keV,,"0+",,24,s,2,,,,,,,,-68888.649,keV,300.166,"EC+B+ = 100 ",
56,121,0,Ba,,0,keV,,"5/2+",,29.7,s,1.5,,,,,,,,-70744.847,keV,141.898,"ECp = 0.02 0.01,EC+B+ = 100",
56,122,0,Ba,,0,keV,,"0+",,1.95,m,0.15,,,,,,,,-74608.952,keV,27.945,"EC+B+ = 100 ",
56,123,0,Ba,,0,keV,,"5/2(+)",,2.4,m,0.4,,,,,,,,-75654.963,keV,12.109,"EC+B+ = 100 ",
56,124,0,Ba,,0,keV,,"0+",,10.8,m,0.6,,,,,,,,-79089.786,keV,12.497,"EC+B+ = 100 ",
56,125,0,Ba,,0,keV,,"1/2+",,3.3,m,0.3,,,,,,,,-79668.976,keV,10.992,"EC+B+ = 100 ",
56,126,0,Ba,,0,keV,,"0+",,98.6,m,1.5,,,,,,,,-82669.913,keV,12.497,"EC+B+ = 100 ",
56,127,0,Ba,,0,keV,,"1/2+",,12.8,m,0.3,,,,,,,,-82817.955,keV,11.357,"EC+B+ = 100 ",
56,127,1,Ba,,80.32,keV,0.11,"7/2-",,1.93,s,0.07,,,,,,,,-82737.635,keV,11.358,"IT = 100 ",
56,128,0,Ba,,0,keV,,"0+",,2.43,d,0.05,,,,,,,,-85369.156,keV,1.61,"EC = 100 ",
56,129,0,Ba,,0,keV,,"1/2+",,2.23,h,0.1,,,,,,,,-85060.866,keV,10.504,"EC+B+ = 100 ",
56,129,1,Ba,,8.42,keV,0.06,"7/2+",,2.142,h,0.008,,,,,,,,-85052.446,keV,10.504,"IT?,EC+B+ ~ 100 ",
56,130,0,Ba,,0,keV,0,"0+",,STABLE,,,,,,,,0.11,0.01,-87256.776,keV,0.287,,
56,131,0,Ba,,0,keV,,"1/2+",,11.52,d,0.01,,,,,,,,-86678.958,keV,0.415,"EC+B+ = 100 ",
56,131,1,Ba,,187.995,keV,0.009,"9/2-",,14.26,m,0.09,,,,,,,,-86490.963,keV,0.415,"IT = 100 ",
56,132,0,Ba,,0,keV,0,"0+",,STABLE,,,,,,,,0.1,0.01,-88434.903,keV,1.053,,
56,133,0,Ba,,0,keV,,"1/2+",,10.535808052112303,y,+0.004200888266854719-0.004200888266851166,,,,,,,,-87553.512,keV,0.992,"EC = 100 ",
56,133,1,Ba,,288.252,keV,0.009,"11/2-",,38.87,h,0.07,,,,,,,,-87265.26000000001,keV,0.99204082577,"IT = 99.9896 0.0005,EC = 0.0104 0.0005",
56,134,0,Ba,,0,keV,,"0+",,STABLE,,,,,,,,2.42,0.15,-88950.002,keV,0.251,,
56,135,0,Ba,,0,keV,,"3/2+",,STABLE,,,,,,,,6.59,0.1,-87850.655,keV,0.245,,
56,135,1,Ba,,268.218,keV,0.02,"11/2-",,28.12,h,0.06,,,,,,,,-87582.437,keV,0.246,"IT = 100 ",
56,136,0,Ba,,0,keV,,"0+",,STABLE,,,,,,,,7.85,0.24,-88887.079,keV,0.245,,
56,136,1,Ba,,2030.535,keV,0.018,"7-",,302.2,ms,6.2,,,,,,,,-86856.544,keV,0.246,"IT = 100 ",
56,137,0,Ba,,0,keV,,"3/2+",,STABLE,,,,,,,,11.23,0.23,-87721.401,keV,0.248,,
56,137,1,Ba,,661.659,keV,0.003,"11/2-",,2.5518,m,0.001,,,,,,,,-87059.742,keV,0.248,"IT = 100 ",
56,138,0,Ba,,0,keV,,"0+",,STABLE,,,,,,,,71.7,0.29,-88261.806,keV,0.249,,
56,139,0,Ba,,0,keV,,"7/2-",,82.89,m,0.14,,,,,,,,-84913.918,keV,0.253,"B- = 100 ",
56,140,0,Ba,,0,keV,,"0+",,12.7526,d,0.0014,,,,,,,,-83267.905,keV,7.9,"B- = 100 ",
56,141,0,Ba,,0,keV,,"3/2-",,18.24,m,0.08,,,,,,,,-79732.492,keV,5.318,"B- = 100 ",
56,142,0,Ba,,0,keV,,"0+",,10.51,m,0.15,,,,,,,,-77842.257,keV,5.92,"B- = 100 ",
56,143,0,Ba,,0,keV,,"5/2-",,14.38,s,0.21,,,,,,,,-73937.205,keV,6.756,"B- = 100 ",
56,144,0,Ba,,0,keV,0,"0+",,11.7,s,0.1,,,,,,,,-71767.13,keV,7.136,"B- = 100",
56,145,0,Ba,,0,keV,,"5/2-",,3.99,s,0.19,,,,,,,,-67516.183,keV,8.477,"B- = 100 ",
56,146,0,Ba,,0,keV,,"0+",,2.16,s,0.04,,,,,,,,-64866.269,keV,1.77,"B- = 100 ",
56,147,0,Ba,,0,keV,,"(5/2-)",,894,ms,7,,,,,,,,-60264.036,keV,19.748,"B- = 100 ,B-n = 0.071 0.044",
56,148,0,Ba,,0,keV,,"0+",,619,ms,4,,,,,,,,-57544.911,keV,1.49,"B- = 100 ,B-n = 0.389 0.332",
56,149,0,Ba,,0,keV,,"(5/2-),(3/2-)",,352,ms,5,,,,,,,,-52830.62,keV,2.515,"B- = 100 ,B-n = 3.9 1.2",
56,150,0,Ba,,0,keV,,"0+",,258,ms,5,,,,,,,,-49889.799,keV,5.682,"B- = 100 ,B-n = 1 0.5",
56,151,0,Ba,,0,keV,,,,167,ms,5,,,,,,,,-44940,keV,400,"B- = 100 ,B-n?",
56,152,0,Ba,,0,keV,,"0+",,140,ms,7,,,,,,,,-41610,keV,400,"B- = 100 ,B-n?",
56,153,0,Ba,,0,keV,,,,113,ms,39,,,,,,,,-36470,keV,400,"B-n?,B-2n?,B- = 100 ",
56,154,0,Ba,,0,keV,,"0+",,53,ms,48,,,,,,,,-32920,keV,500,"B- = 100 ,B-n?",
57,117,0,La,,0,keV,,"(3/2+)",,21.7,ms,1.8,,,,,,,,-46271,keV,200,"p = 100",
57,120,0,La,,0,keV,,,,2.8,s,0.2,,,,,,,,-57570,keV,300,"ECp = 0 ,EC+B+ = 100 ",
57,121,0,La,,0,keV,,,,5.3,s,0.2,,,,,,,,-62190,keV,300,"ECp?,EC+B+ = 100 ",
57,122,0,La,,0,keV,,,,8.7,s,0.7,,,,,,,,-64543,keV,298,"ECp?,EC+B+ = 100 ",
57,123,0,La,,0,keV,,,,16.3,s,0.3,,,,,,,,-68651,keV,196,"EC+B+ = 100 ",
57,124,0,La,,0,keV,,"(1),(2),(3)",,21,s,4,,,,,,,,-70258.617,keV,56.669,"EC+B+ = 100 ",
57,124,1,La,,0,keV,,"(8-)",,29.21,s,0.17,,,,,,,,-70258.617,keV,56.669,"EC+B+ = 100 ",
57,125,0,La,,0,keV,,"(11/2-)",,64.8,s,1.2,,,,,,,,-73759.492,keV,25.997,"EC+B+ = 100 ",
57,125,1,La,,107,keV,0.1,"(3/2+)",,0.39,s,0.04,,,,,,,,-73652.492,keV,25.997,"IT = 100",
57,126,0,La,,0,keV,,"(4),(5)",,54,s,2,,,,,,,,-74973.476,keV,90.508,"EC+B+ = 100",
57,126,1,La,,0,keV,,"(0-),(1),(2-)",,50,s,,,,,,,,,-74973.476,keV,90.508,"IT?,EC+B+?",
57,127,0,La,,0,keV,,"(11/2-)",,5.1,m,0.1,,,,,,,,-77896.116,keV,26,"EC+B+ = 100 ",
57,127,1,La,,14.2,keV,0.4,"(3/2+)",,3.7,m,0.4,,,,,,,,-77881.916,keV,26.003,"EC+B+ = 100 ",
57,128,0,La,,0,keV,,"(5+)",,5.1,m,0.2,,,,,,,,-78625.439,keV,54.448,"EC+B+ = 100",
57,128,1,La,,0,keV,,"(1+),(2-)",,1.4,m,,,,,,,,,-78625.439,keV,54.448,"EC+B+ = 100",
57,129,0,La,,0,keV,,"(3/2+)",,11.6,m,0.2,,,,,,,,-81323.541,keV,21.343,"EC+B+ = 100 ",
57,129,1,La,,172.33,keV,0.2,"(11/2-)",,0.56,s,0.05,,,,,,,,-81151.211,keV,21.344,"IT = 100 ",
57,130,0,La,,0,keV,0,"3(+)",,8.7,m,0.1,,,,,,,,-81627.374,keV,25.946,"EC+B+ = 100",
57,131,0,La,,0,keV,,"3/2+",,59,m,2,,,,,,,,-83769.265,keV,27.945,"EC+B+ = 100 ",
57,132,0,La,,0,keV,,"2-",,4.58,h,0.09,,,,,,,,-83723.578,keV,36.359,"EC+B+ = 100 ",
57,132,1,La,,188.2,keV,0.11,"6-",,24.3,m,0.5,,,,,,,,-83535.378,keV,36.359,"IT ~ 76 ,EC+B+ ~ 24 ",
57,133,0,La,,0,keV,,"5/2+",,3.89,h,0.03,,,,,,,,-85494.392,keV,27.945,"EC+B+ = 100 ",
57,134,0,La,,0,keV,,"1+",,6.45,m,0.16,,,,,,,,-85218.659,keV,19.93,"EC+B+ = 100 ",
57,135,0,La,,0,keV,,"5/2+",,18.95,h,0.13,,,,,,,,-86643.458,keV,9.432,"EC+B+ = 100 ",
57,136,0,La,,0,keV,,"1+",,9.87,m,0.03,,,,,,,,-86037.488,keV,53.171,"EC+B+ = 100 ",
57,136,1,La,,259.5,keV,0.3,"(7-)",,113,ms,4,,,,,,,,-85777.988,keV,53.172,"IT = 100 ",
57,137,0,La,,0,keV,,"7/2+",,60000,y,20000,,,,,,,,-87140.865,keV,1.64,"EC = 100 ",
57,138,0,La,,0,keV,,"5+",,102785709125,y,1111385100,,,,,,0.08881,0.00071,-86513.408,keV,0.416,"B- = 34.5 0.4,EC+B+ = 65.5 0.4",
57,139,0,La,,0,keV,,"7/2+",,STABLE,,,,,,,,99.91119,0.00071,-87222.381,keV,0.607,,
57,140,0,La,,0,keV,,"3-",,40.284,h,0.003,,,,,,,,-84312.059,keV,0.607,"B- = 100 ",
57,141,0,La,,0,keV,,"(7/2+)",,3.93,h,0.03,,,,,,,,-82929.844,keV,4.127,"B- = 100 ",
57,142,0,La,,0,keV,,"2-",,91.8,m,0.5,,,,,,,,-80023.95,keV,6.286,"B- = 100 ",
57,143,0,La,,0,keV,,"(7/2)+",,14.09,m,0.07,,,,,,,,-78171.467,keV,7.329,"B- = 100 ",
57,144,0,La,,0,keV,0,"3-",,40.8,s,0.4,,,,,,,,-74849.66,keV,12.937,"B- = 100",
57,145,0,La,,0,keV,,"(5/2+)",,24.8,s,2,,,,,,,,-72835.325,keV,12.269,"B- = 100 ",
57,146,0,La,,0,keV,,"(2-)",,6.1,s,0.3,,,,,,,,-69221.174,keV,1.675,"B- = 100",
57,146,1,La,,141.5,keV,2.4,"(5-),(6-)",,9.8,s,0.4,,,,,,,,-69079.674,keV,2.927,"B- = 100 ,IT?",
57,147,0,La,,0,keV,,"(5/2+)",,4.024,s,0.011,,,,,,,,-66678.397,keV,10.712,"B- = 100 ,B-n = 0.043 0.004",
57,148,0,La,,0,keV,,"(2-)",,1.411,s,0.028,,,,,,,,-62708.742,keV,19.468,"B- = 100 ,B-n = 0.192 +0.048-0.049",
57,149,0,La,,0,keV,,"(3/2-)",,1.085,s,0.026,,,,,,,,-60219.921,keV,200.262,"B- = 100 ,B-n = 1.41 0.33",
57,150,0,La,,0,keV,,"(3+)",,0.51,s,+0.01-0.022,,,,,,,,-56311.147,keV,2.515,"B- = 100 ,B-n = 2.69 0.34",
57,151,0,La,,0,keV,,,,0.457,s,+0.03-0.018,,,,,,,,-53310.339,keV,435.473,"B- = 100 ,B-n?",
57,152,0,La,,0,keV,,,,298,ms,+6-23,,,,,,,,-49290,keV,300,"B- = 100 ,B-n?",
57,153,0,La,,0,keV,,,,244,ms,18,,,,,,,,-46060,keV,300,"B- = 100 ,B-n?",
57,154,0,La,,0,keV,,,,163,ms,15,,,,,,,,-41530,keV,300,"B-n?,B-2n?,B- = 100 ",
57,155,0,La,,0,keV,,,,100,ms,25,,,,,,,,-37930,keV,400,"B-n?,B-2n?,B- = 100 ",
57,156,0,La,,0,keV,,,,84,ms,78,,,,,,,,-33050,keV,400,"B-n?,B-2n?,B- = 100 ",
57,157,0,La,,0,keV,0,,,,,,,,,,,,,-29070,keV,300,"B-n?,B-2n?,B- = 100",
58,121,0,Ce,,0,keV,,"(5/2)",,1.1,s,0.1,,,,,,,,-52690,keV,401,"ECp ~ 1 ,EC+B+ = 100 ",
58,122,0,Ce,,0,keV,,"0+",,,,,,,,,,,,-57874,keV,401,"ECp?,EC+B+ = 100",
58,123,0,Ce,,0,keV,,"(5/2)",,3.8,s,0.2,,,,,,,,-60286,keV,298,"ECp = 0 ,EC+B+ = 100 ",
58,124,0,Ce,,0,keV,,"0+",,9.1,s,2.3,,,,,,,,-64916,keV,298,"EC+B+ = 100 ",
58,125,0,Ce,,0,keV,,"(7/2-)",,9.7,s,0.3,,,,,,,,-66658,keV,196,"ECp?,EC+B+ = 100 ",
58,125,1,Ce,,93.6,keV,0.4,"(1/2+)",~,3,s,,,,,,,,,-66564.4,keV,196,"IT = 100",
58,126,0,Ce,,0,keV,,"0+",,51,s,0.4,,,,,,,,-70820.565,keV,27.945,"EC+B+ = 100 ",
58,127,0,Ce,,0,keV,,"(1/2+)",,34,s,2,,,,,,,,-71979.344,keV,28.876,"EC+B+ = 100 ",
58,127,1,Ce,,7.3,keV,1.1,"(5/2+)",,28.6,s,0.7,,,,,,,,-71972.044,keV,28.897,"EC+B+ = 100 ",
58,128,0,Ce,,0,keV,,"0+",,4,m,0.1,,,,,,,,-75533.925,keV,27.945,"EC+B+ = 100 ",
58,129,0,Ce,,0,keV,,"(5/2+)",,3.5,m,0.3,,,,,,,,-76287.504,keV,27.945,"EC+B+ = 100 ",
58,130,0,Ce,,0,keV,0,"0+",,22.9,m,0.5,,,,,,,,-79422.913,keV,27.945,"EC+B+ = 100",
58,131,0,Ce,,0,keV,,"7/2+",,10.3,m,0.3,,,,,,,,-79708.448,keV,32.802,"EC+B+ = 100 ",
58,131,1,Ce,,63.09,keV,0.09,"(1/2+)",,5,m,1,,,,,,,,-79645.35800000001,keV,32.80212346785,"EC+B+ = 100 ",
58,132,0,Ce,,0,keV,,"0+",,3.51,h,0.11,,,,,,,,-82468.688,keV,20.407,"EC+B+ = 100 ",
58,133,0,Ce,,0,keV,,"1/2+",,97,m,4,,,,,,,,-82418.223,keV,16.354,"EC+B+ = 100 ",
58,133,1,Ce,,37.2,keV,0.7,"9/2-",,5.326,h,0.011,,,,,,,,-82381.023,keV,16.369,"IT?,EC+B+ ~ 100 ",
58,134,0,Ce,,0,keV,,"0+",,3.22,d,0.04,,,,,,,,-84832.898,keV,20.387,"EC = 100 ",
58,135,0,Ce,,0,keV,,"1/2(+)",,17.7,h,0.2,,,,,,,,-84616.308,keV,10.266,"EC+B+ = 100 ",
58,135,1,Ce,,445.81,keV,0.21,"(11/2-)",,20,s,1,,,,,,,,-84170.498,keV,10.268,"IT = 100 ",
58,136,0,Ce,,0,keV,,"0+",,STABLE,,,,,,,,0.186,0.002,-86508.55,keV,0.324,,
58,137,0,Ce,,0,keV,,"3/2+",,9.11,h,0.03,,,,,,,,-85918.765,keV,0.36,"EC+B+ = 100 ",
58,137,1,Ce,,254.29,keV,0.05,"11/2-",,34.8,h,0.03,,,,,,,,-85664.475,keV,0.363,"IT = 99.23 0.02,EC+B+ = 0.77 0.02",
58,138,0,Ce,,0,keV,0,"0+",,STABLE,,,,,,,,0.251,0.002,-87565.867,keV,0.499,,
58,138,1,Ce,,2129.28,keV,0.12,"7-",,8.73,ms,0.2,,,,,,,,-85436.587,keV,0.513,"IT = 100 ",
58,139,0,Ce,,0,keV,,"3/2+",,137.64,d,0.02,,,,,,,,-86957.741,keV,2.089,"EC = 100 ",
58,139,1,Ce,,754.24,keV,0.08,"11/2-",,57.58,s,0.32,,,,,,,,-86203.50099999999,keV,2.09053127219,"IT = 100 ",
58,140,0,Ce,,0,keV,,"0+",,STABLE,,,,,,,,88.449,0.051,-88074.227,keV,1.313,,
58,141,0,Ce,,0,keV,,"7/2-",,32.504,d,0.011,,,,,,,,-85431.058,keV,1.315,"B- = 100 ",
58,142,0,Ce,,0,keV,,"0+",,STABLE,,,,,,,,11.114,0.051,-84532.896,keV,2.443,,
58,143,0,Ce,,0,keV,,"3/2-",,33.037,h,0.008,,,,,,,,-81606.378,keV,2.442,"B- = 100 ",
58,144,0,Ce,,0,keV,0,"0+",,284.886,d,0.03,,,,,,,,-80431.942,keV,2.833,"B- = 100",
58,145,0,Ce,,0,keV,,"(5/2-)",,3.02,m,0.05,,,,,,,,-77067.059,keV,33.9,"B- = 100 ",
58,146,0,Ce,,0,keV,,"0+",,13.22,m,0.09,,,,,,,,-75625.868,keV,14.665,"B- = 100 ",
58,147,0,Ce,,0,keV,,"(5/2-)",,56.4,s,1.1,,,,,,,,-72013.902,keV,8.58,"B- = 100 ",
58,148,0,Ce,,0,keV,,"0+",,56.8,s,0.3,,,,,,,,-70398.424,keV,11.195,"B- = 100 ",
58,149,0,Ce,,0,keV,,"(3/2-)",,5.2,s,0.3,,,,,,,,-66669.921,keV,10.246,"B- = 100 ",
58,150,0,Ce,,0,keV,,"0+",,6.05,s,0.07,,,,,,,,-64846.863,keV,11.697,"B- = 100 ",
58,151,0,Ce,,0,keV,,"(3/2-)",,1.74,s,0.05,,,,,,,,-61225.058,keV,17.698,"B- = 100 ",
58,152,0,Ce,,0,keV,,"0+",,1.42,s,0.02,,,,,,,,-58980,keV,200,"B- = 100 ",
58,153,0,Ce,,0,keV,,,,865,ms,25,,,,,,,,-54910,keV,200,"B- = 100 ,B-n?",
58,154,0,Ce,,0,keV,,"0+",,722,ms,14,,,,,,,,-52220,keV,200,"B- = 100 ,B-n?",
58,155,0,Ce,,0,keV,,,,313,ms,7,,,,,,,,-47780,keV,300,"B- = 100 ,B-n?",
58,156,0,Ce,,0,keV,,"0+",,233,ms,9,,,,,,,,-44820,keV,300,"B- = 100 ,B-n?",
58,157,0,Ce,,0,keV,,,,175,ms,41,,,,,,,,-39930,keV,400,"B- = 100 ,B-n?",
58,158,0,Ce,,0,keV,,"0+",,99,ms,93,,,,,,,,-36540,keV,400,"B- = 100 ,B-n?",
59,121,0,Pr,,0,keV,,"(3/2)",,10,ms,+6-3,,,,,,,,-41551,keV,500,"p ~ 100 ",
59,124,0,Pr,,0,keV,,,,1.2,s,0.2,,,,,,,,-53151,keV,401,"ECp = 0 ,EC+B+ = 100 ",
59,125,0,Pr,,0,keV,,"(3/2+)",,3.3,s,0.7,,,,,,,,-58070,keV,300,"ECp?,EC+B+ = 100 ",
59,126,0,Pr,,0,keV,,"(4),(5),(6)",,3.12,s,0.18,,,,,,,,-60324,keV,196,"ECp?,EC+B+ = 100 ",
59,127,0,Pr,,0,keV,,,,4.2,s,0.3,,,,,,,,-64543,keV,196,"ECp?,EC+B+ = 100 ",
59,128,0,Pr,,0,keV,,"(3+)",,2.8,s,0.1,,,,,,,,-66330.764,keV,29.808,"ECp = 0 ,EC+B+ = 100 ",
59,129,0,Pr,,0,keV,,"(3/2+)",,31,s,2,,,,,,,,-69773.566,keV,29.808,"EC+B+ = 100 ",
59,130,0,Pr,,0,keV,,"(5),(6),(7)",,40,s,0.4,,,,,,,,-71175.464,keV,64.273,"EC+B+ = 100",
59,130,1,Pr,,0,keV,,"(1),(2),(3)",,,,,,,,,,,,-71175.464,keV,64.273,"EC+B+?",
59,131,0,Pr,,0,keV,,"(3/2+)",,1.49,m,0.02,,,,,,,,-74300.664,keV,46.995,"EC+B+ = 100 ",
59,131,1,Pr,,152.4,keV,0.3,"(11/2-)",,5.7,s,0.2,,,,,,,,-74148.26400000001,keV,46.99595753892,"IT = 96.4 1.2,EC+B+ = 3.6 1.2",
59,132,0,Pr,,0,keV,,"(2)+",,1.6,m,0.3,,,,,,,,-75227.464,keV,28.876,"EC+B+ = 100 ",
59,133,0,Pr,,0,keV,,"(5/2+)",,6.5,m,0.3,,,,,,,,-77937.591,keV,12.497,"EC+B+ = 100 ",
59,133,1,Pr,,192.12,keV,0.14,"(11/2-)",,1.1,s,0.2,,,,,,,,-77745.471,keV,12.498,"IT = 100 ",
59,134,0,Pr,,0,keV,0,"2-",,17,m,2,,,,,,,,-78528,keV,20.316,"EC+B+ = 100 ",
59,134,1,Pr,,67.7,keV,0.4,"(6-)",~,11,m,,,,,,,,,-78460.3,keV,20.3,"EC+B+ = 100 ",
59,135,0,Pr,,0,keV,,"3/2(+)",,25.4,m,0.5,,,,,,,,-80935.872,keV,11.817,"EC+B+ = 100 ",
59,136,0,Pr,,0,keV,,"2+",,13.1,m,0.1,,,,,,,,-81340.421,keV,11.455,"EC+B+ = 100 ",
59,137,0,Pr,,0,keV,,"5/2+",,1.28,h,0.03,,,,,,,,-83201.814,keV,8.135,"EC+B+ = 100 ",
59,138,0,Pr,,0,keV,,"1+",,1.45,m,0.04,,,,,,,,-83128.867,keV,10.012,"EC+B+ = 100 ",
59,138,1,Pr,,364,keV,23,"7-",,2.03,h,0.02,,,,,,,,-82764.867,keV,25.085,"EC+B+ = 100 ",
59,139,0,Pr,,0,keV,,"5/2+",,4.41,h,0.04,,,,,,,,-84828.652,keV,3.649,"EC+B+ = 100 ",
59,140,0,Pr,,0,keV,,"1+",,3.39,m,0.01,,,,,,,,-84686.227,keV,6.142,"EC+B+ = 100 ",
59,141,0,Pr,,0,keV,,"5/2+",,STABLE,,,,,,,,100,0,-86014.533,keV,1.498,,
59,142,0,Pr,,0,keV,,"2-",,19.12,h,0.04,,,,,,,,-83786.367,keV,1.498,"B- = 99.9836 0.0008,EC = 0.0164 0.0008",
59,142,1,Pr,,3.694,keV,0.003,"5-",,14.6,m,0.5,,,,,,,,-83782.673,keV,1.498,"IT = 100 ",
59,143,0,Pr,,0,keV,,"7/2+",,13.57,d,0.02,,,,,,,,-83068.2,keV,1.816,"B- = 100 ",
59,144,0,Pr,,0,keV,0,"0-",,17.28,m,0.03,,,,,,,,-80750.588,keV,2.708,"B- = 100",
59,144,1,Pr,,59.03,keV,0.03,"3-",,7.2,m,0.3,,,,,,,,-80691.558,keV,2.708,"B- ~ 0.07 ,IT ~ 99.93 ",
59,145,0,Pr,,0,keV,,"7/2+",,5.982,h,0.009,,,,,,,,-79625.99,keV,7.149,"B- = 100 ",
59,146,0,Pr,,0,keV,,"(2-)",,24.09,m,0.1,,,,,,,,-76673.486,keV,34.356,"B- = 100 ",
59,147,0,Pr,,0,keV,,"(3/2+)",,13.35,m,0.1,,,,,,,,-75444.093,keV,15.855,"B- = 100 ",
59,148,0,Pr,,0,keV,,"1-",,2.29,m,0.02,,,,,,,,-72535.452,keV,15.041,"B- = 100 ",
59,148,1,Pr,,76.8,keV,0.2,"4-",,2.01,m,0.07,,,,,,,,-72458.652,keV,15.042,"B- = 64 10,IT = 36 10",
59,149,0,Pr,,0,keV,,"(5/2+)",,2.26,m,0.07,,,,,,,,-71039.373,keV,9.874,"B- = 100 ",
59,150,0,Pr,,0,keV,,"(1-)",,6.19,s,0.16,,,,,,,,-68300.509,keV,9.015,"B- = 100 ",
59,151,0,Pr,,0,keV,,"(3/2-)",,18.9,s,0.07,,,,,,,,-66779.681,keV,11.65,"B- = 100 ",
59,152,0,Pr,,0,keV,,"(4+)",,3.57,s,0.18,,,,,,,,-63758.07,keV,18.537,"B- = 100 ",
59,153,0,Pr,,0,keV,,"(3/2-)",,4.29,s,0.07,,,,,,,,-61568.49,keV,11.882,"B- = 100 ,B-n?",
59,154,0,Pr,,0,keV,,"(3+)",,2.3,s,0.09,,,,,,,,-57859.602,keV,100.005,"B- = 100 ,B-n?",
59,155,0,Pr,,0,keV,,,,1.47,s,3,,,,,,,,-55415.335,keV,17.198,"B- = 100 ,B-n?",
59,156,0,Pr,,0,keV,,,,444,ms,6,,,,,,,,-51449.307,keV,1.025,"B- = 100 ,B-n?",
59,157,0,Pr,,0,keV,,,,295,ms,+29-11,,,,,,,,-48434.806,keV,3.167,"B- = 100 ,B-n?",
59,158,0,Pr,,0,keV,,,,181,ms,14,,,,,,,,-44150,keV,300,"B- = 100 ,B-n?",
59,159,0,Pr,,0,keV,,,,134,ms,43,,,,,,,,-40770,keV,400,"B- = 100 ,B-n?",
59,160,0,Pr,,0,keV,,,,170,ms,140,,,,,,,,-36200,keV,400,"B-n?,B-2n?,B- = 100 ",
59,161,0,Pr,,0,keV,0,,,,,,,,,,,,,-32490,keV,500,"B-n?,B-2n?,B- = 100",
60,125,0,Nd,,0,keV,,"(5/2)",,0.65,s,0.15,,,,,,,,-48070,keV,400,"ECp = 0 ,EC+B+ = 100 ",
60,126,0,Nd,,0,keV,,"0+",,,,,,,,,,,,-53380,keV,300,"ECp?,EC+B+ = 100",
60,127,0,Nd,,0,keV,,,,1.6,s,0.2,,,,,,,,-55910,keV,300,"ECp?,EC+B+ = 100 ",
60,128,0,Nd,,0,keV,,"0+",,4,s,2,,,,,,,,-60530,keV,200,"ECp?,EC+B+ = 100 ",
60,129,0,Nd,,0,keV,,,,6.7,s,0.4,,,,,,,,-62375,keV,202,"ECp = 0 ,EC+B+ = 100 ",
60,129,1,Nd,,0,keV,,,,2.6,s,0.4,,,,,,,,-62375,keV,202,"EC+B+?,IT?,ECp?",
60,130,0,Nd,,0,keV,0,"0+",,21,s,3,,,,,,,,-66596.239,keV,27.945,"EC+B+ = 100",
60,131,0,Nd,,0,keV,,"(5/2+)",,25.4,s,0.9,,,,,,,,-67768.04,keV,27.517,"ECp = 0 ,EC+B+ = 100 ",
60,132,0,Nd,,0,keV,,"0+",,94,s,8,,,,,,,,-71425.815,keV,24.205,"EC+B+ = 100 ",
60,133,0,Nd,,0,keV,,"(7/2+)",,70,s,10,,,,,,,,-72332.38,keV,46.575,"EC+B+ = 100 ",
60,133,1,Nd,,127.97,keV,0.12,"(1/2+)",~,70,s,,,,,,,,,-72204.41,keV,46.58,"IT?,EC+B+?",
60,134,0,Nd,,0,keV,,"0+",,8.5,m,1.5,,,,,,,,-75646.443,keV,11.817,"EC+B+ = 100 ",
60,135,0,Nd,,0,keV,,"9/2-",,12.4,m,0.6,,,,,,,,-76213.62,keV,19.128,"EC+B+ = 100 ",
60,135,1,Nd,,64.95,keV,0.24,"(1/2+)",,5.5,m,0.5,,,,,,,,-76148.67,keV,19.13,"IT?,EC+B+ ~ 100 ",
60,136,0,Nd,,0,keV,,"0+",,50.65,m,0.33,,,,,,,,-79199.297,keV,11.817,"EC+B+ = 100 ",
60,137,0,Nd,,0,keV,,"1/2+",,38.5,m,1.5,,,,,,,,-79583.969,keV,11.725,"EC+B+ = 100 ",
60,137,1,Nd,,519.43,keV,0.2,"11/2-",,1.6,s,0.15,,,,,,,,-79064.539,keV,11.727,"IT = 100 ",
60,138,0,Nd,,0,keV,,"0+",,5.11,h,0.08,,,,,,,,-82017.182,keV,11.603,"EC+B+ = 100 ",
60,139,0,Nd,,0,keV,,"3/2+",,29.7,m,0.5,,,,,,,,-82016.93,keV,27.521,"EC+B+ = 100 ",
60,139,1,Nd,,231.16,keV,0.05,"11/2-",,5.5,h,0.2,,,,,,,,-81785.76999999999,keV,27.52104541982,"IT = 13 1,EC+B+ = 87 1",
60,140,0,Nd,,0,keV,,"0+",,3.37,d,0.02,,,,,,,,-84257.246,keV,3.26,"EC = 100 ",
60,141,0,Nd,,0,keV,,"3/2+",,2.49,h,0.03,,,,,,,,-84191.52,keV,3.183,"EC+B+ = 100 ",
60,141,1,Nd,,756.51,keV,0.05,"11/2-",,62,s,0.8,,,,,,,,-83435.01000000001,keV,3.18339268706,"IT = 99.95,EC+B+ = 0.05 ",
60,142,0,Nd,,0,keV,,"0+",,STABLE,,,,,,,,27.153,0.04,-85950.055,keV,1.256,,
60,143,0,Nd,,0,keV,,"7/2-",,STABLE,,,,,,,,12.173,0.026,-84002.31,keV,1.255,,
60,144,0,Nd,,0,keV,0,"0+",,2287500000000000,y,158607219255619,,,,,,23.798,0.019,-83748.028,keV,1.255,"a = 100",
60,145,0,Nd,,0,keV,,"7/2-",,STABLE,,,,,,,,8.293,0.012,-81432.004,keV,1.271,,
60,146,0,Nd,,0,keV,,"0+",,STABLE,,,,,,,,17.189,0.032,-80925.916,keV,1.273,,
60,147,0,Nd,,0,keV,,"5/2-",,11.12,d,0.07,,,,,,,,-78146.794,keV,1.275,"B- = 100 ",
60,148,0,Nd,,0,keV,,"0+",,STABLE,,,,,,,,5.756,0.021,-77408.066,keV,2.053,,
60,149,0,Nd,,0,keV,,"5/2-",,1.728,h,0.002,,,,,,,,-74375.535,keV,2.054,"B- = 100 ",
60,150,0,Nd,,0,keV,,"0+",,9300000000000000000,y,700000000000000000,,,,,,5.638,0.028,-73679.951,keV,1.129,"2B- = 100",
60,151,0,Nd,,0,keV,,"3/2+",,12.44,m,0.07,,,,,,,,-70943.183,keV,1.133,"B- = 100 ",
60,152,0,Nd,,0,keV,,"0+",,11.4,m,0.2,,,,,,,,-70149.663,keV,24.476,"B- = 100 ",
60,153,0,Nd,,0,keV,,"(3/2)-",,31.6,s,1,,,,,,,,-67330.38,keV,2.747,"B- = 100 ",
60,154,0,Nd,,0,keV,,"0+",,25.9,s,0.2,,,,,,,,-65579.602,keV,1.025,"B- = 100 ",
60,155,0,Nd,,0,keV,,"(3/2-)",,8.9,s,0.2,,,,,,,,-62283.796,keV,9.154,"B- = 100 ",
60,156,0,Nd,,0,keV,,"0+",,5.27,s,0.23,,,,,,,,-60202.13,keV,1.304,"B- = 100 ",
60,157,0,Nd,,0,keV,,"(5/2-)",,1.16,s,0.02,,,,,,,,-56494.117,keV,2.137,"B- = 100 ",
60,158,0,Nd,,0,keV,,"0+",,820,ms,+15-36,,,,,,,,-53835.123,keV,1.304,"B- = 100 ,B-n?",
60,159,0,Nd,,0,keV,,,,485,ms,+39-20,,,,,,,,-49724.007,keV,29.808,"B- = 100 ,B-n?",
60,160,0,Nd,,0,keV,,"0+",,439,ms,37,,,,,,,,-46724.515,keV,46.575,"B- = 100 ,B-n?",
60,161,0,Nd,,0,keV,,,,215,ms,76,,,,,,,,-42230,keV,400,"B- = 100 ,B-n?",
60,162,0,Nd,,0,keV,,"0+",,310,ms,20,,,,,,,,-39010,keV,400,"B- = 100 ,B-n?",
60,163,0,Nd,,0,keV,0,,,,,,,,,,,,,-34080,keV,500,"B- = 100,B-n?",
61,128,0,Pm,,0,keV,,"(5),(6),(7)",,1,s,0.3,,,,,,,,-48220,keV,300,"ECp?,EC+B+ ~ 100 ",
61,129,0,Pm,,0,keV,,"(5/2-)",,2.4,s,0.9,,,,,,,,-53180,keV,300,"p?,EC+B+ ~ 100 ,ECp?",
61,130,0,Pm,,0,keV,0,"(4),(5),(6)",,2.6,s,0.2,,,,,,,,-55470,keV,200,"ECp?,EC+B+ = 100",
61,131,0,Pm,,0,keV,,"(11/2-)",,6.3,s,0.8,,,,,,,,-59770,keV,200,"EC+B+ = 100 ",
61,132,0,Pm,,0,keV,,"(3+)",,6.9,s,1.9,,,,,,,,-61628,keV,149,"ECp ~ 0.00005 ,EC+B+ = 100",
61,133,0,Pm,,0,keV,,"(3/2+)",,14,s,2,,,,,,,,-65407.653,keV,50.301,"EC+B+ = 100 ",
61,133,1,Pm,,129.7,keV,0.7,"(11/2-)",,8.8,s,,,,,,,,,-65277.953,keV,50.306,"IT?,EC+B+?",
61,134,0,Pm,,0,keV,,"(2+)",~,5,s,,,,,,,,,-66763.908,keV,41.917,"EC+B+ = 100 ",
61,134,1,Pm,,0,keV,,"(5+)",,24,s,1,,,,,,,,-66763.908,keV,41.917,"EC+B+ = 100 ",
61,135,0,Pm,,0,keV,,"(3/2+),(5/2+)",,49,s,3,,,,,,,,-70062.329,keV,82.903,"EC+B+ = 100 ",
61,135,1,Pm,,0,keV,,"(11/2-)",,45,s,+4-5,,,,,,,,-70062.329,keV,82.903,"EC+B+ = 100 ",
61,136,0,Pm,,0,keV,0,"(5)",,107,s,6,,,,,,,,-71169.923,keV,69.073,"EC+B+ = 100 ",
61,136,1,Pm,,280,keV,220,"(2)",,5,m,0.8333333333333334,,,,,,,,-70889.923,keV,230.589,"EC+B+ = 100",
61,137,0,Pm,,0,keV,,,,,,,,,,,,,,-74072.858,keV,13.041,"EC+B+ = 100 ",
61,137,1,Pm,,160,keV,50,"(11/2-)",,2.4,m,0.1,,,,,,,,-73912.858,keV,51.673,"EC+B+ = 100",
61,138,0,Pm,,0,keV,0,"(5-)",,3.25,m,0.05,,,,,,,,-74914.37,keV,11.603,"EC+B+ = 100 ",
61,139,0,Pm,,0,keV,,"(5/2)+",,4.14,m,0.05,,,,,,,,-77501.028,keV,13.588,"EC+B+ = 100 ",
61,139,1,Pm,,188.7,keV,0.3,"(11/2)-",,180,ms,20,,,,,,,,-77312.32800000001,keV,13.59131134218,"IT ~ 100 ",
61,140,0,Pm,,0,keV,,"1+",,9.2,s,0.2,,,,,,,,-78212.046,keV,24.22,"EC+B+ = 100 ",
61,140,1,Pm,,431,keV,28,"8-",,5.84,m,0.09,,,,,,,,-77781.046,keV,37.022,"EC+B+ = 100 ",
61,141,0,Pm,,0,keV,,"5/2+",,20.9,m,0.05,,,,,,,,-80522.932,keV,13.972,"EC+B+ = 100 ",
61,142,0,Pm,,0,keV,,"1+",,40.5,s,0.4,,,,,,,,-81141.536,keV,23.596,"EC+B+ = 100 ",
61,143,0,Pm,,0,keV,,"5/2+",,265,d,7,,,,,,,,-82960.664,keV,2.944,"EC+B+ = 100 ",
61,144,0,Pm,,0,keV,0,"5-",,363,d,14,,,,,,,,-81416.116,keV,2.912,"EC = 100",
61,145,0,Pm,,0,keV,,"5/2+",,17.7,y,0.4,,,,,,,,-81267.506,keV,2.805,"a = 2.8e-7,EC = 100",
61,146,0,Pm,,0,keV,,"3-",,5.53,y,0.05,,,,,,,,-79454.36,keV,4.275,"B- = 34.3 1.5,EC = 65.7 1.5",
61,147,0,Pm,,0,keV,,"7/2+",,2.62344,y,0.00022,,,,,,,,-79041.984,keV,1.288,"B- = 100 ",
61,148,0,Pm,,0,keV,,"1-",,5.368,d,0.007,,,,,,,,-76865.877,keV,5.69,"B- = 100 ",
61,148,1,Pm,,137.9,keV,0.3,"5-,6-",,41.29,d,0.11,,,,,,,,-76727.977,keV,5.698,"B- = 95.8 0.6,IT = 4.2 0.6",
61,149,0,Pm,,0,keV,,"7/2+",,53.08,h,0.05,,,,,,,,-76064.404,keV,2.184,"B- = 100 ",
61,150,0,Pm,,0,keV,,"(1-)",,2.698,h,0.015,,,,,,,,-73597.336,keV,20.031,"B- = 100 ",
61,151,0,Pm,,0,keV,,"5/2+",,28.4,h,0.04,,,,,,,,-73386.26,keV,4.611,"B- = 100 ",
61,152,0,Pm,,0,keV,,"1+",,4.1,m,0.1,,,,,,,,-71254.468,keV,25.904,"B- = 100 ",
61,152,1,Pm,,150,keV,90,"4-",,7.52,m,0.07,,,,,,,,-71104.468,keV,93.654,"B- = 100 ",
61,152,2,Pm,,0,keV,,"(8)",,15,m,1,,,,,,,,-71254.468,keV,25.904,"B- = 100 ,IT = 0 ",
61,153,0,Pm,,0,keV,,"5/2-",,5.25,m,0.02,,,,,,,,-70648.003,keV,9.063,"B- = 100 ",
61,154,0,Pm,,0,keV,,"(3),(4)",,2.68,m,0.07,,,,,,,,-68266.602,keV,25.021,"B- = 100 ",
61,154,1,Pm,,198,keV,68,"(0-),(1-)",,1.7,m,0.1,,,,,,,,-68068.602,keV,72.457,"B- = 100 ",
61,155,0,Pm,,0,keV,,"5/2-",,41.5,s,0.2,,,,,,,,-66940.006,keV,4.719,"B- = 100 ",
61,156,0,Pm,,0,keV,,"4(+)",,27.8,s,0.8,,,,,,,,-64166.847,keV,1.188,"B- = 100 ",
61,156,1,Pm,,150.3,keV,0.1,"1(+)",,5,s,,,,,,,,,-64016.547,keV,1.192,"B- ~ 2 ,IT ~ 98 ",
61,157,0,Pm,,0,keV,,"(5/2-)",,10.56,s,0.1,,,,,,,,-62297.116,keV,7.006,"B- = 100 ",
61,158,0,Pm,,0,keV,,,,4.8,s,0.5,,,,,,,,-59106.143,keV,0.888,"B- = 100 ",
61,159,0,Pm,,0,keV,,,,1.634,s,0.04,,,,,,,,-56554.351,keV,10.039,"B- = 100 ,B-n = 0.6 ",
61,160,0,Pm,,0,keV,,,,0.725,s,0.057,,,,,,,,-52894.639,keV,2.049,"B- = 100 ,B-n = 0.1 ",
61,160,1,Pm,,191,keV,11,,,700,ms,,,,,,,,,-52703.639,keV,11.189,"B-?,IT?",
61,161,0,Pm,,0,keV,,"(5/2-)",,730,ms,+43-33,,,,,,,,-50086.589,keV,9.035,"B- = 100 ,B-n = 1.09 0.11",
61,162,0,Pm,,0,keV,,,,474,ms,+37-23,,,,,,,,-46040,keV,300,"B- = 100 ,B-n = 1.79 0.19",
61,163,0,Pm,,0,keV,,,,363,ms,+42-30,,,,,,,,-42960,keV,400,"B- = 100 ,B-n = 5 0.74",
61,164,0,Pm,,0,keV,0,,,280,ms,+38-33,,,,,,,,-38360,keV,400,"B- = 100,B-n = 6.2 1.8",
61,165,0,Pm,,0,keV,0,,,0.297,s,+0.111-0.101,,,,,,,,-34670,keV,500,"B- = 100,B-n = 13.3 6.2",
61,166,0,Pm,,0,keV,0,,,0.228,s,+0.131-0.112,,,,,,,,,,,"B-n = 52 ,B-2n?,B- = 100",
62,129,0,Sm,,0,keV,,"(1/2+),(3/2+)",,0.55,s,0.1,,,,,,,,-42330,keV,500,"ECp = 0 ,EC+B+ = 100 ",
62,130,0,Sm,,0,keV,0,"0+",,,,,,,,,,,,-47700,keV,400,"EC+B+?",
62,131,0,Sm,,0,keV,,,,1.2,s,0.2,,,,,,,,-50280,keV,400,"ECp = 0 ,EC+B+ = 100 ",
62,132,0,Sm,,0,keV,,"0+",,4,s,0.3,,,,,,,,-55140,keV,300,"ECp?,EC+B+ = 100 ",
62,133,0,Sm,,0,keV,,"(5/2+)",,2.9,s,0.2,,,,,,,,-57231,keV,298,"ECp = 0 ,EC+B+ = 100 ",
62,133,1,Sm,,0,keV,,"(1/2-)",,3.4,s,0.5,,,,,,,,-57231,keV,298,"EC+B+?,IT?,ECp?",
62,134,0,Sm,,0,keV,,"0+",,9.5,s,0.7,,,,,,,,-61376,keV,196,"EC+B+ = 100 ",
62,135,0,Sm,,0,keV,,"(3/2+),(5/2+)",,10.3,s,0.5,,,,,,,,-62857.222,keV,154.628,"ECp = 0.02 0.01,EC+B+ = 100 ",
62,136,0,Sm,,0,keV,,"0+",,45,s,2,,,,,,,,-66810.899,keV,12.497,"EC+B+ = 100 ",
62,137,0,Sm,,0,keV,,"(9/2-)",,45,s,4,,,,,,,,-67991.655,keV,28.614,"EC+B+ = 100 ",
62,138,0,Sm,,0,keV,,"0+",,3.1,m,0.2,,,,,,,,-71497.772,keV,11.817,"EC+B+ = 100 ",
62,139,0,Sm,,0,keV,,"1/2+",,2.57,m,0.09,,,,,,,,-72380.229,keV,10.884,"EC+B+ = 100 ",
62,139,1,Sm,,457.38,keV,0.23,"11/2-",,10.7,s,0.6,,,,,,,,-71922.849,keV,10.886,"IT = 93.7 0.5,EC+B+ = 6.3 0.5",
62,140,0,Sm,,0,keV,,"0+",,14.78,m,0.08,,,,,,,,-75455.945,keV,12.497,"EC+B+ = 100 ",
62,141,0,Sm,,0,keV,,"1/2+",,10.4,m,0.5,,,,,,,,-75933.959,keV,8.535,"EC+B+ = 100 ",
62,141,1,Sm,,175.9,keV,0.3,"11/2-",,22.6,m,0.2,,,,,,,,-75758.05900000001,keV,8.54027078025,"IT = 0.31 0.03,EC+B+ = 99.69 0.03",
62,142,0,Sm,,0,keV,,"0+",,72.48,m,0.04,,,,,,,,-78981.93,keV,1.866,"EC+B+ = 100 ",
62,143,0,Sm,,0,keV,,"3/2+",,8.83,m,0.01,,,,,,,,-79517.135,keV,2.75,"EC+B+ = 100 ",
62,143,1,Sm,,753.99,keV,0.16,"11/2-",,66,s,1,,,,,,,,-78763.14499999999,keV,2.75465061305,"IT = 99.76 0.05,EC+B+ = 0.24 0.05",
62,144,0,Sm,,0,keV,0,"0+",,STABLE,,,,,,,,3.08,0.04,-81965.626,keV,1.459,,
62,145,0,Sm,,0,keV,,"7/2-",,340,d,3,,,,,,,,-80651.407,keV,1.485,"EC = 100 ",
62,146,0,Sm,,0,keV,,"0+",,68000000,y,7000000,,,,,,,,-80996.36,keV,3.045,"a = 100",
62,147,0,Sm,,0,keV,,"7/2-",,106799657913,y,654568137,,,,,,15,0.14,-79266.048,keV,1.262,"a = 100",
62,148,0,Sm,,0,keV,,"0+",,6842105263157894,y,+973328526784576-988121075278542,,,,,,,,-79336.067,keV,1.246,"a = 100",
62,149,0,Sm,,0,keV,,"7/2-",,STABLE,,,,,,,,13.82,0.1,-77135.898,keV,1.157,,
62,150,0,Sm,,0,keV,,"0+",,STABLE,,,,,,,,7.37,0.09,-77051.336,keV,1.112,,
62,151,0,Sm,,0,keV,,"5/2-",,94.6,y,0.6,,,,,,,,-74576.48,keV,1.11,"B- = 100 ",
62,152,0,Sm,,0,keV,,"0+",,STABLE,,,,,,,,26.74,0.09,-74762.977,keV,1.016,,
62,153,0,Sm,,0,keV,,"3/2+",,46.283,h,0.002,,,,,,,,-72560.059,keV,1.025,"B- = 100 ",
62,154,0,Sm,,0,keV,,"0+",,STABLE,,,,,,,,22.74,0.14,-72455.564,keV,1.305,,
62,155,0,Sm,,0,keV,,"3/2-",,22.182,m,0.054,,,,,,,,-70191.206,keV,1.332,"B- = 100 ",
62,156,0,Sm,,0,keV,,"0+",,9.4,h,0.2,,,,,,,,-69360.735,keV,8.522,"B- = 100 ",
62,157,0,Sm,,0,keV,,"(3/2-)",,8.036500866122248,m,0.06150932477529135,,,,,,,,-66677.654,keV,4.434,"B- = 100 ",
62,158,0,Sm,,0,keV,,"0+",,5.32,m,0.05,,,,,,,,-65251.849,keV,4.782,"B- = 100 ",
62,159,0,Sm,,0,keV,,"5/2-",,11.37,s,0.15,,,,,,,,-62207.849,keV,5.934,"B- = 100 ",
62,160,0,Sm,,0,keV,,"0+",,9.6,s,0.3,,,,,,,,-60233.172,keV,1.956,"B- = 100 ",
62,161,0,Sm,,0,keV,,"(7/2+)",,4.63,s,0.29,,,,,,,,-56672.043,keV,6.817,"B- = 100 ",
62,162,0,Sm,,0,keV,,"0+",,3.09,s,0.27,,,,,,,,-54379.053,keV,3.523,"B- = 100 ",
62,163,0,Sm,,0,keV,,,,1.67,s,+0.18-0.19,,,,,,,,-50599.612,keV,7.359,"B- = 100 ,B-n = 0.1 ",
62,164,0,Sm,,0,keV,,"0+",,1.42,s,0.06,,,,,,,,-47925.314,keV,4.099,"B- = 100 ,B-n = 0.7 ",
62,165,0,Sm,,0,keV,,,,614,ms,+89-91,,,,,,,,-43510,keV,400,"B- = 100 ,B-n = 1.36 0.4",
62,166,0,Sm,,0,keV,,"0+",,399,ms,+56-62,,,,,,,,-40450,keV,400,"B- = 100 ,B-n = 4.4 1.4",
62,167,0,Sm,,0,keV,0,,,334,ms,+83-78,,,,,,,,-35330,keV,500,"B- = 100,B-n = 16 ",
62,168,0,Sm,,0,keV,0,"0+",,0.353,s,+0.21-0.164,,,,,,,,-31640,keV,300,"B- = 100,B-n = 21 ",
63,130,0,Eu,,0,keV,0,"(1+)",,0.9,ms,+0.49-0.29,,,,,,,,-33513,keV,539,"p ~ 100 ",
63,131,0,Eu,,0,keV,,"3/2+",,17.8,ms,1.9,,,,,,,,-39464,keV,400,"p = 0 ,EC+B+?",
63,132,0,Eu,,0,keV,,,,,,,,,,,,,,-42200,keV,400,"ECp?,EC+B+?",
63,134,0,Eu,,0,keV,,,,0.5,s,0.2,,,,,,,,-49800,keV,300,"ECp = 0 ,EC+B+ = 100 ",
63,135,0,Eu,,0,keV,,,,1.5,s,0.2,,,,,,,,-54148,keV,196,"ECp?,EC+B+ = 100 ",
63,136,0,Eu,,0,keV,,"(7+)",,3.3,s,0.3,,,,,,,,-56244,keV,196,"ECp ~ 0.09 ,EC+B+ = 100 ",
63,136,1,Eu,,0,keV,,"(3+)",,3.8,s,0.3,,,,,,,,-56244,keV,196,"ECp ~ 0.09 ,EC+B+ = 100",
63,137,0,Eu,,0,keV,,"(11/2-)",,11,s,2,,,,,,,,-60145.904,keV,4.378,"EC+B+ = 100 ",
63,138,0,Eu,,0,keV,,"(6-)",,12.1,s,0.5,,,,,,,,-61749.676,keV,27.945,"EC+B+ = 100 ",
63,139,0,Eu,,0,keV,,"(11/2)-",,17.9,s,0.6,,,,,,,,-65398.051,keV,13.151,"EC+B+ = 100 ",
63,140,0,Eu,,0,keV,,"1+",,1.51,s,0.02,,,,,,,,-66985.945,keV,51.538,"EC+B+ = 100 ",
63,140,1,Eu,,210,keV,13,"(5-)",,125,ms,2,,,,,,,,-66775.945,keV,53.152,"IT = 99 ,EC+B+ = 1 ",
63,141,0,Eu,,0,keV,,"5/2+",,40.7,s,0.7,,,,,,,,-69925.647,keV,12.639,"EC+B+ = 100 ",
63,141,1,Eu,,96.45,keV,0.07,"11/2-",,3,s,0.3,,,,,,,,-69829.197,keV,12.639,"IT = 87 +2-4,EC+B+ = 13 +4-2",
63,142,0,Eu,,0,keV,,"1+",,2.36,s,0.1,,,,,,,,-71308.93,keV,30.058,"EC+B+ = 100 ",
63,142,1,Eu,,520,keV,50,"8-",,1.223,m,0.007,,,,,,,,-70788.93,keV,58.34,"EC+B+ = 100 ",
63,143,0,Eu,,0,keV,,"5/2+",,2.6,m,0.02,,,,,,,,-74241.311,keV,10.986,"EC+B+ = 100 ",
63,144,0,Eu,,0,keV,0,"1+",,10.2,s,0.1,,,,,,,,-75619.175,keV,10.787,"EC+B+ = 100",
63,145,0,Eu,,0,keV,,"5/2+",,5.93,d,0.03,,,,,,,,-77991.524,keV,3.06,"EC+B+ = 100 ",
63,146,0,Eu,,0,keV,,"4-",,4.61,d,0.03,,,,,,,,-77117.603,keV,6.009,"EC+B+ = 100 ",
63,147,0,Eu,,0,keV,,"5/2+",,24.1,d,0.6,,,,,,,,-77544.611,keV,2.569,"a = 0.0022 0.0006,EC = 99.9978 0.0006",
63,148,0,Eu,,0,keV,,"5-",,54.4,d,0.4,,,,,,,,-76297.482,keV,9.961,"a = 9.4e-7 2.8e-7,EC+B+ = 100 ",
63,149,0,Eu,,0,keV,,"5/2+",,93.1,d,0.4,,,,,,,,-76441.317,keV,3.903,"EC = 100 ",
63,150,0,Eu,,0,keV,,"5-",,36.6,y,0.7,,,,,,,,-74792.369,keV,6.231,"EC+B+ = 100 ",
63,150,1,Eu,,41.7,keV,1,"0-",,12.8,h,0.1,,,,,,,,-74750.66900000001,keV,6.31073379252,"B- = 89 2,EC+B+ = 11 2",
63,151,0,Eu,,0,keV,,"5/2+",,4600000000000000000,y,1200000000000000000,,,,,,47.81,0.06,-74653.098,keV,1.166,"a = 100",
63,152,0,Eu,,0,keV,,"3-",,13.517,y,0.009,,,,,,,,-72888.5,keV,1.166,"B- = 27.92 0.13,EC+B+ = 72.08 0.13",
63,152,1,Eu,,45.5998,keV,0.0004,"0-",,9.3116,h,0.0013,,,,,,,,-72842.9002,keV,1.166,"B- = 73 3,EC+B+ = 27 3",
63,152,2,Eu,,147.86,keV,0.1,"8-",,95.8,m,0.4,,,,,,,,-72740.64,keV,1.17,"IT = 100 ",
63,153,0,Eu,,0,keV,,"5/2+",,STABLE,,,,,,,,52.19,0.06,-73367.466,keV,1.171,,
63,154,0,Eu,,0,keV,,"3-",,8.591079128993865,y,+0.0035899901469687023-0.0035899901469704787,,,,,,,,-71738.367,keV,1.188,"B- = 99.982 0.012,EC+B+ = 0.018 0.012",
63,154,1,Eu,,145.3,keV,0.3,"8-",,46.3,m,0.3,,,,,,,,-71593.067,keV,1.225,"IT = 100 ",
63,155,0,Eu,,0,keV,,"5/2+",,4.742118750988556,y,+0.007567999496559175-0.007567999496560063,,,,,,,,-71818.337,keV,1.252,"B- = 100 ",
63,156,0,Eu,,0,keV,,"0+",,15.16,d,0.02,,,,,,,,-70082.844,keV,3.532,"B- = 100 ",
63,157,0,Eu,,0,keV,,"5/2+",,15.18,h,0.03,,,,,,,,-69459.134,keV,4.234,"B- = 100 ",
63,158,0,Eu,,0,keV,,"(1-)",,45.9,m,0.2,,,,,,,,-67270.461,keV,2.032,"B- = 100 ",
63,159,0,Eu,,0,keV,,"5/2+",,18.1,m,0.1,,,,,,,,-66043.386,keV,4.32,"B- = 100 ",
63,160,0,Eu,,0,keV,,"(5-)",,42.6,s,0.5,,,,,,,,-63493.449,keV,0.904,"B- = 100 ",
63,160,1,Eu,,93,keV,1.2,"(1-)",,30.8,s,0.5,,,,,,,,-63400.449,keV,1.502,"B- = 100",
63,161,0,Eu,,0,keV,,"(5/2+)",,26,s,2,,,,,,,,-61791.601,keV,10.4,"B- = 100 ",
63,162,0,Eu,,0,keV,,"(1+)",,11.7,s,1.2,,,,,,,,-58722.944,keV,1.314,"B- = 100 ",
63,162,1,Eu,,159.8,keV,1.7,"(6+)",,12,s,0.2,,,,,,,,-58563.144,keV,2.149,"B- = 100",
63,163,0,Eu,,0,keV,,,,7.7,s,0.4,,,,,,,,-56573.819,keV,0.904,"B- = 100 ",
63,164,0,Eu,,0,keV,,"(3-)",,4.08,s,0.16,,,,,,,,-53232.146,keV,2.068,"B- = 100 ",
63,165,0,Eu,,0,keV,,,,2.25,s,0.14,,,,,,,,-50729.103,keV,5.213,"B- = 100 ,B-n = 0.4 ",
63,166,0,Eu,,0,keV,,,,1.29,s,+0.07-0.08,,,,,,,,-46749,keV,100,"B- = 100 ,B-n = 0.63 0.17",
63,167,0,Eu,,0,keV,,,,862,ms,+75-59,,,,,,,,-43770,keV,400,"B- = 100 ,B-n = 1.95 0.38",
63,168,0,Eu,,0,keV,,,,440,ms,48,,,,,,,,-39250,keV,400,"B- = 100 ,B-n = 3.95 0.83",
63,169,0,Eu,,0,keV,-1,,,389,ms,90,,,,,,,,-35660,keV,500,"B- = 100,B-n = 14.6 +5.8-5.1",
63,170,0,Eu,,0,keV,0,,,197,ms,+74-71,,,,,,,,-30860,keV,500,"B- = 100,B-n = 24 ",
64,134,0,Gd,,0,keV,,"0+",,,,,,,,,,,,-41530,keV,400,"ECp?,EC+B+?",
64,135,0,Gd,,0,keV,,"(5/2+)",,1.1,s,0.2,,,,,,,,-44250,keV,400,"ECp ~ 2 ,EC+B+ = 100 ",
64,136,0,Gd,,0,keV,,"0+",,,,,,,,,,,,-49090,keV,298,"ECp?,EC+B+?",
64,137,0,Gd,,0,keV,,"(7/2)",,2.2,s,0.2,,,,,,,,-51214,keV,298,"ECp ~ 2 ,EC+B+ = 100 ",
64,138,0,Gd,,0,keV,,"0+",,4.7,s,0.9,,,,,,,,-55660,keV,200,"ECp?,EC+B+ = 100 ",
64,139,0,Gd,,0,keV,,"(9/2-)",,5.6,s,0.3,,,,,,,,-57632,keV,196,"ECp = 0 ,EC+B+ = 100 ",
64,139,1,Gd,,250,keV,150,"(1/2+)",,4.8,s,0.9,,,,,,,,-57382,keV,246.8,"ECp = 0 ,EC+B+ = 100 ",
64,140,0,Gd,,0,keV,,"0+",,15.8,s,0.4,,,,,,,,-61782.278,keV,27.945,"EC+B+ = 100",
64,141,0,Gd,,0,keV,,"1/2+",,17,s,3,,,,,,,,-63224.231,keV,19.76,"ECp = 0.03 0.01,EC+B+ = 100 ",
64,141,1,Gd,,377.76,keV,0.09,"11/2-",,24.4,s,0.5,,,,,,,,-62846.471,keV,19.76,"IT = 11 2,EC+B+ = 89 2",
64,142,0,Gd,,0,keV,,"0+",,70.2,s,0.6,,,,,,,,-66959.522,keV,27.945,"EC+B+ = 100",
64,143,0,Gd,,0,keV,,"(1/2)+",,39,s,2,,,,,,,,-68231.311,keV,200.301,"EC+B+ = 100 ",
64,143,1,Gd,,152.6,keV,0.5,"11/2-",,110,s,2,,,,,,,,-68078.711,keV,200.302,"EC+B+ = 100 ",
64,144,0,Gd,,0,keV,0,"0+",,4.48,m,0.05,,,,,,,,-71759.511,keV,27.945,"EC+B+ = 100",
64,145,0,Gd,,0,keV,,"1/2+",,23.2,m,0.5,,,,,,,,-72926.626,keV,19.716,"EC+B+ = 100 ",
64,145,1,Gd,,749.1,keV,0.2,"11/2-",,85,s,3,,,,,,,,-72177.526,keV,19.717,"IT = 94.3 0.5,EC+B+ = 5.7 0.5",
64,146,0,Gd,,0,keV,,"0+",,48.27,d,0.09,,,,,,,,-76085.823,keV,4.076,"EC+B+ = 100 ",
64,147,0,Gd,,0,keV,,"7/2-",,38.06,h,0.12,,,,,,,,-75356.928,keV,1.887,"EC+B+ = 100 ",
64,148,0,Gd,,0,keV,,"0+",,86.9,y,3.9,,,,,,,,-76269.419,keV,1.46,"a = 100",
64,149,0,Gd,,0,keV,,"7/2-",,9.28,d,0.09,,,,,,,,-75127.173,keV,3.31,"a = 0.00042 0.00009,EC+B+ = 100 ",
64,150,0,Gd,,0,keV,,"0+",,1786800,y,76504,,,,,,,,-75764.051,keV,6.055,"a = 100",
64,151,0,Gd,,0,keV,,"7/2-",,124.5,d,0.9,,,,,,,,-74188.92,keV,2.993,"a ~ 8e-7 ,EC = 100 ",
64,152,0,Gd,,0,keV,,"0+",,108000000000000,y,8000000000000,,,,,,0.2,0.03,-74707.304,keV,1.007,"a = 100",
64,153,0,Gd,,0,keV,,"3/2-",,240.41,d,0.93,,,,,,,,-72882.944,keV,1.002,"EC = 100 ",
64,154,0,Gd,,0,keV,,"0+",,STABLE,,,,,,,,2.18,0.02,-73706.358,keV,0.994,,
64,155,0,Gd,,0,keV,,"3/2-",,STABLE,,,,,,,,14.8,0.09,-72070.298,keV,0.983,,
64,156,0,Gd,,0,keV,,"0+",,STABLE,,,,,,,,20.47,0.03,-72535.333,keV,0.983,,
64,157,0,Gd,,0,keV,,"3/2-",,STABLE,,,,,,,,15.65,0.04,-70823.896,keV,0.977,,
64,158,0,Gd,,0,keV,,"0+",,STABLE,,,,,,,,24.84,0.08,-70689.969,keV,0.976,,
64,159,0,Gd,,0,keV,,"3/2-",,18.479,h,0.004,,,,,,,,-68561.857,keV,0.98,"B- = 100 ",
64,160,0,Gd,,0,keV,,"0+",,STABLE,,,,,,,,21.86,0.03,-67942.06,keV,1.123,,
64,161,0,Gd,,0,keV,,"5/2-",,3.66,m,0.05,,,,,,,,-65506.142,keV,1.504,"B- = 100 ",
64,162,0,Gd,,0,keV,,"0+",,8.39,m,0.2,,,,,,,,-64280.72,keV,3.963,"B- = 100 ",
64,163,0,Gd,,0,keV,,"(7/2+)",,68,s,3,,,,,,,,-61388.591,keV,0.797,"B- = 100 ",
64,163,1,Gd,,137.8,keV,0.2,"(1/2-)",,23.5,s,1,,,,,,,,-61250.791,keV,0.822,"B-?,IT?",
64,164,0,Gd,,0,keV,,"0+",,45,s,3,,,,,,,,-59693.688,keV,1,"B- = 100 ",
64,165,0,Gd,,0,keV,,,,11.6,s,1,,,,,,,,-56525.782,keV,1.304,"B- = 100 ",
64,166,0,Gd,,0,keV,,"0+",,5,s,0.8,,,,,,,,-54370.926,keV,1.584,"B- = 100 ",
64,167,0,Gd,,0,keV,,,,4.26,s,+0.18-0.32,,,,,,,,-50775.732,keV,5.213,"B- = 100 ",
64,168,0,Gd,,0,keV,,"0+",,3.02,s,0.15,,,,,,,,-48150,keV,300,"B- = 100 ",
64,169,0,Gd,,0,keV,,,,0.892,s,+0.09-0.092,,,,,,,,-43890,keV,400,"B- = 100 ,B-n = 0.7 ",
64,170,0,Gd,,0,keV,,"0+",,0.616,s,0.11,,,,,,,,-40850,keV,500,"B- = 100 ,B-n = 3 ",
64,171,0,Gd,,0,keV,0,,,0.392,s,+0.145-0.135,,,,,,,,-36210,keV,500,"B- = 100,B-n = 10 ",
64,172,0,Gd,,0,keV,0,"0+",,0.163,s,+0.113-0.099,,,,,,,,-32970,keV,300,"B- = 100,B-n = 50 ",
65,135,0,Tb,,0,keV,,"(7/2-)",,0.94,ms,+0.33-0.22,,,,,,,,-33053,keV,400,"p ~ 100 ",
65,138,0,Tb,,0,keV,,,,,,,,,,,,,,-43600,keV,300,"ECp?,EC+B+?",
65,139,0,Tb,,0,keV,,,,1.6,s,0.2,,,,,,,,-48130,keV,298,"ECp?,EC+B+ = 100",
65,140,0,Tb,,0,keV,,"(7+)",,2.3,s,0.1,,,,,,,,-50482.278,keV,800.488,"ECp = 0.26 0.13,EC+B+ = 100",
65,141,0,Tb,,0,keV,,"(5/2-)",,3.5,s,0.2,,,,,,,,-54540.843,keV,105.259,"ECp?,EC+B+ = 100 ",
65,142,0,Tb,,0,keV,,"1+",,597,ms,17,,,,,,,,-56559.522,keV,700.558,"ECp = 0.0022 0.0011,EC+B+ = 100 ",
65,142,1,Tb,,279.7,keV,0.4,"5-",,303,ms,17,,,,,,,,-56279.822,keV,700.558,"IT = 100 ",
65,143,0,Tb,,0,keV,,"(11/2-)",,12,s,1,,,,,,,,-60419.192,keV,51.232,"EC+B+ = 100 ",
65,143,1,Tb,,0,keV,,,,17,s,4,,,,,,,,-60419.192,keV,51.232,"IT?,EC+B+?",
65,144,0,Tb,,0,keV,0,"1+",~,1,s,,,,,,,,,-62368.188,keV,27.945,"EC+B+ = 100",
65,144,1,Tb,,396.9,keV,0.5,"(6-)",,4.29,s,0.14,,,,,,,,-61971.288,keV,27.949,"IT ~ 66 ,EC+B+ ~ 34 ",
65,145,0,Tb,,0,keV,,"(11/2-)",,30.9,s,0.6,,,,,,,,-66399.693,keV,110.896,"EC+B+ = 100",
65,146,0,Tb,,0,keV,,"1+",,8,s,4,,,,,,,,-67763.644,keV,44.86,"EC+B+ = 100 ",
65,146,1,Tb,,0,keV,,"5-",,24.1,s,0.5,,,,,,,,-67763.644,keV,44.86,"EC+B+ = 100 ",
65,147,0,Tb,,0,keV,,"(1/2+)",,1.64,h,0.03,,,,,,,,-70742.674,keV,8.096,"EC+B+ = 100 ",
65,147,1,Tb,,50.6,keV,0.9,"(11/2-)",,1.83,m,0.06,,,,,,,,-70692.074,keV,8.146,"EC+B+ = 100 ",
65,148,0,Tb,,0,keV,,"2-",,60,m,1,,,,,,,,-70536.947,keV,12.463,"EC+B+ = 100 ",
65,148,1,Tb,,90.1,keV,0.3,"(9)+",,2.21,m,0.05,,,,,,,,-70446.847,keV,12.467,"EC+B+ = 100 ",
65,149,0,Tb,,0,keV,,"1/2+",,4.12,h,0.02,,,,,,,,-71488.639,keV,3.629,"a = 16.7 1.7,EC+B+ = 83.3 1.7",
65,149,1,Tb,,35.78,keV,0.13,"11/2-",,4.17,m,0.05,,,,,,,,-71452.859,keV,3.631,"a = 0.022 0.003,EC+B+ = 99.978 0.003",
65,150,0,Tb,,0,keV,,"(2)-",,3.48,h,0.16,,,,,,,,-71105.789,keV,7.371,"EC+B+ = 100 ",
65,150,1,Tb,,461,keV,27,"9+",,5.8,m,0.2,,,,,,,,-70644.789,keV,27.988,"IT?,EC+B+ ~ 100 ",
65,151,0,Tb,,0,keV,,"1/2(+)",,17.609,h,0.014,,,,,,,,-71623.541,keV,4.094,"a = 0.0095 0.0015,EC+B+ = 99.9905 0.0015",
65,151,1,Tb,,99.53,keV,0.05,"(11/2-)",,25,s,3,,,,,,,,-71524.011,keV,4.094,"IT = 93.4 2,EC+B+ = 6.6 2",
65,152,0,Tb,,0,keV,,"2-",,17.48,h,0.09,,,,,,,,-70717.304,keV,40.013,"EC+B+ = 100 ",
65,152,1,Tb,,501.74,keV,0.19,"8+",,4.1,m,0.1,,,,,,,,-70215.564,keV,40.013,"IT = 78.9 0.6,EC+B+ = 21.1 0.6",
65,153,0,Tb,,0,keV,,"5/2+",,2.34,d,0.01,,,,,,,,-71313.61,keV,3.947,"EC+B+ = 100 ",
65,154,0,Tb,,0,keV,,"0",,21.5,h,0.36,,,,,,,,-70156.707,keV,45.309,"EC+B+ ~ 100 ",
65,154,1,Tb,,12,keV,7,"3-",,9.994,h,0.039,,,,,,,,-70144.707,keV,45.847,"IT = 21.8 0.7,EC+B+ = 78.2 0.7",
65,154,2,Tb,,200,keV,150,"7-",,22.7,h,0.5,,,,,,,,-69956.707,keV,156.694,"IT = 1.8 0.6,EC+B+ = 98.2 0.6",
65,155,0,Tb,,0,keV,,"3/2+",,5.32,d,0.06,,,,,,,,-71250.439,keV,9.83,"EC = 100 ",
65,156,0,Tb,,0,keV,,"3-",,5.35,d,0.1,,,,,,,,-70091.01,keV,3.768,"EC+B+ = 100 ",
65,156,1,Tb,,88.4,keV,0.5,"(0+)",,5.2,h,0.2,,,,,,,,-70002.61,keV,3.8,"IT = 100 ,EC+B+ = 0 ",
65,156,2,Tb,,0,keV,,"(7-)",,24.4,h,1,,,,,,,,-70091.01,keV,3.768,"IT = 100 ",
65,157,0,Tb,,0,keV,,"3/2+",,71,y,7,,,,,,,,-70763.848,keV,1.018,"EC = 100 ",
65,158,0,Tb,,0,keV,,"3-",,180,y,11,,,,,,,,-69470.883,keV,1.268,"B- = 16.6 0.7,EC+B+ = 83.4 0.7",
65,158,1,Tb,,110.3,keV,1.2,"0-",,10.7,s,0.2,,,,,,,,-69360.583,keV,1.746,"EC+B+ = 0.01 ,IT = 100 ,B- = 0.6 ",
65,159,0,Tb,,0,keV,,"3/2+",,STABLE,,,,,,,,100,0,-69532.582,keV,1.103,,
65,160,0,Tb,,0,keV,,"3-",,72.3,d,0.2,,,,,,,,-67836.474,keV,1.11,"B- = 100 ",
65,161,0,Tb,,0,keV,,"3/2+",,6.9584,d,0.0053,,,,,,,,-67461.778,keV,1.218,"B- = 100 ",
65,162,0,Tb,,0,keV,,"1-",,7.6,m,0.17,,,,,,,,-65879.548,keV,2.049,"B- = 100 ",
65,162,1,Tb,,285.5,keV,3.2,,,,,,,,,,,,,-65594.048,keV,3.8,"B-?,IT?",
65,163,0,Tb,,0,keV,,"3/2+",,19.5,m,0.3,,,,,,,,-64595.754,keV,4.06,"B- = 100 ",
65,164,0,Tb,,0,keV,,"(5+)",,3,m,0.1,,,,,,,,-62104.983,keV,1.863,"B- = 100 ",
65,164,1,Tb,,145,keV,12,,,,,,,,,,,,,-61959.983,keV,12.144,"B-?,IT?",
65,165,0,Tb,,0,keV,,"(3/2+)",,2.11,m,0.1,,,,,,,,-60588.849,keV,1.541,"B- = 100 ",
65,166,0,Tb,,0,keV,,"(1-)",,27.1,s,1.5,,,,,,,,-57808.778,keV,1.463,"B- = 100 ",
65,167,0,Tb,,0,keV,,"(3/2+)",,18.9,s,1.6,,,,,,,,-55883.082,keV,1.929,"B- = 100 ",
65,168,0,Tb,,0,keV,,"(4-)",,9.4,s,0.4,,,,,,,,-52781.181,keV,4.192,"B- = 100 ",
65,169,0,Tb,,0,keV,,,,5.13,s,0.32,,,,,,,,-50480,keV,300,"B- = 100 ",
65,170,0,Tb,,0,keV,0,,,0.96,s,0.08,,,,,,,,-46710,keV,300,"B- = 100,B-n?",
65,171,0,Tb,,0,keV,,,,1.24,s,+0.09-0.1,,,,,,,,-43770,keV,400,"B- = 100 ,B-n?",
65,172,0,Tb,,0,keV,,,,0.76,s,0.19,,,,,,,,-39690,keV,500,"B- = 100 ,B-n?",
65,173,0,Tb,,0,keV,0,,,,,,,,,,,,,-36510,keV,500,"B- = 100,B-n?",
65,174,0,Tb,,0,keV,0,,,,,,,,,,,,,-31970,keV,500,"B- = 100,B-n?",
66,139,0,Dy,,0,keV,,"(7/2+)",,0.6,s,0.2,,,,,,,,-37700,keV,500,"ECp ~ 11 ,EC+B+ = 100 ",
66,140,0,Dy,,0,keV,,"0+",,,,,,,,,,,,-42830,keV,401,"ECp?,EC+B+?",
66,141,0,Dy,,0,keV,,"(9/2-)",,1,s,0.1,,,,,,,,-45382,keV,298,"ECp?,EC+B+ = 100 ",
66,142,0,Dy,,0,keV,,"0+",,2.3,s,0.3,,,,,,,,-50120,keV,729,"ECp = 0.06 0.03,EC+B+ = 100",
66,143,0,Dy,,0,keV,,"(1/2+)",,4.3,s,0.7,,,,,,,,-52168.949,keV,13.041,"ECp?,EC+B+ = 100 ",
66,143,1,Dy,,310.7,keV,0.6,"(11/2-)",,3,s,0.3,,,,,,,,-51858.249,keV,13.055,"ECp?,EC+B+ = 100 ",
66,144,0,Dy,,0,keV,0,"0+",,9.1,s,0.4,,,,,,,,-56570.091,keV,7.173,"ECp?,EC+B+ = 100",
66,145,0,Dy,,0,keV,,"(1/2+)",,9.5,s,1.1,,,,,,,,-58242.607,keV,6.52,"ECp ~ 50 ,EC+B+ = 100",
66,145,1,Dy,,118.2,keV,0.2,"(11/2-)",,14.3,s,0.7,,,,,,,,-58124.40700000001,keV,6.52306676342,"ECp ~ 50 ,EC+B+ = 100 ",
66,146,0,Dy,,0,keV,,"0+",,33.2,s,0.7,,,,,,,,-62554.928,keV,6.695,"EC+B+ = 100 ",
66,146,1,Dy,,2934.5,keV,0.4,"10+",,150,ms,20,,,,,,,,-59620.428,keV,6.707,"IT = 100 ",
66,147,0,Dy,,0,keV,,"(1/2+)",,67,s,7,,,,,,,,-64196.047,keV,8.849,"ECp = 0.05,EC+B+ = 99.95",
66,147,1,Dy,,750.5,keV,0.4,"(11/2-)",,55.2,s,0.4,,,,,,,,-63445.547,keV,8.858,"IT = 31.1 2.3,EC+B+ = 68.9 2.3",
66,148,0,Dy,,0,keV,,"0+",,3.2,m,0.2,,,,,,,,-67859.397,keV,8.724,"EC+B+ = 100 ",
66,149,0,Dy,,0,keV,,"7/2-",,4.2,m,0.1,,,,,,,,-67693.99,keV,9.183,"EC+B+ = 100 ",
66,149,1,Dy,,2661.1,keV,0.4,"(27/2-)",,0.49,s,0.015,,,,,,,,-65032.89000000001,keV,9.19170762155,"IT = 99.3 0.3,EC+B+ = 0.7 0.3",
66,150,0,Dy,,0,keV,,"0+",,7.17,m,0.05,,,,,,,,-69309.618,keV,4.319,"a = 37 4,EC+B+ = 63 4",
66,151,0,Dy,,0,keV,,"7/2(-)",,18,m,0.4,,,,,,,,-68752.388,keV,3.247,"a = 5.6 0.4,EC+B+ = 94.4 0.4",
66,152,0,Dy,,0,keV,,"0+",,2.38,h,0.02,,,,,,,,-70117.963,keV,4.593,"a = 0.1 0.007,EC+B+ = 99.9 0.007",
66,153,0,Dy,,0,keV,,"7/2(-)",,6.42,h,0.12,,,,,,,,-69143.197,keV,4.001,"a = 0.0094 0.0014,EC+B+ = 99.9906 0.0014",
66,154,0,Dy,,0,keV,,"0+",,2750000,y,1530931,,,,,,,,-70394.015,keV,7.431,"a = 100",
66,155,0,Dy,,0,keV,,"3/2-",,9.92,h,0.14,,,,,,,,-69155.939,keV,9.645,"EC+B+ = 100 ",
66,156,0,Dy,,0,keV,,"0+",,STABLE,,,,,,,,0.056,0.003,-70529.386,keV,0.988,,
66,157,0,Dy,,0,keV,,"3/2-",,8.14,h,0.04,,,,,,,,-69424.669,keV,5.154,"EC+B+ = 100 ",
66,158,0,Dy,,0,keV,,"0+",,STABLE,,,,,,,,0.095,0.003,-70407.152,keV,2.337,,
66,159,0,Dy,,0,keV,,"3/2-",,145.3,d,1.4,,,,,,,,-69167.22,keV,1.439,"EC = 100 ",
66,160,0,Dy,,0,keV,,"0+",,STABLE,,,,,,,,2.329,0.018,-69672.425,keV,0.7,,
66,161,0,Dy,,0,keV,,"5/2+",,STABLE,,,,,,,,18.889,0.042,-68055.494,keV,0.697,,
66,162,0,Dy,,0,keV,,"0+",,STABLE,,,,,,,,25.475,0.036,-68181.169,keV,0.695,,
66,163,0,Dy,,0,keV,,"5/2-",,STABLE,,,,,,,,24.896,0.042,-66380.858,keV,0.693,,
66,164,0,Dy,,0,keV,,"0+",,STABLE,,,,,,,,28.26,0.054,-65967.649,keV,0.695,,
66,165,0,Dy,,0,keV,,"7/2+",,2.331,h,0.004,,,,,,,,-63612.289,keV,0.697,"B- = 100 ",
66,165,1,Dy,,108.1552,keV,0.0013,"1/2-",,1.258,m,0.006,,,,,,,,-63504.133799999996,keV,0.697001212338,"B- = 2.24 0.11,IT = 97.76 0.11",
66,166,0,Dy,,0,keV,,"0+",,81.63,h,0.17,,,,,,,,-62584.471,keV,0.804,"B- = 100 ",
66,167,0,Dy,,0,keV,,"(1/2-)",,6.2,m,0.08,,,,,,,,-59911.451,keV,4.005,"B- = 100 ",
66,168,0,Dy,,0,keV,,"0+",,8.7,m,0.3,,,,,,,,-58558.398,keV,140.007,"B- = 100 ",
66,169,0,Dy,,0,keV,,"(5/2)-",,39,s,8,,,,,,,,-55596.01,keV,300.669,"B- = 100 ",
66,170,0,Dy,,0,keV,,"0+",,55,s,8,,,,,,,,-53710,keV,200,"B- = 100 ",
66,171,0,Dy,,0,keV,,,,4.1,s,0.4,,,,,,,,-50010,keV,200,"B- = 100 ",
66,172,0,Dy,,0,keV,,"0+",,3.52,s,0.23,,,,,,,,-47760,keV,300,"B- = 100",
66,172,1,Dy,,1277.9,keV,0.5,"(8-)",,0.7,s,0.04,,,,,,,,-46482.1,keV,300,"B- = 19 3,IT = 81 3",
66,173,0,Dy,,0,keV,,,,1.43,s,0.2,,,,,,,,-43740,keV,400,"B- = 100 ",
66,174,0,Dy,,0,keV,,"0+",,,,,,,,,,,,-41130,keV,500,"B- = 100",
66,175,0,Dy,,0,keV,0,,,,,,,,,,,,,-36730,keV,500,"B- = 100,B-n?",
66,176,0,Dy,,0,keV,0,"0+",,,,,,,,,,,,-33610,keV,500,"B- = 100,B-n?",
67,140,0,Ho,,0,keV,,"(6-),(0-),(8+)",,6,ms,3,,,,,,,,-29317,keV,500,"p ~ 100 ",
67,141,0,Ho,,0,keV,,"(7/2-)",,4.1,ms,0.1,,,,,,,,-34364,keV,401,"p ~ 100 ",
67,142,0,Ho,,0,keV,,"(7-),(8+)",,0.4,s,0.1,,,,,,,,-37250,keV,401,"p ~ 0 ,EC+B+ ~ 100 ,ECp = 0 ",
67,143,0,Ho,,0,keV,,"(11/2-)",,,,,,,,,,,,-42048,keV,298,"ECp?,EC+B+?",
67,144,0,Ho,,0,keV,0,"(5-)",,0.7,s,0.1,,,,,,,,-44609.521,keV,8.477,"ECp?,EC+B+ = 100 ",
67,145,0,Ho,,0,keV,,"(11/2-)",,2.4,s,0.1,,,,,,,,-49120.113,keV,7.452,"ECp?,EC+B+ = 100 ",
67,146,0,Ho,,0,keV,0,"(6-)",,3.3,s,0.2,,,,,,,,-51238.227,keV,6.587,"ECp?,EC+B+ = 100",
67,147,0,Ho,,0,keV,,"(11/2-)",,5.8,s,0.4,,,,,,,,-55757.101,keV,5.001,"ECp?,EC+B+ = 100 ",
67,148,0,Ho,,0,keV,,"(1+)",,2.2,s,1.1,,,,,,,,-57991.166,keV,83.834,"ECp?,EC+B+ = 100 ",
67,148,1,Ho,,250,keV,100,"(5)-",,9.6,s,0.13,,,,,,,,-57741.166,keV,130.492,"ECp = 0.08 0.01,EC+B+ = 100 ",
67,149,0,Ho,,0,keV,,"(11/2-)",,21,s,0.2,,,,,,,,-61645.854,keV,11.985,"EC+B+ = 100 ",
67,149,1,Ho,,48.8,keV,0.2,"(1/2+)",,56,s,3,,,,,,,,-61597.054,keV,11.987,"EC+B+ = 100 ",
67,150,0,Ho,,0,keV,,"(2)-",,77,s,2,,,,,,,,-61945.892,keV,14.168,"EC+B+ = 100 ",
67,150,1,Ho,,0,keV,,"(9)+",,23.5,s,0.3,,,,,,,,-61945.892,keV,14.168,"EC+B+ = 100 ",
67,151,0,Ho,,0,keV,,"11/2(-)",,35.2,s,0.2,,,,,,,,-63622.746,keV,8.298,"a = 22 2,EC+B+ = 78 2",
67,151,1,Ho,,41,keV,0.2,"1/2(+)",,47.2,s,1.1,,,,,,,,-63581.746,keV,8.3,"a = 80 +15-20,EC+B+ = 20 +20-15",
67,152,0,Ho,,0,keV,,"2-",,147,s,4.8,,,,,,,,-63604.636,keV,12.528,"a = 12 3,EC+B+ = 88 3",
67,152,1,Ho,,160,keV,5,"9+",,49.8,s,0.2,,,,,,,,-63444.636,keV,13.489,"a = 10.8 1.7,EC+B+ = 89.2 1.7",
67,153,0,Ho,,0,keV,,"11/2-",,2.01,m,0.02,,,,,,,,-65012.074,keV,5.066,"a = 0.051 0.025,EC+B+ = 99.949 0.025",
67,153,1,Ho,,68.7,keV,0.3,"1/2+",,9.3,m,0.5,,,,,,,,-64943.374,keV,5.075,"a = 0.18 0.08,EC+B+ = 99.82 0.08",
67,154,0,Ho,,0,keV,,"2-",,11.76,m,0.18,,,,,,,,-64639.378,keV,8.216,"a = 0.018 0.003,EC+B+ = 99.982 0.003",
67,154,1,Ho,,248,keV,28,"8+",,3.1,m,0.14,,,,,,,,-64391.378,keV,29.181,"a = 0.001 ,EC+B+ = 100 ",
67,155,0,Ho,,0,keV,,"5/2+",,48,m,1,,,,,,,,-66039.799,keV,17.47,"EC+B+ = 100 ",
67,156,0,Ho,,0,keV,,"4-",,56,m,1,,,,,,,,-65538.403,keV,38.424,"EC+B+ = 100 ",
67,156,1,Ho,,52.4,keV,0.4,"1-",,9.5,s,1.5,,,,,,,,-65486.003000000004,keV,38.426081975658,"IT = 100 ",
67,156,2,Ho,,0,keV,,"9+",,7.57,m,0.27,,,,,,,,-65538.403,keV,38.424,"IT ~ 25 ,EC+B+ ~ 75 ",
67,157,0,Ho,,0,keV,,"7/2-",,12.7,m,0.3,,,,,,,,-66832.862,keV,23.469,"EC+B+ = 100 ",
67,158,0,Ho,,0,keV,,"5+",,11.3,m,0.4,,,,,,,,-66187.396,keV,27.106,"EC+B+ = 100 ",
67,158,1,Ho,,67.2,keV,0.01,"2-",,28,m,1,,,,,,,,-66120.196,keV,27.106,"IT = 81 ,EC+B+ = 19 ",
67,158,2,Ho,,180,keV,,"(9+)",,21.1,m,1.5,,,,,,,,-66007.396,keV,27.106,"IT = 7 ,EC+B+ = 93 ",
67,159,0,Ho,,0,keV,,"7/2-",,33.05,m,0.11,,,,,,,,-67329.62,keV,3.045,"EC+B+ = 100 ",
67,159,1,Ho,,205.91,keV,0.05,"1/2+",,8.3,s,0.08,,,,,,,,-67123.70999999999,keV,3.04541048136,"IT = 100 ",
67,160,0,Ho,,0,keV,,"5+",,25.6,m,0.3,,,,,,,,-66382.425,keV,15.016,"EC+B+ = 100 ",
67,160,1,Ho,,59.98,keV,0.03,"2-",,4.98,h,0.07,,,,,,,,-66322.445,keV,15.016,"IT = 76.2 1.6,EC+B+ = 23.8 1.6",
67,160,2,Ho,,195,keV,25,"(9+)",,3.2,s,0.2,,,,,,,,-66187.425,keV,29.163,"IT = 100 ",
67,161,0,Ho,,0,keV,,"7/2-",,2.48,h,0.05,,,,,,,,-67196.294,keV,2.151,"EC = 100 ",
67,161,1,Ho,,211.15,keV,0.03,"1/2+",,6.77,s,0.07,,,,,,,,-66985.144,keV,2.151,"IT = 100 ",
67,162,0,Ho,,0,keV,,"1+",,15,m,1,,,,,,,,-66040.563,keV,3.102,"EC+B+ = 100 ",
67,162,1,Ho,,105.87,keV,0.06,"6-",,67.1,m,0.8,,,,,,,,-65934.693,keV,3.103,"IT = 62 ,EC+B+ = 38",
67,163,0,Ho,,0,keV,,"7/2-",,4570,y,25,,,,,,,,-66378.027,keV,0.693,"EC = 100 ",
67,163,1,Ho,,297.88,keV,0.07,"1/2+",,1.09,s,0.03,,,,,,,,-66080.147,keV,0.697,"IT = 100 ",
67,164,0,Ho,,0,keV,,"1+",,28.8,m,0.4,,,,,,,,-64980.517,keV,1.39,"B- = 40 5,EC+B+ = 60 5",
67,164,1,Ho,,139.78,keV,0.07,"6-",,36.6,m,0.3,,,,,,,,-64840.737,keV,1.392,"IT = 100 ",
67,165,0,Ho,,0,keV,,"7/2-",,STABLE,,,,,,,,100,0,-64898.017,keV,0.786,,
67,166,0,Ho,,0,keV,,"0-",,26.808,h,0.008,,,,,,,,-63070.339,keV,0.786,"B- = 100 ",
67,166,1,Ho,,5.969,keV,0.012,"7-",,1132.6,y,3.9,,,,,,,,-63064.37,keV,0.79,"B- = 100 ",
67,167,0,Ho,,0,keV,,"7/2-",,2.9675,h,0.0355,,,,,,,,-62279.459,keV,5.189,"B- = 100 ",
67,168,0,Ho,,0,keV,,"3+",,2.99,m,0.07,,,,,,,,-60059.231,keV,30.001,"B- = 100 ",
67,168,1,Ho,,59,keV,,"(6+)",,132,s,4,,,,,,,,-60000.231,keV,30.001,"IT ~ 100 ",
67,169,0,Ho,,0,keV,,"7/2-",,4.7,m,0.1,,,,,,,,-58796.01,keV,20.048,"B- = 100 ",
67,170,0,Ho,,0,keV,,"(6+)",,2.76,m,0.05,,,,,,,,-56237.514,keV,50.019,"B- = 100 ",
67,170,1,Ho,,120,keV,70,"(1+)",,43,s,2,,,,,,,,-56117.514,keV,86.034,"B- = 100 ",
67,171,0,Ho,,0,keV,,,,53,s,2,,,,,,,,-54517.822,keV,600.002,"B- = 100 ",
67,172,0,Ho,,0,keV,,,,25,s,3,,,,,,,,-51484,keV,196,"B- = 100 ",
67,173,0,Ho,,0,keV,,,,7.1,s,0.4,,,,,,,,-49351,keV,298,"B- = 100 ",
67,174,0,Ho,,0,keV,,"(8-)",,3.5,s,0.5,,,,,,,,-45870,keV,300,"B- = 100 ",
67,175,0,Ho,,0,keV,0,,,1.9,s,0.6,,,,,,,,-43300,keV,400,"B- = 100,B-n?",
67,176,0,Ho,,0,keV,0,,,,,,,,,,,,,-39390,keV,500,"B- = 100,B-n?",
67,177,0,Ho,,0,keV,,,,,,,,,,,,,,-36280,keV,500,"B- = 100,B-n?",
67,178,0,Ho,,0,keV,0,,,,,,,,,,,,,-32130,keV,500,"B- = 100,B-n?",
68,143,0,Er,,0,keV,,,,,,,,,,,,,,-31160,keV,400,"ECp?,EC+B+?",
68,144,0,Er,,0,keV,0,"0+",,,,,,,,,,,,-36608,keV,196,"ECp?,EC+B+?",
68,145,0,Er,,0,keV,,"(1/2+)",,0.9,s,0.3,,,,,,,,-39240,keV,200,"ECp?,EC+B+ = 100",
68,145,1,Er,,253,keV,,"(11/2-)",,1,s,0.2,,,,,,,,-38987,keV,200,"ECp?,EC+B+ = 100 ",
68,146,0,Er,,0,keV,,"0+",,1.7,s,0.6,,,,,,,,-44322.019,keV,6.705,"ECp?,EC+B+ = 100 ",
68,147,0,Er,,0,keV,,"(1/2+)",,3.2,s,1.2,,,,,,,,-46607.814,keV,38.191,"ECp = 0 ,EC+B+ = 100 ",
68,147,1,Er,,100,keV,50,"(11/2-)",,1.6,s,0.2,,,,,,,,-46507.814,keV,62.917,"ECp = 0 ,EC+B+ = 100 ",
68,148,0,Er,,0,keV,,"0+",,4.6,s,0.1,,,,,,,,-51478.997,keV,10.246,"ECp ~ 0.15 ,EC+B+ = 100 ",
68,149,0,Er,,0,keV,,"(1/2+)",,4,s,2,,,,,,,,-53741.621,keV,27.945,"ECp = 7 2,EC+B+ = 100 ",
68,149,1,Er,,741.8,keV,0.2,"(11/2-)",,8.9,s,0.2,,,,,,,,-52999.820999999996,keV,27.945715682372,"EC+B+ = 96.5 0.7,IT = 3.5 0.7,ECp = 0.18 0.07",
68,150,0,Er,,0,keV,,"0+",,18.7,s,0.7,,,,,,,,-57831.323,keV,17.194,"EC+B+ = 100 ",
68,151,0,Er,,0,keV,,"(7/2-)",,23.5,s,1.3,,,,,,,,-58266.29,keV,16.47,"EC+B+ = 100 ",
68,151,1,Er,,2586,keV,0.5,"(27/2-)",,0.58,s,0.02,,,,,,,,-55680.29,keV,16.48,"IT = 95.3 0.4,EC+B+ = 4.7 0.4",
68,152,0,Er,,0,keV,,"0+",,10.2,s,0.1,,,,,,,,-60500.218,keV,8.83,"a = 90 4,EC+B+ = 10 4",
68,153,0,Er,,0,keV,,"(7/2-)",,37.1,s,0.2,,,,,,,,-60466.682,keV,9.285,"a = 53 3,EC+B+ = 47 3",
68,154,0,Er,,0,keV,,"0+",,3.72978624535316,m,0.09145661412745376,,,,,,,,-62604.974,keV,4.961,"a = 0.47 0.13,EC+B+ = 99.53 0.13",
68,155,0,Er,,0,keV,,"7/2-",,5.3,m,0.3,,,,,,,,-62209.172,keV,6.074,"a = 0.022 0.007,EC+B+ = 99.978 0.007",
68,156,0,Er,,0,keV,,"0+",,19.5,m,1,,,,,,,,-64211.683,keV,24.629,"a = 0.000012 0.000003,EC+B+ ~ 100 ",
68,157,0,Er,,0,keV,,"3/2-",,18.65,m,0.1,,,,,,,,-63413.648,keV,26.505,"EC+B+ = 100",
68,158,0,Er,,0,keV,,"0+",,2.26,h,0.06,,,,,,,,-65303.815,keV,25.219,"EC = 100 ",
68,159,0,Er,,0,keV,,"3/2-",,36,m,1,,,,,,,,-64561.12,keV,3.643,"EC+B+ = 100 ",
68,160,0,Er,,0,keV,,"0+",,28.58,h,0.09,,,,,,,,-66064.176,keV,24.246,"EC = 100 ",
68,161,0,Er,,0,keV,,"3/2-",,3.21,h,0.03,,,,,,,,-65201.298,keV,8.774,"EC+B+ = 100 ",
68,162,0,Er,,0,keV,,"0+",,STABLE,,,,,,,,0.139,0.005,-66334.21,keV,0.756,,
68,163,0,Er,,0,keV,,"5/2-",,75,m,0.4,,,,,,,,-65167.413,keV,4.628,"EC+B+ = 100 ",
68,164,0,Er,,0,keV,,"0+",,STABLE,,,,,,,,1.601,0.003,-65942.573,keV,0.704,,
68,165,0,Er,,0,keV,,"5/2-",,10.36,h,0.04,,,,,,,,-64521.353,keV,0.918,"EC = 100 ",
68,166,0,Er,,0,keV,,"0+",,STABLE,,,,,,,,33.503,0.036,-64924.145,keV,0.334,,
68,167,0,Er,,0,keV,,"7/2+",,STABLE,,,,,,,,22.869,0.009,-63289.256,keV,0.286,,
68,167,1,Er,,207.801,keV,0.005,"1/2-",,2.269,s,0.006,,,,,,,,-63081.455,keV,0.286,"IT = 100 ",
68,168,0,Er,,0,keV,,"0+",,STABLE,,,,,,,,26.978,0.018,-62989.231,keV,0.262,,
68,169,0,Er,,0,keV,,"1/2-",,9.39,d,0.02,,,,,,,,-60921.163,keV,0.304,"B- = 100 ",
68,170,0,Er,,0,keV,,"0+",,STABLE,,,,,,,,14.91,0.036,-60107.514,keV,1.387,,
68,171,0,Er,,0,keV,,"5/2-",,7.516,h,0.002,,,,,,,,-57717.822,keV,1.408,"B- = 100 ",
68,172,0,Er,,0,keV,,"0+",,49.3,h,0.3,,,,,,,,-56482.578,keV,3.962,"B- = 100 ",
68,173,0,Er,,0,keV,,"(7/2-)",,1.4,m,0.1,,,,,,,,-53654,keV,196,"B- = 100 ",
68,174,0,Er,,0,keV,,"0+",,3.2,m,0.2,,,,,,,,-51949,keV,298,"B- = 100 ",
68,174,1,Er,,1111.5,keV,1,"8-",,3.9,s,0.31,,,,,,,,-50837.5,keV,298,"IT = 100",
68,175,0,Er,,0,keV,0,,,1.2,m,0.3,,,,,,,,-48652,keV,401,"B- = 100",
68,176,0,Er,,0,keV,,"0+",,,,,,,,,,,,-46631,keV,401,"B- = 100",
68,177,0,Er,,0,keV,,,,,,,,,,,,,,-42858,keV,503,"B- = 100 ",
68,178,0,Er,,0,keV,,"0+",,,,,,,,,,,,-40260,keV,596,"B- = 100",
68,179,0,Er,,0,keV,0,,,,,,,,,,,,,-36080,keV,500,"B- = 100",
68,180,0,Er,,0,keV,0,"0+",,,,,,,,,,,,-33180,keV,500,"B- = 100,B-n?",
69,144,0,Tm,,0,keV,-1,"(10+)",,1.9,us,+1.2-0.5,,,,,,,,-22159,keV,400,"p ~ 100 ",
69,145,0,Tm,,0,keV,,"(11/2-)",,3.16,us,0.16,,,,,,,,-27583,keV,196,"p = 100",
69,146,0,Tm,,0,keV,,"(1+)",,155,ms,20,,,,,,,,-31055,keV,200,"p ~ 100 ,EC+B+?,ECp?",
69,146,1,Tm,,300,keV,10,"(5-)",,75,ms,12,,,,,,,,-30755,keV,200.2,"p ~ 100 ,EC+B+?,ECp?",
69,146,2,Tm,,440,keV,10,"(10+)",,198,ms,3,,,,,,,,-30615,keV,200.2,"p ~ 100 ,EC+B+?,ECp?",
69,147,0,Tm,,0,keV,,"11/2-",,0.58,s,0.03,,,,,,,,-35974.407,keV,6.839,"p = 15 5,EC+B+ = 85 5",
69,148,0,Tm,,0,keV,,"(10+)",,0.7,s,0.2,,,,,,,,-38765.034,keV,10.246,"ECp?,EC+B+ = 100 ",
69,149,0,Tm,,0,keV,,"(11/2-)",,0.9,s,0.2,,,,,,,,-43940,keV,200,"ECp = 0.2 +0.2-0.1,EC+B+ = 100 ",
69,150,0,Tm,,0,keV,0,"(6-)",,2.2,s,0.06,,,,,,,,-46491,keV,196,"ECp = 1.2 +0.2-0.4,EC+B+ = 100",
69,151,0,Tm,,0,keV,,"(11/2-)",,4.17,s,0.1,,,,,,,,-50771.613,keV,19.375,"EC+B+ = 100 ",
69,151,1,Tm,,96.4,keV,7,"(1/2+)",,6.6,s,1.4,,,,,,,,-50675.212999999996,keV,20.600743311832,"EC+B+ = 100 ",
69,152,0,Tm,,0,keV,0,"(9)+",,5.2,s,0.6,,,,,,,,-51720.279,keV,54.027,"EC+B+ = 100 ",
69,152,1,Tm,,0,keV,,"(2)-",,8,s,1,,,,,,,,-51720.279,keV,54.027,"EC+B+ = 100",
69,153,0,Tm,,0,keV,,"(11/2-)",,1.48,s,0.01,,,,,,,,-53972.61,keV,11.979,"a = 91 3,EC+B+ = 9 3",
69,153,1,Tm,,43.2,keV,0.2,"(1/2+)",,2.5,s,0.2,,,,,,,,-53929.41,keV,11.98,"a = 92 3,EC+B+ = 8 3",
69,154,0,Tm,,0,keV,,"(2-)",,8.1,s,0.3,,,,,,,,-54427.142,keV,14.412,"a = 54 5,EC+B+ = 46 5",
69,154,1,Tm,,70,keV,50,"9+",,3.3,s,0.07,,,,,,,,-54357.142,keV,52.036,"EC+B+ = 42 5,a = 58 5,IT?",
69,155,0,Tm,,0,keV,,"11/2-",,21.6,s,0.2,,,,,,,,-56625.921,keV,9.921,"a = 0.83 0.17,EC+B+ = 99.17 0.17",
69,155,1,Tm,,41,keV,6,"1/2+",,45,s,3,,,,,,,,-56584.921,keV,11.594,"a?,EC+B+ ~ 100 ",
69,156,0,Tm,,0,keV,,"2-",,83,s,2,,,,,,,,-56834.417,keV,14.279,"a = 0.064 0.01,EC+B+ = 99.936 0.01",
69,157,0,Tm,,0,keV,,"1/2+",,3.63,m,0.09,,,,,,,,-58709.279,keV,27.945,"a = 0.00075 0.00025,EC+B+ = 100 ",
69,158,0,Tm,,0,keV,,"2-",,3.98,m,0.06,,,,,,,,-58703.2,keV,25.219,"EC+B+ = 100 ",
69,159,0,Tm,,0,keV,,"5/2+",,9.13,m,0.16,,,,,,,,-60570.404,keV,27.945,"EC+B+ = 100 ",
69,160,0,Tm,,0,keV,,"1-",,9.4,m,0.3,,,,,,,,-60301.037,keV,32.686,"EC+B+ = 100 ",
69,160,1,Tm,,70,keV,20,"5",,74.5,s,1.5,,,,,,,,-60231.037,keV,38.319,"IT = 85 5,EC+B+ = 15 5",
69,161,0,Tm,,0,keV,,"7/2+",,30.2,m,0.8,,,,,,,,-61898.715,keV,27.945,"EC+B+ = 100 ",
69,161,1,Tm,,7.51,keV,0.24,"(1/2+)",,7,m,2,,,,,,,,-61891.204999999994,keV,27.94603057681,"IT?,EC+B+?",
69,162,0,Tm,,0,keV,,"1-",,21.8,m,0.24,,,,,,,,-61477.482,keV,26.058,"EC+B+ = 100 ",
69,162,1,Tm,,130,keV,40,"5+",,24.3,s,1.7,,,,,,,,-61347.482,keV,47.739,"IT = 81 4,EC+B+ = 19 4",
69,163,0,Tm,,0,keV,,"1/2+",,1.81,h,0.005,,,,,,,,-62728.413,keV,5.515,"EC+B+ = 100 ",
69,164,0,Tm,,0,keV,,"1+",,1.95,m,0.06,,,,,,,,-61908.943,keV,25.006,"EC+B+ = 100 ",
69,164,1,Tm,,10,keV,6,"6-",,5.1,m,0.1,,,,,,,,-61898.943,keV,25.716,"IT ~ 80 ,EC+B+ ~ 20 ",
69,165,0,Tm,,0,keV,,"1/2+",,30.06,h,0.03,,,,,,,,-62930.024,keV,1.658,"EC+B+ = 100 ",
69,166,0,Tm,,0,keV,,"2+",,7.7,h,0.03,,,,,,,,-61886.478,keV,11.552,"EC+B+ = 100 ",
69,166,1,Tm,,122,keV,12,"(6-)",,348,ms,21,,,,,,,,-61764.478,keV,16.657,"IT = 100 ",
69,167,0,Tm,,0,keV,,"1/2+",,9.28,d,0.04,,,,,,,,-62543.117,keV,1.258,"EC = 100 ",
69,168,0,Tm,,0,keV,,"3+",,93.1,d,0.2,,,,,,,,-61312.379,keV,1.677,"B- = 0.01 0.007,EC+B+ = 99.99 0.007",
69,169,0,Tm,,0,keV,,"1/2+",,STABLE,,,,,,,,100,0,-61274.654,keV,0.738,,
69,170,0,Tm,,0,keV,,"1-",,128.4,d,0.3,,,,,,,,-59795.314,keV,0.732,"B- = 99.869 0.01,EC = 0.131 0.01",
69,171,0,Tm,,0,keV,,"1/2+",,701.5,d,3.3,,,,,,,,-59210.271,keV,0.972,"B- = 100 ",
69,172,0,Tm,,0,keV,,"2-",,63.6,h,0.2,,,,,,,,-57373.554,keV,5.481,"B- = 100 ",
69,173,0,Tm,,0,keV,,"(1/2+)",,8.24,h,0.08,,,,,,,,-56256.067,keV,4.4,"B- = 100 ",
69,174,0,Tm,,0,keV,,"4-",,5.4,m,0.1,,,,,,,,-53864.521,keV,44.721,"B- = 100 ",
69,174,1,Tm,,252.4,keV,0.5,"0+",,2.29,s,0.01,,,,,,,,-53612.121,keV,44.724,"B- = 1.5 ,IT = 98.5 ",
69,175,0,Tm,,0,keV,0,"(1/2+)",,15.2,m,0.5,,,,,,,,-52310.556,keV,50,"B- = 100",
69,176,0,Tm,,0,keV,,"(4+)",,1.853,m,0.027,,,,,,,,-49371.322,keV,100,"B- = 100 ",
69,177,0,Tm,,0,keV,,"(1/2+)",,95,s,7,,,,,,,,-47570,keV,200,"B- = 100 ",
69,177,1,Tm,,0,keV,,"(7/2-)",,77,s,11,,,,,,,,-47570,keV,200,"B- ~ 100 ,IT?",
69,178,0,Tm,,0,keV,,,,,,,,,,,,,,-44240,keV,300,"B- = 100",
69,179,0,Tm,,0,keV,,,,,,,,,,,,,,-41900,keV,400,"B- = 100",
69,180,0,Tm,,0,keV,,,,,,,,,,,,,,-38170,keV,400,"B- = 100 ,B-n?",
69,181,0,Tm,,0,keV,,,,,,,,,,,,,,-35440,keV,500,"B- = 100,B-n?",
70,149,0,Yb,,0,keV,,"(1/2+)",,0.7,s,0.2,,,,,,,,-33330,keV,300,"ECp = 0 ,EC+B+ = 100 ",
70,150,0,Yb,,0,keV,0,"0+",,,,,,,,,,,,-38830,keV,300,"ECp?,EC+B+ = 100",
70,151,0,Yb,,0,keV,,"(1/2+)",,1.6,s,0.1,,,,,,,,-41542.352,keV,300.492,"ECp = 0 ,EC+B+ = 100 ",
70,151,1,Yb,,680,keV,120,"(11/2-)",,1.6,s,0.1,,,,,,,,-40862.352,keV,323.567,"EC+B+ ~ 100 ,IT?,ECp?",
70,152,0,Yb,,0,keV,,"0+",,3.1,s,0.2,,,,,,,,-46270.386,keV,149.708,"ECp?,EC+B+ = 100 ",
70,153,0,Yb,,0,keV,,"(7/2-)",,4.2,s,0.1,,,,,,,,-47160,keV,200,"a?,EC+B+?",
70,154,0,Yb,,0,keV,,"0+",,409,ms,2,,,,,,,,-49932.093,keV,17.281,"a = 92.6 1.2,EC+B+ = 7.4 1.2",
70,155,0,Yb,,0,keV,,"(7/2-)",,1.79,s,0.02,,,,,,,,-50502.614,keV,16.6,"a = 89 4,EC+B+ = 11 4",
70,156,0,Yb,,0,keV,,"0+",,25,s,1.1,,,,,,,,-53265.538,keV,9.308,"a = 10 4,EC+B+ = 90 4",
70,157,0,Yb,,0,keV,,"7/2-",,38.6,s,1,,,,,,,,-53419.912,keV,10.905,"a?,EC+B+ ~ 100 ",
70,158,0,Yb,,0,keV,,"0+",,1.49,m,0.13,,,,,,,,-56009.62,keV,7.973,"a = 0.0021 0.0012,EC+B+ = 99.9979 0.0012",
70,159,0,Yb,,0,keV,,"5/2(-)",,1.73,m,0.09,,,,,,,,-55833.517,keV,17.582,"EC+B+ = 100 ",
70,160,0,Yb,,0,keV,,"0+",,4.8,m,0.2,,,,,,,,-58163.227,keV,5.496,"EC+B+ = 100 ",
70,161,0,Yb,,0,keV,,"3/2-",,4.2,m,0.2,,,,,,,,-57834.248,keV,15.101,"EC+B+ = 100 ",
70,162,0,Yb,,0,keV,,"0+",,18.89,m,0.18,,,,,,,,-59821.163,keV,15.103,"EC+B+ = 100 ",
70,163,0,Yb,,0,keV,,"3/2-",,11.05,m,0.25,,,,,,,,-59293.878,keV,15.105,"EC+B+ = 100 ",
70,164,0,Yb,,0,keV,,"0+",,75.8,m,1.7,,,,,,,,-61012.171,keV,15.106,"EC = 100 ",
70,165,0,Yb,,0,keV,,"5/2-",,9.8,m,0.5,,,,,,,,-60295.388,keV,26.539,"EC+B+ = 100 ",
70,166,0,Yb,,0,keV,,"0+",,56.7,h,0.1,,,,,,,,-61593.706,keV,7.001,"EC = 100 ",
70,167,0,Yb,,0,keV,,"5/2-",,17.5,m,0.1,,,,,,,,-60589.9,keV,3.96,"EC+B+ = 100 ",
70,168,0,Yb,,0,keV,,"0+",,STABLE,,,,,,,,0.123,0.003,-61579.867,keV,0.093,,
70,169,0,Yb,,0,keV,,"7/2+",,32.015,d,0.009,,,,,,,,-60375.527,keV,0.178,"EC = 100 ",
70,169,1,Yb,,24.1999,keV,0.0016,"1/2-",,46,s,2,,,,,,,,-60351.3271,keV,0.178,"IT = 100 ",
70,170,0,Yb,,0,keV,0,"0+",,STABLE,,,,,,,,2.982,0.039,-60763.929,keV,0.01,,
70,171,0,Yb,,0,keV,,"1/2-",,STABLE,,,,,,,,14.086,0.14,-59306.818,keV,0.013,,
70,172,0,Yb,,0,keV,,"0+",,STABLE,,,,,,,,21.686,0.13,-59255.456,keV,0.014,,
70,173,0,Yb,,0,keV,,"5/2-",,STABLE,,,,,,,,16.103,0.063,-57551.234,keV,0.011,,
70,174,0,Yb,,0,keV,,"0+",,STABLE,,,,,,,,32.025,0.08,-56944.521,keV,0.011,,
70,175,0,Yb,,0,keV,0,"7/2-",,4.1615,d,0.003,,,,,,,,-54695.556,keV,0.071,"B- = 100 ",
70,176,0,Yb,,0,keV,,"0+",,STABLE,,,,,,,,12.995,0.083,-53491.322,keV,0.014,,
70,176,1,Yb,,1049.8,keV,0.6,"8-",,11.4,s,0.3,,,,,,,,-52441.522,keV,0.6,"IT = 100 ",
70,177,0,Yb,,0,keV,,"9/2+",,1.911,h,0.003,,,,,,,,-50986.404,keV,0.22,"B- = 100 ",
70,177,1,Yb,,331.5,keV,0.3,"1/2-",,6.5,s,0.02,,,,,,,,-50654.904,keV,0.372,"IT = 100 ",
70,178,0,Yb,,0,keV,,"0+",,74,m,3,,,,,,,,-49677.139,keV,6.588,"B- = 100 ",
70,179,0,Yb,,0,keV,,"(1/2-)",,8,m,0.4,,,,,,,,-46640,keV,200,"B- = 100 ",
70,180,0,Yb,,0,keV,,"0+",,2.4,m,0.5,,,,,,,,-44720,keV,300,"B- = 100 ",
70,181,0,Yb,,0,keV,,,,,,,,,,,,,,-41088,keV,298,"B- = 100",
70,182,0,Yb,,0,keV,,"0+",,,,,,,,,,,,-38900,keV,400,"B- = 100",
70,183,0,Yb,,0,keV,,,,,,,,,,,,,,-35000,keV,400,"B- = 100 ",
70,184,0,Yb,,0,keV,0,"0+",,,,,,,,,,,,-32600,keV,503,"B- = 100",
70,185,0,Yb,,0,keV,0,,,,,,,,,,,,,-28480,keV,500,"B- = 100",
71,150,0,Lu,,0,keV,,"(2+)",,45,ms,3,,,,,,,,-24771,keV,300,"p ~ 100 ",
71,151,0,Lu,,0,keV,,"11/2-",,79,ms,1,,,,,,,,-30300,keV,300,"p = 0 ,EC+B+ = 0 ",
71,152,0,Lu,,0,keV,,"(4-),(5-),(6-)",,650,ms,71,,,,,,,,-33422,keV,196,"ECp = 15 7,EC+B+ = 100 ",
71,153,0,Lu,,0,keV,0,"11/2-",,0.9,s,0.2,,,,,,,,-38375.462,keV,150.017,"a?,EC+B+?",
71,154,0,Lu,,0,keV,,"(2-)",,,,,,,,,,,,-39667,keV,201,"EC+B+?,a?,ECp?",
71,154,1,Lu,,59,keV,7,"(9+)",,1.12,s,0.08,,,,,,,,-39608,keV,201.1,"EC+B+ ~ 100 ,a?,ECp?",
71,155,0,Lu,,0,keV,,"11/2-",,67,ms,2,,,,,,,,-42545.056,keV,19.245,"a = 88 3,EC+B+ = 12 3",
71,155,1,Lu,,61,keV,20,"1/2+",,138,ms,8,,,,,,,,-42484.056,keV,27.756,"a = 76 16,EC+B+ = 24 16",
71,156,0,Lu,,0,keV,,"(2)-",,494,ms,12,,,,,,,,-43699.55,keV,54.122,"a ~ 100 ",
71,156,1,Lu,,0,keV,,"(10+)",,198,ms,2,,,,,,,,-43699.55,keV,54.122,"a = 100",
71,157,0,Lu,,0,keV,,"(1/2+),(3/2+)",,7.6,s,+2-1.9,,,,,,,,-46439.818,keV,12.074,"a = 0 ,EC+B+?",
71,157,1,Lu,,26.5,keV,5.6,"(11/2-)",,4.79,s,0.12,,,,,,,,-46413.318,keV,13.309,"a = 6 2,EC+B+ = 94 2",
71,158,0,Lu,,0,keV,,"(2)-",,10.6,s,0.3,,,,,,,,-47212.2,keV,15.125,"a = 0.91 0.2,EC+B+ = 99.09 0.2",
71,159,0,Lu,,0,keV,,,,12.1,s,1,,,,,,,,-49708.609,keV,37.663,"EC+B+ = 100 ",
71,160,0,Lu,,0,keV,,,,36.1,s,0.3,,,,,,,,-50269.942,keV,56.821,"a = 0.0001 ,EC+B+ = 100 ",
71,160,1,Lu,,0,keV,,,,40,s,1,,,,,,,,-50269.942,keV,56.821,"a?,EC+B+ = 100 ",
71,161,0,Lu,,0,keV,,"1/2+",,77,s,2,,,,,,,,-52562.349,keV,27.945,"EC+B+ = 100 ",
71,162,0,Lu,,0,keV,,"1-",,1.37,m,0.02,,,,,,,,-52831.759,keV,75.036,"EC+B+ = 100",
71,162,1,Lu,,0,keV,,"(4-)",,1.5,m,0,,,,,,,,-52831.759,keV,75.036,"IT?,EC+B+ = 100 ",
71,162,2,Lu,,0,keV,,"(9-)",,1.9,m,0,,,,,,,,-52831.759,keV,75.036,"IT?,EC+B+ = 100 ",
71,163,0,Lu,,0,keV,,"1/2+",,4.01,m,0.11,,,,,,,,-54791.415,keV,27.945,"EC+B+ = 100 ",
71,164,0,Lu,,0,keV,,"1(-)",,3.15,m,0.02,,,,,,,,-54642.376,keV,27.945,"EC+B+ = 100 ",
71,165,0,Lu,,0,keV,,"1/2+",,10.74,m,0.1,,,,,,,,-56442.248,keV,26.539,"EC+B+ = 100 ",
71,166,0,Lu,,0,keV,,"6-",,2.65,m,0.1,,,,,,,,-56020.987,keV,29.808,"EC+B+ = 100 ",
71,166,1,Lu,,34.37,keV,0.22,"3(-)",,1.41,m,0.1,,,,,,,,-55986.617,keV,29.809,"IT = 42 5,EC+B+ = 58 ",
71,166,2,Lu,,43,keV,0.4,"0-",,2.12,m,0.1,,,,,,,,-55977.987,keV,29.811,"IT = 20 ,EC+B+ = 80 ",
71,167,0,Lu,,0,keV,,"7/2+",,52,m,0.9,,,,,,,,-57526.281,keV,37.26,"EC+B+ = 100 ",
71,167,1,Lu,,33.7,keV,0.4,"1/2+",,1,m,,,,,,,,,-57492.581000000006,keV,37.262147012753,"IT?,EC+B+?",
71,168,0,Lu,,0,keV,,"6-",,5.5,m,0.1,,,,,,,,-57072.832,keV,37.973,"EC+B+ = 100 ",
71,168,1,Lu,,160,keV,40,"3+",,6.6,m,0.4,,,,,,,,-56912.832,keV,55.154,"IT = 0.4 0.4,EC+B+ = 99.6 0.4",
71,169,0,Lu,,0,keV,,"7/2+",,34.06,h,0.05,,,,,,,,-58082.527,keV,3.005,"EC+B+ = 100 ",
71,169,1,Lu,,29,keV,0.5,"1/2-",,160,s,10,,,,,,,,-58053.527,keV,3.046,"IT = 100 ",
71,170,0,Lu,,0,keV,,"0+",,2.01,d,0.02,,,,,,,,-57306.234,keV,16.843,"EC+B+ = 100 ",
71,170,1,Lu,,92.91,keV,0.09,"(4)-",,0.67,s,0.1,,,,,,,,-57213.32399999999,keV,16.84324045426,"IT = 100 ",
71,171,0,Lu,,0,keV,,"7/2+",,8.25,d,0.02,,,,,,,,-57828.465,keV,1.862,"EC+B+ = 100 ",
71,171,1,Lu,,71.13,keV,0.08,"1/2-",,78,s,2,,,,,,,,-57757.335,keV,1.864,"IT = 100 ",
71,172,0,Lu,,0,keV,,"4-",,6.702,d,0.017,,,,,,,,-56736.076,keV,2.336,"EC+B+ = 100 ",
71,172,1,Lu,,41.86,keV,0.04,"1-",,3.7,m,0.5,,,,,,,,-56694.216,keV,2.336,"IT = 100 ",
71,173,0,Lu,,0,keV,,"7/2+",,1.37,y,0.01,,,,,,,,-56881.014,keV,1.567,"EC = 100 ",
71,174,0,Lu,,0,keV,,"1-",,3.31,y,0.05,,,,,,,,-55570.292,keV,1.567,"EC+B+ = 100 ",
71,174,1,Lu,,170.83,keV,0.05,"6-",,142,d,2,,,,,,,,-55399.462,keV,1.568,"IT = 99.38 0.02,EC = 0.62 0.02",
71,175,0,Lu,,0,keV,0,"7/2+",,STABLE,,,,,,,,97.401,0.013,-55165.678,keV,1.207,,
71,176,0,Lu,,0,keV,,"7-",,37142795493,y,187473737,,,,,,2.599,0.013,-53382.333,keV,1.212,"B- = 100 ",
71,176,1,Lu,,122.845,keV,0.004,"1-",,3.6746,h,0.0062,,,,,,,,-53259.488,keV,1.212,"B- = 99.905 0.016,EC = 0.095 0.016",
71,177,0,Lu,,0,keV,,"7/2+",,6.6472,d,0.0016,,,,,,,,-52383.903,keV,1.221,"B- = 100 ",
71,177,1,Lu,,970.1757,keV,0.0024,"23/2-",,160.35,d,0.28,,,,,,,,-51413.7273,keV,1.221,"B- = 77.3 0.08,IT = 22.7 0.08",
71,178,0,Lu,,0,keV,,"1(+)",,28.4,m,0.2,,,,,,,,-50337.881,keV,2.251,"B- = 100 ",
71,178,1,Lu,,123.8,keV,2.6,"(9-)",,23.2,m,0.3,,,,,,,,-50214.081,keV,3.439,"B- = 100 ",
71,179,0,Lu,,0,keV,,"7/2+",,4.59,h,0.06,,,,,,,,-49059.013,keV,5.15,"B- = 100 ",
71,180,0,Lu,,0,keV,,"5+",,5.6,m,0.2,,,,,,,,-46676.476,keV,70.725,"B- = 100 ",
71,181,0,Lu,,0,keV,,,,3.5,m,0.3,,,,,,,,-44797.414,keV,125.752,"B- = 100 ",
71,182,0,Lu,,0,keV,,,,2,m,0.2,,,,,,,,-41770,keV,200,"B- = 100 ",
71,183,0,Lu,,0,keV,,,,58,s,4,,,,,,,,-39716.114,keV,80.108,"B- = 100 ",
71,184,0,Lu,,0,keV,,"(3+)",,19,s,2,,,,,,,,-36300,keV,200,"B- = 100 ",
71,185,0,Lu,,0,keV,0,,,,,,,,,,,,,-33960,keV,300,"B- = 100",
71,186,0,Lu,,0,keV,0,,,,,,,,,,,,,-30320,keV,400,"B- = 100",
71,187,0,Lu,,0,keV,,,,,,,,,,,,,,-27770,keV,400,"B- = 100,B-n?",
71,188,0,Lu,,0,keV,,,,,,,,,,,,,,-23820,keV,400,"B- = 100,B-n?",
72,153,0,Hf,,0,keV,0,,,,,,,,,,,,,,,,"ECp?,EC+B+?",
72,154,0,Hf,,0,keV,,"0+",,2,s,1,,,,,,,,-32730,keV,300,"a ~ 0 ,EC+B+ ~ 100 ",
72,155,0,Hf,,0,keV,,"(7/2-)",,840,ms,30,,,,,,,,-34310,keV,300,"EC+B+ = 100 ",
72,156,0,Hf,,0,keV,,"0+",,23,ms,1,,,,,,,,-37819.514,keV,149.74,"a ~ 100 ",
72,157,0,Hf,,0,keV,,"(7/2-)",,115,ms,1,,,,,,,,-38855,keV,200,"a = 94 4,EC+B+ = 6 4",
72,158,0,Hf,,0,keV,,"0+",,2.9,s,0.2,,,,,,,,-42102.399,keV,17.494,"a = 44 2,EC+B+ = 56 2",
72,159,0,Hf,,0,keV,,"7/2-",,5.2,s,0.1,,,,,,,,-42852.606,keV,16.813,"a = 12 1,EC+B+ = 88 1",
72,160,0,Hf,,0,keV,,"0+",,13.6,s,0.2,,,,,,,,-45938.747,keV,9.54,"a = 0.7 0.2,EC+B+ = 99.3 0.2",
72,161,0,Hf,,0,keV,,"(7/2-)",,18.4,s,0.4,,,,,,,,-46315.817,keV,23.45,"a = 0.3 0.05,EC+B+ = 99.7 0.05",
72,162,0,Hf,,0,keV,,"0+",,38.7,s,1.1,,,,,,,,-49168.426,keV,8.952,"a = 0.008 0.001,EC+B+ = 99.992 0.001",
72,163,0,Hf,,0,keV,,"(5/2-)",,40,s,0.6,,,,,,,,-49269.32,keV,25.693,"EC+B+ = 100 ",
72,164,0,Hf,,0,keV,,"0+",,111,s,8,,,,,,,,-51818.356,keV,15.812,"EC+B+ = 100 ",
72,165,0,Hf,,0,keV,,"(5/2-)",,76,s,4,,,,,,,,-51635.513,keV,27.945,"EC+B+ = 100 ",
72,166,0,Hf,,0,keV,,"0+",,6.77,m,0.3,,,,,,,,-53858.989,keV,27.945,"EC+B+ = 100 ",
72,167,0,Hf,,0,keV,,"(5/2-)",,2.05,m,0.04,,,,,,,,-53467.761,keV,27.945,"EC+B+ = 100 ",
72,168,0,Hf,,0,keV,,"0+",,25.95,m,0.2,,,,,,,,-55360.557,keV,27.945,"EC+B+ = 100 ",
72,169,0,Hf,,0,keV,,"5/2-",,3.25,m,0.04,,,,,,,,-54716.895,keV,27.945,"EC+B+ = 100 ",
72,170,0,Hf,,0,keV,,"0+",,16.01,h,0.15,,,,,,,,-56253.86,keV,27.945,"EC = 100 ",
72,171,0,Hf,,0,keV,,"7/2+",,12.1,h,0.4,,,,,,,,-55431.351,keV,28.876,"EC+B+ = 100 ",
72,171,1,Hf,,21.93,keV,0.09,"1/2-",,29.5,s,0.9,,,,,,,,-55409.421,keV,28.876,"IT ~ 100 ",
72,172,0,Hf,,0,keV,,"0+",,1.87,y,0.03,,,,,,,,-56402.232,keV,24.428,"EC = 100 ",
72,173,0,Hf,,0,keV,,"1/2-",,23.6,h,0.1,,,,,,,,-55411.79,keV,27.945,"EC+B+ = 100 ",
72,174,0,Hf,,0,keV,,"0+",,70000000000000000,y,12000000000000000,,,,,,0.16,0.12,-55844.583,keV,2.259,"a = 100",
72,175,0,Hf,,0,keV,0,"5/2(-)",,70.67,d,0.19,,,,,,,,-54481.763,keV,2.283,"EC = 100",
72,176,0,Hf,,0,keV,,"0+",,STABLE,,,,,,,,5.26,0.7,-54576.428,keV,1.482,,
72,177,0,Hf,,0,keV,,"7/2-",,STABLE,,,,,,,,18.6,0.16,-52880.745,keV,1.41,,
72,177,1,Hf,,1315.4502,keV,0.0008,"23/2+",,1.09,s,0.05,,,,,,,,-51565.2948,keV,1.41,"IT = 100 ",
72,177,2,Hf,,2740.02,keV,0.15,"37/2-",,51.4,m,0.5,,,,,,,,-50140.725000000006,keV,1.417956275772,"IT = 100 ",
72,178,0,Hf,,0,keV,,"0+",,STABLE,,,,,,,,27.28,0.28,-52435.366,keV,1.415,,
72,178,1,Hf,,1147.416,keV,0.006,"8-",,4.3,s,0.1,,,,,,,,-51287.950000000004,keV,1.415012720791,"IT = 100 ",
72,178,2,Hf,,2446.09,keV,0.08,"16+",,31,y,1,,,,,,,,-49989.276,keV,1.417,"IT = 100 ",
72,179,0,Hf,,0,keV,,"9/2+",,STABLE,,,,,,,,13.62,0.11,-50463.036,keV,1.416,,
72,179,1,Hf,,375.0352,keV,0.0025,"1/2-",,18.67,s,0.04,,,,,,,,-50088.0008,keV,1.416,"IT = 100 ",
72,179,2,Hf,,1105.74,keV,0.16,"25/2-",,24.86,d,0.2,,,,,,,,-49357.296,keV,1.425,"IT = 100 ",
72,180,0,Hf,,0,keV,,"0+",,STABLE,,,,,,,,35.08,0.33,-49779.476,keV,1.421,,
72,180,1,Hf,,1141.552,keV,0.015,"8-",,5.528,h,0.016,,,,,,,,-48637.924,keV,1.421,"B- = 0.31 0.08,IT = 99.69 0.08",
72,181,0,Hf,,0,keV,,"1/2-",,42.39,d,0.06,,,,,,,,-47402.958,keV,1.423,"B- = 100 ",
72,182,0,Hf,,0,keV,,"0+",,8900000,y,90000,,,,,,,,-46049.636,keV,6.166,"B- = 100 ",
72,182,1,Hf,,1172.87,keV,0.18,"(8-)",,61.5,m,1.5,,,,,,,,-44876.765999999996,keV,6.168626751555,"B- = 54 2,IT = 46 2",
72,183,0,Hf,,0,keV,,"(3/2-)",,1.019,h,0.003,,,,,,,,-43283.547,keV,30.042,"B- = 100 ",
72,184,0,Hf,,0,keV,,"0+",,4.12,h,0.05,,,,,,,,-41499.453,keV,39.706,"B- = 100 ",
72,184,1,Hf,,1272.2,keV,0.4,"(8-)",,48,s,10,,,,,,,,-40227.253000000004,keV,39.708014757729,"IT = 100 ",
72,184,2,Hf,,2477,keV,10,"(15+)",,12,m,+8-6,,,,,,,,-39022.453,keV,40.946,"B-?,IT?",
72,185,0,Hf,,0,keV,,,,3.5,m,0.6,,,,,,,,-38319.804,keV,64.273,"B- = 100 ",
72,186,0,Hf,,0,keV,,"0+",,2.6,m,1.2,,,,,,,,-36424.214,keV,51.232,"B- = 100 ",
72,186,1,Hf,,2968,keV,43,,,20,s,,,,,,,,,-33456.214,keV,66.886,"B-?,IT?",
72,187,0,Hf,,0,keV,,,,,,,,,,,,,,-33000,keV,200,"B- = 100 ",
72,188,0,Hf,,0,keV,,"0+",,,,,,,,,,,,-30830,keV,300,"B- = 100 ",
72,189,0,Hf,,0,keV,,,,,,,,,,,,,,-27150,keV,300,"B- = 100 ",
72,190,0,Hf,,0,keV,0,"0+",,,,,,,,,,,,-24800,keV,400,"B- = 100",
73,155,0,Ta,,0,keV,,"11/2-",,2.9,ms,+1.5-1.1,,,,,,,,-23988,keV,300,"p = 100",
73,156,0,Ta,,0,keV,,"(2-)",,106,ms,4,,,,,,,,-26001,keV,300,"p = 71 3,EC+B+ = 29 3",
73,156,1,Ta,,102,keV,7,"(9+)",,363,ms,42,,,,,,,,-25899,keV,300.1,"p = 4.2 0.9,EC+B+ = 95.8 0.9",
73,157,0,Ta,,0,keV,,"1/2+",,10.2,ms,0.4,,,,,,,,-29595.948,keV,150.052,"p = 3.4 1.2,a = 96.6 1.2",
73,158,0,Ta,,0,keV,,"(2-)",,49,ms,8,,,,,,,,-31118,keV,201,"a ~ 100 ,EC+B+?",
73,159,0,Ta,,0,keV,,"1/2+",,1.04,s,0.11,,,,,,,,-34439.157,keV,19.689,"a = 34 5,EC+B+ = 66 5",
73,159,1,Ta,,64,keV,5,"11/2-",,0.553,s,0.045,,,,,,,,-34375.157,keV,20.314,"a = 55 1,EC+B+ = 45 1",
73,160,0,Ta,,0,keV,,,,1.55,s,0.04,,,,,,,,-35823.7,keV,54.316,"a = 0 ,EC+B+?",
73,160,1,Ta,,0,keV,,,,1.7,s,0.2,,,,,,,,-35823.7,keV,54.316,"a = 0 ,EC+B+?",
73,161,0,Ta,,0,keV,,"(1/2+)",,,,,,,,,,,,-38778.575,keV,24.381,"a?,EC+B+?",
73,161,1,Ta,,95,keV,38,"(11/2-)",,3.09,s,0.1,,,,,,,,-38683.575,keV,45.149,"a = 7 3,EC+B+ = 93 3",
73,162,0,Ta,,0,keV,,,,3.56,s,0.12,,,,,,,,-39781.405,keV,63.322,"a = 0.074 0.01,EC+B+ = 99.926 0.01",
73,163,0,Ta,,0,keV,,"(1/2+)",,10.7,s,1.2,,,,,,,,-42534.634,keV,38.061,"EC+B+ ~ 100 ",
73,164,0,Ta,,0,keV,,"(3+)",,14.2,s,0.4,,,,,,,,-43282.805,keV,27.945,"EC+B+ = 100 ",
73,165,0,Ta,,0,keV,,"(9/2-)",,31,s,1.5,,,,,,,,-45847.872,keV,13.573,"EC+B+ = 100 ",
73,166,0,Ta,,0,keV,,"(2)+",,34.4,s,0.5,,,,,,,,-46097.78,keV,27.945,"EC+B+ = 100 ",
73,167,0,Ta,,0,keV,,"(3/2+)",,80,s,4,,,,,,,,-48351.064,keV,27.945,"EC+B+ = 100 ",
73,168,0,Ta,,0,keV,,"(2-),(3+)",,2,m,0.1,,,,,,,,-48393.913,keV,27.945,"EC+B+ = 100 ",
73,169,0,Ta,,0,keV,,"(5/2+)",,4.9,m,0.4,,,,,,,,-50290.435,keV,27.945,"EC+B+ = 100 ",
73,170,0,Ta,,0,keV,,"(3+)",,6.76,m,0.06,,,,,,,,-50137.67,keV,27.945,"EC+B+ = 100 ",
73,171,0,Ta,,0,keV,,"(5/2+)",,23.3,m,0.3,,,,,,,,-51720.279,keV,27.945,"EC+B+ = 100",
73,172,0,Ta,,0,keV,,"(3+)",,36.8,m,0.3,,,,,,,,-51329.983,keV,27.945,"EC+B+ = 100 ",
73,173,0,Ta,,0,keV,,"5/2-",,3.14,h,0.13,,,,,,,,-52396.543,keV,27.945,"EC+B+ = 100 ",
73,174,0,Ta,,0,keV,,"3+",,1.08,h,0.03,,,,,,,,-51740.771,keV,27.945,"EC+B+ = 100 ",
73,175,0,Ta,,0,keV,0,"7/2+",,10.5,h,0.2,,,,,,,,-52408.653,keV,27.945,"EC+B+ = 100",
73,176,0,Ta,,0,keV,,"(1)-",,8.08,h,0.07,,,,,,,,-51365.379,keV,30.739,"EC+B+ = 100 ",
73,177,0,Ta,,0,keV,,"7/2+",,56.56,h,0.06,,,,,,,,-51714.745,keV,3.315,"EC+B+ = 100 ",
73,178,0,Ta,,0,keV,,"7-",,2.41,h,0.07,,,,,,,,-50598,keV,52,"EC+B+ = 100 ",
73,178,1,Ta,,0,keV,,"(21-)",,290,ms,12,,,,,,,,-50598,keV,52,"IT = 100 ",
73,178,2,Ta,,0,keV,,"(1+)",,9.32,m,0.04,,,,,,,,-50598,keV,52,"EC+B+ = 100 ",
73,179,0,Ta,,0,keV,,"7/2+",,1.815,y,0.03,,,,,,,,-50357.456,keV,1.466,"EC = 100 ",
73,180,0,Ta,,0,keV,,"1+",,8.154,h,0.006,,,,,,,,-48933.631,keV,2.068,"B- = 15 4,EC = 85 4",
73,180,1,Ta,,76.79,keV,0.55,"9-",,STABLE,,,,,,,,0.01201,0.00032,-48856.841,keV,2.14,,
73,181,0,Ta,,0,keV,,"7/2+",,STABLE,,,,,,,,99.98799,0.00032,-48439.064,keV,1.576,,
73,182,0,Ta,,0,keV,,"3-",,114.804,d,0.11,,,,,,,,-46430.685,keV,1.578,"B- = 100 ",
73,182,1,Ta,,16.273,keV,0.004,"5+",,283,ms,3,,,,,,,,-46414.412,keV,1.578,"IT = 100 ",
73,182,2,Ta,,519.577,keV,0.016,"10-",,15.85,m,0.1,,,,,,,,-45911.108,keV,1.578,"IT = 100 ",
73,183,0,Ta,,0,keV,,"7/2+",,5.1,d,0.1,,,,,,,,-45293.547,keV,1.59,"B- = 100 ",
73,184,0,Ta,,0,keV,,"(5-)",,8.7,h,0.1,,,,,,,,-42839.453,keV,26.01,"B- = 100 ",
73,185,0,Ta,,0,keV,,"(7/2+)",,49.5,m,1.5,,,,,,,,-41394.371,keV,14.161,"B- = 100 ",
73,186,0,Ta,,0,keV,,"(3-)",,10.5,m,0.2,,,,,,,,-38607.602,keV,60.012,"B- = 100 ",
73,186,1,Ta,,336,keV,20,,,1.54,m,0.05,,,,,,,,-38271.602,keV,63.257,"B-?,IT?",
73,186,2,Ta,,347.9,keV,0.3,"(7+)",,17,s,2,,,,,,,,-38259.702,keV,60.013,"IT = 100",
73,187,0,Ta,,0,keV,,"(7/2+)",,283,s,10,,,,,,,,-36895.55,keV,55.89,"B- = 100 ",
73,187,1,Ta,,1784,keV,4,"(27/2-)",,7.3,s,0.9,,,,,,,,-35111.55,keV,56.03,"B- = 40 ,IT = 60 ",
73,187,2,Ta,,2934,keV,10,"(41/2+)",,5,m,,,,,,,,,-33961.55,keV,56.78,"B- = 100",
73,188,0,Ta,,0,keV,,"(1-)",,19.6,s,2,,,,,,,,-33910,keV,200,"B- = 100 ",
73,188,1,Ta,,99,keV,33,"(7-)",,19.6,s,2,,,,,,,,-33811,keV,202.7,"B-?,IT?",
73,189,0,Ta,,0,keV,,,,,,,,,,,,,,-31960,keV,200,"B- = 100 ",
73,190,0,Ta,,0,keV,0,"(3)",,5.3,s,0.7,,,,,,,,-28720,keV,200,"B- = 100",
73,191,0,Ta,,0,keV,0,,,,,,,,,,,,,-26520,keV,300,"B- = 100",
73,192,0,Ta,,0,keV,,"(1),(2)",,2.2,s,0.7,,,,,,,,-23100,keV,400,"B- = 100 ",
73,193,0,Ta,,0,keV,,,,,,,,,,,,,,-20810,keV,400,"B- = 100 ,B-n?",
73,194,0,Ta,,0,keV,,,,,,,,,,,,,,-17130,keV,500,"B- = 100,B-n?",
74,157,0,W,,0,keV,,"(7/2-)",,275,ms,40,,,,,,,,-19690,keV,400,"EC+B+ ~ 100 ",
74,158,0,W,,0,keV,,"0+",,1.4,ms,0.2,,,,,,,,-23693,keV,300,"a = 100",
74,159,0,W,,0,keV,,"(7/2-)",,8.5,ms,0.6,,,,,,,,-25434,keV,300,"a ~ 100 ",
74,160,0,W,,0,keV,,"0+",,91,ms,5,,,,,,,,-29329.073,keV,149.81,"a = 87 8,EC+B+ = 13 8",
74,161,0,W,,0,keV,,,,409,ms,18,,,,,,,,-30507,keV,200,"a = 73 3,EC+B+ = 27 3",
74,162,0,W,,0,keV,,"0+",,0.99,s,0.03,,,,,,,,-33999.217,keV,17.657,"a = 46 2,EC+B+ = 54 2",
74,163,0,W,,0,keV,,"7/2-",,2.7,s,0.1,,,,,,,,-34908.439,keV,58.426,"a = 14 2,EC+B+ = 86 2",
74,164,0,W,,0,keV,,"0+",,6.34,s,0.15,,,,,,,,-38235.555,keV,9.673,"a = 3.8 1.2,EC+B+ = 96.2 1.2",
74,165,0,W,,0,keV,,"(5/2-)",,5.1,s,0.5,,,,,,,,-38861.316,keV,25.756,"a = 0.1 0.1,EC+B+ = 99.9 0.1",
74,166,0,W,,0,keV,,"0+",,19.2,s,0.6,,,,,,,,-41887.471,keV,9.463,"a = 0.035 0.012,EC+B+ = 99.965 0.012",
74,167,0,W,,0,keV,,"(5/2-)",,19.9,s,0.5,,,,,,,,-42093.212,keV,18.703,"a = 0.04 0.01,EC+B+ = 99.96 0.01",
74,168,0,W,,0,keV,,"0+",,50.9,s,1.9,,,,,,,,-44892.93,keV,13.259,"a = 0.0032 0.001,EC+B+ = 99.9968 0.001",
74,169,0,W,,0,keV,,"(5/2-)",,70,s,9,,,,,,,,-44917.866,keV,15.436,"EC+B+ = 100 ",
74,170,0,W,,0,keV,,"0+",,2.42,m,0.04,,,,,,,,-47290.804,keV,13.195,"EC+B+ = 100 ",
74,171,0,W,,0,keV,,"(5/2-)",,2.39,m,0.04,,,,,,,,-47086.095,keV,27.945,"EC+B+ = 100 ",
74,172,0,W,,0,keV,,"0+",,6.6,m,0.9,,,,,,,,-49097.191,keV,27.945,"EC+B+ = 100 ",
74,173,0,W,,0,keV,,"5/2-",,7.29,m,0.51,,,,,,,,-48727.388,keV,27.945,"EC+B+ = 100 ",
74,174,0,W,,0,keV,,"0+",,34.3,m,1,,,,,,,,-50227.093,keV,27.945,"EC+B+ = 100 ",
74,175,0,W,,0,keV,0,"(1/2-)",,35.2,m,0.6,,,,,,,,-49632.8,keV,27.945,"EC+B+ = 100",
74,176,0,W,,0,keV,,"0+",,2.5,h,0.1,,,,,,,,-50641.608,keV,27.945,"EC = 100 ",
74,177,0,W,,0,keV,,"1/2-",,132,m,2,,,,,,,,-49701.731,keV,27.945,"EC+B+ = 100 ",
74,178,0,W,,0,keV,,"0+",,21.6,d,0.3,,,,,,,,-50407.066,keV,15.199,"EC = 100 ",
74,179,0,W,,0,keV,,"7/2-",,37.05,m,0.16,,,,,,,,-49295.247,keV,14.573,"EC+B+ = 100 ",
74,179,1,W,,221.91,keV,0.03,"1/2-",,6.42,m,0.07,,,,,,,,-49073.337,keV,14.573,"IT = 99.71 0.04,EC+B+ = 0.29 0.04",
74,180,0,W,,0,keV,,"0+",,1590000000000000000,y,50000000000000000,,,,,,0.12,0.01,-49636.243,keV,1.439,"a = 100",
74,181,0,W,,0,keV,,"9/2+",,120.96,d,0.02,,,,,,,,-48233.945,keV,1.448,"EC = 100 ",
74,182,0,W,,0,keV,,"0+",,STABLE,,,,,,,,26.5,0.16,-48246.144,keV,0.745,,
74,183,0,W,,0,keV,,"1/2-",,STABLE,,,,,,,,14.31,0.04,-46365.663,keV,0.743,,
74,183,1,W,,309.492,keV,0.004,"11/2+",,5.36,s,0.08,,,,,,,,-46056.171,keV,0.743,"IT = 100 ",
74,184,0,W,,0,keV,,"0+",,STABLE,,,,,,,,30.64,0.02,-45705.453,keV,0.738,,
74,185,0,W,,0,keV,,"3/2-",,74.9,d,0.4,,,,,,,,-43387.871,keV,0.739,"B- = 100 ",
74,185,1,W,,197.383,keV,0.023,"11/2+",,1.67,m,0.03,,,,,,,,-43190.488,keV,0.739,"IT = 100 ",
74,186,0,W,,0,keV,,"0+",,STABLE,,,,,,,,28.43,0.19,-42508.602,keV,1.213,,
74,187,0,W,,0,keV,,"3/2-",,23.8,h,0.03,,,,,,,,-39904.044,keV,1.213,"B- = 100 ",
74,188,0,W,,0,keV,,"0+",,69.77,d,0.05,,,,,,,,-38667.88,keV,3.089,"B- = 100 ",
74,189,0,W,,0,keV,,,,11.6,m,0.2,,,,,,,,-35809,keV,200,"B- = 100 ",
74,190,0,W,,0,keV,0,"0+",,30,m,1.5,,,,,,,,-34368.832,keV,35.391,"B- = 100",
74,191,0,W,,0,keV,0,,,,,,,,,,,,,-31176.176,keV,41.917,"B- = 100",
74,192,0,W,,0,keV,,"0+",,,,,,,,,,,,-29620,keV,200,"B- = 100 ",
74,193,0,W,,0,keV,,,,,,,,,,,,,,-26190,keV,200,"B- = 100 ",
74,194,0,W,,0,keV,,"0+",,,,,,,,,,,,-24410,keV,300,"B- = 100 ",
74,195,0,W,,0,keV,,,,,,,,,,,,,,-20740,keV,300,"B- = 100 ",
74,196,0,W,,0,keV,,"0+",,,,,,,,,,,,-18740,keV,400,"B- = 100 ",
74,197,0,W,,0,keV,0,,,,,,,,,,,,,-14870,keV,400,"B- = 100",
75,159,0,Re,,0,keV,,"(1/2+)",,,,,,,,,,,,-14805,keV,305,"p?,a?",
75,159,1,Re,,0,keV,,"11/2-",,20,us,4,,,,,,,,-14805,keV,305,"p = 92.5 3.5,a = 7.5 3.5",
75,160,0,Re,,0,keV,,"(4-)",,0.612,ms,0.007,,,,,,,,-16878,keV,300,"p = 89 1,a = 11 1",
75,161,0,Re,,0,keV,,"1/2+",,0.44,ms,0.01,,,,,,,,-20842.82,keV,149.905,"p = 99.3 0.7,a = 0.7 0.7",
75,161,1,Re,,123.8,keV,1.3,"11/2-",,14.7,ms,0.3,,,,,,,,-20719.02,keV,149.91,"p = 7 0.3,a = 93 0.3",
75,162,0,Re,,0,keV,,"(2-)",,107,ms,13,,,,,,,,-22453,keV,201,"a = 94 6,EC+B+ = 6 6",
75,162,1,Re,,173,keV,13,"(9+)",,76,ms,10,,,,,,,,-22280,keV,201.4,"a = 91 5,EC+B+ = 9 5",
75,163,0,Re,,0,keV,,"1/2+",,390,ms,72,,,,,,,,-26002.253,keV,18.534,"a = 32 3,EC+B+ = 68 3",
75,163,1,Re,,115,keV,4,"11/2-",,214,ms,5,,,,,,,,-25887.253,keV,18.961,"a = 66 4,EC+B+ = 34 4",
75,164,0,Re,,0,keV,,"(2)-",,0.72,s,0.15,,,,,,,,-27472.441,keV,54.555,"a = 0 ,EC+B+?",
75,164,1,Re,,0,keV,,"(9+)",,0.86,s,+0.15-0.11,,,,,,,,-27472.441,keV,54.555,"a = 3 1,EC+B+ = 97 1",
75,165,0,Re,,0,keV,,"(1/2+)",,1.6,s,0.6,,,,,,,,-30659.353,keV,23.593,"a = 14 8,EC+B+ = 86 8",
75,165,1,Re,,50,keV,30,"(11/2-)",,1.74,s,0.06,,,,,,,,-30609.353,keV,38.166,"a = 13 1,EC+B+ = 87 1",
75,166,0,Re,,0,keV,,,,2.25,s,0.21,,,,,,,,-31837.335,keV,88.242,"a = 24 ,EC+B+ = 76 ",
75,167,0,Re,,0,keV,,"(9/2-)",,5.9,s,0.4,,,,,,,,-34834,keV,40,"a ~ 1 ,EC+B+ ~ 99 ",
75,167,1,Re,,128,keV,13,"(1/2+)",,3.4,s,0.4,,,,,,,,-34706,keV,42.1,"a ~ 100 ",
75,168,0,Re,,0,keV,,"(7+)",,4.4,s,0.1,,,,,,,,-35794.889,keV,30.821,"a ~ 0.005 ,EC+B+ ~ 99.995 ",
75,169,0,Re,,0,keV,,"(9/2-)",,8.1,s,0.5,,,,,,,,-38409.247,keV,11.369,"a = 0.005 0.004,EC+B+ = 99.995 0.004",
75,169,1,Re,,187,keV,17,"(1/2+),(3/2+)",,15.1,s,1.6,,,,,,,,-38222.247,keV,20.451,"EC+B+?,a ~ 0.2 ,IT?",
75,170,0,Re,,0,keV,,"(6),(7),(8),(9)",,9.2,s,0.2,,,,,,,,-38903.996,keV,11.427,"EC+B+ = 100 ",
75,170,1,Re,,64,keV,20,"(5+)",,9.2,s,0.2,,,,,,,,-38839.996,keV,23.034,"IT?,EC+B+?",
75,171,0,Re,,0,keV,,"(9/2-)",,15.2,s,0.4,,,,,,,,-41250.285,keV,27.945,"EC+B+ = 100 ",
75,172,0,Re,,0,keV,,"(5),(6),(7)",,15,s,3,,,,,,,,-41566.839,keV,35.568,"EC+B+ = 100 ",
75,172,1,Re,,0,keV,,"(2)",,55,s,5,,,,,,,,-41566.839,keV,35.568,"EC+B+ = 100 ",
75,173,0,Re,,0,keV,,"(5/2-)",,1.98,m,0.26,,,,,,,,-43553.87,keV,27.945,"EC+B+ = 100 ",
75,174,0,Re,,0,keV,,,,2.38,m,0.05,,,,,,,,-43673.101,keV,27.945,"EC+B+ = 100 ",
75,175,0,Re,,0,keV,0,"(5/2-)",,5.89,m,0.05,,,,,,,,-45288.312,keV,27.945,"EC+B+ = 100",
75,176,0,Re,,0,keV,,"(3+)",,5.3,m,0.3,,,,,,,,-45062.89,keV,27.945,"EC+B+ = 100 ",
75,177,0,Re,,0,keV,,"5/2-",,14,m,1,,,,,,,,-46269.175,keV,27.945,"EC+B+ = 100 ",
75,178,0,Re,,0,keV,,"(3+)",,13.2,m,0.2,,,,,,,,-45653.457,keV,27.945,"EC+B+ = 100 ",
75,179,0,Re,,0,keV,,"5/2+",,19.5,m,0.1,,,,,,,,-46584.312,keV,24.639,"EC+B+ = 100 ",
75,180,0,Re,,0,keV,,"(1)-",,2.46,m,0.03,,,,,,,,-45837.364,keV,21.392,"EC+B+ = 100 ",
75,181,0,Re,,0,keV,,"5/2+",,19.95,h,0.37,,,,,,,,-46517.412,keV,12.549,"EC+B+ = 100 ",
75,182,0,Re,,0,keV,,"7+",,64.2,h,0.4,,,,,,,,-45446.144,keV,101.983,"EC+B+ = 100 ",
75,182,1,Re,,0,keV,,"2+",,14.14,h,0.38,,,,,,,,-45446.144,keV,101.983,"EC+B+ = 100 ",
75,183,0,Re,,0,keV,,"5/2+",,70,d,1.4,,,,,,,,-45809.663,keV,8.034,"EC = 100 ",
75,184,0,Re,,0,keV,,"3(-)",,35.43,d,0.16,,,,,,,,-44219.819,keV,4.276,"EC+B+ = 100 ",
75,184,1,Re,,188.0463,keV,0.0017,"8(+)",,168,d,6,,,,,,,,-44031.7727,keV,4.276,"IT = 74.5 0.8,EC = 25.5 0.8",
75,185,0,Re,,0,keV,,"5/2+",,STABLE,,,,,,,,37.4,0.05,-43819.047,keV,0.82,,
75,186,0,Re,,0,keV,,"1-",,3.7184667951775174,d,+0.00044204499143996046-0.00044204499144084863,,,,,,,,-41927.32,keV,0.82,"B- = 92.53 0.1,EC = 7.47 0.1",
75,186,1,Re,,148.2,keV,0.5,"(8+)",~,200000,y,,,,,,,,,-41779.12,keV,0.96,"IT = 100 ",
75,187,0,Re,,0,keV,,"5/2+",,41200000000,y,1100000000,,,,,,62.6,0.05,-41216.548,keV,0.737,"B- = 100 ",
75,188,0,Re,,0,keV,,"1-",,17.004,h,0.002,,,,,,,,-39016.88,keV,0.738,"B- = 100 ",
75,188,1,Re,,172.0848,keV,0.0024,"6-",,18.59,m,0.04,,,,,,,,-38844.7952,keV,0.738,"IT = 100 ",
75,189,0,Re,,0,keV,,"5/2+",,24.2,h,0.4,,,,,,,,-37979.097,keV,8.191,"B- = 100 ",
75,190,0,Re,,0,keV,,"(2)-",,3,m,0.3,,,,,,,,-35583.015,keV,4.87,"B- = 100 ",
75,190,1,Re,,204,keV,10,"(6-)",,3.3,h,0.2,,,,,,,,-35379.015,keV,11.123,"B- = 54.4 2,IT = 45.6 2",
75,191,0,Re,,0,keV,0,"(3/2+)",,9.8,m,0.5,,,,,,,,-34350.408,keV,10.264,"B- = 100",
75,192,0,Re,,0,keV,,"(0-)",,15.2,s,0.6,,,,,,,,-31588.828,keV,70.794,"B- = 100 ",
75,193,0,Re,,0,keV,0,,,,,,,,,,,,,-30231.641,keV,39.123,"B- = 100",
75,194,0,Re,,0,keV,,"(0+),(1)",,5,s,1,,,,,,,,-27260,keV,200,"B- = 100 ",
75,194,1,Re,,285,keV,40,"(11-)",,25,s,8,,,,,,,,-26975,keV,204,"B- ~ 100 ,IT?",
75,194,2,Re,,833,keV,33,,,100,s,10,,,,,,,,-26427,keV,202.7,"B- ~ 100 ,IT?",
75,195,0,Re,,0,keV,,,,6,s,1,,,,,,,,-25560,keV,300,"B- = 100",
75,196,0,Re,,0,keV,,,,3,s,+1-2,,,,,,,,-22360,keV,300,"B- = 100 ",
75,197,0,Re,,0,keV,0,,,,,,,,,,,,,-20350,keV,300,"B- = 100",
75,198,0,Re,,0,keV,0,,,,,,,,,,,,,-16990,keV,400,"B- = 100",
75,199,0,Re,,0,keV,0,,,,,,,,,,,,,-14730,keV,400,"B- = 100,B-n?",
76,161,0,Os,,0,keV,,"(7/2-)",,0.64,ms,0.06,,,,,,,,-10196,keV,400,"a ~ 100 ",
76,162,0,Os,,0,keV,,"0+",,2.1,ms,0.1,,,,,,,,-14500,keV,300,"a ~ 100 ",
76,163,0,Os,,0,keV,,"(7/2-)",,5.8,ms,0.5,,,,,,,,-16336,keV,300,"a ~ 100 ",
76,164,0,Os,,0,keV,,"0+",,21,ms,1,,,,,,,,-20424.723,keV,149.903,"a = 96 +4-5,EC+B+ = 4 +5-4",
76,165,0,Os,,0,keV,,"(7/2-)",,71,ms,3,,,,,,,,-21747,keV,200,"a = 90 2,EC+B+ = 10 2",
76,166,0,Os,,0,keV,,"0+",,212,ms,5,,,,,,,,-25431.526,keV,17.966,"a = 83 4,EC+B+ = 17 4",
76,167,0,Os,,0,keV,,"(7/2-)",,839,ms,5,,,,,,,,-26498.86,keV,80.892,"a = 51 4,EC+B+ = 49 4",
76,168,0,Os,,0,keV,,"0+",,2.1,s,0.1,,,,,,,,-29994.995,keV,9.903,"a = 45 5,EC+B+ = 55 5",
76,169,0,Os,,0,keV,,"(5/2-)",,3.4,s,0.1,,,,,,,,-30722.984,keV,25.94,"a = 13.7 0.8,EC+B+ = 86.3 0.8",
76,170,0,Os,,0,keV,,"0+",,7.4,s,0.2,,,,,,,,-33925.692,keV,9.759,"a = 9.5 1,EC+B+ = 90.5 1",
76,171,0,Os,,0,keV,,"(5/2-)",,8.3,s,0.2,,,,,,,,-34297.238,keV,18.247,"a = 1.8 0.2,EC+B+ = 98.2 0.2",
76,172,0,Os,,0,keV,,"0+",,19.2,s,0.9,,,,,,,,-37243.641,keV,12.766,"a = 1.2 0.2,EC+B+ = 98.8 0.2",
76,173,0,Os,,0,keV,,"5/2-",,22.4,s,0.9,,,,,,,,-37438.25,keV,14.959,"a = 0.4 0.2,EC+B+ = 99.6 0.2",
76,174,0,Os,,0,keV,,"0+",,44,s,4,,,,,,,,-39995.383,keV,10.254,"a = 0.02 +0.01-0.004,EC+B+ = 99.98 +0.004-0.01",
76,175,0,Os,,0,keV,0,"(5/2-)",,1.4,m,0.1,,,,,,,,-40105.36,keV,11.775,"EC+B+ = 100",
76,176,0,Os,,0,keV,,"0+",,3.6,m,0.5,,,,,,,,-42131.184,keV,10.949,"EC+B+ = 100 ",
76,177,0,Os,,0,keV,,"1/2-",,3,m,0.2,,,,,,,,-41956.448,keV,14.613,"EC+B+ = 100 ",
76,178,0,Os,,0,keV,,"0+",,5,m,0.4,,,,,,,,-43544.243,keV,13.632,"EC+B+ = 100 ",
76,179,0,Os,,0,keV,,"1/2-",,6.3,m,0.3,,,,,,,,-43020.137,keV,15.505,"EC+B+ = 100 ",
76,180,0,Os,,0,keV,,"0+",,21.5,m,0.4,,,,,,,,-44356.198,keV,15.722,"EC+B+ = 100 ",
76,181,0,Os,,0,keV,,"1/2-",,106,m,3,,,,,,,,-43549.968,keV,25.338,"EC+B+ = 100 ",
76,181,1,Os,,49.2,keV,0.14,"7/2-",,2.7,m,0.1,,,,,,,,-43500.768000000004,keV,25.338386767906,"IT?,EC+B+ ~ 100 ",
76,182,0,Os,,0,keV,,"0+",,22.04,h,0.16,,,,,,,,-44609.109,keV,21.745,"EC = 100 ",
76,183,0,Os,,0,keV,,"9/2+",,13,h,0.5,,,,,,,,-43663.76,keV,49.769,"EC+B+ = 100 ",
76,183,1,Os,,170.73,keV,0.07,"1/2-",,9.9,h,0.3,,,,,,,,-43493.03,keV,49.77,"IT = 15 2,EC+B+ = 85 2",
76,184,0,Os,,0,keV,,"0+",,11200000000000,y,2300000000000,,,,,,0.02,0.02,-44252.565,keV,0.829,"a ~ 100 ",
76,185,0,Os,,0,keV,,"1/2-",,92.95,d,0.09,,,,,,,,-42805.908,keV,0.832,"EC = 100 ",
76,186,0,Os,,0,keV,,"0+",,2000000000000000,y,1100000000000000,,,,,,1.59,0.64,-43000.032,keV,0.761,"a = 100",
76,187,0,Os,,0,keV,,"1/2-",,STABLE,,,,,,,,1.97,0.17,-41219.015,keV,0.737,,
76,188,0,Os,,0,keV,,"0+",,STABLE,,,,,,,,13.24,0.27,-41137.301,keV,0.734,,
76,189,0,Os,,0,keV,,"3/2-",,STABLE,,,,,,,,16.15,0.23,-38986.802,keV,0.666,,
76,189,1,Os,,30.82,keV,0.02,"9/2-",,5.81,h,0.11,,,,,,,,-38955.982,keV,0.666,"IT = 100 ",
76,190,0,Os,,0,keV,,"0+",,STABLE,,,,,,,,26.26,0.2,-38707.825,keV,0.65,,
76,190,1,Os,,1705.7,keV,0.1,"10-",,9.86,m,0.03,,,,,,,,-37002.125,keV,0.658,"IT = 100 ",
76,191,0,Os,,0,keV,0,"9/2-",,15,d,0.04,,,,,,,,-36395.239,keV,0.659,"B- = 100",
76,191,1,Os,,74.382,keV,0.003,"3/2-",,13.12,h,0.07,,,,,,,,-36320.857,keV,0.659,"IT = 100",
76,192,0,Os,,0,keV,,"0+",,STABLE,,,,,,,,40.78,0.32,-35882.303,keV,2.314,,
76,192,1,Os,,2015.4,keV,0.11,"(10-)",,6.1,s,0.2,,,,,,,,-33866.903,keV,2.317,"IT ~ 100 ",
76,193,0,Os,,0,keV,,"3/2-",,29.83,h,0.018,,,,,,,,-33394.401,keV,2.32,"B- = 100 ",
76,194,0,Os,,0,keV,,"0+",,6,y,0.2,,,,,,,,-32435.176,keV,2.403,"B- = 100 ",
76,195,0,Os,,0,keV,,"(3/2-)",,6.4,m,1,,,,,,,,-29511.596,keV,55.89,"B- = 100",
76,195,1,Os,,427.8,keV,0.3,"(13/2+)",,47,s,3,,,,,,,,-29083.796000000002,keV,55.89080514718,"IT ~ 100 ",
76,196,0,Os,,0,keV,,"0+",,34.9,m,0.2,,,,,,,,-28277.123,keV,40.055,"B- = 100 ",
76,197,0,Os,,0,keV,0,,,93,s,7,,,,,,,,-25080,keV,200,"B- = 100",
76,198,0,Os,,0,keV,,"0+",,125,s,28,,,,,,,,-23600,keV,200,"B- = 100 ",
76,199,0,Os,,0,keV,,,,5,s,+4-2,,,,,,,,-20270,keV,200,"B- = 100 ",
76,200,0,Os,,0,keV,,"0+",,6,s,+4-3,,,,,,,,-18550,keV,300,"B- = 100 ",
76,201,0,Os,,0,keV,0,,,,,,,,,,,,,-14840,keV,300,"B- = 100",
76,202,0,Os,,0,keV,0,"0+",,,,,,,,,,,,-12530,keV,400,"B- = 100",
76,203,0,Os,,0,keV,0,,,,,,,,,,,,,-7270,keV,400,"B- = 100,B-n?",
77,164,0,Ir,,0,keV,,,,,,,,,,,,,,-7483,keV,316,"p?,EC+B+?,a?",
77,165,0,Ir,,0,keV,,"(1/2+)",,1,us,,,,,,,,,-11595,keV,158,"p?,a?",
77,165,1,Ir,,200,keV,100,"(11/2-)",,0.33,ms,0.03,,,,,,,,-11395,keV,187,"p = 88 2,a = 12 2",
77,166,0,Ir,,0,keV,,"(2-)",,11.7,ms,0.9,,,,,,,,-13306,keV,201,"p = 7 3,a = 93 3",
77,166,1,Ir,,172,keV,6,"(9+)",,15,ms,0.8,,,,,,,,-13134,keV,201.1,"p = 1.8 0.6,a = 98.2 0.6",
77,167,0,Ir,,0,keV,,"1/2+",,30,ms,0.9,,,,,,,,-17072.448,keV,18.346,"p = 39 1.5,EC+B+ = 17 3,a = 44 2",
77,167,1,Ir,,175.3,keV,2.2,"11/2-",,28.6,ms,0.9,,,,,,,,-16897.148,keV,18.477,"p = 0.41 0.06,EC+B+ = 9.59 3,a = 85 5",
77,168,0,Ir,,0,keV,,"(2-)",,222,ms,+60-40,,,,,,,,-18666.23,keV,55.216,"p?,EC+B+?,a = 100 ",
77,168,1,Ir,,0,keV,,"(9+),(10+)",,160,ms,+16-13,,,,,,,,-18666.23,keV,55.216,"p?,EC+B+ = 22 ,a = 78 9",
77,169,0,Ir,,0,keV,,"(1/2+)",,353,ms,4,,,,,,,,-22093.416,keV,23.307,"a = 53 7,EC+B+ = 47 7",
77,169,1,Ir,,153,keV,24,"(11/2-)",,280,ms,1,,,,,,,,-21940.416,keV,33.455,"a = 79 5,EC+B+ = 21 5",
77,170,0,Ir,,0,keV,,"(3-)",,0.87,s,+0.18-0.12,,,,,,,,-23182,keV,101,"a = 5.2 1.7,EC+B+ = 94.8 1.7",
77,170,1,Ir,,0,keV,,"(8+)",,811,ms,18,,,,,,,,-23182,keV,101,"EC+B+ = 62 ,a = 38 5,IT = 62 ",
77,171,0,Ir,,0,keV,,"(1/2+)",,3.2,s,+1.3-0.7,,,,,,,,-26412.03,keV,38.466,"a = 15 2,EC+B+ = 85 2",
77,171,1,Ir,,0,keV,,"(11/2-)",,1.2,s,0.05,,,,,,,,-26412.03,keV,38.466,"p = 46 ,EC+B+ = 46 ,a = 54 5",
77,172,0,Ir,,0,keV,0,"(3-),(4-)",,4.4,s,0.3,,,,,,,,-27379.373,keV,32.402,"a ~ 2 ,EC+B+ ~ 98 ",
77,172,1,Ir,,139,keV,10,"(7+)",,2.19,s,0.07,,,,,,,,-27240.373,keV,33.91,"a = 9.5 1.1,EC+B+ = 90.5 1.1",
77,173,0,Ir,,0,keV,,"(1/2+),(3/2+)",,9,s,0.9,,,,,,,,-30268.456,keV,10.542,"a = 3.5 3.5,EC+B+ = 96.5 3.5",
77,173,1,Ir,,213,keV,16,"11/2-",,2.2,s,0.05,,,,,,,,-30055.456,keV,19.161,"a = 11 2,EC+B+ = 89 2",
77,174,0,Ir,,0,keV,,"(2+),(3-)",,7.9,s,0.6,,,,,,,,-30785.937,keV,11.221,"a = 0.5 0.3,EC = 99.5 0.3",
77,174,1,Ir,,130,keV,20,"(6),(7),(8),(9)",,4.9,s,0.2,,,,,,,,-30655.937,keV,22.933,"a = 2.5 0.3,EC = 97.5 0.3",
77,175,0,Ir,,0,keV,0,"(1/2+)",,8.9,s,0.7,,,,,,,,-33394.511,keV,12.384,"a = 0.85 0.28,EC+B+ = 99.15 0.28",
77,175,1,Ir,,0,keV,,,,33,s,4,,,,,,,,-33394.511,keV,12.384,"IT?,EC+B+?",
77,176,0,Ir,,0,keV,,,,8.9,s,0.5,,,,,,,,-33881.923,keV,8.085,"a = 3.1 0.6,EC+B+ = 96.9 0.6",
77,177,0,Ir,,0,keV,,"5/2-",,30,s,2,,,,,,,,-36047.425,keV,19.76,"a = 0.06 0.01,EC+B+ = 99.94 0.01",
77,178,0,Ir,,0,keV,,,,12,s,2,,,,,,,,-36254.314,keV,18.821,"EC+B+ = 100 ",
77,179,0,Ir,,0,keV,,"(5/2)-",,79,s,1,,,,,,,,-38081.719,keV,9.771,"EC+B+ = 100 ",
77,180,0,Ir,,0,keV,,"(5+)",,1.5,m,0.1,,,,,,,,-37977.53,keV,21.706,"EC+B+ = 100 ",
77,181,0,Ir,,0,keV,,"5/2-",,4.9,m,0.15,,,,,,,,-39463.035,keV,5.245,"EC+B+ = 100 ",
77,182,0,Ir,,0,keV,,"3+",,15,m,1,,,,,,,,-39051.682,keV,20.967,"EC+B+ = 100 ",
77,183,0,Ir,,0,keV,,"5/2-",,58,m,5,,,,,,,,-40202.138,keV,24.672,"EC+B+ = 100 ",
77,184,0,Ir,,0,keV,,"5-",,3.09,h,0.03,,,,,,,,-39610.855,keV,27.945,"EC+B+ = 100 ",
77,185,0,Ir,,0,keV,,"5/2-",,14.4,h,0.1,,,,,,,,-40335.558,keV,27.945,"EC+B+ = 100 ",
77,186,0,Ir,,0,keV,,"5+",,16.64,h,0.03,,,,,,,,-39172.35,keV,16.526,"EC+B+ = 100 ",
77,186,1,Ir,,0.8,keV,0.8,"2-",,1.87,h,0.04,,,,,,,,-39171.549999999996,keV,16.545352096586,"IT ~ 25 ,EC+B+ ~ 75 ",
77,187,0,Ir,,0,keV,,"3/2+",,10.5,h,0.3,,,,,,,,-39549.377,keV,27.945,"EC+B+ = 100 ",
77,187,1,Ir,,186.16,keV,0.04,"9/2-",,30.3,ms,0.6,,,,,,,,-39363.217,keV,27.945,"IT = 100 ",
77,188,0,Ir,,0,keV,,"1-",,41.5,h,0.5,,,,,,,,-38344.955,keV,9.423,"EC+B+ = 100 ",
77,189,0,Ir,,0,keV,,"3/2+",,13.2,d,0.1,,,,,,,,-38449.652,keV,12.576,"EC = 100 ",
77,190,0,Ir,,0,keV,,"4-",,11.78,d,0.1,,,,,,,,-36753.614,keV,1.37,"EC+B+ = 100 ",
77,190,1,Ir,,22.46,keV,0.04,"(1)-",,1.12,h,0.003,,,,,,,,-36731.154,keV,1.371,"IT = 100 ",
77,190,2,Ir,,376.4,keV,0.1,"11-",,3.087,h,0.012,,,,,,,,-36377.214,keV,1.374,"IT = 8.6 0.2,EC+B+ = 91.4 0.2",
77,191,0,Ir,,0,keV,0,"3/2+",,STABLE,,,,,,,,37.3,0.2,-36708.826,keV,1.31,,
77,191,1,Ir,,171.29,keV,0.04,"11/2-",,4.89,s,0.02,,,,,,,,-36537.536,keV,1.311,"IT = 100",
77,191,2,Ir,,2101.1,keV,0.9,"31/2(+)",,5.7,s,0.5,,,,,,,,-34607.726,keV,1.589,"IT = 100",
77,192,0,Ir,,0,keV,,"4+",,73.826,d,0.011,,,,,,,,-34835.631,keV,1.314,"B- = 95.24 0.04,EC = 4.76 0.04",
77,192,1,Ir,,56.72,keV,0.005,"1-",,1.44,m,0.04,,,,,,,,-34778.911,keV,1.314,"B- = 0.0175,IT = 99.9825",
77,192,2,Ir,,168.14,keV,0.12,"(11-)",,241,y,9,,,,,,,,-34667.491,keV,1.319,"IT = 100 ",
77,193,0,Ir,,0,keV,,"3/2+",,STABLE,,,,,,,,62.7,0.2,-34536.305,keV,1.327,,
77,193,1,Ir,,80.238,keV,0.006,"11/2-",,10.54,d,0.04,,,,,,,,-34456.067,keV,1.327,"IT = 100 ",
77,194,0,Ir,,0,keV,,"1-",,19.2,h,0.02,,,,,,,,-32531.776,keV,1.332,"B- = 100 ",
77,194,1,Ir,,340,keV,100,"(10),(11)",,171,d,11,,,,,,,,-32191.776,keV,100.009,"B- = 100 ",
77,195,0,Ir,,0,keV,,"3/2+",,2.29,h,0.13,,,,,,,,-31692.318,keV,1.333,"B- = 100 ",
77,195,1,Ir,,100,keV,5,"11/2-",,3.74,h,0.14,,,,,,,,-31592.318,keV,5.175,"B- = 95 5,IT = 5 5",
77,196,0,Ir,,0,keV,,"(1),(2-)",,51.9,s,1.1,,,,,,,,-29435.522,keV,38.414,"B- = 100 ",
77,196,1,Ir,,410,keV,110,"(10),(11-)",,1.4,h,0.02,,,,,,,,-29025.522,keV,116.515,"B- ~ 100 ,IT = 0.3 ",
77,197,0,Ir,,0,keV,0,"3/2+",,5.8,m,0.5,,,,,,,,-28264.123,keV,20.11,"B- = 100",
77,197,1,Ir,,115,keV,5,"11/2-",,8.9,m,0.3,,,,,,,,-28149.123,keV,20.722,"B- = 99.75 0.25,IT = 0.25 0.25",
77,198,0,Ir,,0,keV,,"1-",,9.1,s,0.3,,,,,,,,-25710,keV,200,"B- = 100 ",
77,199,0,Ir,,0,keV,,,,6,s,4,,,,,,,,-24398.534,keV,41.054,"B- = 100",
77,200,0,Ir,,0,keV,,"(2-),(3-)",,43,s,6,,,,,,,,-21570,keV,196,"B- = 100",
77,201,0,Ir,,0,keV,,,,21,s,5,,,,,,,,-19840,keV,200,"B- = 100",
77,202,0,Ir,,0,keV,0,"(1-),(2-)",,11,s,3,,,,,,,,-16640,keV,300,"B- = 100",
77,203,0,Ir,,0,keV,0,,,,,,,,,,,,,-14370,keV,400,"B- = 100",
77,204,0,Ir,,0,keV,0,,,,,,,,,,,,,-9570,keV,400,"B- = 100,B-n?",
77,205,0,Ir,,0,keV,0,,,,,,,,,,,,,-5600,keV,500,"B- = 100,B-n?",
78,165,0,Pt,,0,keV,0,"(7/2-)",,260,us,+260-90,,,,,,,,-318,keV,400,"a ~ 100 ",
78,166,0,Pt,,0,keV,,"0+",,280,us,+71-60,,,,,,,,-4783,keV,300,"a = 100",
78,167,0,Pt,,0,keV,,"(7/2-)",,0.9,ms,0.1,,,,,,,,-6753,keV,306,"a = 100",
78,168,0,Pt,,0,keV,,"0+",,2.02,ms,0.1,,,,,,,,-11010.078,keV,149.934,"a ~ 100 ",
78,169,0,Pt,,0,keV,,"(7/2-)",,6.99,ms,0.1,,,,,,,,-12464,keV,200,"a ~ 100 ",
78,170,0,Pt,,0,keV,,"0+",,13.9,ms,0.2,,,,,,,,-16299.202,keV,18.246,"a ~ 100 ",
78,171,0,Pt,,0,keV,,"(7/2-)",,46,ms,2,,,,,,,,-17466.569,keV,80.951,"a = 90 7,EC+B+ = 10 7",
78,172,0,Pt,,0,keV,,"0+",,97.4,ms,1.2,,,,,,,,-21106.67,keV,10.376,"a = 97 3,EC+B+ = 3 3",
78,173,0,Pt,,0,keV,,"(5/2-)",,374,ms,7,,,,,,,,-21936.758,keV,63.431,"a = 84 6,EC+B+ = 16 6",
78,174,0,Pt,,0,keV,,"0+",,0.868,s,0.01,,,,,,,,-25317.608,keV,10.338,"a = 75 4,EC+B+ = 25 4",
78,175,0,Pt,,0,keV,0,"7/2-",,2.43,s,0.04,,,,,,,,-25708.684,keV,18.614,"a = 64 5,EC+B+ = 36 5",
78,176,0,Pt,,0,keV,,"0+",,6.32,s,0.14,,,,,,,,-28933.918,keV,12.712,"a = 40 2,EC+B+ = 60 2",
78,177,0,Pt,,0,keV,,"5/2-",,10,s,0.4,,,,,,,,-29370.437,keV,14.988,"a = 5.7 0.5,EC+B+ = 94.3 0.5",
78,178,0,Pt,,0,keV,,"0+",,21,s,1,,,,,,,,-31997.486,keV,10.133,"a = 7.7 0.3,EC+B+ = 92.3 0.3",
78,179,0,Pt,,0,keV,,"1/2-",,21.2,s,0.4,,,,,,,,-32268.127,keV,7.977,"a = 0.24 0.03,EC+B+ = 99.76 0.03",
78,180,0,Pt,,0,keV,,"0+",,56,s,3,,,,,,,,-34429.875,keV,10.051,"a = 0.52 0.05,EC+B+ = 99.48 0.05",
78,181,0,Pt,,0,keV,,"1/2-",,52,s,2.2,,,,,,,,-34381.497,keV,13.689,"a = 0.074 0.01,EC+B+ = 99.926 0.01",
78,182,0,Pt,,0,keV,,"0+",,2.7,m,0.1,,,,,,,,-36168.42,keV,13.095,"a = 0.038 0.002,EC+B+ = 99.962 0.002",
78,183,0,Pt,,0,keV,,"1/2-",,6.5,m,1,,,,,,,,-35773.197,keV,14.216,"a = 0.0096 0.0005,EC+B+ = 99.9904 0.0005",
78,183,1,Pt,,34.74,keV,0.07,"7/2-",,43,s,5,,,,,,,,-35738.457,keV,14.216,"IT = 3.1 0.8,EC+B+ = 96.9 0.8",
78,184,0,Pt,,0,keV,,"0+",,17.3,m,0.2,,,,,,,,-37332.486,keV,14.744,"a = 0.0017 0.0007,EC+B+ = 99.9983 0.0007",
78,185,0,Pt,,0,keV,,"9/2+",,70.9,m,2.4,,,,,,,,-36688.144,keV,25.832,"a = 0.005 0.002,EC+B+ = 99.995 0.002",
78,185,1,Pt,,103.41,keV,0.05,"1/2-",,33,m,0.8,,,,,,,,-36584.734,keV,25.832,"IT = 1 1,EC+B+ = 99 1",
78,186,0,Pt,,0,keV,,"0+",,2.08,h,0.05,,,,,,,,-37864.447,keV,21.745,"a ~ 0.00014 ,EC+B+ ~ 99.99986 ",
78,187,0,Pt,,0,keV,,"3/2-",,2.35,h,0.03,,,,,,,,-36685.361,keV,24.067,"EC+B+ = 100 ",
78,188,0,Pt,,0,keV,,"0+",,10.2,d,0.2,,,,,,,,-37820.97,keV,5.305,"a = 0.000026 0.000003,EC+B+ = 99.999974 0.000003",
78,189,0,Pt,,0,keV,,"3/2-",,10.89,h,0.11,,,,,,,,-36469.405,keV,10.09,"EC+B+ = 100 ",
78,190,0,Pt,,0,keV,,"0+",,489669354359,y,10944296180,,,,,,0.012,0.002,-37306.504,keV,0.657,"a = 100",
78,191,0,Pt,,0,keV,0,"3/2-",,2.86,d,0.02,,,,,,,,-35698.336,keV,4.127,"EC+B+ = 100",
78,192,0,Pt,,0,keV,,"0+",,STABLE,,,,,,,,0.782,0.024,-36288.525,keV,2.57,,
78,193,0,Pt,,0,keV,,"1/2-",,50,y,6,,,,,,,,-34479.677,keV,1.359,"EC+B+ = 100",
78,193,1,Pt,,149.78,keV,0.04,"13/2+",,4.33,d,0.03,,,,,,,,-34329.897000000004,keV,1.359588540699,"IT = 100",
78,194,0,Pt,,0,keV,,"0+",,STABLE,,,,,,,,32.864,0.41,-34760.101,keV,0.496,,
78,195,0,Pt,,0,keV,,"1/2-",,STABLE,,,,,,,,33.77,0.25,-32793.878,keV,0.503,,
78,195,1,Pt,,259.077,keV,0.023,"13/2+",,4.01,d,0.008,,,,,,,,-32534.800999999996,keV,0.503525570354,"IT = 100",
78,196,0,Pt,,0,keV,,"0+",,STABLE,,,,,,,,25.21,0.34,-32644.538,keV,0.51,,
78,197,0,Pt,,0,keV,0,"1/2-",,19.8915,h,0.0019,,,,,,,,-30419.775,keV,0.536,"B- = 100",
78,197,1,Pt,,399.59,keV,0.2,"13/2+",,95.41,m,0.18,,,,,,,,-30020.185,keV,0.572,"B- = 3.3 0.4,IT = 96.7 0.4",
78,198,0,Pt,,0,keV,,"0+",,STABLE,,,,,,,,7.356,0.13,-29904.018,keV,2.1,,
78,199,0,Pt,,0,keV,,"5/2-",,30.51,m,0.03,,,,,,,,-27388.7,keV,2.159,"B- = 100 ",
78,199,1,Pt,,424,keV,2,"(13/2)+",,13.5,s,0.3,,,,,,,,-26964.7,keV,2.9,"IT = 100",
78,200,0,Pt,,0,keV,,"0+",,12.6,h,0.3,,,,,,,,-26599.178,keV,20.11,"B- = 100 ",
78,201,0,Pt,,0,keV,0,"(5/2-)",,2.5,m,0.1,,,,,,,,-23740.705,keV,50.103,"B- = 100",
78,202,0,Pt,,0,keV,0,"0+",,44,h,15,,,,,,,,-22692.128,keV,25.15,"B- = 100",
78,203,0,Pt,,0,keV,0,"(1/2-)",,22,s,4,,,,,,,,-19510,keV,200,"B- = 100",
78,203,1,Pt,,1367,keV,3,"(13/2+)",,12,s,5,,,,,,,,-18143,keV,200,"B- ~ 100 ,IT?",
78,204,0,Pt,,0,keV,0,"0+",,10.7,s,1.3,,,,,,,,-17620,keV,200,"B- = 100",
78,205,0,Pt,,0,keV,0,,,,,,,,,,,,,-12820,keV,300,"B- = 100",
78,206,0,Pt,,0,keV,0,"0+",,,,,,,,,,,,-9240,keV,300,"B- = 100,B-n?",
78,207,0,Pt,,0,keV,0,,,,,,,,,,,,,-4140,keV,400,"B- = 100,B-n?",
78,208,0,Pt,,0,keV,,"0+",,,,,,,,,,,,-500,keV,400,"B- = 100,B-n?",
79,170,0,Au,,0,keV,,"(2-)",,0.29,ms,+0.05-0.04,,,,,,,,-3703,keV,201,"p = 89 10,a = 11 10",
79,170,1,Au,,285,keV,13,"(9+)",,0.62,ms,+0.05-0.04,,,,,,,,-3418,keV,201.4,"p = 58 5,a = 42 5",
79,171,0,Au,,0,keV,,"(1/2+)",,22,us,+3-2,,,,,,,,-7562.303,keV,20.713,"p = 100",
79,171,1,Au,,259,keV,13,"(11/2-)",,1.036,ms,0.034,,,,,,,,-7303.303,keV,24.455,"p = 40 6,a = 60 6",
79,172,0,Au,,0,keV,,"(2-),(3-)",,22,ms,+6-4,,,,,,,,-9318.011,keV,56.158,"p?,EC+B+?,a = 100",
79,172,1,Au,,0,keV,,"(9+)",,8.2,ms,+0.9-0.8,,,,,,,,-9318.011,keV,56.158,"p = 0.02 ,EC+B+?,a ~ 100 ",
79,173,0,Au,,0,keV,,"(1/2+)",,26.3,ms,1.2,,,,,,,,-12832.017,keV,22.783,"p?,EC+B+?,a = 94 +6-19",
79,173,1,Au,,214,keV,23,"(11/2-)",,12.2,ms,0.1,,,,,,,,-12618.017,keV,32.374,"p?,EC+B+?,a = 92 +8-13",
79,174,0,Au,,0,keV,,"(3-)",,139,ms,3,,,,,,,,-14058,keV,102,"a = 90 6,EC+B+ = 10 6",
79,174,1,Au,,0,keV,,"(9+)",,162,ms,3,,,,,,,,-14058,keV,102,"a = 0 ,EC+B+?",
79,175,0,Au,,0,keV,0,"(1/2+)",,201,ms,3,,,,,,,,-17403.686,keV,38.563,"a = 90 7,EC+B+ = 10 7",
79,175,1,Au,,0,keV,,"(11/2-)",,137,ms,1,,,,,,,,-17403.686,keV,38.563,"a = 90 3,EC+B+ = 10 3",
79,176,0,Au,,0,keV,,"(2-),(3-)",,1.05,s,0.01,,,,,,,,-18520.967,keV,33.185,"a = 58 5,EC+B+ = 42 5",
79,176,1,Au,,0,keV,,"(7+),(8+),(9+)",,1.36,s,0.02,,,,,,,,-18520.967,keV,33.185,"a = 29 5,EC+B+ = 71 5",
79,177,0,Au,,0,keV,,"1/2+",,1.454,s,0.046,,,,,,,,-21545.736,keV,9.968,"a = 52 12,EC+B+ = 48 12",
79,177,1,Au,,182.7,keV,0.5,"11/2-",,1.18,s,0.012,,,,,,,,-21363.036,keV,9.981,"a = 58 6,EC+B+ = 42 6",
79,178,0,Au,,0,keV,,"(2),(3)",,3.4,s,0.5,,,,,,,,-22303.029,keV,10.246,"a = 16 1,EC+B+ = 84 1",
79,178,1,Au,,189,keV,14,"(7),(8)",,2.7,s,0.5,,,,,,,,-22114.029,keV,17.349,"a = 18 1,EC+B+ = 82 1",
79,179,0,Au,,0,keV,,"1/2+",,7.2,s,0.2,,,,,,,,-24988.572,keV,11.696,"a = 22 0.9,EC+B+ = 78 0.9",
79,180,0,Au,,0,keV,,"(1+)",,7.9,s,0.4,,,,,,,,-25625.646,keV,4.759,"a = 0.58 0.1,EC+B+ = 99.42 0.1",
79,181,0,Au,,0,keV,,"(3/2-)",,13.7,s,0.9,,,,,,,,-27871.14,keV,19.976,"a = 2.7 0.5,EC+B+ = 97.3 0.5",
79,182,0,Au,,0,keV,,"(2+)",,15.5,s,0.4,,,,,,,,-28303.976,keV,18.764,"a = 0.13 0.05,EC+B+ = 99.87 0.05",
79,183,0,Au,,0,keV,,"(5/2)-",,42.8,s,1,,,,,,,,-30191.488,keV,9.423,"a = 0.55 0.25,EC+B+ = 99.45 0.25",
79,184,0,Au,,0,keV,,"5+",,21,s,1,,,,,,,,-30318.714,keV,22.275,"a = 0.016 ,EC+B+ = 100",
79,184,1,Au,,68.46,keV,0.04,"2+",,46.4,s,1,,,,,,,,-30250.254,keV,22.275,"EC+B+ = 70 10,a = 0.016 ,IT = 30 10",
79,185,0,Au,,0,keV,,"5/2-",,4.3,m,0.1,,,,,,,,-31858.15,keV,2.608,"a = 0.26 0.06,EC+B+ = 99.74 0.06",
79,185,1,Au,,0,keV,,,,6.8,m,0.3,,,,,,,,-31858.15,keV,2.608,"IT?,EC+B+ ~ 100 ",
79,186,0,Au,,0,keV,,"3-",,10.7,m,0.4,,,,,,,,-31714.856,keV,20.967,"a = 0.0008 0.0002,EC+B+ = 99.9992 0.0002",
79,187,0,Au,,0,keV,,"1/2(+)",,8.3,m,0.2,,,,,,,,-33028.78,keV,22.499,"a?,EC+B+ = 100",
79,187,1,Au,,120.33,keV,0.14,"9/2(-)",,2.3,s,0.1,,,,,,,,-32908.45,keV,22.5,"IT = 100",
79,188,0,Au,,0,keV,,"1-",,8.84,m,0.06,,,,,,,,-32371.315,keV,2.701,"EC+B+ = 100 ",
79,189,0,Au,,0,keV,,"1/2+",,28.7,m,0.3,,,,,,,,-33581.958,keV,20.081,"EC+B+ = 100 ",
79,189,1,Au,,247.3,keV,0.2,"11/2-",,4.63,m,0.08,,,,,,,,-33334.657999999996,keV,20.081995941639,"IT?,EC+B+ ~ 100 ",
79,190,0,Au,,0,keV,,"1-",,42.8,m,1,,,,,,,,-32833.54,keV,3.447,"EC+B+ = 100 ",
79,190,1,Au,,260,keV,100,"(11-)",,125,ms,20,,,,,,,,-32573.54,keV,100.06,"IT ~ 100 ",
79,191,0,Au,,0,keV,0,"3/2+",,3.18,h,0.06,,,,,,,,-33797.91,keV,4.926,"EC+B+ = 100",
79,191,1,Au,,266.2,keV,0.7,"(11/2-)",,0.92,s,0.11,,,,,,,,-33531.71000000001,keV,4.9754875138,"IT = 100",
79,192,0,Au,,0,keV,,"1-",,4.94,h,0.09,,,,,,,,-32772.184,keV,15.827,"EC+B+ = 100 ",
79,192,1,Au,,431.6,keV,0.5,"(11-)",,160,ms,20,,,,,,,,-32340.584000000003,keV,15.834895926403,"IT = 100",
79,193,0,Au,,0,keV,,"3/2+",,17.65,h,0.15,,,,,,,,-33404.829,keV,8.674,"EC+B+ = 100 ",
79,193,1,Au,,290.2,keV,0.04,"11/2-",,3.9,s,0.3,,,,,,,,-33114.629,keV,8.674,"IT ~ 99.97 ,EC+B+ ~ 0.03 ",
79,194,0,Au,,0,keV,,"1-",,38.06,h,0.23,,,,,,,,-32211.95,keV,2.118,"EC+B+ = 100 ",
79,194,1,Au,,107.4,keV,0.5,"(5+)",,600,ms,8,,,,,,,,-32104.55,keV,2.18,"IT = 100",
79,194,2,Au,,475.8,keV,0.6,"(11-)",,420,ms,8,,,,,,,,-31736.15,keV,2.2,"IT = 100",
79,195,0,Au,,0,keV,,"3/2+",,186.01,d,0.06,,,,,,,,-32567.061,keV,1.119,"EC = 100 ",
79,195,1,Au,,318.58,keV,0.04,"11/2-",,30.5,d,0.2,,,,,,,,-32248.481,keV,1.12,"IT = 100 ",
79,196,0,Au,,0,keV,,"2-",,6.156,d,0.0109,,,,,,,,-31138.718,keV,2.962,"B- = 7 0.3,EC+B+ = 93 0.3",
79,196,1,Au,,84.656,keV,0.02,"5+",,8.1,s,0.2,,,,,,,,-31054.062,keV,2.962,"IT = 100 ",
79,196,2,Au,,595.66,keV,0.04,"12-",,9.607,h,0.034,,,,,,,,-30543.058,keV,2.962,"IT = 100 ",
79,197,0,Au,,0,keV,0,"3/2+",,STABLE,,,,,,,,100,0,-31139.751,keV,0.542,,
79,197,1,Au,,409.15,keV,0.08,"11/2-",,7.73,s,0.06,,,,,,,,-30730.601,keV,0.548,"IT = 100",
79,198,0,Au,,0,keV,,"2-",,2.69469,d,0.00025,,,,,,,,-29580.793,keV,0.54,"B- = 100 ",
79,198,1,Au,,811.9,keV,1.5,"(12-)",,2.28,d,0.02,,,,,,,,-28768.893,keV,1.594,"IT = 100 ",
79,199,0,Au,,0,keV,,"3/2+",,3.135,d,0.003,,,,,,,,-29093.752,keV,0.542,"B- = 100 ",
79,200,0,Au,,0,keV,,"(1-)",,48.4,m,0.3,,,,,,,,-27240.094,keV,26.717,"B- = 100 ",
79,200,1,Au,,940,keV,80,"12-",,18.7,h,0.5,,,,,,,,-26300.094,keV,84.343,"B- = 84 1,IT = 16 1",
79,201,0,Au,,0,keV,0,"3/2+",,26,m,0.8,,,,,,,,-26400.705,keV,3.218,"B- = 100",
79,202,0,Au,,0,keV,0,"(1-)",,28.4,s,1.2,,,,,,,,-24352.982,keV,23.287,"B- = 100",
79,203,0,Au,,0,keV,0,"3/2+",,60,s,6,,,,,,,,-23143.444,keV,3.083,"B- = 100",
79,204,0,Au,,0,keV,0,"(2-)",,38.4,s,0.8,,,,,,,,-20390,keV,200,"B- = 100",
79,205,0,Au,,0,keV,0,"(3/2+)",,32,s,1.1,,,,,,,,-18570,keV,200,"B- = 100",
79,205,1,Au,,907,keV,5,"(11/2-)",,6,s,2,,,,,,,,-17663,keV,200.1,"B- = 0 ,IT = 100 ",
79,206,0,Au,,0,keV,0,"(5+),(6+)",,47,s,11.2,,,,,,,,-14190,keV,300,"B- = 100",
79,207,0,Au,,0,keV,0,,,,,,,,,,,,,-10640,keV,300,"B- = 100,B-n?",
79,208,0,Au,,0,keV,,,,,,,,,,,,,,-5910,keV,300,"B- = 100,B-n?",
79,209,0,Au,,0,keV,0,,,,,,,,,,,,,-2230,keV,400,"B- = 100,B-n?",
79,210,0,Au,,0,keV,0,,,,,,,,,,,,,2680,keV,400,"B- = 100,B-n?",
80,170,0,Hg,,0,keV,0,"0+",,80,us,+400-40,,,,,,,,5415,keV,302,"a = 100",
80,171,0,Hg,,0,keV,,,,59,us,+36-16,,,,,,,,3339,keV,307,"a = 100",
80,172,0,Hg,,0,keV,,"0+",,231,us,9,,,,,,,,-1061.361,keV,150.062,"a = 100",
80,173,0,Hg,,0,keV,,"(7/2-)",,0.8,ms,0.08,,,,,,,,-2661,keV,201,"a ~ 100 ",
80,174,0,Hg,,0,keV,,"0+",,1.9,ms,+0.4-0.3,,,,,,,,-6641.017,keV,19.211,"a ~ 100 ",
80,175,0,Hg,,0,keV,0,"(7/2-)",,10.2,ms,0.3,,,,,,,,-7969.443,keV,81.085,"a = 100",
80,176,0,Hg,,0,keV,,"0+",,20,ms,2,,,,,,,,-11784.639,keV,11.118,"a = 94 +6-12,EC+B+ = 6 +12-6",
80,177,0,Hg,,0,keV,,"7/2-",,117,ms,7,,,,,,,,-12775.823,keV,84.722,"a = 100",
80,178,0,Hg,,0,keV,,"0+",,266,ms,2,,,,,,,,-16315.346,keV,10.758,"a = 89 4,EC+B+ = 11 4",
80,179,0,Hg,,0,keV,,"7/2-",,1.05,s,0.03,,,,,,,,-16932.924,keV,28.121,"EC+B+ = 25 4,a = 75 4,ECp = 0.21 0.04",
80,180,0,Hg,,0,keV,,"0+",,2.58,s,0.01,,,,,,,,-20250.513,keV,12.645,"a = 48 2,EC+B+ = 52 2",
80,181,0,Hg,,0,keV,,"1/2-",,3.6,s,0.1,,,,,,,,-20661.127,keV,15.382,"EC+B+ = 76 2,a = 24 2,ECp = 0.012 0.003,ECa = 0.000009 0.000006",
80,182,0,Hg,,0,keV,,"0+",,10.88,s,0.08,,,,,,,,-23576.885,keV,9.79,"a = 14.3 0.9,EC+B+ = 86.2 0.9",
80,183,0,Hg,,0,keV,,"1/2-",,8.9,s,0.2,,,,,,,,-23804.655,keV,7.084,"EC+B+ = 76.4 0.6,a = 23.5 0.6,ECp = 0.00026 0.00006",
80,184,0,Hg,,0,keV,,"0+",,30.9,s,0.3,,,,,,,,-26344.787,keV,9.535,"a = 1.11 0.06,EC+B+ = 98.89 0.06",
80,185,0,Hg,,0,keV,,"1/2-",,48.2,s,1.5,,,,,,,,-26183.651,keV,13.639,"a = 6 1,EC+B+ = 94 1",
80,185,1,Hg,,103.7,keV,0.4,"13/2+",,29,s,3,,,,,,,,-26079.951,keV,13.645,"EC+B+ = 42 7,a ~ 0.03 ,IT = 58 7",
80,186,0,Hg,,0,keV,,"0+",,1.38,m,0.06,,,,,,,,-28539.059,keV,11.65,"a = 0.016 0.005,EC+B+ = 99.984 0.005",
80,187,0,Hg,,0,keV,,"3/2(-)",,1.9,m,0.3,,,,,,,,-28118.509,keV,12.864,"EC+B+ ~ 100 ",
80,187,1,Hg,,0,keV,,"13/2(+)",,2.4,m,0.3,,,,,,,,-28118.509,keV,12.864,"EC+B+ ~ 100 ",
80,188,0,Hg,,0,keV,,"0+",,3.25,m,0.15,,,,,,,,-30198.351,keV,6.787,"a = 0.000037 0.000008,EC+B+ = 99.999963 0.000008",
80,189,0,Hg,,0,keV,,"3/2-",,8,m,0.5,,,,,,,,-29626.378,keV,31.553,"EC+B+ = 100 ",
80,189,1,Hg,,80,keV,30,"13/2+",,8.6,m,0.1,,,,,,,,-29546.378,keV,43.538,"EC+B+ = 100 ",
80,190,0,Hg,,0,keV,,"0+",,20,m,0.5,,,,,,,,-31370.625,keV,15.907,"EC+B+ = 100 ",
80,191,0,Hg,,0,keV,0,"3/2(-)",,49,m,10,,,,,,,,-30591.849,keV,22.28,"EC+B+ = 100",
80,191,1,Hg,,128,keV,8,"13/2(+)",,50.8,m,1.5,,,,,,,,-30463.849,keV,23.673,"EC+B+ = 100",
80,192,0,Hg,,0,keV,,"0+",,4.85,h,0.2,,,,,,,,-32011.481,keV,15.537,"EC = 100 ",
80,193,0,Hg,,0,keV,,"3/2(-)",,3.8,h,0.15,,,,,,,,-31062.165,keV,15.505,"EC+B+ = 100 ",
80,193,1,Hg,,140.76,keV,0.05,"13/2(+)",,11.1,h,0.5,,,,,,,,-30921.405000000002,keV,15.505080618946,"IT = 7.2 0.5,EC+B+ = 92.8 0.5",
80,194,0,Hg,,0,keV,,"0+",,447,y,52,,,,,,,,-32183.952,keV,2.888,"EC = 100 ",
80,195,0,Hg,,0,keV,,"1/2-",,10.68,h,0.16,,,,,,,,-31013.342,keV,23.142,"EC+B+ = 100 ",
80,195,1,Hg,,176.07,keV,0.04,"13/2+",,41.6,h,0.2,,,,,,,,-30837.272,keV,23.142,"IT = 54.2 2,EC+B+ = 45.8 2",
80,196,0,Hg,,0,keV,,"0+",,STABLE,,,,,,,,0.15,0.01,-31825.944,keV,2.946,,
80,197,0,Hg,,0,keV,0,"1/2-",,64.96,h,0.07,,,,,,,,-30540.231,keV,3.207,"EC+B+ = 100",
80,197,1,Hg,,298.93,keV,0.08,"13/2+",,23.82,h,0.04,,,,,,,,-30241.301,keV,3.208,"IT = 94.68 0.09,EC+B+ = 5.32 0.09",
80,198,0,Hg,,0,keV,,"0+",,STABLE,,,,,,,,10.04,0.03,-30954.315,keV,0.458,,
80,199,0,Hg,,0,keV,,"1/2-",,STABLE,,,,,,,,16.94,0.12,-29546.066,keV,0.526,,
80,199,1,Hg,,532.48,keV,0.1,"13/2+",,42.66,m,0.08,,,,,,,,-29013.586,keV,0.535,"IT = 100 ",
80,200,0,Hg,,0,keV,,"0+",,STABLE,,,,,,,,23.14,0.09,-29503.267,keV,0.53,,
80,201,0,Hg,,0,keV,0,"3/2-",,STABLE,,,,,,,,13.17,0.09,-27662.529,keV,0.712,,
80,202,0,Hg,,0,keV,0,"0+",,STABLE,,,,,,,,29.74,0.13,-27345.31,keV,0.705,,
80,203,0,Hg,,0,keV,0,"5/2-",,46.612,d,0.011,,,,,,,,-25269.203,keV,1.63,"B- = 100",
80,204,0,Hg,,0,keV,0,"0+",,STABLE,,,,,,,,6.82,0.04,-24690.148,keV,0.498,,
80,205,0,Hg,,0,keV,0,"1/2-",,5.1,m,0.1,,,,,,,,-22287.719,keV,3.655,"B- = 100",
80,206,0,Hg,,0,keV,0,"0+",,8.32,m,0.12,,,,,,,,-20945.728,keV,20.441,"B- = 100",
80,207,0,Hg,,0,keV,,"9/2+",,2.9,m,0.2,,,,,,,,-16487.446,keV,29.808,"B- = 100 ",
80,208,0,Hg,,0,keV,,"0+",,135,s,10,,,,,,,,-13265.408,keV,30.739,"B- = 100 ",
80,209,0,Hg,,0,keV,0,"(9/2+)",,6.3,s,1.1,,,,,,,,-8610,keV,150,"B- = 100",
80,210,0,Hg,,0,keV,0,"0+",,63.7,s,11.6,,,,,,,,-5300,keV,200,"B- = 100,B-n = 2.2 2.2",
80,211,0,Hg,,0,keV,0,,,26.4,s,8.1,,,,,,,,-390,keV,200,"B- = 100,B-n = 6.3 6.3",
80,212,0,Hg,,0,keV,0,"0+",,,,,,,,,,,,3020,keV,300,"B- = 100,B-n?",
80,213,0,Hg,,0,keV,0,,,,,,,,,,,,,8200,keV,300,"B- = 100,B-n?",
80,214,0,Hg,,0,keV,0,"0+",,,,,,,,,,,,11770,keV,400,"B- = 100,B-n?",
80,215,0,Hg,,0,keV,0,,,,,,,,,,,,,17110,keV,400,"B- = 100,B-n?",
80,216,0,Hg,,0,keV,0,"0+",,,,,,,,,,,,20920,keV,400,"B- = 100,B-n?",
81,176,0,Tl,,0,keV,,"(3-),(4-),(5-)",,5.2,ms,+3-1.4,,,,,,,,584.728,keV,83.058,"p ~ 100 ",
81,177,0,Tl,,0,keV,,"(1/2+)",,18,ms,5,,,,,,,,-3340.103,keV,21.628,"p = 27 13,a = 100",
81,178,0,Tl,,0,keV,,"(4-),(5-)",,254,ms,+10-8,,,,,,,,-4613,keV,102,"ECf = 0.15 0.06,EC+B+ = 38 2,a = 62 2",
81,179,0,Tl,,0,keV,,"1/2+",,426,ms,9,,,,,,,,-8269.632,keV,38.653,"a = 60 2,EC+B+ = 40 2",
81,180,0,Tl,,0,keV,,"(4-)",,1.09,s,0.01,,,,,,,,-9390.438,keV,69.917,"ECf = 0.0032 0.0002,EC+B+ = 94 4,a = 6 4",
81,181,0,Tl,,0,keV,,"1/2+",,2.9,s,0.1,,,,,,,,-12798.749,keV,9.102,"a = 8.6 0.6,EC+B+ = 91.4 0.6",
81,182,0,Tl,,0,keV,,"(4-)",,1.9,s,0.1,,,,,,,,-13327.213,keV,11.976,"a = 0.5 ,EC+B+ = 99.5 ",
81,182,1,Tl,,0,keV,,"(7+)",,3.1,s,1,,,,,,,,-13327.213,keV,11.976,"a = 2.5 2.5,EC+B+ = 97.5 2.5",
81,183,0,Tl,,0,keV,,"1/2+",,6.9,s,0.7,,,,,,,,-16587.261,keV,9.331,"a?,EC+B+ = 0 ",
81,184,0,Tl,,0,keV,,"(2-)",,9.5,s,0.2,,,,,,,,-16883.355,keV,10.012,"a = 1.22 0.3,EC+B+ = 98.78 0.3",
81,184,1,Tl,,0,keV,,"(7+)",,10.1,s,0.5,,,,,,,,-16883.355,keV,10.012,"a = 0.47 0.06,EC+B+ = 99.53 0.06",
81,184,2,Tl,,0,keV,,"(10-)",,47.1,ms,0.7,,,,,,,,-16883.355,keV,10.012,"IT = 99.911 0.019,a = 0.089 0.019",
81,185,0,Tl,,0,keV,,"1/2+",,19.5,s,0.5,,,,,,,,-19757.745,keV,20.674,"EC+B+ ~ 100 ",
81,185,1,Tl,,454.8,keV,1.5,"9/2-",,1.8,s,0.1,,,,,,,,-19302.945,keV,20.728,"IT ~ 100 ",
81,186,0,Tl,,0,keV,0,"(2-)",,3.4,s,+0.5-0.4,,,,,,,,-19882.94,keV,20.751,"a = 0 ,EC+B+?",
81,186,1,Tl,,77,keV,56,"(7+)",,27.6,s,0.8,,,,,,,,-19805.94,keV,59.72,"a ~ 0.006 ,EC+B+ ~ 99.994 ",
81,186,2,Tl,,405,keV,25,"(10-)",,3.4,s,0.09,,,,,,,,-19477.94,keV,32.49,"IT = 94.1 ,EC+B+ = 5.9 ",
81,187,0,Tl,,0,keV,,"(1/2+)",~,51,s,,,,,,,,,-22444.592,keV,8.048,"EC+B+ = 100",
81,187,1,Tl,,334,keV,4,"(9/2-)",,15.6,s,0.12,,,,,,,,-22110.592,keV,8.987,"EC+B+?,a = 0.15 0.05,IT?",
81,188,0,Tl,,0,keV,,"(2-)",,71,s,2,,,,,,,,-22336.403,keV,29.904,"EC+B+ = 100 ",
81,188,1,Tl,,35,keV,31,"7+",,71.5,s,1.5,,,,,,,,-22301.403,keV,43.073,"EC+B+ = 100 ",
81,189,0,Tl,,0,keV,,"(1/2+)",,2.3,m,0.2,,,,,,,,-24616.105,keV,8.368,"EC+B+ = 100 ",
81,189,1,Tl,,281,keV,7,"(9/2-)",,1.4,m,0.1,,,,,,,,-24335.105,keV,10.91,"IT = 4 ,EC+B+ = 96 ",
81,190,0,Tl,,0,keV,0,"2-",,2.8,m,0.2,,,,,,,,-24366.236,keV,7.252,"EC+B+ = 100 ",
81,190,1,Tl,,83,keV,10,"7+",,3.5,m,0.1,,,,,,,,-24283.236,keV,12.353,"EC+B+ = 100 ",
81,191,0,Tl,,0,keV,0,"(1/2+)",,,,,,,,,,,,-26282.951,keV,7.349,"EC+B+?",
81,191,1,Tl,,299,keV,7,"9/2(-)",,5.3,m,0.14,,,,,,,,-25983.951,keV,10.149,"EC+B+ = 100",
81,192,0,Tl,,0,keV,,"2-",,9.6,m,0.4,,,,,,,,-25872.249,keV,31.671,"EC+B+ = 100 ",
81,192,1,Tl,,180,keV,20,"7+",,10.8,m,0.2,,,,,,,,-25692.249,keV,37.457,"EC+B+ = 100 ",
81,193,0,Tl,,0,keV,,"1/2(+)",,21.6,m,0.8,,,,,,,,-27477.218,keV,6.707,"EC+B+ = 100 ",
81,193,1,Tl,,372,keV,7,"(9/2-)",,2.11,m,0.15,,,,,,,,-27105.218,keV,9.695,"IT = 75 ,EC+B+ = 25 ",
81,194,0,Tl,,0,keV,,"2-",,33.3,m,0.4,,,,,,,,-26937.498,keV,13.972,"EC+B+ = 100 ",
81,194,1,Tl,,260,keV,14,"(7+)",,32.8,m,0.2,,,,,,,,-26677.498,keV,19.779,"EC+B+ = 100 ",
81,195,0,Tl,,0,keV,,"1/2+",,1.15,h,0.04,,,,,,,,-28155.292,keV,11.126,"EC+B+ = 100 ",
81,195,1,Tl,,482.63,keV,0.17,"9/2-",,3.6,s,0.4,,,,,,,,-27672.662,keV,11.127,"IT = 100 ",
81,196,0,Tl,,0,keV,,"2-",,1.84,h,0.03,,,,,,,,-27496.598,keV,12.109,"EC+B+ = 100 ",
81,196,1,Tl,,394.2,keV,0.5,"7+",,1.41,h,0.02,,,,,,,,-27102.398,keV,12.119,"IT = 3.8 0.4,EC+B+ = 96.2 0.4",
81,197,0,Tl,,0,keV,0,"1/2+",,2.83,h,0.04,,,,,,,,-28354.222,keV,13.575,"EC+B+ = 100",
81,197,1,Tl,,608.22,keV,0.08,"9/2-",,0.54,s,0.01,,,,,,,,-27746.002,keV,13.575,"IT = 100",
81,198,0,Tl,,0,keV,,"2-",,5.3,h,0.5,,,,,,,,-27528.753,keV,7.545,"EC+B+ = 100 ",
81,198,1,Tl,,543.6,keV,0.4,"7+",,1.87,h,0.03,,,,,,,,-26985.153000000002,keV,7.555595608554,"IT = 44.1 2.3,EC+B+ = 55.9 2.3",
81,199,0,Tl,,0,keV,,"1/2+",,7.42,h,0.08,,,,,,,,-28059.397,keV,27.945,"EC+B+ = 100 ",
81,200,0,Tl,,0,keV,,"2-",,26.1,h,0.1,,,,,,,,-27047.227,keV,5.759,"EC+B+ = 100 ",
81,201,0,Tl,,0,keV,0,"1/2+",,3.0421,d,0.0015,,,,,,,,-27180.778,keV,14.185,"EC = 100 ",
81,202,0,Tl,,0,keV,0,"2-",,12.4706,d,0.0055,,,,,,,,-25980.419,keV,1.838,"EC = 100",
81,203,0,Tl,,0,keV,0,"1/2+",,STABLE,,,,,,,,29.515,,-25761.309,keV,1.171,,
81,204,0,Tl,,0,keV,0,"2-",,3.7833,y,0.0074,,,,,,,,-24346.07,keV,1.154,"B- = 97.08 0.07,EC+B+ = 2.92 0.07",
81,205,0,Tl,,0,keV,0,"1/2+",,STABLE,,,,,,,,70.485,,-23820.802,keV,1.239,,
81,206,0,Tl,,0,keV,0,"0-",,4.202,m,0.013,,,,,,,,-22253.293,keV,1.286,"B- = 100",
81,206,1,Tl,,2643.1,keV,0.18,"(12-)",,3.74,m,0.03,,,,,,,,-19610.193000000003,keV,1.298536098844,"IT = 100",
81,207,0,Tl,,0,keV,0,"1/2+",,4.77,m,0.01,,,,,,,,-21034.436,keV,5.439,"B- = 100",
81,207,1,Tl,,1348.18,keV,0.16,"11/2-",,1.33,s,0.11,,,,,,,,-19686.256,keV,5.441,"IT = 100",
81,208,0,Tl,,0,keV,,"5+",,3.053,m,0.003,,,,,,,,-16750.121,keV,1.854,"B- = 100 ",
81,209,0,Tl,,0,keV,0,"1/2+",,2.162,m,0.007,,,,,,,,-13644.793,keV,6.11,"B- = 100",
81,210,0,Tl,,0,keV,0,"(5+)",,1.3,m,0.03,,,,,,,,-9246.996,keV,11.603,"B- = 100,B-n = 0.007 +0.007-0.004",
81,211,0,Tl,,0,keV,0,"(1/2+)",,79.6,s,+15.4-15.2,,,,,,,,-6077.999,keV,41.917,"B- = 100,B-n = 2.2 2.2",
81,212,0,Tl,,0,keV,0,"(5+)",,30.9,s,8,,,,,,,,-1551,keV,200,"B- = 100,B-n = 1.8 1.8",
81,213,0,Tl,,0,keV,0,"(1/2+)",,23.8,s,4.4,,,,,,,,1783.811,keV,27.013,"B- = 100,B-n = 7.6 3.4",
81,214,0,Tl,,0,keV,0,,,11,s,2.4,,,,,,,,6465,keV,196,"B- = 100,B-n = 34 12",
81,215,0,Tl,,0,keV,,,,9.7,s,3.8,,,,,,,,10030,keV,300,"B- = 100,B-n = 4.6 4.6",
81,216,0,Tl,,0,keV,0,,,5.9,s,3.3,,,,,,,,14870,keV,300,"B- = 100,B-n = 11.5 ",
81,217,0,Tl,,0,keV,,,,,,,,,,,,,,18660,keV,400,"B- = 100 ,B-n?",
82,178,0,Pb,,0,keV,,"0+",,0.2,ms,+0.12-0.08,,,,,,,,3573.371,keV,23.184,"a ~ 100 ",
82,179,0,Pb,,0,keV,,"(9/2-)",,2.7,ms,0.2,,,,,,,,2051.608,keV,81.229,"a ~ 100 ",
82,180,0,Pb,,0,keV,,"0+",,4.1,ms,0.3,,,,,,,,-1941.069,keV,12.395,"a ~ 100 ",
82,181,0,Pb,,0,keV,0,"(9/2-)",,36,ms,2,,,,,,,,-3110.631,keV,85.037,"a ~ 100 ",
82,182,0,Pb,,0,keV,,"0+",,55,ms,5,,,,,,,,-6824.556,keV,12.086,"a ~ 100 ",
82,183,0,Pb,,0,keV,,"3/2-",,535,ms,30,,,,,,,,-7580.008,keV,28.979,"a ~ 100 ",
82,183,1,Pb,,93,keV,8,"13/2+",,415,ms,20,,,,,,,,-7487.008,keV,30.063,"IT?,a ~ 100 ",
82,184,0,Pb,,0,keV,,"0+",,490,ms,25,,,,,,,,-11051.586,keV,12.802,"a = 80 15,EC+B+ = 20 15",
82,185,0,Pb,,0,keV,,"3/2-",,6.3,s,0.4,,,,,,,,-11541.211,keV,16.175,"a = 34 25,EC+B+ = 66 25",
82,185,1,Pb,,0,keV,,"13/2+",,4.3,s,0.2,,,,,,,,-11541.211,keV,16.175,"a = 50 25,EC+B+ = 50 25",
82,186,0,Pb,,0,keV,,"0+",,4.82,s,0.03,,,,,,,,-14680.897,keV,11.004,"a = 40 8,EC+B+ = 60 8",
82,187,0,Pb,,0,keV,,"(3/2-)",,15.2,s,0.3,,,,,,,,-14986.955,keV,5.094,"a = 9.5 2,EC+B+ = 90.5 2",
82,187,1,Pb,,33,keV,13,"(13/2+)",,18,s,0.2,,,,,,,,-14953.955,keV,13.962,"a = 12 2,EC+B+ = 88 2",
82,188,0,Pb,,0,keV,,"0+",,25.5,s,0.1,,,,,,,,-17811.024,keV,10.124,"a = 8.5 0.5,EC+B+ = 91.5 0.5",
82,189,0,Pb,,0,keV,,"(3/2-)",,39,s,8,,,,,,,,-17844.019,keV,14.062,"a = 0.4 ,EC+B+ ~ 100 ",
82,189,1,Pb,,40,keV,4,"(13/2+)",,51,s,2,,,,,,,,-17804.019,keV,14.62,"a ~ 0.4 ,EC+B+ ~ 99.6 ",
82,190,0,Pb,,0,keV,,"0+",,71,s,1,,,,,,,,-20416.607,keV,12.514,"a = 0.4 0.04,EC+B+ = 99.6 0.04",
82,191,0,Pb,,0,keV,0,"(3/2-)",,1.33,m,0.08,,,,,,,,-20291.243,keV,6.613,"a = 0.051 0.005,EC+B+ = 99.949 0.005",
82,191,1,Pb,,55,keV,12,"(13/2+)",,2.18,m,0.08,,,,,,,,-20236.243,keV,13.702,"EC+B+ ~ 100 ",
82,192,0,Pb,,0,keV,,"0+",,3.5,m,0.1,,,,,,,,-22551.846,keV,5.726,"a = 0.0059 0.0007,EC+B+ = 99.9941 0.0007",
82,193,0,Pb,,0,keV,,"(3/2-)",,,,,,,,,,,,-22229.255,keV,10.288,"EC+B+?",
82,193,1,Pb,,95,keV,28,"(13/2+)",,5.8,m,0.2,,,,,,,,-22134.255,keV,29.83,"EC+B+ = 100 ",
82,194,0,Pb,,0,keV,,"0+",,10.7,m,0.7,,,,,,,,-24207.866,keV,17.435,"a = 0.0000073 0.0000029,EC+B+ ~ 100 ",
82,195,0,Pb,,0,keV,,"3/2-",~,15,m,,,,,,,,,-23738.039,keV,5.088,"EC+B+ = 100 ",
82,195,1,Pb,,202.9,keV,0.7,"13/2+",,16.3,m,0.3,,,,,,,,-23535.139,keV,5.136,"EC+B+ = 100",
82,196,0,Pb,,0,keV,,"0+",,37,m,3,,,,,,,,-25348.234,keV,7.71,"a = 0.00003 ,EC+B+ ~ 100 ",
82,197,0,Pb,,0,keV,0,"3/2-",,8.1,m,1.9,,,,,,,,-24745.385,keV,4.804,"EC+B+ = 100",
82,197,1,Pb,,319.31,keV,0.11,"13/2+",,43.3,m,0.9,,,,,,,,-24426.074999999997,keV,4.805259202166,"IT = 19 2,EC+B+ = 81 2",
82,198,0,Pb,,0,keV,,"0+",,2.4,h,0.1,,,,,,,,-26067.443,keV,8.75,"EC+B+ = 100 ",
82,199,0,Pb,,0,keV,,"3/2-",,90,m,10,,,,,,,,-25231.734,keV,6.821,"EC+B+ = 100 ",
82,199,1,Pb,,429,keV,5,"(13/2+)",,12.2,m,0.3,,,,,,,,-24802.734,keV,8.457,"IT ~ 93 ,EC+B+ ~ 7 ",
82,200,0,Pb,,0,keV,,"0+",,21.5,h,0.4,,,,,,,,-26250.858,keV,10.008,"EC = 100 ",
82,201,0,Pb,,0,keV,0,"5/2-",,9.33,h,0.03,,,,,,,,-25271.033,keV,13.747,"EC+B+ = 100",
82,201,1,Pb,,629.1,keV,0.3,"13/2+",,60.8,s,1.8,,,,,,,,-24641.933,keV,13.75,"IT = 100",
82,202,0,Pb,,0,keV,0,"0+",,52500,y,2800,,,,,,,,-25940.608,keV,3.796,"EC = 100",
82,202,1,Pb,,2169.85,keV,0.08,"9-",,3.54,h,0.02,,,,,,,,-23770.758,keV,3.797,"IT = 90.5 0.5,EC+B+ = 9.5 0.5",
82,203,0,Pb,,0,keV,0,"5/2-",,51.93,h,0.02,,,,,,,,-24786.483,keV,6.554,"EC = 100",
82,203,1,Pb,,825.2,keV,0.3,"13/2+",,6.21,s,0.11,,,,,,,,-23961.283,keV,6.561,"IT = 100",
82,203,2,Pb,,2949.12,keV,0.24,"29/2-",,480,ms,7,,,,,,,,-21837.363,keV,6.558,"IT = 100",
82,204,0,Pb,,0,keV,0,"0+",,STABLE,,,,,,,,1.4,0.6,-25109.815,keV,1.147,,
82,204,1,Pb,,2185.88,keV,0.08,"9-",,66.9,m,0.1,,,,,,,,-22923.934999999998,keV,1.149786501921,"IT = 100",
82,205,0,Pb,,0,keV,0,"5/2-",,17000000,y,900000,,,,,,,,-23770.162,keV,1.145,"EC = 100",
82,206,0,Pb,,0,keV,0,"0+",,STABLE,,,,,,,,24.1,3,-23785.506,keV,1.144,,
82,207,0,Pb,,0,keV,0,"1/2-",,STABLE,,,,,,,,22.1,5,-22451.968,keV,1.147,,
82,207,1,Pb,,1633.356,keV,0.004,"13/2+",,0.806,s,0.005,,,,,,,,-20818.612,keV,1.147,"IT = 100",
82,208,0,Pb,,0,keV,,"0+",,STABLE,,,,,,,,52.4,7,-21748.519,keV,1.148,,
82,209,0,Pb,,0,keV,0,"9/2+",,3.235,h,0.005,,,,,,,,-17614.574,keV,1.747,"B- = 100",
82,210,0,Pb,,0,keV,0,"0+",,22.2,y,0.17,,,,,,,,-14728.429,keV,1.448,"B- ~ 100 ,a = 0.0000019 4e-7",
82,211,0,Pb,,0,keV,0,"9/2+",,36.164819095847896,m,+0.001488822491175768-0.001488822491168662,,,,,,,,-10493.012,keV,2.26,"B- = 100",
82,212,0,Pb,,0,keV,0,"0+",,10.628,h,0.006,,,,,,,,-7548.929,keV,1.84,"B- = 100 ",
82,213,0,Pb,,0,keV,0,"(9/2+)",,10.2,m,0.3,,,,,,,,-3203.598,keV,6.954,"B- = 100",
82,214,0,Pb,,0,keV,0,"0+",,27.06,m,0.07,,,,,,,,-183.019,keV,1.969,"B- = 100",
82,215,0,Pb,,0,keV,,,,142,s,12,,,,,,,,4342.245,keV,52.685,"B- = 100 ",
82,216,0,Pb,,0,keV,0,"0+",,99.4,s,11.7,,,,,,,,7510,keV,200,"B- = 100",
82,217,0,Pb,,0,keV,,,,19.9,s,5.3,,,,,,,,12260,keV,300,"B- = 100 ",
82,218,0,Pb,,0,keV,,"0+",,15,s,7,,,,,,,,15630,keV,300,"B- = 100 ",
82,219,0,Pb,,0,keV,,,,,,,,,,,,,,20620,keV,400,"B- = 100",
82,220,0,Pb,,0,keV,0,"0+",,,,,,,,,,,,24130,keV,400,"B- = 100",
83,184,0,Bi,,0,keV,,"(10-)",,13,ms,2,,,,,,,,1254,keV,122,"a ~ 100 ",
83,185,0,Bi,,0,keV,,"1/2+",,2.8,us,+2.3-1,,,,,,,,-2236,keV,81,"p = 92 2,a = 8 2",
83,186,0,Bi,,0,keV,,"(3+)",,14.8,ms,0.8,,,,,,,,-3145.497,keV,16.954,"ECf ~ 0.02 ,EC+B+?,a ~ 100 ",
83,187,0,Bi,,0,keV,,"(9/2-)",,37,ms,2,,,,,,,,-6383.275,keV,10.005,"a = 100",
83,188,0,Bi,,0,keV,,"(3+)",,60,ms,3,,,,,,,,-7194.8,keV,11.179,"ECf = 0.14 0.07,a ~ 100 ",
83,188,1,Bi,,0,keV,,"(10-)",,265,ms,15,,,,,,,,-7194.8,keV,11.179,"ECf = 0.46 0.09,a ~ 100 ",
83,189,0,Bi,,0,keV,,"(9/2-)",,685,ms,7,,,,,,,,-10064.664,keV,20.851,"a ~ 100 ",
83,190,0,Bi,,0,keV,0,"(3+)",,6.3,s,0.1,,,,,,,,-10595.906,keV,20.973,"ECf = 0.000023 +0.000069-0.000019,EC+B+ = 10 +30-10,a = 90 +10-30",
83,190,1,Bi,,191,keV,65,"(10-)",,6.2,s,0.1,,,,,,,,-10404.906,keV,68.3,"ECf = 0.000013 +0.000039-0.000011,EC+B+ = 30 9,a = 70 9",
83,191,0,Bi,,0,keV,0,"(9/2-)",,12.4,s,0.3,,,,,,,,-13239.351,keV,7.487,"a = 51 10,EC+B+ = 49 10",
83,191,1,Bi,,240,keV,4,"(1/2+)",,126,ms,7,,,,,,,,-12999.351,keV,8.489,"EC+B+?,a = 68 5,IT = 32 5",
83,192,0,Bi,,0,keV,,"(3+)",,34.6,s,0.9,,,,,,,,-13534.537,keV,30.112,"a = 12 5,EC+B+ = 88 5",
83,192,1,Bi,,147,keV,34,"(10-)",,39.8,s,0.4,,,,,,,,-13387.537,keV,45.417,"a = 10 3,EC+B+ = 90 3",
83,193,0,Bi,,0,keV,,"9/2-",,63,s,2.4,,,,,,,,-15884.563,keV,7.576,"a = 3.5 1.5,EC+B+ = 96.5 1.5",
83,193,1,Bi,,305,keV,6,"1/2+",,3.2,s,0.2,,,,,,,,-15579.563,keV,9.664,"a = 90 +10-20,EC+B+ = 10 +20-10",
83,194,0,Bi,,0,keV,,"(3+)",,100,s,3,,,,,,,,-16023.02,keV,5.252,"a = 0.46 0.25,EC+B+ = 99.54 0.25",
83,194,1,Bi,,145,keV,50,"(6+),(7+)",,125,s,2,,,,,,,,-15878.02,keV,50.28,"EC+B+ = 100",
83,194,2,Bi,,161,keV,8,"(10-)",,116,s,3,,,,,,,,-15862.02,keV,9.57,"a = 0.2 0.07,EC+B+ = 99.8 0.07",
83,195,0,Bi,,0,keV,,"9/2-",,183,s,4,,,,,,,,-18025.567,keV,5.287,"a = 0.03 0.02,EC+B+ = 99.97 0.02",
83,195,1,Bi,,401,keV,7,"1/2+",,87,s,1,,,,,,,,-17624.567,keV,8.772,"a = 33 17,EC+B+ = 67 17",
83,196,0,Bi,,0,keV,,"(3+)",,5.133333333333334,m,0.2,,,,,,,,-18009.032,keV,24.428,"a = 0.00115 0.00034,EC+B+ = 99.99885 0.00034",
83,196,1,Bi,,169,keV,4,"(7+)",,0.6,s,0.5,,,,,,,,-17840.032,keV,24.753,"IT?,EC+B+?",
83,196,2,Bi,,271,keV,5,"(10-)",,4,m,0.05,,,,,,,,-17738.032,keV,24.934,"EC+B+ = 74.2 2.5,a = 0.00034 0.00007,IT = 25.8 2.5",
83,197,0,Bi,,0,keV,0,"9/2-",,9.33,m,0.5,,,,,,,,-19687.196,keV,8.333,"a?,EC+B+ = 100",
83,197,1,Bi,,530,keV,20,"(1/2+)",,5.04,m,0.53,,,,,,,,-19157.196,keV,21.667,"EC+B+ = 45 40,a = 55 40,IT?",
83,198,0,Bi,,0,keV,,"3+",,10.3,m,0.3,,,,,,,,-19373.851,keV,27.571,"EC+B+ = 100 ",
83,198,1,Bi,,280,keV,40,"7+",,11.6,m,0.3,,,,,,,,-19093.851,keV,48.581,"EC+B+ = 100 ",
83,198,2,Bi,,530,keV,40,"10-",,7.7,s,0.5,,,,,,,,-18843.851,keV,48.581,"IT = 100 ",
83,199,0,Bi,,0,keV,,"9/2-",,27,m,1,,,,,,,,-20797.616,keV,10.615,"EC+B+ = 100 ",
83,199,1,Bi,,667,keV,4,"(1/2+)",,24.7,m,0.15,,,,,,,,-20130.616,keV,11.344,"EC+B+ = 98 ,a ~ 0.01 ,IT = 2 ",
83,200,0,Bi,,0,keV,,"7+",,36.4,m,0.5,,,,,,,,-20370.574,keV,22.701,"EC+B+ = 100 ",
83,200,1,Bi,,100,keV,90,"(2+)",,31,m,2,,,,,,,,-20270.574,keV,92.819,"IT?,EC+B+ = 100 ",
83,200,2,Bi,,428.2,keV,0.1,"(10-)",,0.4,s,0.05,,,,,,,,-19942.374,keV,22.701,"IT = 100 ",
83,201,0,Bi,,0,keV,,"9/2-",,111,m,4,,,,,,,,-21429.006,keV,12.177,"EC+B+ = 100 ",
83,201,1,Bi,,846.35,keV,0.18,"1/2+",,58.5,m,1.4,,,,,,,,-20582.656000000003,keV,12.178330304274,"EC+B+ = 91.4 ,a?,IT = 8.6 ",
83,202,0,Bi,,0,keV,0,"5+",,1.71,h,0.04,,,,,,,,-20750.854,keV,14.002,"EC+B+ = 100",
83,203,0,Bi,,0,keV,0,"9/2-",,11.76,h,0.05,,,,,,,,-21524.893,keV,12.778,"EC+B+ = 100",
83,203,1,Bi,,1098.21,keV,0.09,"1/2+",,305,ms,5,,,,,,,,-20426.683,keV,12.778,"IT = 100",
83,204,0,Bi,,0,keV,0,"6+",,11.28,h,0.09,,,,,,,,-20645.927,keV,9.18,"EC+B+ = 100",
83,205,0,Bi,,0,keV,0,"9/2-",,14.91,d,0.07,,,,,,,,-21065.569,keV,4.808,"EC+B+ = 100",
83,206,0,Bi,,0,keV,0,"6+",,6.243,d,0.003,,,,,,,,-20028.201,keV,7.632,"EC+B+ = 100",
83,207,0,Bi,,0,keV,0,"9/2-",,31.22,y,0.17,,,,,,,,-20054.554,keV,2.397,"EC+B+ = 100",
83,208,0,Bi,,0,keV,,"5+",,368000,y,4000,,,,,,,,-18870.151,keV,2.305,"EC+B+ = 100 ",
83,209,0,Bi,,0,keV,0,"9/2-",,20100000000000000000,y,800000000000000000,,,,,,100,0,-18258.589,keV,1.365,"a = 100",
83,210,0,Bi,,0,keV,,"1-",,5.012,d,0.005,,,,,,,,-14791.905,keV,1.364,"B- = 99.999868 0.00001,a = 0.000132 0.00001",
83,210,1,Bi,,271.31,keV,0.11,"9-",,3139572,y,146184,,,,,,,,-14520.595000000001,keV,1.368428295527,"a = 100",
83,211,0,Bi,,0,keV,0,"9/2-",,2.14,m,0.03,,,,,,,,-11859.116,keV,5.442,"B- = 0.276 0.004,a = 99.724 0.004",
83,212,0,Bi,,0,keV,0,"1(-)",,60.551,m,0.059,,,,,,,,-8117.943,keV,1.853,"B- = 64.06 0.06,a = 35.92 0.06",
83,212,1,Bi,,239,keV,30,"(8-),(9-)",,25.1,m,0.4,,,,,,,,-7878.943,keV,30.057,"B-a = 30 1,a = 67 1,B- = 33 1",
83,212,2,Bi,,1478,keV,38,"(18-)",,7.2,m,0.4,,,,,,,,-6639.943,keV,38.045,"B- = 25 ,IT = 75 ",
83,213,0,Bi,,0,keV,0,"9/2-",,45.607,m,0.038,,,,,,,,-5231.671,keV,5.082,"B- = 97.872 0.022,a = 2.128 0.022",
83,214,0,Bi,,0,keV,0,"1-",,19.71,m,0.02,,,,,,,,-1200.78,keV,11.209,"B- = 99.979 0.0013,a = 0.021 0.0013",
83,214,1,Bi,,100,keV,90,"(8-)",,9.39,m,0.1,,,,,,,,-1100.78,keV,90.7,"B- ~ 100 ,IT?",
83,215,0,Bi,,0,keV,,"(9/2-)",,7.6,m,0.2,,,,,,,,1629.272,keV,5.624,"B- = 100 ",
83,215,1,Bi,,1390,keV,80,"(25/2-)",,36.9,s,0.4,,,,,,,,3019.272,keV,80.197,"B- = 23.1 0.5,IT = 76.9 0.5",
83,216,0,Bi,,0,keV,0,"(6-),(7-)",,2.25,m,0.05,,,,,,,,5873.988,keV,11.178,"B- = 100",
83,216,1,Bi,,24,keV,19,"(3)",,6.6,m,2.1,,,,,,,,5897.988,keV,22.044,"B- = 100",
83,217,0,Bi,,0,keV,,"(9/2-)",,98.5,s,1.3,,,,,,,,8729.963,keV,17.698,"B- = 100 ",
83,218,0,Bi,,0,keV,,"(6-),(7-),(8-)",,33,s,1,,,,,,,,13216.038,keV,27.013,"B- = 100 ",
83,219,0,Bi,,0,keV,,,,8.7,s,2.9,,,,,,,,16320,keV,200,"B- = 100",
83,220,0,Bi,,0,keV,,,,9.5,s,5.7,,,,,,,,20960,keV,300,"B- = 100",
83,221,0,Bi,,0,keV,0,,,,,,,,,,,,,24200,keV,300,"B- = 100,B-n?",
83,222,0,Bi,,0,keV,0,,,,,,,,,,,,,28950,keV,300,"B- = 100,B-n?",
83,223,0,Bi,,0,keV,0,,,,,,,,,,,,,32240,keV,400,"B- = 100,B-n?",
83,224,0,Bi,,0,keV,0,,,,,,,,,,,,,37070,keV,400,"B- = 100,B-n?",
84,186,0,Po,,0,keV,,"0+",,28,us,+16-6,,,,,,,,4101.531,keV,18.278,"a ~ 100 ",
84,187,0,Po,,0,keV,,"(1/2-),(5/2-)",,1.4,ms,0.25,,,,,,,,2823.808,keV,32.631,"a ~ 100 ",
84,188,0,Po,,0,keV,,"0+",,270,us,30,,,,,,,,-544.378,keV,19.97,"a ~ 100 ",
84,189,0,Po,,0,keV,,"(5/2-)",,3.5,ms,0.5,,,,,,,,-1421.996,keV,22.059,"a = 100",
84,190,0,Po,,0,keV,,"0+",,2.45,ms,0.05,,,,,,,,-4562.708,keV,13.163,"a = 100",
84,191,0,Po,,0,keV,0,"(3/2-)",,22,ms,1,,,,,,,,-5068.731,keV,7.103,"a ~ 100 ,EC+B+?",
84,192,0,Po,,0,keV,,"0+",,32.2,ms,0.3,,,,,,,,-8066.483,keV,10.634,"a ~ 100 ",
84,193,0,Po,,0,keV,,"3/2-",,407,ms,31,,,,,,,,-8325.302,keV,14.531,"a ~ 100 ",
84,193,1,Po,,95,keV,7,"13/2+",,246,ms,11,,,,,,,,-8230.302,keV,16.129,"a ~ 100 ",
84,194,0,Po,,0,keV,,"0+",,392,ms,4,,,,,,,,-11004.617,keV,12.911,"a = 93 7,EC+B+ = 7 7",
84,195,0,Po,,0,keV,,"3/2-",,4.64,s,0.09,,,,,,,,-11116.655,keV,6.042,"a = 94 4,EC+B+ = 6 4",
84,195,1,Po,,150,keV,10,"13/2+",,1.92,s,0.02,,,,,,,,-10966.655,keV,11.684,"a ~ 100 ",
84,196,0,Po,,0,keV,,"0+",,5.63,s,0.07,,,,,,,,-13468.731,keV,5.383,"a = 94 5,EC+B+ = 6 5",
84,197,0,Po,,0,keV,0,"(3/2-)",,54,s,1,,,,,,,,-13393.078,keV,9.861,"a = 44 7,EC+B+ = 56 7",
84,197,1,Po,,199,keV,11,"13/2(+)",,25.8,s,0.2,,,,,,,,-13194.078,keV,14.773,"EC+B+ = 16 9,a = 84 9,IT?",
84,198,0,Po,,0,keV,,"0+",,1.76,m,0.02,,,,,,,,-15473.278,keV,17.424,"a = 57 2,EC+B+ = 43 2",
84,199,0,Po,,0,keV,,"3/2-",,5.5,m,0.2,,,,,,,,-15238.829,keV,5.429,"a = 7.5 0.3,EC+B+ = 92.5 0.3",
84,199,1,Po,,310,keV,2,"(13/2+)",,4.17,m,0.04,,,,,,,,-14928.829,keV,5.786,"EC+B+ = 73.5 1,a = 24 1,IT = 2.5 1",
84,200,0,Po,,0,keV,,"0+",,11.5,m,0.1,,,,,,,,-16941.683,keV,7.579,"a = 11.3 0.4,EC+B+ = 88.7 0.4",
84,201,0,Po,,0,keV,0,"3/2-",,15.5,m,0.2,,,,,,,,-16521.166,keV,4.942,"a = 1.13 0.04,EC+B+ = 98.87 0.04",
84,201,1,Po,,442.1,keV,2.3,"13/2+",,9,m,0.1,,,,,,,,-16079.066,keV,5.451,"EC+B+ = 41.4 0.7,a = 2.4 0.5,IT = 56.2 1.2",
84,202,0,Po,,0,keV,0,"0+",,44.6,m,0.4,,,,,,,,-17941.569,keV,8.67,"a = 1.92 0.07,EC+B+ = 98.08 0.07",
84,203,0,Po,,0,keV,0,"5/2-",,36.7,m,0.5,,,,,,,,-17310.819,keV,4.64,"a = 0.11 0.02,EC+B+ = 99.89 0.02",
84,203,1,Po,,641.64,keV,0.14,"13/2+",,45,s,2,,,,,,,,-16669.179,keV,4.642,"IT = 100",
84,204,0,Po,,0,keV,0,"0+",,3.518,h,0.013,,,,,,,,-18341.045,keV,10.071,"a = 0.673 0.027,EC+B+ = 99.328 0.027",
84,205,0,Po,,0,keV,,"5/2-",,1.79,h,0.11,,,,,,,,-17521.398,keV,10.059,"a = 0.04 0.01,EC+B+ = 99.96 0.01",
84,206,0,Po,,0,keV,0,"0+",,8.8,d,0.1,,,,,,,,-18188.668,keV,4.012,"a = 5.45 0.05,EC+B+ = 94.55 0.05",
84,207,0,Po,,0,keV,0,"5/2-",,5.8,h,0.02,,,,,,,,-17145.7,keV,6.659,"a = 0.021 0.002,EC+B+ = 99.979 0.002",
84,207,1,Po,,1383.16,keV,0.07,"19/2-",,2.79,s,0.08,,,,,,,,-15762.54,keV,6.66,"IT = 100",
84,208,0,Po,,0,keV,,"0+",,2.898,y,0.002,,,,,,,,-17469.207,keV,1.672,"a = 99.996 0.0004,EC+B+ = 0.004 0.0004",
84,209,0,Po,,0,keV,0,"1/2-",,124,y,2.9,,,,,,,,-16366.015,keV,1.778,"a = 99.545 0.007,EC+B+ = 0.455 0.007",
84,210,0,Po,,0,keV,0,"0+",,138.3781,d,0.0038,,,,,,,,-15953.06,keV,1.146,"a = 100",
84,211,0,Po,,0,keV,0,"9/2+",,0.516,s,0.003,,,,,,,,-12432.492,keV,1.255,"a = 100",
84,211,1,Po,,1462,keV,5,"(25/2+)",,25.3,s,0.4,,,,,,,,-10970.492,keV,5.155,"IT = 0.016 0.004,a = 99.984 0.004",
84,212,0,Po,,0,keV,,"0+",,295,ns,0.4,,,,,,,,-10369.408,keV,1.153,"a = 100",
84,212,1,Po,,2930,keV,10,"(18+)",,45.1,s,0.6,,,,,,,,-7439.407999999999,keV,10.066250990314,"IT = 0.07 0.02,a = 99.93 0.02",
84,213,0,Po,,0,keV,0,"9/2+",,3.706,us,0.001,,,,,,,,-6653.519,keV,3.053,"a = 100",
84,214,0,Po,,0,keV,0,"0+",,163.48,us,0.04,,,,,,,,-4469.972,keV,1.449,"a = 100",
84,215,0,Po,,0,keV,,"9/2+",,1.781,ms,0.003,,,,,,,,-541.771,keV,2.12,"B- = 0.00023 0.00002,a = 99.99977 0.00002",
84,216,0,Po,,0,keV,0,"0+",,144,ms,0.6,,,,,,,,1782.336,keV,1.815,"a = 100",
84,217,0,Po,,0,keV,,"(9/2+)",,1.53,s,0.05,,,,,,,,5883.452,keV,6.544,"B- = 2.5 2.5,a = 97.5 2.5",
84,218,0,Po,,0,keV,,"0+",,3.097,m,0.01,,,,,,,,8356.652,keV,1.967,"B- = 0.022 0.003,a = 99.978 0.003",
84,219,0,Po,,0,keV,,"(9/2+)",,10.333333333333334,m,0.9833333333333333,,,,,,,,12681.361,keV,15.835,"B- = 71.8 2,a = 28.2 2",
84,220,0,Po,,0,keV,0,"0+",,,,,,,,,,,,15263.462,keV,17.698,"B- = 100",
84,221,0,Po,,0,keV,,,,1.8666666666666667,m,+0.9666666666666667-0.4666666666666667,,,,,,,,19773.757,keV,19.561,"B- = 100 ",
84,222,0,Po,,0,keV,,"0+",,2.4166666666666665,m,+11.566666666666666-1.1,,,,,,,,22486.268,keV,40.054,"B- = 100",
84,223,0,Po,,0,keV,0,,,,,,,,,,,,,27079,keV,196,"B- = 100",
84,224,0,Po,,0,keV,0,"0+",,,,,,,,,,,,29910,keV,196,"B- = 100",
84,225,0,Po,,0,keV,0,,,,,,,,,,,,,34580,keV,300,"B- = 100",
84,226,0,Po,,0,keV,0,"0+",,,,,,,,,,,,37549,keV,401,"B- = 100",
84,227,0,Po,,0,keV,0,,,,,,,,,,,,,42281,keV,401,"B- = 100",
85,191,0,At,,0,keV,,"(1/2+)",,1.7,ms,+1.1-0.5,,,,,,,,3863.913,keV,16.103,"a ~ 100 ",
85,192,0,At,,0,keV,,"(9-),(10-)",,88,ms,6,,,,,,,,2925.742,keV,27.873,"ECf = 0.5 ,a = 100 ",
85,192,1,At,,0,keV,,,,11.5,ms,0.6,,,,,,,,2925.742,keV,27.873,"ECf = 0.5 ,a = 100 ",
85,193,0,At,,0,keV,,"(1/2+)",,28,ms,+5-4,,,,,,,,-67.323,keV,21.632,"a ~ 100 ",
85,194,0,At,,10,keV,30,"(9-),(10-)",,323,ms,7,,,,,,,,-706.49,keV,38.11,"EC+B+?,ECf ~ 0.8 ,a ~ 100 ,IT?",
85,194,1,At,,0,keV,,"(4-),(5-)",,286,ms,7,,,,,,,,-716.49,keV,23.502,"ECf ~ 0.8 ,EC+B+?,a ~ 100 ",
85,195,0,At,,0,keV,,"(1/2+)",,309,ms,19,,,,,,,,-3470.299,keV,9.573,"a = 100",
85,195,1,At,,33,keV,1,"(7/2-)",,144,ms,3,,,,,,,,-3437.299,keV,9.625,"IT = 12 4,a = 88 4",
85,196,0,At,,0,keV,,"(3+)",,377,ms,4,,,,,,,,-3913.175,keV,30.235,"ECf = 0.009 0.001,EC+B+ = 2.5 0.3,a = 97.5 0.3",
85,197,0,At,,0,keV,0,"(9/2-)",,388,ms,6,,,,,,,,-6355.255,keV,7.983,"a = 96.1 1.2,EC+B+ = 3.9 1.2",
85,197,1,At,,52,keV,10,"(1/2+)",,2,s,0.2,,,,,,,,-6303.255,keV,12.796,"EC+B+?,a ~ 100 ,IT?",
85,198,0,At,,0,keV,,"(3+)",,4.47,s,0.1,,,,,,,,-6708.747,keV,4.904,"a = 90 10,EC+B+ = 10 10",
85,198,1,At,,265,keV,3,"(10-)",,1.22,s,0.05,,,,,,,,-6443.747,keV,5.749,"a = 84 16,EC+B+ = 16 16",
85,199,0,At,,0,keV,,"(9/2-)",,6.97,s,0.13,,,,,,,,-8823.377,keV,5.384,"a = 92 +3-8,EC+B+ = 8 +8-3",
85,199,1,At,,244,keV,2,"(1/2+)",,273,ms,9,,,,,,,,-8579.377,keV,5.743,"IT ~ 99 ,a ~ 1 ",
85,200,0,At,,0,keV,,"(3+)",,43,s,1,,,,,,,,-8987.894,keV,24.465,"a = 53 4,EC+B+ = 47 4",
85,200,1,At,,113,keV,3,"(7+)",,47,s,1,,,,,,,,-8874.894,keV,24.648,"a = 43 7,EC+B+ = 57 7",
85,200,2,At,,344,keV,5,"(10-)",,6.4,s,0.5,,,,,,,,-8643.894,keV,24.971,"EC+B+?,a = 10.5 0.3,IT = 89.5 0.3",
85,201,0,At,,0,keV,0,"(9/2-)",,85,s,2,,,,,,,,-10789.441,keV,8.184,"a = 71 7,EC+B+ = 29 7",
85,202,0,At,,0,keV,0,"3(+)",,184,s,1,,,,,,,,-10595.106,keV,27.601,"a = 12 7,EC+B+ = 88 7",
85,202,1,At,,190,keV,40,"7(+)",,182,s,2,,,,,,,,-10405.106,keV,48.599,"a = 8.6 1.1,EC+B+ = 91.4 1.1",
85,202,2,At,,590,keV,40,"10(-)",,0.46,s,0.05,,,,,,,,-10005.106,keV,48.599,"IT = 99.904 0.011,a = 0.096 0.011",
85,203,0,At,,0,keV,0,"9/2-",,7.4,m,0.1,,,,,,,,-12162.607,keV,10.623,"a = 31 3,EC+B+ = 69 3",
85,204,0,At,,0,keV,0,"7+",,9.2,m,0.1,,,,,,,,-11875.252,keV,22.668,"a = 3.9 0.2,EC+B+ = 96.1 0.2",
85,204,1,At,,587.3,keV,0.2,"10-",,108,ms,10,,,,,,,,-11287.952000000001,keV,22.668882283871,"IT = 100",
85,205,0,At,,0,keV,0,"9/2-",,26.9,m,0.8,,,,,,,,-12984.519,keV,12.055,"a = 10 2,EC+B+ = 90 2",
85,206,0,At,,0,keV,0,"(6)+",,30.5,m,0.6,,,,,,,,-12439.388,keV,13.529,"a = 0.9 0.1,EC+B+ = 99.1 0.1",
85,207,0,At,,0,keV,0,"9/2-",,1.81,h,0.03,,,,,,,,-13227.482,keV,12.406,"a ~ 10 ,EC+B+ ~ 90 ",
85,208,0,At,,0,keV,,"6+",,1.63,h,0.03,,,,,,,,-12469.901,keV,8.921,"a = 0.55 0.06,EC+B+ = 99.45 0.06",
85,209,0,At,,0,keV,0,"9/2-",,5.42,h,0.05,,,,,,,,-12883.773,keV,4.745,"a = 4.1 0.5,EC+B+ = 95.9 0.5",
85,210,0,At,,0,keV,0,"(5)+",,8.1,h,0.4,,,,,,,,-11972.099,keV,7.695,"a = 0.175 0.02,EC+B+ = 99.825 0.02",
85,211,0,At,,0,keV,0,"9/2-",,7.216,h,0.006,,,,,,,,-11647.191,keV,2.729,"a = 41.78 0.08,EC = 58.22 0.08",
85,212,0,At,,0,keV,0,"(1-)",,314,ms,2,,,,,,,,-8628.149,keV,2.385,"a ~ 100 ",
85,212,1,At,,222.9,keV,0.4,"(9-)",,121,ms,2,,,,,,,,-8405.249,keV,2.418,"IT = 0.5 0.5,a = 99.5 0.5",
85,213,0,At,,0,keV,0,"9/2-",,124,ns,6,,,,,,,,-6579.522,keV,4.898,"a = 100",
85,214,0,At,,0,keV,0,"1-",,558,ns,10,,,,,,,,-3379.151,keV,3.982,"a = 100",
85,215,0,At,,0,keV,,"9/2-",,37,us,3,,,,,,,,-1256.583,keV,6.629,"a = 100",
85,216,0,At,,0,keV,0,"1-",,0.3,ms,0.03,,,,,,,,2256.678,keV,3.575,"a ~ 100 ",
85,217,0,At,,0,keV,,"9/2-",,32.6,ms,0.2,,,,,,,,4394.598,keV,5.001,"B- = 0.007 0.003,a = 99.993 0.003",
85,218,0,At,,0,keV,,"(3-),(2-)",,1.28,s,0.05,,,,,,,,8100.218,keV,11.503,"B- = 0.05 0.05,a = 99.95 0.05",
85,219,0,At,,0,keV,,"(9/2-)",,56,s,3,,,,,,,,10396.021,keV,3.237,"B- = 6.4 1,a = 93.6 1",
85,220,0,At,,0,keV,,"3",,3.71,m,0.04,,,,,,,,14375.748,keV,13.972,"B- = 92 2,a = 8 2",
85,221,0,At,,0,keV,,,,2.3,m,0.2,,,,,,,,16782.729,keV,13.972,"B- = 100 ",
85,222,0,At,,0,keV,,,,54,s,10,,,,,,,,20953.028,keV,15.835,"B- = 100 ",
85,223,0,At,,0,keV,,,,50,s,7,,,,,,,,23428.008,keV,13.972,"B- = 100 ",
85,224,0,At,,0,keV,,,,1.2666666666666666,m,+2.3-0.38333333333333336,,,,,,,,27711.018,keV,22.356,"B- = 100",
85,225,0,At,,0,keV,0,,,,,,,,,,,,,30300,keV,300,"B- = 100",
85,226,0,At,,0,keV,0,,,,,,,,,,,,,34660,keV,300,"B- = 100",
85,227,0,At,,0,keV,0,,,,,,,,,,,,,37430,keV,300,"B- = 100,B-n?",
85,228,0,At,,0,keV,0,,,,,,,,,,,,,41880,keV,400,"B- = 100,B-n?",
85,229,0,At,,0,keV,0,,,,,,,,,,,,,44890,keV,400,"B- = 100,B-n?",
86,193,0,Rn,,0,keV,,,,1.15,ms,0.27,,,,,,,,9042.92,keV,25.112,"a ~ 100 ",
86,194,0,Rn,,0,keV,,"0+",,0.78,ms,0.16,,,,,,,,5724.624,keV,16.659,"a ~ 100 ",
86,195,0,Rn,,0,keV,,"3/2-",,6,ms,+3-2,,,,,,,,5050.285,keV,51.686,"a ~ 100 ",
86,196,0,Rn,,0,keV,,"0+",,4.4,ms,+1.3-0.9,,,,,,,,1975.169,keV,14.054,"a ~ 100 ,EC+B+?",
86,197,0,Rn,,0,keV,0,"(3/2-)",,55,ms,+6-5,,,,,,,,1510.368,keV,16.193,"a ~ 100 ",
86,198,0,Rn,,0,keV,,"0+",,65,ms,2,,,,,,,,-1230.32,keV,13.42,"a = 90 10,EC+B+ = 10 10",
86,199,0,Rn,,0,keV,,"(3/2-)",,0.6,s,0.02,,,,,,,,-1559.846,keV,7.297,"a ~ 100 ",
86,199,1,Rn,,222,keV,13,"(13/2+)",,0.312,s,0.015,,,,,,,,-1337.846,keV,14.908,"a ~ 100 ",
86,200,0,Rn,,0,keV,0,"0+",,1.03,s,0.02,,,,,,,,-4000.454,keV,5.792,"a = 86 +14-4,EC+B+ = 14 +4-14",
86,201,0,Rn,,0,keV,0,"(3/2-)",,7,s,0.4,,,,,,,,-4107.413,keV,10.121,"a = 0 ,EC+B+?",
86,201,1,Rn,,248,keV,18,"(13/2+)",,3.8,s,0.1,,,,,,,,-3859.4129999999996,keV,20.6502939688519,"a = 0 ,EC+B+?",
86,202,0,Rn,,0,keV,0,"0+",,9.75,s,0.13,,,,,,,,-6274.561,keV,17.52,"a = 78 8,EC+B+ = 22 8",
86,203,0,Rn,,0,keV,0,"3/2-",,44,s,2,,,,,,,,-6184.045,keV,5.815,"a = 66 9,EC+B+ = 34 9",
86,203,1,Rn,,362,keV,4,"13/2+",,26.9,s,0.5,,,,,,,,-5822.045,keV,7.058,"a = 75 10,EC+B+ = 25 10",
86,204,0,Rn,,0,keV,0,"0+",,74,s,1,,,,,,,,-7970.115,keV,7.444,"a = 72 1,EC+B+ = 28 1",
86,205,0,Rn,,0,keV,0,"5/2-",,170,s,3,,,,,,,,-7709.764,keV,5.08,"a = 25 1,EC+B+ = 75 1",
86,206,0,Rn,,0,keV,0,"0+",,6.29,m,0.2,,,,,,,,-9132.918,keV,8.591,"a = 62 3,EC+B+ = 38 3",
86,207,0,Rn,,0,keV,0,"5/2-",,9.25,m,0.17,,,,,,,,-8634.742,keV,4.742,"a = 21 3,EC+B+ = 79 3",
86,208,0,Rn,,0,keV,,"0+",,24.28,m,0.16,,,,,,,,-9655.389,keV,10.163,"a = 62 7,EC+B+ = 38 7",
86,209,0,Rn,,0,keV,0,"5/2-",,28.7,m,0.9,,,,,,,,-8941.049,keV,9.96,"a = 17 2,EC+B+ = 83 2",
86,210,0,Rn,,0,keV,0,"0+",,2.42,h,0.04,,,,,,,,-9604.764,keV,4.557,"a = 96 1,EC+B+ = 4 1",
86,211,0,Rn,,0,keV,0,"1/2-",,14.7,h,0.2,,,,,,,,-8755.33,keV,6.813,"a = 27.4 1.7,EC = 72.6 1.7",
86,212,0,Rn,,0,keV,0,"0+",,23.9,m,1.2,,,,,,,,-8659.219,keV,3.11,"a = 100",
86,213,0,Rn,,0,keV,0,"(9/2+)",,19.38,ms,0.19,,,,,,,,-5695.949,keV,3.37,"a = 100",
86,214,0,Rn,,0,keV,0,"0+",,259,ns,3,,,,,,,,-4319.664,keV,9.187,"a = 100",
86,215,0,Rn,,0,keV,,"9/2+",,2.3,us,0.1,,,,,,,,-1168.99,keV,6.09,"a = 100",
86,216,0,Rn,,0,keV,0,"0+",,29,us,4,,,,,,,,253.312,keV,5.768,"a = 100",
86,217,0,Rn,,0,keV,,"9/2+",,0.59,ms,0.06,,,,,,,,3658.566,keV,4.198,"a = 100",
86,218,0,Rn,,0,keV,,"0+",,33.75,ms,0.15,,,,,,,,5217.413,keV,2.316,"a = 100",
86,219,0,Rn,,0,keV,,"5/2+",,3.96,s,0.01,,,,,,,,8829.337,keV,2.1,"a = 100",
86,220,0,Rn,,0,keV,,"0+",,55.6,s,0.1,,,,,,,,10611.994,keV,1.814,"a = 100",
86,221,0,Rn,,0,keV,,"7/2+",,25.7,m,0.5,,,,,,,,14471.354,keV,5.714,"B- = 80 2,a = 20 2",
86,222,0,Rn,,0,keV,,"0+",,3.82146,d,0.00016,,,,,,,,16371.957,keV,1.944,"a = 100",
86,223,0,Rn,,0,keV,,"7/2",,24.3,m,1,,,,,,,,20389.738,keV,7.822,"B- = 100 ",
86,224,0,Rn,,0,keV,,"0+",,114,m,6,,,,,,,,22445.098,keV,9.814,"B- = 100 ",
86,225,0,Rn,,0,keV,,"7/2-",,4.66,m,0.04,,,,,,,,26534.143,keV,11.14,"B- = 100 ",
86,226,0,Rn,,0,keV,,"0+",,7.4,m,0.1,,,,,,,,28747.194,keV,10.477,"B- = 100 ",
86,227,0,Rn,,0,keV,,"(5/2)",,20.8,s,0.7,,,,,,,,32885.835,keV,14.091,"B- = 100 ",
86,228,0,Rn,,0,keV,,"0+",,65,s,2,,,,,,,,35243.466,keV,17.677,"B- = 100 ",
86,229,0,Rn,,0,keV,,,,12,s,+1.2-1.3,,,,,,,,39362.4,keV,13.041,"B- = 100 ",
86,230,0,Rn,,0,keV,0,"0+",,,,,,,,,,,,42170,keV,200,"B- = 100",
86,231,0,Rn,,0,keV,0,,,,,,,,,,,,,46550,keV,300,"B- = 100",
87,197,0,Fr,,0,keV,0,"(7/2-)",,0.6,ms,+3-0.3,,,,,,,,10253.968,keV,56.434,"a ~ 100 ",
87,198,0,Fr,,0,keV,,,,15,ms,3,,,,,,,,9577.698,keV,31.13,"a ~ 100 ",
87,198,1,Fr,,0,keV,,,,1.1,ms,0.7,,,,,,,,9577.698,keV,31.13,"a ~ 100 ",
87,199,0,Fr,,0,keV,0,"(1/2+)",,4.5,ms,+3.1-1.3,,,,,,,,6771.388,keV,13.726,"a ~ 100 ",
87,200,0,Fr,,0,keV,,"(3+)",,50,ms,2,,,,,,,,6133.578,keV,30.524,"ECf = 1.4 ,a ~ 100 ",
87,201,0,Fr,,0,keV,0,"(9/2-)",,63,ms,3,,,,,,,,3588.573,keV,9.08,"a ~ 100 ",
87,201,1,Fr,,130,keV,14,"(1/2+)",,27,ms,9,,,,,,,,3718.573,keV,16.687,"a ~ 100 ",
87,202,0,Fr,,0,keV,0,"(3+)",,364,ms,15,,,,,,,,3101.538,keV,6.033,"a ~ 100 ",
87,202,1,Fr,,257,keV,6,"(10-)",,286,ms,13,,,,,,,,3358.538,keV,8.509,"a ~ 100 ",
87,203,0,Fr,,0,keV,0,"9/2-",,550,ms,10,,,,,,,,876.412,keV,6.232,"a ~ 100 ",
87,203,1,Fr,,361,keV,6,"1/2+",,43,ms,4,,,,,,,,1237.412,keV,8.651,"IT = 80 4,a = 20 4",
87,204,0,Fr,,0,keV,0,"3+",,1.8,s,0.3,,,,,,,,607.308,keV,24.581,"a = 92 2,EC+B+ = 8 2",
87,204,1,Fr,,41,keV,7,"7+",,2.2,s,0.2,,,,,,,,648.308,keV,25.558,"a = 90 2,EC+B+ = 10 2",
87,204,2,Fr,,316,keV,7,"10-",,1.65,s,0.15,,,,,,,,923.308,keV,25.558,"a = 66 10,EC+B+ = 34 10",
87,205,0,Fr,,0,keV,0,"9/2-",,3.9,s,0.07,,,,,,,,-1309.816,keV,7.824,"a = 98.5 0.4,EC+B+ = 1.5 0.4",
87,206,0,Fr,,0,keV,0,"3(+)",~,16,s,,,,,,,,,-1246.859,keV,27.811,"a = 88.4 3.3,EC+B+ = 11.6 3.3",
87,206,1,Fr,,200,keV,40,"7(+)",~,16,s,,,,,,,,,-1046.859,keV,48.718,"a = 84.7 1.5,EC+B+ = 15.3 1.5",
87,206,2,Fr,,730,keV,40,"10(-)",,0.7,s,0.1,,,,,,,,-516.8589999999999,keV,48.7180841269441,"IT = 87 2,a = 13 2",
87,207,0,Fr,,0,keV,0,"9/2-",,14.8,s,0.1,,,,,,,,-2849.021,keV,17.557,"a = 95 2,EC+B+ = 5 2",
87,208,0,Fr,,0,keV,,"7+",,58.6,s,0.4,,,,,,,,-2664.928,keV,11.657,"a = 89 3,EC+B+ = 11 3",
87,209,0,Fr,,0,keV,0,"9/2-",,50.5,s,0.7,,,,,,,,-3782.144,keV,11.503,"a = 89 3,EC+B+ = 11 3",
87,210,0,Fr,,0,keV,0,"6+",,3.18,m,0.06,,,,,,,,-3343.508,keV,13.42,"a = 71 4,EC+B+ = 29 4",
87,211,0,Fr,,0,keV,0,"9/2-",,3.1,m,0.02,,,,,,,,-4140.314,keV,11.991,"a = 87 3,EC = 13 3",
87,212,0,Fr,,0,keV,0,"5+",,20.3,m,0.6,,,,,,,,-3515.998,keV,8.775,"a = 43 2,EC+B+ = 57 2",
87,213,0,Fr,,0,keV,0,"9/2-",,34.17,s,0.06,,,,,,,,-3554.199,keV,4.707,"a = 99.45 0.05,EC+B+ = 0.55 0.05",
87,214,0,Fr,,0,keV,0,"(1-)",,5.5,ms,0.2,,,,,,,,-958.327,keV,8.519,"a = 100",
87,215,0,Fr,,0,keV,,"9/2-",,89,ns,5,,,,,,,,318.137,keV,7.066,"a = 100",
87,216,0,Fr,,0,keV,0,"(1-)",,0.7,us,0.02,,,,,,,,2971.022,keV,4.174,"a = 100",
87,217,0,Fr,,0,keV,,"9/2-",,22,us,5,,,,,,,,4314.663,keV,6.531,"a = 100",
87,218,0,Fr,,0,keV,,"1-",,1.1,ms,0.3,,,,,,,,7059.44,keV,4.235,"a = 100",
87,219,0,Fr,,0,keV,,"9/2-",,22,ms,4,,,,,,,,8616.939,keV,6.874,"a = 100",
87,220,0,Fr,,0,keV,,"1+",,27.4,s,0.3,,,,,,,,11482.332,keV,4.028,"B- = 0.35 0.05,a = 99.65 0.05",
87,221,0,Fr,,0,keV,,"5/2-",,4.801,m,0.009,,,,,,,,13277.251,keV,4.886,"14C = 8.8e-11 1.1e-11,a = 99.995 0.003,B- = 0.005 0.003",
87,222,0,Fr,,0,keV,,"2-",,14.2,m,0.3,,,,,,,,16378.103,keV,7.452,"B- = 100 ",
87,223,0,Fr,,0,keV,,"3/2(-)",,21.99,m,0.07,,,,,,,,18382.329,keV,1.931,"B- = 99.994,a = 0.006",
87,224,0,Fr,,0,keV,,"1(-)",,3.33,m,0.1,,,,,,,,21748.614,keV,11.178,"B- = 100 ",
87,225,0,Fr,,0,keV,,"3/2-",,4,m,0.1,,,,,,,,23820.602,keV,11.967,"B- = 100 ",
87,226,0,Fr,,0,keV,,"1-",,49,s,1,,,,,,,,27520.539,keV,6.23,"B- = 100 ",
87,227,0,Fr,,0,keV,,"1/2+",,2.47,m,0.03,,,,,,,,29682.445,keV,5.898,"B- = 100 ",
87,228,0,Fr,,0,keV,,"2-",,38,s,1,,,,,,,,33384.221,keV,6.732,"B- = 100",
87,229,0,Fr,,0,keV,,"(1/2+)",,50.2,s,0.4,,,,,,,,35668.253,keV,5.001,"B- = 100 ",
87,230,0,Fr,,0,keV,0,,,19.1,s,0.5,,,,,,,,39486.769,keV,6.541,"B- = 100",
87,231,0,Fr,,0,keV,0,"(1/2+)",,17.6,s,0.5,,,,,,,,42080.575,keV,7.731,"B- = 100",
87,232,0,Fr,,0,keV,0,"(5)",,5.5,s,0.6,,,,,,,,46072.834,keV,13.972,"B- = 100 ",
87,233,0,Fr,,0,keV,0,,,0.9,s,0.1,,,,,,,,48920.052,keV,19.561,"B- = 100,B-n?",
88,201,0,Ra,,0,keV,0,"(3/2-)",,8,ms,+40-4,,,,,,,,11936.817,keV,20.301,"a = 100",
88,201,1,Ra,,260,keV,30,"(13/2+)",,1.6,ms,+7.7-0.7,,,,,,,,12196.817,keV,36.223,"a = 100",
88,202,0,Ra,,0,keV,0,"0+",,3.8,ms,+1.6-1.1,,,,,,,,9074.9,keV,15.018,"a ~ 100 ",
88,203,0,Ra,,0,keV,0,"3/2-",,31,ms,+17-9,,,,,,,,8601.331,keV,9.688,"a ~ 100 ",
88,204,0,Ra,,0,keV,0,"0+",,58,ms,+9-8,,,,,,,,6061.097,keV,8.924,"a ~ 100 ",
88,205,0,Ra,,0,keV,0,"(3/2-)",,215,ms,+42-35,,,,,,,,5803.853,keV,22.772,"a ~ 100 ",
88,205,1,Ra,,263,keV,52,"(13/2+)",,170,ms,+60-40,,,,,,,,6066.853,keV,56.768,"a ~ 100 ",
88,206,0,Ra,,0,keV,0,"0+",,240,ms,17,,,,,,,,3565.613,keV,18.008,"a ~ 100 ",
88,207,0,Ra,,0,keV,0,"(3/2-),(5/2-)",,1.4,s,0.2,,,,,,,,3513.988,keV,58.286,"a ~ 86 ,EC+B+ ~ 14 ",
88,208,0,Ra,,0,keV,,"0+",,1.11,s,0.045,,,,,,,,1727.934,keV,9.023,"a = 87 3,EC+B+ = 13 3",
88,209,0,Ra,,0,keV,0,"5/2-",,4.8,s,0.2,,,,,,,,1858.24,keV,5.747,"a ~ 100 ",
88,210,0,Ra,,0,keV,0,"0+",,3.9,s,0.1,,,,,,,,442.839,keV,9.193,"a ~ 100 ",
88,211,0,Ra,,0,keV,0,"5/2(-)",,13,s,1,,,,,,,,831.87,keV,4.966,"a ~ 100 ",
88,212,0,Ra,,0,keV,0,"0+",,13,s,0.2,,,,,,,,-198.763,keV,10.254,"a ~ 100 ",
88,213,0,Ra,,0,keV,0,"1/2-",,2.73,m,0.05,,,,,,,,345.557,keV,9.818,"a = 86 2,EC+B+ = 14 2",
88,214,0,Ra,,0,keV,0,"0+",,2.438,s,0.016,,,,,,,,92.74,keV,5.25,"a = 99.94 0.004,EC = 0.06 0.004",
88,215,0,Ra,,0,keV,,"(9/2+)",,1.68,ms,0.01,,,,,,,,2531.995,keV,7.201,"a = 100",
88,216,0,Ra,,0,keV,0,"0+",,172,ns,7,,,,,,,,3291.466,keV,8.004,"a = 100",
88,217,0,Ra,,0,keV,,"(9/2+)",,1.59,us,0.14,,,,,,,,5889.536,keV,7.047,"a = 100",
88,218,0,Ra,,0,keV,,"0+",,25.91,us,0.14,,,,,,,,6645.556,keV,9.807,"a = 100",
88,219,0,Ra,,0,keV,,"(7/2+)",,9,ms,2,,,,,,,,9393.853,keV,6.814,"a = 100",
88,220,0,Ra,,0,keV,,"0+",,18,ms,2,,,,,,,,10272.091,keV,7.595,"a = 100",
88,221,0,Ra,,0,keV,,"5/2+",,16,s,2,,,,,,,,12963.877,keV,4.63,"14C = 1.2e-10 9e-11,a = 100",
88,222,0,Ra,,0,keV,,"0+",,33.6,s,0.4,,,,,,,,14320.205,keV,4.454,"14C = 2.9e-8 6e-9,a = 100",
88,223,0,Ra,,0,keV,,"3/2+",,11.4352,d,0.001,,,,,,,,17233.245,keV,2.09,"14C = 8.9e-8 4e-9,a = 100",
88,224,0,Ra,,0,keV,,"0+",,3.6313,d,0.0012,,,,,,,,18825.832,keV,1.811,"14C = 4e-9 1e-9,a = 100",
88,225,0,Ra,,0,keV,,"1/2+",,14.8,d,0.2,,,,,,,,21993.044,keV,2.596,"B- = 100 ",
88,226,0,Ra,,0,keV,,"0+",,1600,y,7,,,,,,,,23667.576,keV,1.927,"14C = 2.6e-9 6e-10,a = 100",
88,227,0,Ra,,0,keV,,"3/2+",,42.2,m,0.5,,,,,,,,27177.464,keV,1.946,"B- = 100 ",
88,228,0,Ra,,0,keV,,"0+",,5.75,y,0.03,,,,,,,,28940.194,keV,1.995,"B- = 100 ",
88,229,0,Ra,,0,keV,,"5/2+",,4,m,0.2,,,,,,,,32561.963,keV,15.441,"B- = 100",
88,230,0,Ra,,0,keV,0,"0+",,93,m,2,,,,,,,,34516.306,keV,10.296,"B- = 100 ",
88,231,0,Ra,,0,keV,0,"(5/2+)",,103.9,s,1.3,,,,,,,,38216.488,keV,11.37,"B- = 100",
88,232,0,Ra,,0,keV,0,"0+",,4.2,m,0.8,,,,,,,,40496.955,keV,9.151,"B- = 100",
88,233,0,Ra,,0,keV,0,"(1/2+)",,30,s,5,,,,,,,,44334.062,keV,8.603,"B- = 100",
88,234,0,Ra,,0,keV,0,"0+",,30,s,10,,,,,,,,46930.629,keV,8.383,"B- = 100",
89,204,0,Ac,,0,keV,0,,,7.4,ms,+2.2-1.4,,,,,,,,,,,"a ~ 100 ",
89,205,0,Ac,,0,keV,0,"(9/2-)",,7.7,ms,+2.7-1.6,,,,,,,,14106.689,keV,59.32,"a ~ 100 ",
89,206,0,Ac,,0,keV,-1,"(3+)",,27,ms,8,,,,,,,,13484.754,keV,65.088,"a ~ 100 ",
89,206,1,Ac,,200,keV,70,"(10-)",,33,ms,+22-9,,,,,,,,13684.754,keV,95.585,"a ~ 100 ",
89,207,0,Ac,,0,keV,0,"(9/2-)",,27,ms,+11-6,,,,,,,,11146.228,keV,56.248,"a ~ 100 ",
89,208,0,Ac,,0,keV,,"(3+)",,93,ms,+16-12,,,,,,,,10760.854,keV,64.483,"a ~ 100 ",
89,209,0,Ac,,0,keV,0,"(9/2-)",,91,ms,+10-9,,,,,,,,8844.887,keV,55.846,"a ~ 100 ",
89,210,0,Ac,,0,keV,0,,,344,ms,+39-36,,,,,,,,8764.079,keV,62.208,"a ~ 100 ",
89,211,0,Ac,,0,keV,0,"9/2-",,210,ms,25,,,,,,,,7143.485,keV,53.753,"a ~ 100 ",
89,212,0,Ac,,0,keV,0,"(7+)",,895,ms,28,,,,,,,,7299.6,keV,21.883,"a ~ 100 ",
89,213,0,Ac,,0,keV,,"9/2-",,738,ms,21,,,,,,,,6141.029,keV,11.665,"a ~ 100 ",
89,214,0,Ac,,0,keV,0,"5(+)",,8.2,s,0.2,,,,,,,,6433.272,keV,13.551,"a = 89 ,EC+B+ = 11 ",
89,215,0,Ac,,0,keV,,"9/2-",,170,ms,10,,,,,,,,6030.55,keV,12.406,"a = 99.91 0.02,EC+B+ = 0.09 0.02",
89,216,0,Ac,,0,keV,,"(1-)",,360,us,7,,,,,,,,8149.736,keV,9.23,"a = 100",
89,217,0,Ac,,0,keV,,"9/2-",,69,ns,4,,,,,,,,8702.321,keV,11.223,"a = 100",
89,218,0,Ac,,0,keV,,"(1-)",,1.02,us,0.05,,,,,,,,10850.845,keV,57.616,"a = 100",
89,219,0,Ac,,0,keV,,"9/2-",,9.5,us,1.6,,,,,,,,11569.553,keV,51.477,"a = 100",
89,220,0,Ac,,0,keV,,"(3-)",,26.4,ms,0.2,,,,,,,,13743.755,keV,6.129,"a = 100",
89,221,0,Ac,,0,keV,,,,52,ms,2,,,,,,,,14531.048,keV,56.901,"a = 100",
89,222,0,Ac,,0,keV,,"1-",,4.9,s,0.4,,,,,,,,16621.797,keV,4.699,"a = 99 1,EC+B+ = 1 1",
89,222,1,Ac,,30,keV,30,,,63,s,2,,,,,,,,16651.797,keV,30.366,"EC+B+ = 1.4 0.6,a = 93.6 5,IT = 5 5",
89,223,0,Ac,,0,keV,,"(5/2-)",,2.12,m,0.04,,,,,,,,17825.055,keV,6.947,"a = 99,EC = 1",
89,224,0,Ac,,0,keV,,"(0-)",,2.78,h,0.17,,,,,,,,20234.148,keV,4.089,"a = 9.1 +2-1.4,EC+B+ = 90.9 +1.4-2",
89,225,0,Ac,,0,keV,,"(3/2-)",,9.919,d,0.0021,,,,,,,,21637.305,keV,4.758,"14C = 5.3e-10 1.3e-10,a = 100",
89,226,0,Ac,,0,keV,,"(1)",,29.37,h,0.12,,,,,,,,24309.201,keV,3.1,"EC = 17 3,a = 0.006 0.002,B- = 83 3",
89,227,0,Ac,,0,keV,,"3/2-",,21.7728,y,+0.0029-0.0032,,,,,,,,25849.515,keV,1.926,"B- = 98.62 0.0036,a = 1.38 0.0036",
89,228,0,Ac,,0,keV,,"3+",,6.15,h,0.02,,,,,,,,28894.654,keV,2.093,"B- = 100 ",
89,229,0,Ac,,0,keV,,"(3/2+)",,62.7,m,0.5,,,,,,,,30689.936,keV,12.109,"B- = 100 ",
89,230,0,Ac,,0,keV,0,"(1+)",,122,s,3,,,,,,,,33838.386,keV,15.835,"B- = 100,B-f = 0.0000012 4e-7",
89,231,0,Ac,,0,keV,0,"1/2+",,7.5,m,0.1,,,,,,,,35762.853,keV,13.041,"B- = 100",
89,232,0,Ac,,0,keV,0,"(1+)",,119,s,5,,,,,,,,39154.423,keV,13.041,"B- = 100",
89,233,0,Ac,,0,keV,0,"(1/2+)",,143,s,9,,,,,,,,41308.037,keV,13.041,"B- = 100",
89,234,0,Ac,,0,keV,0,"(1+)",,44,s,7,,,,,,,,44841.195,keV,13.972,"B- = 100",
89,235,0,Ac,,0,keV,0,,,62,s,4,,,,,,,,47357.16,keV,13.972,"B- = 100",
89,236,0,Ac,,0,keV,0,,,1.2,m,+5.8-0.5,,,,,,,,51220.998,keV,38.191,"B- = 100",
90,207,0,Th,,0,keV,0,,,10,ms,+46-5,,,,,,,,,,,"a ~ 100 ",
90,208,0,Th,,0,keV,,"0+",,3.1,ms,1.3,,,,,,,,16688.041,keV,31.865,"a ~ 100 ",
90,209,0,Th,,0,keV,0,"(13/2+)",,2.5,ms,+1.7-0.7,,,,,,,,16395,keV,103,"a ~ 100 ",
90,210,0,Th,,0,keV,0,"0+",,15.7,ms,3.5,,,,,,,,14059.521,keV,18.909,"a ~ 100 ",
90,211,0,Th,,0,keV,0,"(3/2-)",,37,ms,+28-11,,,,,,,,13876.396,keV,86.07,"a ~ 100 ",
90,212,0,Th,,0,keV,0,"0+",,31.7,ms,1.3,,,,,,,,12110.886,keV,10.109,"a ~ 100 ",
90,213,0,Th,,0,keV,0,"5/2-",,146,ms,22,,,,,,,,12120.108,keV,9.217,"a ~ 100 ",
90,214,0,Th,,0,keV,0,"0+",,100,ms,10,,,,,,,,10694.932,keV,10.661,"a = 100",
90,215,0,Th,,0,keV,,"(1/2-)",,1.4,s,0.2,,,,,,,,10921.434,keV,6.335,"a = 100",
90,216,0,Th,,0,keV,0,"0+",,26,ms,0.2,,,,,,,,10298.537,keV,11.104,"a = 100",
90,217,0,Th,,0,keV,,"(9/2+)",,254,us,2,,,,,,,,12205.78,keV,10.614,"a = 100",
90,218,0,Th,,0,keV,,"0+",,121,ns,6,,,,,,,,12366.747,keV,10.516,"a = 100",
90,219,0,Th,,0,keV,,"(9/2+)",,1.02,us,0.02,,,,,,,,14462.78,keV,56.46,"a = 100",
90,220,0,Th,,0,keV,,"0+",,10.2,us,0.3,,,,,,,,14689.538,keV,13.687,"a = 100",
90,221,0,Th,,0,keV,,"(7/2+)",,1.73,ms,0.03,,,,,,,,16939.926,keV,7.994,"a = 100",
90,222,0,Th,,0,keV,,"0+",,1.964,ms,0.002,,,,,,,,17203.039,keV,10.216,"a = 100",
90,223,0,Th,,0,keV,,"(5/2)+",,0.6,s,0.02,,,,,,,,19385.402,keV,7.943,"a = 100",
90,224,0,Th,,0,keV,,"0+",,1.041,s,0.023,,,,,,,,19995.581,keV,9.604,"a = 100",
90,225,0,Th,,0,keV,,"(3/2+)",,8.72,m,0.04,,,,,,,,22310.193,keV,5.093,"a ~ 90 ,EC ~ 10 ",
90,226,0,Th,,0,keV,,"0+",,30.69,m,0.03,,,,,,,,23197.649,keV,4.481,"a = 100",
90,227,0,Th,,0,keV,,"1/2+",,18.6934,d,0.0038,,,,,,,,25804.759,keV,2.088,"a = 100",
90,228,0,Th,,0,keV,,"0+",,1.9116448197251312,y,0.0009548914428836319,,,,,,,,26770.899,keV,1.806,"20O = 1.13e-11 2.2e-12,a = 100",
90,229,0,Th,,0,keV,,"5/2+",,7907.5,y,20.1,,,,,,,,29585.517,keV,2.404,"a = 100",
90,230,0,Th,,0,keV,0,"0+",,75400,y,300,,,,,,0.02,0.02,30862.512,keV,1.209,"24Ne = 5.8e-11 1.3e-11,a = 100",
90,231,0,Th,,0,keV,-1,"5/2+",,25.52,h,0.01,,,,,,,,33815.811,keV,1.217,"B- = 100",
90,232,0,Th,,0,keV,,"0+",,14068419841,y,225286100,,,,,,99.98,0.02,35446.71,keV,1.421,"a = 100,f = 1.1e-9 4e-10",
90,233,0,Th,,0,keV,0,"1/2+",,21.83,m,0.04,,,,,,,,38731.642,keV,1.424,"B- = 100",
90,234,0,Th,,0,keV,0,"0+",,24.107,d,0.023,,,,,,,,40612.958,keV,2.589,"B- = 100",
90,235,0,Th,,0,keV,0,"(1/2+)",,7.2,m,0.1,,,,,,,,44017.754,keV,13.041,"B- = 100",
90,236,0,Th,,0,keV,0,"0+",,37.5,m,0.2,,,,,,,,46255.203,keV,13.972,"B- = 100",
90,237,0,Th,,0,keV,0,,,4.79,m,0.5,,,,,,,,49955.097,keV,15.835,"B- = 100",
90,238,0,Th,,0,keV,0,"0+",,9.4,m,2,,,,,,,,52525,keV,283,"B- = 100",
91,211,0,Pa,,0,keV,0,"(9/2-)",,3.8,ms,+4.6-1.4,,,,,,,,22052.226,keV,69.472,"p?,a ~ 100 ",
91,212,0,Pa,,0,keV,0,"(3+)",,5,ms,+2-1.1,,,,,,,,21596.523,keV,87.604,"a ~ 100 ",
91,213,0,Pa,,0,keV,0,"9/2-",,5.3,ms,+3.2-1.3,,,,,,,,19654.194,keV,57.17,"a = 100",
91,214,0,Pa,,0,keV,0,,,17,ms,3,,,,,,,,19459.895,keV,81.208,"a = 100",
91,215,0,Pa,,0,keV,,"(9/2-)",,14,ms,2,,,,,,,,17804.537,keV,82.45,"a = 100",
91,216,0,Pa,,0,keV,0,,,118,ms,15,,,,,,,,17823.799,keV,24.647,"a ~ 100 ",
91,217,0,Pa,,0,keV,,"(9/2-)",,3.7,ms,0.4,,,,,,,,17054.748,keV,12.498,"a = 100",
91,218,0,Pa,,0,keV,,,,109,us,4,,,,,,,,18649.568,keV,17.846,"a = 100",
91,219,0,Pa,,0,keV,0,"9/2-",,55,ns,8,,,,,,,,18583.223,keV,69.705,"a = 100",
91,220,0,Pa,,0,keV,,"1-",,0.89,us,0.06,,,,,,,,20278.397,keV,14.655,"a = 100",
91,221,0,Pa,,0,keV,,"9/2-",,5.9,us,+1.5-1.4,,,,,,,,20374.937,keV,59.38,"a = 100",
91,222,0,Pa,,0,keV,,,,3.89,ms,0.73,,,,,,,,22064.361,keV,86.606,"a = 100",
91,223,0,Pa,,0,keV,,"(9/2-)",,5.3,ms,0.6,,,,,,,,22337.614,keV,75.632,"a = 100",
91,224,0,Pa,,0,keV,,"(5-)",,0.85,s,0.02,,,,,,,,23862.351,keV,7.587,"a = 100",
91,225,0,Pa,,0,keV,,,,1.7,s,0.1,,,,,,,,24356.64,keV,81.867,"a = 100",
91,226,0,Pa,,0,keV,,,,1.8,m,0.2,,,,,,,,26033.6,keV,11.213,"a = 74 5,EC+B+ = 26 5",
91,227,0,Pa,,0,keV,,"(5/2-)",,38.3,m,0.3,,,,,,,,26830.371,keV,7.263,"a = 85 2,EC = 15 2",
91,228,0,Pa,,0,keV,,"3+",,19.8,h,0.9,,,,,,,,28923.599,keV,4.34,"a = 1.85 0.17,EC+B+ = 98.15 0.17",
91,229,0,Pa,,0,keV,,"5/2+",,1.55,d,0.05,,,,,,,,29896.848,keV,3.28,"a = 0.51 0.04,EC = 99.49 0.04",
91,230,0,Pa,,0,keV,0,"2-",,17.4,d,0.4,,,,,,,,32173.543,keV,3.038,"EC+B+ = 92.2 0.7,a = 0.0035 0.0004,B- = 7.8 0.7",
91,231,0,Pa,,0,keV,0,"3/2-",,32739,y,209,,,,,,100,0,33424.338,keV,1.771,"24Ne = 1.34e-9 1.7e-10,a = 100",
91,232,0,Pa,,0,keV,0,"(2-)",,1.31,d,0.02,,,,,,,,35946.549,keV,7.645,"B- = 100",
91,233,0,Pa,,0,keV,0,"3/2-",,26.975,d,0.013,,,,,,,,37489.41,keV,1.336,"B- = 100",
91,234,0,Pa,,0,keV,0,"4+",,6.671,h,0.022,,,,,,,,40338.87,keV,4.094,"B- = 100",
91,234,1,Pa,,76.5,keV,0.5,"(0-)",,1.159,m,0.011,,,,,,,,40415.37,keV,4.12,"B- = 99.84 0.04,IT = 0.16 0.04",
91,235,0,Pa,,0,keV,0,"(3/2-)",,24.4,m,0.2,,,,,,,,42288.901,keV,13.972,"B- = 100",
91,236,0,Pa,,0,keV,0,"1(+)",,9.1,m,0.1,,,,,,,,45333.955,keV,13.972,"B- = 100",
91,237,0,Pa,,0,keV,0,"(1/2+)",,8.7,m,0.2,,,,,,,,47527.624,keV,13.041,"B- = 100",
91,238,0,Pa,,0,keV,0,"(3-)",,2.3,m,0.1,,,,,,,,50894.043,keV,15.835,"B- = 100",
91,239,0,Pa,,0,keV,0,"(3/2)",,1.8,h,0.5,,,,,,,,53337,keV,196,"B- = 100",
92,214,0,U,,0,keV,0,"0+",,0.52,ms,+0.95-0.21,,,,,,,,,,,"a = 100",
92,215,0,U,,0,keV,,,,0.7,ms,+1.3-0.3,,,,,,,,24889.312,keV,104.136,"a ~ 100 ",
92,216,0,U,,0,keV,,"0+",,4.5,ms,+4.7-1.6,,,,,,,,23066.429,keV,28.093,"a ~ 100 ",
92,217,0,U,,0,keV,,,,16,ms,+21-6,,,,,,,,22971,keV,81,"a ~ 100 ",
92,218,0,U,,0,keV,,"0+",,0.63,ms,+0.07-0.06,,,,,,,,21894.655,keV,13.714,"a = 100",
92,219,0,U,,0,keV,,"(9/2+)",,60,us,7,,,,,,,,23295.953,keV,13.338,"a = 100",
92,221,0,U,,0,keV,,"(9/2+)",,0.66,us,0.14,,,,,,,,24519.996,keV,72.135,"a ~ 100 ",
92,222,0,U,,0,keV,,"0+",,4.7,us,0.7,,,,,,,,24272.834,keV,51.994,"a ~ 100 ",
92,223,0,U,,0,keV,,,,62,us,+14-10,,,,,,,,26045.278,keV,59.054,"a = 100",
92,224,0,U,,0,keV,,"0+",,396,us,17,,,,,,,,25742.69,keV,15.261,"a = 100",
92,225,0,U,,0,keV,,,,61,ms,3,,,,,,,,27372.001,keV,9.934,"a = 100",
92,226,0,U,,0,keV,,"0+",,267,ms,6,,,,,,,,27328.797,keV,11.071,"a = 100",
92,227,0,U,,0,keV,,"(3/2+)",,1.1,m,0.1,,,,,,,,29045.034,keV,8.51,"a = 100",
92,228,0,U,,0,keV,,"0+",,9.1,m,0.2,,,,,,,,29220.001,keV,13.474,"a = 95 ,EC = 5 ",
92,229,0,U,,0,keV,,"(3/2+)",,57.8,m,0.5,,,,,,,,31210.62,keV,5.938,"a ~ 20 ,EC ~ 80 ",
92,230,0,U,,0,keV,0,"0+",,20.23,d,0.02,,,,,,,,31615.017,keV,4.509,"22Ne = 4.8e-12 2e-12,a = 100",
92,231,0,U,,0,keV,0,"(5/2)",,4.2,d,0.1,,,,,,,,33805.952,keV,2.67,"a = 0.004 0.001,EC = 99.996 0.001",
92,232,0,U,,0,keV,0,"0+",,68.9,y,0.28,,,,,,,,34609.445,keV,1.808,"24Ne = 8.9e-10 7e-11,f = 2.7e-12 6e-13,a = 100",
92,233,0,U,,0,keV,0,"5/2+",,159189,y,117,,,,,,,,36919.111,keV,2.254,"24Ne = 7.2e-11 9e-12,a = 100",
92,234,0,U,,0,keV,0,"0+",,245500,y,600,,,,,,0.0054,0.0005,38144.959,keV,1.129,"f = 1.64e-9 2.2e-10,Ne = 9e-12 7e-12,28Mg = 1.4e-11 3e-12,a = 100",
92,235,0,U,,0,keV,0,"7/2-",,703974287,y,978071,,,,,,0.7204,0.0006,40918.782,keV,1.116,"20Ne = 8e-10 4e-10,a = 100,f = 7e-9 2e-9,25Ne = 8e-10,28Mg = 8e-10",
92,235,1,U,,0.076737,keV,0.000018,"1/2+",,27.3,m,2,,,,,,,,40918.858737,keV,1.116,"IT = 100",
92,236,0,U,,0,keV,0,"0+",,23430000,y,30000,,,,,,,,42444.582,keV,1.112,"a = 100,f = 9.4e-8 ",
92,237,0,U,,0,keV,0,"1/2+",,6.752,d,0.005,,,,,,,,45390.133,keV,1.202,"B- = 100",
92,238,0,U,,0,keV,0,"0+",,4463230100,y,5222253,,,,,,99.2742,0.001,47307.732,keV,1.492,"2B- = 2.2e-10 3e-11,f = 0.0000544 7e-7,a = 100",
92,239,0,U,,0,keV,0,"5/2+",,23.45,m,0.02,,,,,,,,50572.668,keV,1.502,"B- = 100",
92,240,0,U,,0,keV,0,"0+",,14.1,h,0.1,,,,,,,,52715.497,keV,2.553,"B- = 100",
92,241,0,U,,0,keV,,,,,,,,,,,,,,56197,keV,196,"B- = 100",
92,242,0,U,,0,keV,,"0+",,16.8,m,0.5,,,,,,,,58620,keV,201,"B- = 100 ",
93,219,0,Np,,0,keV,,,,150,us,+720-70,,,,,,,,29436.951,keV,91.969,"a ~ 100 ",
93,220,0,Np,,0,keV,,,,25,us,+14-7,,,,,,,,30475.022,keV,30.718,"a ~ 100 ",
93,222,0,Np,,0,keV,0,,,380,ns,+260-110,,,,,,,,31274.641,keV,38.051,"a = 100",
93,223,0,Np,,0,keV,,"(9/2-)",,2.15,us,+1-0.5,,,,,,,,30658.583,keV,82.863,"a ~ 100 ",
93,224,0,Np,,0,keV,,,,38,us,+26-11,,,,,,,,32032.248,keV,28.925,"a ~ 100 ",
93,225,0,Np,,0,keV,,,,3.7,ms,+5.2-2.1,,,,,,,,31618.098,keV,91.618,"a ~ 100 ",
93,226,0,Np,,0,keV,,,,37,ms,7,,,,,,,,32816.877,keV,102.063,"a = 100",
93,227,0,Np,,0,keV,,,,0.51,s,0.06,,,,,,,,32579.018,keV,76.989,"a = 100",
93,228,0,Np,,0,keV,,,,61.4,s,1.4,,,,,,,,33825,keV,100,"a = 40 7,EC+B+ = 60 7",
93,229,0,Np,,0,keV,,,,4,m,0.2,,,,,,,,33801.378,keV,101.177,"a = 68 11,EC+B+ = 32 11",
93,230,0,Np,,0,keV,0,,,4.63,m,0.21,,,,,,,,35236.615,keV,55.007,"a = 3 ,EC+B+ = 97 ",
93,231,0,Np,,0,keV,0,"(5/2-)",,48.8,m,0.2,,,,,,,,35623.686,keV,51.154,"a = 2 1,EC+B+ = 98 1",
93,232,0,Np,,0,keV,0,"(4+)",,14.7,m,0.3,,,,,,,,37359,keV,100,"EC+B+ = 100",
93,233,0,Np,,0,keV,0,"(5/2+)",,36.2,m,0.1,,,,,,,,37948.531,keV,50.981,"a = 0.0007 ,EC = 100",
93,234,0,Np,,0,keV,0,"(0+)",,4.4,d,0.1,,,,,,,,39954.806,keV,8.397,"EC+B+ = 100 ",
93,235,0,Np,,0,keV,0,"5/2+",,396.1,d,1.2,,,,,,,,41043.044,keV,1.388,"a = 0.0026 0.00013,EC = 99.9974 0.00013",
93,236,0,Np,,0,keV,,"6(-)",,155000,y,1000,,,,,,,,43378.094,keV,50.421,"EC = 87.84 0.2,a = 0.16 0.04,B- = 12 0.1",
93,236,1,Np,,57,keV,51,"1(-)",,22.5,h,0.4,,,,,,,,43435.094,keV,71.717,"B- = 49 1,EC = 51 1",
93,237,0,Np,,0,keV,0,"5/2+",,2144000,y,7000,,,,,,,,44871.599,keV,1.12,"a = 100",
93,238,0,Np,,0,keV,0,"2+",,2.0993,d,0.0012,,,,,,,,47454.597,keV,1.137,"B- = 100",
93,239,0,Np,,0,keV,0,"5/2+",,2.3558,d,0.0031,,,,,,,,49311.005,keV,1.31,"B- = 100",
93,240,0,Np,,0,keV,0,"(5+)",,61.9,m,0.2,,,,,,,,52316.229,keV,17.032,"B- = 100",
93,240,1,Np,,18,keV,14,"(1+)",,7.22,m,0.02,,,,,,,,52334.229,keV,22.047,"B- = 99.88 0.01,IT = 0.12 0.01",
93,241,0,Np,,0,keV,,"5/2+",,13.9,m,0.2,,,,,,,,54315.115,keV,100.006,"B- = 100 ",
93,242,0,Np,,0,keV,,"(1+)",,2.2,m,0.2,,,,,,,,57416.876,keV,200.004,"B- = 100 ",
93,242,1,Np,,0,keV,,"(6+)",,5.5,m,0.1,,,,,,,,57416.876,keV,200.004,"B- = 100 ",
93,243,0,Np,,0,keV,-1,"(5/2)",,1.85,m,0.15,,,,,,,,59806,keV,32,"B- = 100",
93,244,0,Np,,0,keV,0,"(7-)",,2.29,m,0.16,,,,,,,,63240,keV,100,"B- = 100",
94,228,0,Pu,,0,keV,,"0+",,1.1,s,+2-0.5,,,,,,,,36107.809,keV,23.352,"a = 100",
94,229,0,Pu,,0,keV,,"(3/2+)",,83,s,+28-22,,,,,,,,37394.924,keV,60.633,"a = 50 20,EC+B+ = 50 20",
94,230,0,Pu,,0,keV,0,"0+",,107,s,22,,,,,,,,36932.17,keV,14.451,"a = 100",
94,231,0,Pu,,0,keV,0,"(3/2+)",,8.6,m,0.5,,,,,,,,38308.577,keV,22.061,"a = 10 +7-3,EC+B+ = 90 +3-7",
94,232,0,Pu,,0,keV,0,"0+",,33.1,m,0.8,,,,,,,,38360.915,keV,16.885,"a ~ 10 ,EC ~ 90 ",
94,233,0,Pu,,0,keV,0,"(5/2)",,20.9,m,0.4,,,,,,,,40051.836,keV,54.178,"a = 0.12 0.05,EC+B+ = 99.88 0.05",
94,234,0,Pu,,0,keV,0,"0+",,8.8,h,0.1,,,,,,,,40349.986,keV,6.798,"a ~ 6 ,EC ~ 94 ",
94,235,0,Pu,,0,keV,0,"(5/2+)",,25.3,m,0.5,,,,,,,,42182.346,keV,20.521,"a = 0.0028 0.0007,EC+B+ = 99.9972 0.0007",
94,236,0,Pu,,0,keV,0,"0+",,2.858,y,0.007,,,,,,,,42901.508,keV,1.81,"28Mg = 2.7e-12,f = 1.9e-7 4e-8,a = 100",
94,237,0,Pu,,0,keV,0,"7/2-",,45.64,d,0.04,,,,,,,,45091.662,keV,1.697,"a = 0.0032 0.0006,EC = 99.9968 0.0006",
94,237,1,Pu,,145.543,keV,0.008,"1/2+",,0.18,s,0.02,,,,,,,,45237.204999999994,keV,1.697018856701,"IT = 100",
94,238,0,Pu,,0,keV,0,"0+",,87.7,y,0.1,,,,,,,,46163.148,keV,1.138,"Si = 1.4e-14,f = 1.9e-7 1e-8,a = 100,Mg = 6e-15",
94,239,0,Pu,,0,keV,0,"1/2+",,24109,y,15,,,,,,,,48588.22,keV,1.112,"a = 100,f = 3.01e-10 7.5e-11",
94,240,0,Pu,,0,keV,0,"0+",,6562.2,y,5.8,,,,,,,,50125.319,keV,1.105,"a = 100,f = 0.000005796 3.9e-8",
94,241,0,Pu,,0,keV,,"5/2+",,14.329,y,0.029,,,,,,,,52955.115,keV,1.105,"B- = 99.99755 0.00008,a = 0.00245 0.00008",
94,242,0,Pu,,0,keV,,"0+",,375000,y,2000,,,,,,,,54716.876,keV,1.245,"a = 100,f = 0.00055 0.000006",
94,243,0,Pu,,0,keV,,"7/2+",,4.955,h,0.002,,,,,,,,57754.561,keV,2.542,"B- = 100 ",
94,244,0,Pu,,0,keV,0,"0+",,81300000,y,300000,,,,,,,,59806.021,keV,2.346,"a = 99.877 0.006,f = 0.123 0.006",
94,244,1,Pu,,1211.2,keV,0.8,"8-",,1.75,s,0.12,,,,,,,,61017.221,keV,2.479,"IT = 100",
94,245,0,Pu,,0,keV,0,"(9/2-)",,10.54,h,0.07,,,,,,,,63178.173,keV,13.62,"B- = 100",
94,246,0,Pu,,0,keV,1,"0+",,10.84,d,0.02,,,,,,,,65394.772,keV,14.985,"B- = 100",
94,247,0,Pu,,0,keV,,"(1/2+)",,2.27,d,0.23,,,,,,,,69210,keV,200,"B- = 100 ",
95,223,0,Am,,0,keV,,,,5.2,ms,+12-4.4,,,,,,,,42700,keV,300,"a ~ 100 ",
95,229,0,Am,,0,keV,,,,0.9,s,+2.1-0.7,,,,,,,,42180.414,keV,106.348,"a ~ 100 ",
95,230,0,Am,,0,keV,0,,,36,s,+12-7,,,,,,,,42872,keV,143,"ECf = 30 ,EC+B+ = 100",
95,232,0,Am,,0,keV,0,,,1.31,m,0.04,,,,,,,,43420,keV,300,"ECf = 0.069 0.01,EC+B+ ~ 100 ",
95,233,0,Am,,0,keV,0,,,3.2,m,0.8,,,,,,,,43285,keV,114,"a = 4.5 1.5,EC+B+ = 95.5 1.5",
95,234,0,Am,,0,keV,-1,,,2.32,m,0.08,,,,,,,,44462,keV,160,"ECf = 0.0066 0.0018,EC+B+ = 100,a = 0.04 ",
95,235,0,Am,,0,keV,0,"(5/2-)",,10.3,m,0.6,,,,,,,,44624.602,keV,52.78,"a = 0.4 0.05,EC+B+ = 99.6 0.05",
95,236,0,Am,,0,keV,0,"5-",,3.6,m,0.2,,,,,,,,46041,keV,119,"a = 0.004 ,EC+B+ = 100",
95,236,1,Am,,0,keV,,"(1-)",,2.9,m,0.2,,,,,,,,46041,keV,119,"a = 0.004 ,EC+B+ = 100",
95,237,0,Am,,0,keV,,"5/2(-)",,73,m,1,,,,,,,,46570,keV,59,"a = 0.025 0.003,EC+B+ = 99.975 0.003",
95,238,0,Am,,0,keV,0,"1+",,97.4,m,1.5,,,,,,,,48421.421,keV,58.911,"a = 0.0001 0.00004,EC+B+ = 100",
95,239,0,Am,,0,keV,0,"(5/2)-",,11.9,h,0.1,,,,,,,,49390.36,keV,1.982,"a = 0.01 0.001,EC = 99.99 0.001",
95,240,0,Am,,0,keV,0,"(3-)",,50.9,h,0.2,,,,,,,,51510.11,keV,13.832,"a ~ 0.00019 ,EC+B+ = 100",
95,241,0,Am,,0,keV,,"5/2-",,432.6,y,0.6,,,,,,,,52934.335,keV,1.113,"a = 100,f = 3.6e-10 9e-11",
95,242,0,Am,,0,keV,0,"1-",,16.02,h,0.02,,,,,,,,55468.014,keV,1.118,"B- = 83 0.3,EC = 17 0.3",
95,242,1,Am,,48.603,keV,0.003,"5-",,141.9,y,1.7,,,,,,,,55516.617000000006,keV,1.118004025037,"IT = 99.55 0.01,a = 0.45 0.01",
95,243,0,Am,,0,keV,0,"5/2-",,7345,y,14,,,,,,,,57175.005,keV,1.388,"a = 100,f = 3.8e-9 7e-10",
95,244,0,Am,,0,keV,0,"(6-)",,10.02,h,0.03,,,,,,,,59879.135,keV,1.491,"B- = 100",
95,244,1,Am,,89.5,keV,1.6,"1+",,26.13,m,0.43,,,,,,,,59968.635,keV,2.187,"B- = 99.9636 0.0012,EC = 0.0364 0.0012",
95,245,0,Am,,0,keV,0,"(5/2+)",,2.047,h,+0.007999999999999563-0.008000000000000451,,,,,,,,61900.417,keV,1.886,"B- = 100",
95,246,0,Am,,0,keV,0,"(7-)",,39,m,3,,,,,,,,64994,keV,18,"B- = 100",
95,246,1,Am,,0,keV,,"2(-)",,25,m,0.2,,,,,,,,64994,keV,18,"B- = 100,IT?",
95,247,0,Am,,0,keV,,"(5/2)",,23,m,1.3,,,,,,,,67153,keV,100,"B- = 100 ",
96,233,0,Cm,,0,keV,0,,,23,s,+13-6,,,,,,,,47293.34,keV,81.095,"a = 20 10,EC+B+ = 80 10",
96,234,0,Cm,,0,keV,0,"0+",,50,s,+9-8,,,,,,,,46722.411,keV,17.078,"f ~ 2 ,EC+B+ ~ 71 ,a ~ 27 ",
96,235,0,Cm,,0,keV,0,,,300,s,+25-10,,,,,,,,48013,keV,102,"a = 1 +0.7-0.5,EC+B+ = 99 +0.5-0.7",
96,236,0,Cm,,0,keV,0,"0+",,6.8,m,0.8,,,,,,,,47852.82,keV,17.635,"a = 18 2,EC+B+ = 82 2",
96,237,0,Cm,,0,keV,0,,,,,,,,,,,,,49247.151,keV,74.399,"a?,EC+B+ ~ 100 ",
96,238,0,Cm,,0,keV,0,"0+",,2.2,h,0.4,,,,,,,,49445.203,keV,12.234,"EC = 96.16 0.18,f = 0.048 0.002,a = 3.84 0.18",
96,239,0,Cm,,0,keV,0,"(7/2-)",,2.5,h,0.4,,,,,,,,51146.962,keV,150.07,"a = 0.001 ,EC+B+ ~ 100 ",
96,240,0,Cm,,0,keV,0,"0+",,30.4,d,3.7,,,,,,,,51724.222,keV,1.905,"EC = 0.5 ,f = 0.0000039 8e-7,a = 99.5 ",
96,241,0,Cm,,0,keV,,"1/2+",,32.8,d,0.2,,,,,,,,53701.77,keV,1.607,"a = 1 0.1,EC = 99 0.1",
96,242,0,Cm,,0,keV,0,"0+",,162.88,d,0.06,,,,,,,,54803.699,keV,1.141,"f = 0.0000062 3e-7,a = 100,34Si = 1e-14",
96,243,0,Cm,,0,keV,1,"5/2+",,29.18,y,0.12,,,,,,,,57181.936,keV,1.496,"EC = 0.29 0.03,f = 5.3e-9 9e-10,a = 99.71 0.03",
96,244,0,Cm,,0,keV,0,"0+",,18.112,y,0.025,,,,,,,,58451.835,keV,1.106,"a ~ 100 ,f = 0.00013779 0.00000235",
96,245,0,Cm,,0,keV,0,"7/2+",,8245,y,70,,,,,,,,61004.524,keV,1.149,"a = 100,f = 6.1e-7 9e-8",
96,246,0,Cm,,0,keV,0,"0+",,4757,y,33,,,,,,,,62616.912,keV,1.525,"a = 99.97385 0.00007,f = 0.02615 0.00007",
96,246,1,Cm,,1179.7,keV,1,"8-",,1.12,s,0.24,,,,,,,,63796.611999999994,keV,1.823629622484,"IT = 100",
96,247,0,Cm,,0,keV,,"9/2-",,15600000,y,500000,,,,,,,,65533.105,keV,3.797,"a = 100",
96,248,0,Cm,,0,keV,,"0+",,348471,y,6010,,,,,,,,67392.748,keV,2.358,"a = 91.61 0.16,f = 8.39 0.16",
96,249,0,Cm,,0,keV,0,"1/2+",,64.15,m,0.03,,,,,,,,70750.696,keV,2.371,"B- = 100",
96,250,0,Cm,,0,keV,,"0+",~,8300,y,,,,,,,,,72989.588,keV,10.274,"f ~ 74 ,a?,B-?",
96,251,0,Cm,,0,keV,0,"(1/2+),(3/2+)",,16.8,m,0.2,,,,,,,,76647.981,keV,22.698,"B- = 100",
97,233,0,Bk,,0,keV,0,,,21,s,+48-17,,,,,,,,52771,keV,233,"a = 0 ,EC+B+?",
97,234,0,Bk,,0,keV,0,,,19,s,+6-4,,,,,,,,53395,keV,153,"a = 83 ,EC+B+ = 20 ",
97,236,0,Bk,,0,keV,0,"(4+),(6-)",,22,s,+13-6,,,,,,,,53542,keV,361,"ECf = 4 2,EC+B+ ~ 83 ,a ~ 17 ",
97,237,0,Bk,,0,keV,0,,,,,,,,,,,,,53210,keV,230,"a?,EC+B+?",
97,238,0,Bk,,0,keV,0,,,144,s,5,,,,,,,,54216,keV,256,"ECf = 0.048 0.02,EC+B+ = 100",
97,239,0,Bk,,0,keV,0,"(3/2-),(7/2+)",,,,,,,,,,,,54250,keV,207,"f = 1 ,EC+B+ = 100,a = 1 ",
97,240,0,Bk,,0,keV,0,,,4.8,m,0.8,,,,,,,,55664,keV,150,"ECf = 0.002 0.0013,EC+B+ = 100",
97,241,0,Bk,,0,keV,,"(7/2+)",,4.6,m,0.4,,,,,,,,55981,keV,165,"a?,EC+B+ = 0 ",
97,242,0,Bk,,0,keV,0,,,7,m,1.3,,,,,,,,57752,keV,135,"f = 0.03 ,EC+B+ ~ 100 ,a = 1 ",
97,243,0,Bk,,0,keV,0,"(3/2-)",,4.6,h,0.2,,,,,,,,58689.629,keV,4.524,"a ~ 0.15 ,EC+B+ ~ 99.85 ",
97,244,0,Bk,,0,keV,0,"(4-)",,5.02,h,0.03,,,,,,,,60713.825,keV,14.399,"a = 0.006 0.003,EC+B+ = 99.994 0.003",
97,245,0,Bk,,0,keV,0,"3/2-",,4.96,d,0.03,,,,,,,,61813.776,keV,1.792,"a = 0.12 0.01,EC = 99.88 0.01",
97,246,0,Bk,,0,keV,,"2(-)",,1.8,d,0.02,,,,,,,,63966.912,keV,60.019,"EC+B+ = 100",
97,247,0,Bk,,0,keV,,"3/2-",,1380,y,250,,,,,,,,65489.521,keV,5.189,"a ~ 100 ",
97,248,0,Bk,,0,keV,,"(6+),(8-)",,9,y,,,,,,,,,68131.053,keV,50.058,"a?,EC?",
97,248,1,Bk,,0,keV,,"1(-)",,23.7,h,0.2,,,,,,,,68131.053,keV,50.058,"B- = 70 5,EC = 30 5",
97,249,0,Bk,,0,keV,0,"7/2+",,327.2,d,0.3,,,,,,,,69846.333,keV,1.248,"f = 4.7e-8 2e-9,a = 0.00137 0.0001,B- = 99.99863 0.0001",
97,250,0,Bk,,0,keV,,"2-",,3.212,h,0.005,,,,,,,,72952.006,keV,2.898,"B- = 100 ",
97,251,0,Bk,,0,keV,,"(3/2-)",,56,m,0.9,,,,,,,,75227.981,keV,10.734,"B- = 100 ",
97,252,0,Bk,,0,keV,0,,,1.8,m,0.5,,,,,,,,78535,keV,200,"B- = 100",
97,253,0,Bk,,0,keV,0,,,10,m,,,,,,,,,80929,keV,359,"B- = 100",
98,237,0,Cf,,0,keV,0,,,0.8,s,0.2,,,,,,,,57938.255,keV,97.347,"a = 70 10,f = 30 10",
98,238,0,Cf,,0,keV,0,"0+",,21.1,ms,1.3,,,,,,,,57278,keV,298,"a = 5 ,f = 95 ",
98,239,0,Cf,,0,keV,0,,,28,s,2,,,,,,,,58202,keV,120,"a = 65 3,EC+B+ = 35 3",
98,240,0,Cf,,0,keV,0,"0+",,41.2,s,2.4,,,,,,,,57988.719,keV,18.034,"a = 98.5 0.2,f = 1.5 0.2",
98,241,0,Cf,,0,keV,,,,3.78,m,0.7,,,,,,,,59327,keV,167,"a = 15 1,EC+B+ = 85 1",
98,242,0,Cf,,0,keV,,"0+",,3.49,m,0.15,,,,,,,,59386.982,keV,12.892,"f = 0.014 ,EC+B+ = 39 3,a = 61 3",
98,243,0,Cf,,0,keV,0,"(1/2+)",,10.6,m,0.4,,,,,,,,60990,keV,181,"a ~ 14 ,EC+B+ ~ 86 ",
98,244,0,Cf,,0,keV,0,"0+",,19.4,m,0.5,,,,,,,,61478.096,keV,2.617,"a = 75 6,EC = 25 6",
98,245,0,Cf,,0,keV,0,"1/2+",,45,m,1.4,,,,,,,,63385.151,keV,2.428,"a = 35.3 2.5,EC+B+ = 64.7 2.5",
98,246,0,Cf,,0,keV,0,"0+",,35.7,h,0.5,,,,,,,,64090.228,keV,1.514,"a = 99.9946 0.0007,f = 0.0054 0.0007",
98,247,0,Cf,,0,keV,,"(7/2+)",,3.11,h,0.03,,,,,,,,66109.392,keV,14.327,"a = 0.035 0.005,EC = 99.965 0.005",
98,248,0,Cf,,0,keV,,"0+",,333.5,d,2.8,,,,,,,,67237.951,keV,5.121,"a = 99.9971 0.0003,f = 0.0029 0.0003",
98,249,0,Cf,,0,keV,0,"9/2-",,350.7,y,2,,,,,,,,69722.733,keV,1.182,"a = 100,f = 5e-7",
98,250,0,Cf,,0,keV,,"0+",,13.08,y,0.09,,,,,,,,71170.336,keV,1.538,"a = 99.923 0.003,f = 0.077 0.003",
98,251,0,Cf,,0,keV,0,"1/2+",,898,y,43,,,,,,,,74134.981,keV,3.901,"a ~ 100 ,f?",
98,252,0,Cf,,0,keV,0,"0+",,2.647,y,0.003,,,,,,,,76034.61,keV,2.358,"a = 96.898 0.003,f = 3.102 0.003",
98,253,0,Cf,,0,keV,0,"(7/2+)",,17.78,d,0.07,,,,,,,,79301.562,keV,4.257,"B- = 99.69 0.04,a = 0.31 0.04",
98,254,0,Cf,,0,keV,0,"0+",,60.5,d,0.2,,,,,,,,81341.395,keV,11.462,"a = 0.31 0.02,f = 99.69 0.02",
98,255,0,Cf,,0,keV,0,"(7/2+)",,85,m,18,,,,,,,,84809,keV,200,"B- = 100",
98,256,0,Cf,,0,keV,0,"0+",,12.3,m,1.2,,,,,,,,87041,keV,314,"f = 100",
99,240,0,Es,,0,keV,0,"(1+)",,6.7,s,1.3,,,,,,,,64225,keV,366,"ECf = 16 6,EC+B+ = 30 10,a = 70 10",
99,241,0,Es,,0,keV,0,,,4.3,s,+2.4-1.2,,,,,,,,63893,keV,231,"a?,EC+B+?",
99,242,0,Es,,0,keV,,,,17.8,s,1.6,,,,,,,,64801,keV,257,"ECf = 0.7 0.2,EC+B+ = 43 3,a = 57 3",
99,243,0,Es,,0,keV,0,"(3/2-)",,22,s,1,,,,,,,,64747,keV,207,"f = 1 ,EC+B+ = 39 6,a = 61 6",
99,244,0,Es,,0,keV,0,,,37,s,4,,,,,,,,66026,keV,181,"ECf = 0.011 0.004,EC+B+ = 96 +2-3,a = 4 +3-2",
99,245,0,Es,,0,keV,0,"(3/2-)",,1.1150515463917527,m,+0.06220531193182946-0.06220531193182969,,,,,,,,66315,keV,165,"a = 54 7,EC+B+ = 46 7",
99,246,0,Es,,0,keV,,,,7.5,m,0.5,,,,,,,,67818.802,keV,89.925,"ECf ~ 0.003 ,EC+B+ = 90.1 1.8,a = 9.9 1.8",
99,247,0,Es,,0,keV,,"(7/2+)",,4.55,m,0.26,,,,,,,,68578.393,keV,19.441,"a ~ 7 ,EC+B+ ~ 93 ",
99,248,0,Es,,0,keV,,"(2-),(0+)",,24,m,2,,,,,,,,70299,keV,52,"ECf = 0.00035 0.00018,EC+B+ ~ 99.7 ,a ~ 0.3 ",
99,249,0,Es,,0,keV,,"7/2+",,102.2,m,0.6,,,,,,,,71175,keV,30,"a = 0.57 0.08,EC+B+ = 99.43 0.08",
99,250,0,Es,,0,keV,,"(6+)",,8.5,h,0.1,,,,,,,,73225,keV,100,"a = 3 ,EC+B+ = 97 ",
99,250,1,Es,,0,keV,,"1(-)",,2.21,h,0.05,,,,,,,,73225,keV,100,"a?,EC+B+ ~ 100 ",
99,251,0,Es,,0,keV,0,"3/2-",,33,h,1,,,,,,,,74511.547,keV,5.288,"a = 0.5 0.2,EC = 99.5 0.2",
99,252,0,Es,,0,keV,0,"(5-)",,471.7,d,1.9,,,,,,,,77294.61,keV,50.056,"a = 78 2,EC = 22 2",
99,253,0,Es,,0,keV,0,"7/2+",,20.466,d,0.023,,,,,,,,79010.486,keV,1.249,"a = 100,f = 0.0000088 3e-7",
99,254,0,Es,,0,keV,0,"7(+)",,275.7,d,0.5,,,,,,,,81994.151,keV,2.936,"f = 0.000003 ,a ~ 100 ,B- = 0.000174 0.000008",
99,254,1,Es,,84.2,keV,2.5,"2+",,39.2,h,0.3,,,,,,,,82078.351,keV,3.856,"IT = 3 ,a = 0.32 0.01,B- ~ 98 ,f = 0.045 ,EC = 0.076 0.007",
99,255,0,Es,,0,keV,0,"(7/2+)",,39.8,d,1.2,,,,,,,,84089.237,keV,10.817,"f = 0.0041 0.0002,a = 8 0.4,B- = 92 0.4",
99,256,0,Es,,0,keV,0,"(1+),(0-)",,25.4,m,1.2,,,,,,,,87185,keV,100,"B- = 100",
99,256,1,Es,,0,keV,,"(8+)",,7.6,h,0,,,,,,,,87185,keV,100,"B- = 100,B-f = 0.002",
99,257,0,Es,,0,keV,0,,,7.7,d,0.2,,,,,,,,89403,keV,411,"f?,a?,B- ~ 100 ",
100,241,0,Fm,,0,keV,,,,0.73,ms,0.06,,,,,,,,69220,keV,300,"f = 78 ,EC+B+ = 12 ,a = 14 ",
100,242,0,Fm,,0,keV,,"0+",,0.8,ms,0.2,,,,,,,,68400,keV,401,"f = 100",
100,243,0,Fm,,0,keV,0,"(7/2-)",,231,ms,9,,,,,,,,69316,keV,130,"f = 9 3,EC+B+ = 10 ,a = 91 3",
100,244,0,Fm,,0,keV,0,"0+",,3.12,ms,0.08,,,,,,,,68964,keV,201,"f = 97 ,EC+B+ = 2 ,a = 1 ",
100,245,0,Fm,,0,keV,0,,,5.4,s,0.6,,,,,,,,70192,keV,195,"f = 0.3 ,EC+B+ = 11.5 +6.8-5,a = 88.5 +5-6",
100,246,0,Fm,,0,keV,0,"0+",,1.53,s,0.04,,,,,,,,70191.187,keV,13.67,"f = 6.4 0.4,EC+B+ = 1.3 ,a = 93.6 0.4",
100,247,0,Fm,,0,keV,,"(7/2+)",,31,s,1,,,,,,,,71672,keV,181,"a ~ 64 ,EC+B+ ~ 36 ",
100,247,1,Fm,,45,keV,7,"(1/2+)",,5.1,s,0.2,,,,,,,,71717,keV,181.1,"IT = 12 2,a = 88 2",
100,248,0,Fm,,0,keV,,"0+",,34.5,s,1.2,,,,,,,,71897.793,keV,8.497,"f = 0.1 0.05,EC+B+?,a ~ 99.9 ",
100,249,0,Fm,,0,keV,,"(7/2-)",,1.6,m,0.1,,,,,,,,73519.143,keV,6.212,"a = 15.6 1,EC+B+ = 84.4 1",
100,250,0,Fm,,0,keV,,"0+",,30.9,m,1,,,,,,,,74072.193,keV,7.888,"EC?,f = 0.0069 0.001,a ~ 100 ",
100,250,1,Fm,,1199.2,keV,1,"(8-)",,1.9,s,0.05,,,,,,,,75271.393,keV,7.951,"IT ~ 100 ,a?",
100,251,0,Fm,,0,keV,0,"(9/2-)",,5.3,h,0.08,,,,,,,,75958.808,keV,14.292,"a = 1.8 0.13,EC+B+ = 98.2 0.13",
100,252,0,Fm,,0,keV,0,"0+",,25.38,h,0.12,,,,,,,,76816.611,keV,5.221,"a = 99.9977 0.0002,f = 0.0023 0.0002",
100,253,0,Fm,,0,keV,0,"1/2+",,3,d,0.12,,,,,,,,79345.549,keV,1.549,"a = 12 1,EC = 88 1",
100,254,0,Fm,,0,keV,0,"0+",,3.24,h,0.002,,,,,,,,80902.521,keV,1.843,"a = 99.9408 0.0003,f = 0.0592 0.0003",
100,255,0,Fm,,0,keV,0,"7/2+",,20.07,h,0.07,,,,,,,,83800.465,keV,3.934,"a ~ 100 ,f = 0.000024 0.00001",
100,256,0,Fm,,0,keV,0,"0+",,157.1,m,1.2,,,,,,,,85484.796,keV,3.02,"a = 8.1 0.3,f = 91.9 0.3",
100,257,0,Fm,,0,keV,0,"(9/2+)",,100.5,d,0.2,,,,,,,,88590.137,keV,4.35,"a = 99.79 0.004,f = 0.21 0.004",
100,258,0,Fm,,0,keV,0,"0+",,370,us,14,,,,,,,,90426,keV,200,"f ~ 100 ",
100,259,0,Fm,,0,keV,0,,,1.5,s,0.2,,,,,,,,93704,keV,283,"f = 100",
101,244,0,Md,,0,keV,0,,,0.39,s,+0.22-0.1,,,,,,,,75597,keV,374,"a ~ 100 ,EC+B+ = 14 ",
101,245,0,Md,,0,keV,0,"(7/2-)",,0.33,s,+0.15-0.08,,,,,,,,75325,keV,260,"a ~ 100 ",
101,246,0,Md,,0,keV,,,,0.9,s,0.2,,,,,,,,76115,keV,260,"f?,EC+B+?,a = 100 ",
101,246,1,Md,,0,keV,,,,4.4,s,0.8,,,,,,,,76115,keV,260,"ECf = 10 ,EC+B+ = 77 ,a = 23 ",
101,247,0,Md,,0,keV,,"(7/2-)",,1.2,s,0.08,,,,,,,,75936,keV,207,"a = 99.14 0.1,f = 0.86 0.1",
101,247,1,Md,,153,keV,10,"(1/2-)",,0.24,s,0.02,,,,,,,,76089,keV,207.2,"IT = 80 2,f = 20 2",
101,248,0,Md,,0,keV,,,,7,s,3,,,,,,,,76948,keV,184,"a = 20 10,EC+B+ = 80 10",
101,249,0,Md,,0,keV,0,"(7/2-)",,25.6,s,0.9,,,,,,,,77180.952,keV,164.425,"a = 75 5,EC+B+ = 25 5",
101,249,1,Md,,0,keV,,"(1/2-)",,1.5,s,+1.2-0.5,,,,,,,,77180.952,keV,164.425,"IT?,a?",
101,250,0,Md,,0,keV,0,,,53.4,s,4.5,,,,,,,,78399.14,keV,90.92,"ECf = 0.02 +0.02-0.01,EC+B+ = 93 1,a = 7 1",
101,250,1,Md,,123,keV,40,,,42.4,s,4.5,,,,,,,,78522.14,keV,99.33,"EC+B+?,a?,IT?",
101,251,0,Md,,0,keV,0,"(7/2-)",,4.27,m,0.11,,,,,,,,78966.749,keV,18.919,"a = 10 1,EC+B+ = 90 1",
101,251,1,Md,,850,keV,100,"(23/2+)",,1.37,s,0.06,,,,,,,,79816.749,keV,101.774,"IT ~ 100 ",
101,252,0,Md,,0,keV,0,"(1+)",,2.3,m,0.8,,,,,,,,80467.118,keV,91.286,"a?,EC+B+ ~ 100 ",
101,253,0,Md,,0,keV,0,"(7/2-)",,6.45,m,+11.6-3.6,,,,,,,,81173,keV,31,"a ~ 0.7 ,EC+B+ ~ 99.3 ",
101,254,0,Md,,0,keV,0,,,10,m,3,,,,,,,,83453,keV,100,"EC+B+ ~ 100 ",
101,254,1,Md,,50,keV,100,"(3-)",,28,m,8,,,,,,,,83503,keV,141.4,"EC+B+ ~ 100 ",
101,255,0,Md,,0,keV,0,"(7/2-)",,27,m,2,,,,,,,,84842.069,keV,5.567,"EC = 93 1,f = 0.15 ,a = 7 1",
101,256,0,Md,,0,keV,0,"(1-)",,77.7,m,1.5,,,,,,,,87456,keV,124,"f = 3 ,EC+B+ = 90.5 0.5,a = 9.5 0.5",
101,257,0,Md,,0,keV,0,"(7/2-)",,5.52,h,0.05,,,,,,,,88992.472,keV,1.569,"EC = 85 3,f = 1 ,a = 15 3",
101,258,0,Md,,0,keV,0,"(8-)",,51.52,d,0.29,,,,,,,,91690.35,keV,3.474,"a ~ 100 ",
101,258,1,Md,,0,keV,,"(1-)",,57.5,m,1.1,,,,,,,,91690.35,keV,3.474,"EC = 85 15,f = 15 ,a = 1.2 ",
101,259,0,Md,,0,keV,0,,,1.61,h,0.06,,,,,,,,93564,keV,101,"a = 1.3 ,f ~ 100 ",
101,260,0,Md,,0,keV,0,,,31.8,d,0.5,,,,,,,,96550,keV,316,"EC = 23 ,f = 42 ,a = 25 ,B- = 10 ",
102,249,0,No,,0,keV,0,"(7/2+)",,37.8,ms,2.5,,,,,,,,81787,keV,279,"a ~ 100 ,f = 0.23 ",
102,250,0,No,,0,keV,,"0+",,4.6,us,0.2,,,,,,,,81566,keV,200,"f ~ 100 ",
102,251,0,No,,0,keV,0,"(7/2+)",,0.8,s,0.01,,,,,,,,82849,keV,181,"f = 0.0014 +0.0031-0.0012,EC+B+ = 0 ,a = 91 +9-22",
102,251,1,No,,106,keV,6,"(1/2+)",,1,s,0.04,,,,,,,,82955,keV,181.1,"a ~ 100 ",
102,252,0,No,,0,keV,0,"0+",,2.45,s,0.01,,,,,,,,82871.37,keV,9.292,"f = 33 0.8,EC+B+ = 1.7 0.9,a = 65.3 0.5",
102,252,1,No,,1254.6,keV,1.5,"(8-)",,109,ms,3,,,,,,,,84125.97,keV,9.41,"IT = 100",
102,253,0,No,,0,keV,0,"9/2-",,1.609585701792742,m,+0.0514333254790067-0.051433325479007364,,,,,,,,84358.696,keV,6.912,"a = 55 3,EC+B+ = 45 3",
102,254,0,No,,0,keV,0,"0+",,51.2,s,0.4,,,,,,,,84723.312,keV,9.658,"EC = 10 1,f = 0.17 0.02,a = 90 1",
102,254,1,No,,1296.4,keV,1.1,"(8-)",,265,ms,1,,,,,,,,86019.712,keV,9.72,"f = 0.02 0.012,a = 0.01 ,IT = 99.98 0.012",
102,255,0,No,,0,keV,0,"(1/2+)",,3.52,m,0.18,,,,,,,,86811.934,keV,14.047,"a = 30 5,EC+B+ = 70 5",
102,256,0,No,,0,keV,0,"0+",,2.93,s,0.07,,,,,,,,87823.046,keV,7.548,"a = 99.47 0.06,f = 0.53 0.06",
102,257,0,No,,0,keV,0,"(3/2+)",,24.5,s,0.5,,,,,,,,90247.064,keV,6.197,"EC = 15 15,f = 1.5 ,a = 85 15",
102,258,0,No,,0,keV,0,"0+",,1.23,ms,+0.12-0.11,,,,,,,,91477,keV,100,"f ~ 100 ",
102,259,0,No,,0,keV,0,"(9/2+)",,58,m,5,,,,,,,,94079.381,keV,6.362,"EC = 25 4,f = 10 ,a = 75 4",
102,260,0,No,,0,keV,0,"0+",,107,ms,8,,,,,,,,95610,keV,200,"f = 100",
102,262,0,No,,0,keV,0,"0+",~,5,ms,,,,,,,,,100101,keV,361,"f = 100",
103,251,0,Lr,,0,keV,0,"(7/2-)",,24.4,ms,+7-4.5,,,,,,,,87830,keV,200,"a ~ 100 ",
103,251,1,Lr,,117,keV,27,"(1/2-)",,42,ms,+42-14,,,,,,,,87947,keV,201.8,"a ~ 88 ",
103,252,0,Lr,,0,keV,0,"(7-)",,0.35,s,+0.08-0.07,,,,,,,,88537,keV,185,"f = 2 ,EC+B+?,a = 0 ",
103,253,0,Lr,,0,keV,0,"(7/2-)",,0.65,s,0.04,,,,,,,,88523.471,keV,164.534,"a ~ 99 ,f = 1 0.6",
103,253,1,Lr,,0,keV,,"(1/2-)",,1.44,s,0.1,,,,,,,,88523.471,keV,164.534,"a ~ 88 ,f = 12 3",
103,254,0,Lr,,0,keV,0,"(4+)",,11.9,s,0.9,,,,,,,,89645.887,keV,91.312,"f = 0.1 ,EC+B+ = 28.3 1.9,a = 71.7 1.9",
103,254,1,Lr,,108,keV,25,"(1-)",,20.3,s,4.2,,,,,,,,89753.887,keV,94.672,"EC+B+?,a = 0 ,IT?",
103,255,0,Lr,,0,keV,0,"(1/2-)",,31.1,s,1.1,,,,,,,,89947.305,keV,17.698,"f = 0.1 ,EC+B+ = 0.3 0.1,a = 99.7 0.1",
103,255,1,Lr,,38,keV,10,"(7/2-)",,2.54,s,0.04,,,,,,,,89985.305,keV,20.328,"IT ~ 60 ,a ~ 40 ",
103,256,0,Lr,,0,keV,0,"(0-),(3-)",,27.9,s,1,,,,,,,,91746.603,keV,82.903,"a ~ 85 ,EC+B+ ~ 15 ",
103,257,0,Lr,,0,keV,0,,,5.9,s,0.4,,,,,,,,92665,keV,44,"f = 0.033 ,EC+B+ = 15 ,a ~ 100 ",
103,257,1,Lr,,0,keV,,"(1/2)",,0.203,s,+0.164-0.063,,,,,,,,92665,keV,44,"IT?,a?",
103,258,0,Lr,,0,keV,0,,,3.86,s,+0.24-0.23,,,,,,,,94782,keV,102,"a = 97.4 1.8,EC+B+ = 2.6 1.8",
103,259,0,Lr,,0,keV,0,,,6.22,s,+0.28-0.27,,,,,,,,95851,keV,71,"a = 78 2,f = 22 2",
103,260,0,Lr,,0,keV,0,,,3,m,0.5,,,,,,,,98277,keV,125,"a = 60 ,EC+B+ = 40 ",
103,261,0,Lr,,0,keV,0,,,42,m,+9-8,,,,,,,,99557,keV,200,"a?,f ~ 100 ",
103,262,0,Lr,,0,keV,0,,~,4,h,,,,,,,,,102105,keV,200,"f = 10 ,EC+B+?,a?",
103,264,0,Lr,,0,keV,0,,,4.9,h,+2.1-1.3,,,,,,,,106375,keV,436,"f ~ 100 ",
103,266,0,Lr,,0,keV,,,,11,h,+21-5,,,,,,,,111662,keV,539,"f = 100",
104,253,0,Rf,,0,keV,0,"(1/2+)",,10.3,ms,1.1,,,,,,,,93642,keV,410,"a ~ 13 ,f ~ 87 ",
104,254,0,Rf,,0,keV,0,"0+",,22.8,us,1,,,,,,,,93201,keV,283,"a = 1.5 ,f ~ 100 ",
104,255,0,Rf,,0,keV,0,"(9/2-)",,1.67,s,0.02,,,,,,,,94329,keV,181,"f = 51 1.1,EC+B+ = 0.08 ,a = 49 1.1",
104,256,0,Rf,,0,keV,0,"0+",,6.76,ms,0.06,,,,,,,,94221.992,keV,17.848,"a = 0.31 0.1,f = 99.69 0.17",
104,257,0,Rf,,0,keV,,"(1/2+)",,4.5,s,0.2,,,,,,,,95866.389,keV,10.817,"f = 1.3 0.3,EC+B+ = 9.4 1.4,a = 89.3 1.4",
104,257,1,Rf,,75,keV,,"(11/2-)",,4.38,s,0.05,,,,,,,,95941.389,keV,10.817,"EC+B+ = 4.6 0.6,f = 0.4 0.2,a = 81 2,IT = 14 1",
104,258,0,Rf,,0,keV,0,"0+",,9.81,ms,0.68,,,,,,,,96344.338,keV,16.104,"a = 4.9 1.6,f = 95.1 1.6",
104,259,0,Rf,,0,keV,0,,,2.5,s,+0.3-0.2,,,,,,,,98367,keV,72,"f = 3 ,EC+B+ = 15 4,a = 85 4",
104,260,0,Rf,,0,keV,0,"0+",,21.7,ms,0.8,,,,,,,,99148,keV,200,"a = 35 ,f = 65 ",
104,261,0,Rf,,0,keV,,,,70,s,3,,,,,,,,101318.233,keV,65.663,"a = 100",
104,261,1,Rf,,0,keV,,,,2.2,s,0.3,,,,,,,,101318.233,keV,65.663,"a = 18 5,f = 82 5",
104,262,0,Rf,,0,keV,,"0+",,47,ms,35,,,,,,,,102392,keV,224,"f ~ 100 ",
104,263,0,Rf,,0,keV,,,,13.626126126126126,m,+7.409909909909913-7.409909909909909,,,,,,,,104757,keV,153,"a?,f ~ 100 ",
104,265,0,Rf,,0,keV,0,,,1,m,+1.2-0.3,,,,,,,,108690,keV,361,"a?,f ~ 100 ",
104,267,0,Rf,,0,keV,0,,,1.3,h,+2.3-0.5,,,,,,,,113444,keV,575,"f ~ 100 ",
105,255,0,Db,,0,keV,,,,54,ms,-1,,,,,,,,99595,keV,283,"a?,f ~ 77 ",
105,255,1,Db,,0,keV,,,,2.8,ms,-1,,,,,,,,99595,keV,283,"a?,f ~ 100 ",
105,256,0,Db,,0,keV,0,,,1.9,s,+0.4-0.3,,,,,,,,100298,keV,187,"f?,EC+B+ = 30 8,a = 70 8",
105,257,0,Db,,0,keV,0,"(9/2+)",,2.3,s,0.2,,,,,,,,100154.285,keV,164.634,"a = 94 ,f = 6 ",
105,257,1,Db,,250,keV,150,"(1/2-)",,670,ms,60,,,,,,,,100404.285,keV,222.72,"a = 87 ,f = 13 ",
105,258,0,Db,,0,keV,0,"(0-)",,2.08,s,0.29,,,,,,,,101507.703,keV,91.857,"a = 64 10,EC+B+ = 36 10",
105,258,1,Db,,51,keV,10,"(5+),(10-)",,4.37,s,0.16,,,,,,,,101558.703,keV,92.4,"a = 77 8,EC+B+ = 23 8",
105,259,0,Db,,0,keV,0,,,0.51,s,0.16,,,,,,,,101991.021,keV,56.685,"a = 100",
105,260,0,Db,,0,keV,0,,,1.51,s,0.12,,,,,,,,103673,keV,93,"a = 90 6,f = 10 6",
105,261,0,Db,,0,keV,0,,,4.1,s,+1.4-0.8,,,,,,,,104308,keV,110,"a = 27 27,f = 73 27",
105,262,0,Db,,0,keV,0,,,34.4,s,+2.8-2.6,,,,,,,,106253,keV,143,"f = 53 7,EC+B+ = 5 ,a = 47 7",
105,263,0,Db,,0,keV,0,,,27,s,+10-7,,,,,,,,107110,keV,168,"f = 55 4,EC+B+ = 3 +4-1,a = 42 4",
105,266,0,Db,,0,keV,,,,0.4,h,+1.7-0.2,,,,,,,,112740,keV,283,"f ~ 100 ,EC+B+?,a?",
105,267,0,Db,,0,keV,0,,,79,m,+94-28,,,,,,,,114014,keV,374,"f ~ 100 ",
105,268,0,Db,,0,keV,,,,26.4,h,2.2,,,,,,,,117060,keV,529,"a = 55 +20-15,f = 45 +15-20",
105,270,0,Db,,0,keV,,,,15,h,+10-4,,,,,,,,122397,keV,575,"a?,f ~ 100 ",
106,258,0,Sg,,0,keV,0,"0+",,2.7,ms,+0.5-0.4,,,,,,,,105296,keV,413,"a = 20 ,f ~ 100 ",
106,259,0,Sg,,0,keV,0,"(11/2-)",,0.4,s,0.06,,,,,,,,106519,keV,181,"f = 3 1,EC+B+ = 13 ,a = 97 1",
106,259,1,Sg,,90,keV,-1,"(1/2+)",,0.23,s,0.03,,,,,,,,106609,keV,181,"a = 97 1,f = 3 1",
106,260,0,Sg,,0,keV,0,"0+",,4.83,ms,0.37,,,,,,,,106547.495,keV,20.536,"a = 71 3,f = 29 3",
106,261,0,Sg,,0,keV,0,,,183,ms,5,,,,,,,,108005.004,keV,18.494,"f = 0.6 0.2,EC+B+ = 1.3 0.3,a = 98.1 0.4",
106,262,0,Sg,,0,keV,0,"0+",,11.4,ms,2.4,,,,,,,,108369.072,keV,22.167,"a = 6 6,f = 94 6",
106,263,0,Sg,,0,keV,0,,,0.9,s,+0.17-0.16,,,,,,,,110195,keV,95,"a = 87 8,f = 13 8",
106,263,1,Sg,,50,keV,20,,,427,ms,106,,,,,,,,110245,keV,97.1,"f?,a ~ 100 ,IT?",
106,264,0,Sg,,0,keV,0,"0+",,60,ms,+26-20,,,,,,,,110783,keV,283,"a = 20 ,f = 80 ",
106,265,0,Sg,,0,keV,,,,16,s,+2.4-2.1,,,,,,,,112794,keV,139,"a = 50 ,f = 50 ",
106,265,1,Sg,,0,keV,,,,8.8,s,+1.8-1.3,,,,,,,,112794,keV,139,"a = 49 ,f = 51 ",
106,266,0,Sg,,0,keV,,"0+",,0.34,s,+0.12-0.09,,,,,,,,113617,keV,245,"f = 100",
106,267,0,Sg,,0,keV,0,,,1.4,m,+0.9166666666666666-0.4,,,,,,,,115806,keV,261,"a ~ 17 ,f ~ 83 ",
106,269,0,Sg,,0,keV,,,,2.2666666666666666,m,+1.7333333333333334-0.6833333333333333,,,,,,,,119692,keV,368,"a ~ 100 ",
106,271,0,Sg,,0,keV,0,,,1.6,m,+1.4666666666666666-0.5166666666666667,,,,,,,,124617,keV,591,"a ~ 50 ,f ~ 50 ",
107,260,0,Bh,,0,keV,,,,35,ms,+19-9,,,,,,,,113123,keV,196,"f = 18 ,EC+B+ = 18 ,a ~ 100 ",
107,261,0,Bh,,0,keV,0,"(5/2-)",,11.7,ms,+3.7-2.4,,,,,,,,113079.41,keV,179.803,"a ~ 100 ,f = 10 ",
107,262,0,Bh,,0,keV,0,,,88,ms,+11-10,,,,,,,,114252.119,keV,93.074,"a ~ 100 ",
107,262,1,Bh,,250,keV,100,,,9.4,ms,+1.7-1.6,,,,,,,,114502.119,keV,136.612,"a ~ 100 ",
107,264,0,Bh,,0,keV,0,,,0.99,s,+0.23-0.18,,,,,,,,115958,keV,177,"a ~ 85 ,f ~ 15 ",
107,265,0,Bh,,0,keV,,,,0.94,s,+0.7-0.31,,,,,,,,116395,keV,239,"a ~ 100 ",
107,266,0,Bh,,0,keV,,,,10,s,+2.6-1.7,,,,,,,,118104,keV,163,"a ~ 100 ,f?",
107,267,0,Bh,,0,keV,0,,,16,s,+7-4,,,,,,,,118765,keV,263,"a ~ 100 ",
107,270,0,Bh,,0,keV,,,,1,m,+4.9-0.5,,,,,,,,124230,keV,299,"a ~ 100 ,f?",
107,271,0,Bh,,0,keV,0,,,1.5,s,+2.8-0.6,,,,,,,,125859,keV,384,"a ~ 100 ",
107,272,0,Bh,,0,keV,,,,9.4,s,1.2,,,,,,,,128787,keV,532,"a ~ 100 ",
107,274,0,Bh,,0,keV,,,,44,s,+34-13,,,,,,,,133762,keV,578,"a ~ 100 ,f?",
107,278,0,Bh,,0,keV,,,,19,m,+55-5,,,,,,,,144370,keV,400,"a = 50 ,f ~ 100 ",
108,263,0,Hs,,0,keV,0,,,0.74,ms,+0.48-0.21,,,,,,,,119678,keV,197,"a ~ 100 ,f?",
108,264,0,Hs,,0,keV,0,"0+",,0.63,ms,+0.34-0.16,,,,,,,,119563.165,keV,28.881,"a = 80 +20-40,f = 20 +40-20",
108,265,0,Hs,,0,keV,0,,,1.9,ms,+0.2-0.1,,,,,,,,120900.245,keV,23.958,"a ~ 100 ,f = 1 ",
108,266,0,Hs,,0,keV,,"0+",,2.97,ms,+0.78-0.51,,,,,,,,121139.675,keV,27.106,"a = 76 9,f = 24 9",
108,266,1,Hs,,1200,keV,,,,74,ms,+354-34,,,,,,,,122339.675,keV,27.106,"a = 100",
108,267,0,Hs,,0,keV,,,,53,ms,+12-8,,,,,,,,122658,keV,95,"a ~ 100 ",
108,267,1,Hs,,0,keV,,,,0.8,s,+4-0.4,,,,,,,,122658,keV,95,"a?",
108,268,0,Hs,,0,keV,,"0+",,0.4,s,+1.8-0.17,,,,,,,,122968,keV,300,"a ~ 100 ",
108,269,0,Hs,,0,keV,0,,,13,s,+10-4,,,,,,,,124493,keV,131,"a ~ 100 ",
108,270,0,Hs,,0,keV,,"0+",,7.6,s,+4.9-2.2,,,,,,,,125112,keV,248,"a = 50 ,f = 50 ",
108,271,0,Hs,,0,keV,0,,,,,,,,,,,,,127691,keV,276,"a ~ 100 ",
108,273,0,Hs,,0,keV,,,,0.51,s,+0.3-0.13,,,,,,,,131767,keV,374,"a ~ 100 ",
108,275,0,Hs,,0,keV,0,,,0.2,s,+0.19-0.07,,,,,,,,136492,keV,593,"a ~ 100 ",
108,277,0,Hs,,0,keV,,,,3,ms,+15-1,,,,,,,,141375,keV,447,"f ~ 100 ",
109,266,0,Mt,,0,keV,,,,2.1,ms,0.7,,,,,,,,127672.681,keV,96.473,"a = 75 ,f = 25 ",
109,268,0,Mt,,0,keV,,,,21,ms,+8-5,,,,,,,,129151,keV,233,"a ~ 100 ",
109,270,0,Mt,,0,keV,,,,0.48,s,+0.66-0.18,,,,,,,,130709,keV,191,"a ~ 100 ",
109,274,0,Mt,,0,keV,,,,0.44,s,+0.81-0.17,,,,,,,,137249,keV,377,"a ~ 100 ,f?",
109,275,0,Mt,,0,keV,0,,,20,ms,+24-7,,,,,,,,138767,keV,387,"a ~ 100 ",
109,276,0,Mt,,0,keV,,,,0.62,s,0.08,,,,,,,,141312,keV,532,"a ~ 100 ",
109,276,1,Mt,,0,keV,,,,4,s,+5-1,,,,,,,,141312,keV,532,"a ~ 100 ",
109,277,0,Mt,,0,keV,,,,3.9,ms,+3.6-1.3,,,,,,,,143008,keV,662,"f ~ 100 ",
109,278,0,Mt,,0,keV,,,,4.5,s,+3.5-1.3,,,,,,,,145767,keV,579,"a ~ 100 ,f?",
110,267,0,Ds,,0,keV,0,,,3,us,+13-1,,,,,,,,133880,keV,204,"a ~ 100 ",
110,269,0,Ds,,0,keV,0,,,180,us,+210-60,,,,,,,,134834.671,keV,31.403,"a ~ 100 ",
110,270,0,Ds,,0,keV,,"0+",,0.19,ms,+0.05-0.04,,,,,,,,134681.584,keV,39.275,"a ~ 100 ,f?",
110,271,0,Ds,,0,keV,,,,1.6,ms,+0.4-0.3,,,,,,,,135952,keV,97,"a ~ 100 ",
110,271,1,Ds,,0,keV,,,,69,ms,+45-20,,,,,,,,135952,keV,97,"a ~ 100 ",
110,273,0,Ds,,0,keV,,,,190,us,+140-60,,,,,,,,138285,keV,142,"a ~ 100 ",
110,277,0,Ds,,0,keV,,,,3.5,ms,+2.1-1,,,,,,,,145092,keV,392,"a ~ 100 ",
110,279,0,Ds,,0,keV,0,,,216,ms,+47-33,,,,,,,,149024,keV,605,"a ~ 12.5 ,f ~ 88.5 ",
110,279,1,Ds,,190,keV,50,,,170,ms,+300-70,,,,,,,,149214,keV,607.1,"f ~ 100 ",
110,280,0,Ds,,0,keV,,"0+",,0.36,ms,+1.72-0.16,,,,,,,,150320,keV,748,"f ~ 100 ",
110,281,0,Ds,,0,keV,0,,,12,s,+4-2,,,,,,,,153273,keV,493,"a ~ 6 ,f ~ 94 ",
110,282,0,Ds,,0,keV,,"0+",,1.1,m,+5.3-0.5,,,,,,,,154790,keV,300,"a ~ 100 ,f = 50 ",
111,272,0,Rg,,0,keV,,,,3.8,ms,+1.4-0.8,,,,,,,,142773,keV,233,"a ~ 100 ",
111,274,0,Rg,,0,keV,,,,12,ms,+17-5,,,,,,,,144612,keV,209,"a ~ 100 ",
111,278,0,Rg,,0,keV,,,,4.2,ms,+7.5-1.7,,,,,,,,150521,keV,389,"a ~ 100 ,f?",
111,279,0,Rg,,0,keV,0,,,90,ms,+170-40,,,,,,,,151721,keV,422,"a ~ 100 ",
111,280,0,Rg,,0,keV,,,,3.87,s,0.37,,,,,,,,153886,keV,532,"a ~ 100 ",
111,281,0,Rg,,0,keV,0,,,11,s,+3-1,,,,,,,,155333,keV,774,"a = 12 +9-7,f = 88 +7-9",
111,282,0,Rg,,0,keV,,,,100,s,+70-30,,,,,,,,157742,keV,588,"a ~ 100 ,f?",
111,286,0,Rg,,0,keV,,,,,,,,,,,,,,166510,keV,458,"a ~ 100 ,f = 54 ",
112,277,0,Cn,,0,keV,,,,0.61,ms,+0.46-0.18,,,,,,,,152332,keV,153,"a ~ 100 ",
112,281,0,Cn,,0,keV,,,,180,ms,+100-50,,,,,,,,157947,keV,397,"a ~ 100 ",
112,282,0,Cn,,0,keV,,"0+",,0.98,ms,+0.33-0.2,,,,,,,,158826,keV,548,"a = 7 ,f ~ 100 ",
112,283,0,Cn,,0,keV,0,,,4.6,s,+1-0.7,,,,,,,,161337,keV,615,"a ~ 85 ,f ~ 15 ",
112,284,0,Cn,,0,keV,,"0+",,121,ms,+20-15,,,,,,,,162415,keV,762,"a ~ 2 ,f ~ 98 ",
112,285,0,Cn,,0,keV,0,,,33,s,+10-6,,,,,,,,165086,keV,507,"a ~ 100 ",
112,286,0,Cn,,0,keV,,"0+",,11,m,+51-5,,,,,,,,166450,keV,700,"a ~ 100 ,f = 50 ",
113,278,0,Nh,,0,keV,,,,1.4,s,+1.9-0.5,,,,,,,,159030,keV,224,"a ~ 100 ",
113,282,0,Nh,,0,keV,,,,73,ms,+130-30,,,,,,,,163729,keV,400,"a ~ 100 ,f?",
113,283,0,Nh,,0,keV,0,,,70,ms,+140-30,,,,,,,,164563,keV,437,"a ~ 100 ",
113,284,0,Nh,,0,keV,,,,0.82,s,0.08,,,,,,,,166591,keV,533,"a ~ 100 ",
113,285,0,Nh,,0,keV,0,,,2.1,s,+0.6-0.3,,,,,,,,167768,keV,775,"a ~ 100 ",
113,286,0,Nh,,0,keV,,,,9.5,s,+6.3-2.7,,,,,,,,169957,keV,590,"a ~ 100 ,f?",
113,290,0,Nh,,0,keV,,,,2,s,+10-1,,,,,,,,178315,keV,469,"a ~ 100 ,f = 50 ",
114,284,0,Fl,,0,keV,,"0+",,2.5,ms,+1.8-0.8,,,,,,,,168779,keV,656,"a = 25 ,f ~ 100 ",
114,285,0,Fl,,0,keV,,,,100,ms,+60-30,,,,,,,,170932,keV,404,"a ~ 100 ,f = 12.5 ",
114,286,0,Fl,,0,keV,,"0+",,121,ms,+31-20,,,,,,,,171606,keV,549,"a = 60 +10-11,f = 40 +11-10",
114,287,0,Fl,,0,keV,0,,,400,ms,+130-80,,,,,,,,173929,keV,617,"a ~ 100 ",
114,288,0,Fl,,0,keV,,"0+",,0.64,s,+0.14-0.1,,,,,,,,174917,keV,763,"a ~ 100 ,f = 3 ",
114,289,0,Fl,,0,keV,0,,,2.4,s,+0.8-0.5,,,,,,,,177465,keV,511,"a ~ 100 ",
114,290,0,Fl,,0,keV,,"0+",,19,s,+91-9,,,,,,,,178731,keV,700,"f = 50 ,EC+B+ ~ 100 ,a = 50 ",
115,287,0,Mc,,0,keV,0,,,37,ms,+44-13,,,,,,,,177748,keV,443,"a ~ 100 ",
115,288,0,Mc,,0,keV,,,,199,ms,20,,,,,,,,179666,keV,536,"a ~ 100 ",
115,289,0,Mc,,0,keV,0,,,277,ms,+42-37,,,,,,,,180683,keV,776,"a ~ 100 ",
115,290,0,Mc,,0,keV,,,,0.65,s,+0.49-0.2,,,,,,,,182792,keV,592,"a ~ 100 ,f?",
116,290,0,Lv,,0,keV,,"0+",,8.3,ms,+3.5-1.9,,,,,,,,185028,keV,552,"a ~ 100 ,f = 8 ",
116,291,0,Lv,,0,keV,0,,,19,ms,+17-6,,,,,,,,187244,keV,623,"a ~ 100 ",
116,292,0,Lv,,0,keV,,"0+",,12.8,ms,+7-3.3,,,,,,,,188133,keV,763,"a ~ 100 ,f = 9 ",
116,293,0,Lv,,0,keV,,,,95,ms,+63-27,,,,,,,,190568,keV,515,"a ~ 100 ",
117,293,0,Ts,,0,keV,0,,,21,ms,+7-4,,,,,,,,194428,keV,778,"a ~ 100 ",
117,294,0,Ts,,0,keV,,,,51,ms,+38-16,,,,,,,,196397,keV,593,"a ~ 100 ",
118,294,0,Og,,0,keV,,"0+",,0.58,ms,+0.44-0.18,,,,,,,,199320,keV,553,"a ~ 100 ,f = 20 ",
